{"run_id": "03:10:18-01/15/2025", "exp_name": "DynaPPO_Agent_10_10", "model_name": "CNN_hidden_size_100_num_filters_32", "landscape_name": "TF_Binding", "rounds": 10, "sequences_batch_size": 1000, "model_queries_per_batch": 10000}
sequence,model_score,true_score,round,model_cost,measurement_cost
GCTCGAGC,,0.5502102832639261,0,0,1
CCTCGAGT,0.47650415,0.3790665072362182,1,10000,1001
GCTCGATT,0.4714106,0.3265369232672246,1,10000,1001
GCTCGGGT,0.46482512,0.525244299674267,1,10000,1001
CTCGAGCT,0.45092684,0.40260998639343587,1,10000,1001
TCTCGATT,0.43853852,0.5494681070383046,1,10000,1001
GCTCATGT,0.43389153,0.5886282109429761,1,10000,1001
GTCGGTGT,0.4282031,0.43173009524594896,1,10000,1001
GTTGATGT,0.4268495,0.534263802416196,1,10000,1001
GCCCGAGT,0.4264158,0.42809137013977655,1,10000,1001
TCTCGTGT,0.4258984,0.5242134993609038,1,10000,1001
GCTCTATT,0.42567745,0.5228631509503979,1,10000,1001
GTTCAGGT,0.4229791,0.3248773347627098,1,10000,1001
TGTCGATT,0.42075345,0.5682492887477838,1,10000,1001
GCGGGTGT,0.41471782,0.690151733806127,1,10000,1001
TCTTAGGT,0.41279802,0.4873933121675669,1,10000,1001
CTCCGAGT,0.41235408,0.44748072403414013,1,10000,1001
GCTGGGGT,0.4119225,0.6158413392157671,1,10000,1001
CTTCAAGT,0.4108466,0.45758256710510037,1,10000,1001
TCTTGTGT,0.40996784,0.507834082381561,1,10000,1001
GCTCAATT,0.40995973,0.5200696821011834,1,10000,1001
GTTCATGT,0.40901783,0.3824166082546489,1,10000,1001
GTTGGGGT,0.40782794,0.6442295798457922,1,10000,1001
TCGAATGT,0.4068589,0.5340473343503895,1,10000,1001
TCTGGTGT,0.40601876,0.6541252628540798,1,10000,1001
CTCGGTGT,0.4056341,0.6107698016740196,1,10000,1001
TTGGATCT,0.405241,0.6989753844885168,1,10000,1001
TTCGGTCT,0.40470412,0.4536449099080526,1,10000,1001
GCTCTTGT,0.40447658,0.5428091370139777,1,10000,1001
TTCGATGT,0.4030461,0.5907825835979055,1,10000,1001
ATTCAAGT,0.4023243,0.5382736156351792,1,10000,1001
CCTCGAAT,0.40196016,0.4288026223559972,1,10000,1001
CTTAGTGT,0.40065166,0.42318476064816724,1,10000,1001
ATCGATCT,0.40023682,0.8876530738465345,1,10000,1001
GTCGAGTT,0.39979225,0.4071867397847689,1,10000,1001
GGTCCGTT,0.39962444,0.2241578361439822,1,10000,1001
GGTCGTTT,0.39941794,0.3327526491568054,1,10000,1001
TTGAGTCT,0.39930627,0.4386261493423494,1,10000,1001
CGTCTATT,0.39882654,0.563724075372119,1,10000,1001
ATTCTAGT,0.39881346,0.5192244258442255,1,10000,1001
GTGAGTCT,0.39767128,0.2230342638024162,1,10000,1001
GGTTGAGT,0.397641,0.3145693316290768,1,10000,1001
TCTGATGT,0.3970265,0.5547251886364574,1,10000,1001
TCTGAGGT,0.3969786,0.46245825258730877,1,10000,1001
CTGCGAGT,0.3965416,0.24437183028903642,1,10000,1001
TCTCGAAT,0.39637128,0.5425308209293696,1,10000,1001
ATTGGAGT,0.396346,0.5235744031666185,1,10000,1001
TCCGATCT,0.3963218,0.8195274811363542,1,10000,1001
ATCAGTCT,0.3961183,0.7818517296829258,1,10000,1001
ACTTGTGT,0.39605778,0.5282026965736197,1,10000,1001
CCTCTATT,0.39594135,0.5283367006143569,1,10000,1001
TCTCGCGT,0.3956075,0.5415515606316744,1,10000,1001
GCGTGTGT,0.39533088,0.5027213128272792,1,10000,1001
TCTTAAGT,0.39532042,0.573186822248794,1,10000,1001
GTTAGTCT,0.3952221,0.3692739042592669,1,10000,1001
GCCTGTGT,0.39485458,0.463519976910073,1,10000,1001
TGTCGTGT,0.39466324,0.6376530738465345,1,10000,1001
CCGCGTGT,0.3946258,0.4048055910608997,1,10000,1001
CTCGATGT,0.39457026,0.24729930317898818,1,10000,1001
ACTCGGTT,0.39413616,0.33204139694058465,1,10000,1001
TCGGATGT,0.3939552,0.4968457510411083,1,10000,1001
GTTCTTGT,0.39380157,0.4013111779985981,1,10000,1001
CGCCGAGT,0.39347953,0.3495546942646271,1,10000,1001
CGTCGTGT,0.39342672,0.4613140642394755,1,10000,1001
GCGGGTCT,0.39309475,0.26950274192883356,1,10000,1001
ACTTGGGT,0.3924483,0.48268255473549665,1,10000,1001
TTCGGGCT,0.3920636,0.2631633200016493,1,10000,1001
GCTCCATT,0.39196223,0.4371933369067744,1,10000,1001
GTCGTGCT,0.39178714,0.2294046097390014,1,10000,1001
GTTGAAGT,0.39166328,0.3983321650929782,1,10000,1001
CTCGTGGT,0.3915651,0.47052941904094336,1,10000,1001
CGTCGAAT,0.39139763,0.42653486166659793,1,10000,1001
GGTAGAGT,0.39082393,0.4249474291840185,1,10000,1001
GGTCTGTT,0.3906551,0.2648435245124314,1,10000,1001
GTCTGTGT,0.38993427,0.36678967550406133,1,10000,1001
ATCGATGT,0.3897853,0.7406815651671959,1,10000,1001
GCGGTTGT,0.38971335,0.45963385972869336,1,10000,1001
GTTAGATT,0.38964817,0.38490083700985445,1,10000,1001
TTTTGGGT,0.38962895,0.5162247969323382,1,10000,1001
TCCAATGT,0.38952366,0.5849070218117346,1,10000,1001
GTCTATCT,0.3894612,0.6128829423164145,1,10000,1001
TCGTATCT,0.38871506,0.8627386302725435,1,10000,1001
ACTTAGGT,0.38862088,0.3911577949119696,1,10000,1001
GGTCAGTT,0.38857004,0.261318187440729,1,10000,1001
GCGGGAGT,0.38796648,0.5086690306353854,1,10000,1001
GGTGGTGT,0.3876131,0.5636209953407827,1,10000,1001
TTTGATCT,0.38719174,0.8424730961118213,1,10000,1001
ATTAGAGT,0.38691765,0.5971838535438915,1,10000,1001
TTAGATCT,0.38638023,0.7404341730919887,1,10000,1001
GGGCGATT,0.38586822,0.48375458706139446,1,10000,1001
ACGCGTGT,0.38584664,0.4006823898074465,1,10000,1001
TCTAGATT,0.38581273,0.5946893167855523,1,10000,1001
CTTGAGCT,0.38470998,0.3571929245866491,1,10000,1001
ACTCATGT,0.3846861,0.32536181090999056,1,10000,1001
TCGAGTTT,0.38406405,0.4959180307590813,1,10000,1001
ACTGGATT,0.3838619,0.4547787902527522,1,10000,1001
GTGGTTGT,0.38381335,0.2336205830206572,1,10000,1001
GGGCGTGT,0.38378027,0.3224961860388406,1,10000,1001
GTGATTGT,0.38374344,0.4507586690306354,1,10000,1001
TTGAATCT,0.38343844,0.4833319589329155,1,10000,1001
GTTAGCGT,0.3834151,0.24024862903558322,1,10000,1001
GCTCTGTT,0.3831651,0.31522904382962935,1,10000,1001
TTTCGCGT,0.3830872,0.19931554859192682,1,10000,1001
TTTGGTGT,0.38287997,0.6306127077062632,1,10000,1001
TCTCGACT,0.38280913,0.5267286521255102,1,10000,1001
ACTTAAGT,0.38190746,0.27554323176514245,1,10000,1001
GTCGTTCT,0.38176206,0.429060322434338,1,10000,1001
TTAGTCTT,0.38167462,0.6232837174782501,1,10000,1001
GCGCGGTT,0.38166884,0.22722962107780478,1,10000,1001
GTTGAGCT,0.38146034,0.43723456891930895,1,10000,1001
GTTGGCGT,0.38129476,0.23027048200222652,1,10000,1001
TGTCAATT,0.38127747,0.5003813961159445,1,10000,1001
GCTCCGTT,0.3808803,0.2545045973693976,1,10000,1001
ATTTGGGT,0.38087067,0.39686842864800226,1,10000,1001
CTCAGTAT,0.38075548,0.7456706386838742,1,10000,1001
GCGCAGGT,0.38069502,0.37801509091658764,1,10000,1001
CCCCGATT,0.38066655,0.5334700861749062,1,10000,1001
TCGCATGT,0.38040423,0.5524986599595926,1,10000,1001
TTAGTTGT,0.38035086,0.46164392033975177,1,10000,1001
TTCTATGT,0.3802354,0.5364078670679916,1,10000,1001
ATTTAGGT,0.38020477,0.4471096359213293,1,10000,1001
TTTCATGT,0.3801915,0.42131901208097966,1,10000,1001
TTCTAGTT,0.37963334,0.48577495567558654,1,10000,1001
GGTTGTGT,0.37924734,0.2048921782872222,1,10000,1001
GTTGTGGT,0.3790958,0.37187152104894244,1,10000,1001
ATTTATGT,0.37898377,0.5701871933369068,1,10000,1001
CTCGTTCT,0.37895986,0.3529047952830578,1,10000,1001
ATTGATGT,0.37890023,0.44251226652372905,1,10000,1001
ACGAGTGT,0.3788916,0.49321733393806955,1,10000,1001
GTTCCGTT,0.37876317,0.16264998144559434,1,10000,1001
GTCTGTCT,0.37835386,0.46878736651135944,1,10000,1001
GCCCAGGT,0.37834194,0.3810353358347421,1,10000,1001
AGTCGGGT,0.3783256,0.4257102214159073,1,10000,1001
TGAGTATT,0.3781011,0.7895208840143487,1,10000,1001
CCTGGATT,0.37796238,0.5765781552797592,1,10000,1001
CTCGGGAT,0.3779591,0.5842060775986476,1,10000,1001
TTTGAGTT,0.37706956,0.41539191027914074,1,10000,1001
ACTAGATT,0.3770055,0.41202119325444275,1,10000,1001
CGGCGGGT,0.37683195,0.5526532800065971,1,10000,1001
TTTAAGTT,0.37664163,0.5336453222281781,1,10000,1001
GCTCTAAT,0.37640095,0.5783098998062096,1,10000,1001
GCGCTGGT,0.37629578,0.16922648744485216,1,10000,1001
GTCAAGTT,0.37627783,0.431925947305488,1,10000,1001
CCTCTTGT,0.37617138,0.48474415536222326,1,10000,1001
ACCCGTGT,0.37608868,0.6025955551890487,1,10000,1001
TTCCGATT,0.37604877,0.43294643961571766,1,10000,1001
GCTTGACT,0.37581763,0.16959757555766297,1,10000,1001
GCTAGTTT,0.37545553,0.3093844060528594,1,10000,1001
CTCGGTAT,0.3749543,0.7185708984455532,1,10000,1001
GCCGAGGT,0.37488395,0.19792396816888636,1,10000,1001
GTTCTACT,0.3747287,0.38812724199068155,1,10000,1001
GTTTCGAT,0.37471113,0.7197666268090546,1,10000,1001
TCTCGTAT,0.37467548,0.7804807652661527,1,10000,1001
CCTCCATT,0.37444595,0.5539417803983013,1,10000,1001
GTCAGAGT,0.37439355,0.3202181173463077,1,10000,1001
TGCCGATT,0.37423018,0.5516637117057683,1,10000,1001
TTCGAACT,0.37418357,0.39540469220302643,1,10000,1001
TCGAGCGT,0.37407908,0.4035273986723292,1,10000,1001
TTTCGACT,0.3739924,0.4097534325650435,1,10000,1001
CCTGGTGT,0.37388474,0.7268069929493258,1,10000,1001
GCTGCTGT,0.37383515,0.13035500762792235,1,10000,1001
ACGTGAGT,0.3731233,0.48392982311466626,1,10000,1001
GCTTATTT,0.37297645,0.43995588174658806,1,10000,1001
GCGCGAAT,0.37284818,0.30846699377396614,1,10000,1001
TCGAGAGT,0.37284207,0.5142147363212799,1,10000,1001
TCGGGAGT,0.3727394,0.4731579598400198,1,10000,1001
GTTGGTAT,0.37196344,0.8126314270399538,1,10000,1001
CGTCAGTT,0.37190926,0.2584937945821135,1,10000,1001
CCTAGGTT,0.3718747,0.24510369851152433,1,10000,1001
GGTCGTAT,0.37121424,0.7438667381354883,1,10000,1001
GCTAGGTT,0.37112683,0.42054591184595724,1,10000,1001
GCGGGGGT,0.37109795,0.5035871850905043,1,10000,1001
GCGTATCT,0.37108916,0.8563167443202903,1,10000,1001
TCGTAAGT,0.3710858,0.5918752319300705,1,10000,1001
ATGTGTGT,0.37092358,0.4659217416402095,1,10000,1001
CCTTAAGT,0.37085903,0.5958747371459201,1,10000,1001
GTCAATTT,0.37062323,0.31737310848142497,1,10000,1001
TTCGTACT,0.37054256,0.3821692161794418,1,10000,1001
ATTAGTCT,0.3705274,0.42807075413350926,1,10000,1001
GTCGCTGT,0.3703885,0.2617201995629407,1,10000,1001
TGTTGAGT,0.37037167,0.488485960499732,1,10000,1001
GTGCTTGT,0.3703681,0.32368160639920834,1,10000,1001
GCTGGGTT,0.3703251,0.46128314023007466,1,10000,1001
ATCTATCT,0.37032464,0.8064363171566404,1,10000,1001
TTGGACCT,0.3703134,0.3940028037768524,1,10000,1001
GGGGATCT,0.37020385,0.8292994681070384,1,10000,1001
TGCGATCT,0.36996636,0.7394033727786253,1,10000,1001
GCACGATT,0.36995754,0.44517173133220633,1,10000,1001
GGCCGTGT,0.36963877,0.36456314682719665,1,10000,1001
GGGGGTGT,0.3695365,0.8318146208716448,1,10000,1001
GTGGGGGT,0.36924428,0.5785160598688822,1,10000,1001
TCGTATAT,0.36903426,0.800354595307797,1,10000,1001
ACTTCAGT,0.36898977,0.24494907846451983,1,10000,1001
CTGGAGCT,0.3689245,0.46506617738011796,1,10000,1001
CTTAGATT,0.36881533,0.575547354966396,1,10000,1001
ACCAGTGT,0.36877906,0.5156887807693893,1,10000,1001
GTTTTGAT,0.36866364,0.6871314888879726,1,10000,1001
CCTCCTGT,0.3684967,0.4112584010225539,1,10000,1001
GTTTTTGT,0.36847895,0.4788582855729188,1,10000,1001
TGTTGGGT,0.36834404,0.4893415247598235,1,10000,1001
GGTTATGT,0.36831632,0.45663423081680615,1,10000,1001
TCCCGTGT,0.3681571,0.5735166783490702,1,10000,1001
GTTTGTTT,0.36806375,0.6338288046839565,1,10000,1001
TTCTAGCT,0.36781693,0.3380921947800272,1,10000,1001
TTTTGATT,0.3676398,0.5762586071826166,1,10000,1001
GGTTTGTT,0.36740607,0.5659815280583845,1,10000,1001
GGCGATGT,0.36725146,0.257638230322022,1,10000,1001
TCTGATCT,0.36724794,0.8648002308992702,1,10000,1001
GCTTTATT,0.3671569,0.6188512761307879,1,10000,1001
GTCGTACT,0.36700064,0.4882076444151239,1,10000,1001
GGTCGCTT,0.36694372,0.4003009936915021,1,10000,1001
ACGAATGT,0.36685356,0.4367810167814291,1,10000,1001
GATCAAGT,0.3668491,0.8437203644909909,1,10000,1001
TTCGGATT,0.36683217,0.5388302478043954,1,10000,1001
TCTTAGCT,0.3665934,0.5968849214530161,1,10000,1001
GGTGGACT,0.36657122,0.32124891765967095,1,10000,1001
TAAGTCTT,0.36647844,0.4658598936214077,1,10000,1001
ATGTATGT,0.36642608,0.7043458541211397,1,10000,1001
CTCAAGGT,0.3662702,0.5198016740197089,1,10000,1001
TCTCCGGT,0.36611584,0.5620851028738714,1,10000,1001
CCGCTAGT,0.3660497,0.32743371953985073,1,10000,1001
TCAAATGT,0.36591694,0.5014534284418423,1,10000,1001
GTTCTTTT,0.36576876,0.45754133509256584,1,10000,1001
CTTTAGGT,0.36576596,0.33894775904011876,1,10000,1001
TCTCGGAT,0.36572158,0.8104873623881582,1,10000,1001
GCGGTAGT,0.36563522,0.2549478415041438,1,10000,1001
TGTCGACT,0.36499658,0.4406465179565414,1,10000,1001
ACTTAGAT,0.3649955,0.7198593988372572,1,10000,1001
GTAAATCT,0.3649685,0.44608914361109964,1,10000,1001
GGTCTACT,0.36494207,0.41854615923803246,1,10000,1001
ACTGAAGT,0.3648456,0.24494907846451983,1,10000,1001
ACGGATGT,0.364734,0.3572960046179854,1,10000,1001
CGTCTGTT,0.364555,0.5071949861872758,1,10000,1001
ATTTGATT,0.36436608,0.5436131612584011,1,10000,1001
GTGTATCT,0.36428234,0.8845915969158455,1,10000,1001
CTCTTGCT,0.36427101,0.3217024697975508,1,10000,1001
TTGTATTT,0.36424857,0.624943305982765,1,10000,1001
CTCTATCT,0.3641055,0.6283449470168638,1,10000,1001
CTTGAAGT,0.36405405,0.6159444192471034,1,10000,1001
TAAGTGTT,0.3638888,0.47758009318434835,1,10000,1001
GGTTGACT,0.36382303,0.49471199439244634,1,10000,1001
GTCTTGCT,0.3637003,0.36835649198037357,1,10000,1001
TCTTATTT,0.36369988,0.6881107491856677,1,10000,1001
TTCTCGAT,0.36362597,0.6554446872551849,1,10000,1001
TTTTAAGT,0.36361763,0.4348121881829052,1,10000,1001
ATCGGTAT,0.36357525,0.8075805055044737,1,10000,1001
GTAGATAT,0.3633646,0.926421473632128,1,10000,1001
GCAGGGGT,0.36318305,0.4289469343998681,1,10000,1001
CGTAGATT,0.36318168,0.4552220343874985,1,10000,1001
TTCAGTAT,0.36313784,0.6643817259720447,1,10000,1001
GCCAGGGT,0.36293337,0.41009359666845335,1,10000,1001
ATGAGTAT,0.36291373,0.8179194326475075,1,10000,1001
GGTAGGTT,0.3628824,0.4380901331794005,1,10000,1001
ATGAATGT,0.36271697,0.5705376654434503,1,10000,1001
TTCGTATT,0.36267027,0.6556508473178577,1,10000,1001
CTGGGTCT,0.3626701,0.6223869212056241,1,10000,1001
CGTTCGGT,0.36260247,0.2667195810827527,1,10000,1001
TCTTAGAT,0.36258474,0.8938378757267141,1,10000,1001
CTCATTGT,0.3624812,0.5459427699666022,1,10000,1001
GGTTAGCT,0.3624687,0.3133632952624418,1,10000,1001
CCCCTAGT,0.36246184,0.6012658227848101,1,10000,1001
TTAGGTTT,0.36242315,0.5268420401599803,1,10000,1001
GCCCGAAT,0.36231562,0.12638642642147363,1,10000,1001
TGCGTATT,0.36222938,0.6500432936131613,1,10000,1001
ATGCGTGT,0.3621789,0.4049395951016369,1,10000,1001
AGTAGAGT,0.36212254,0.4516039252875933,1,10000,1001
GTCGTGTT,0.3619837,0.48434214324001157,1,10000,1001
TCGGTCGT,0.36192283,0.4248958891683503,1,10000,1001
GTATATGT,0.36187628,0.773564095163485,1,10000,1001
CTAGGTGT,0.36186066,0.7103863439574486,1,10000,1001
TTTAGTTT,0.36175266,0.5436337772646683,1,10000,1001
TCTATGTT,0.36174443,0.5721044819197625,1,10000,1001
CTCCGTTT,0.36171028,0.30735372943553374,1,10000,1001
GCTAGTCT,0.36160612,0.3561930482826867,1,10000,1001
GTGCGGCT,0.36149734,0.4048468230734342,1,10000,1001
GCGCCAGT,0.36133817,0.29352038923019835,1,10000,1001
TTTGGGTT,0.3613144,0.4981136354265452,1,10000,1001
GTTCGCAT,0.36125222,0.41292829753020244,1,10000,1001
GCTATAGT,0.36123678,0.6138415866078424,1,10000,1001
GTTCGCCT,0.3612179,0.25760730631262113,1,10000,1001
ATCTAGTT,0.36117512,0.730651878118171,1,10000,1001
CTCTAGGT,0.36108992,0.5432626891518575,1,10000,1001
GTTCATTT,0.36104342,0.2933760771863275,1,10000,1001
TCTAAAGT,0.36102837,0.6453531521873583,1,10000,1001
GCTTGTCT,0.36090896,0.3502556384777141,1,10000,1001
TTCCGGGT,0.3608345,0.4875788562239723,1,10000,1001
ACGGGAGT,0.36046797,0.638312786047087,1,10000,1001
CGTAGAGT,0.3602405,0.45066589700243265,1,10000,1001
GCTGAATT,0.3602123,0.397888920958232,1,10000,1001
GTTTGTCT,0.36021027,0.4557889745598483,1,10000,1001
ATTCAATT,0.36019433,0.3656145631468272,1,10000,1001
ATGAATCT,0.36013803,0.6002247144683132,1,10000,1001
GTGCTATT,0.3601086,0.5049787655135447,1,10000,1001
GACCGAGT,0.35999137,0.19032696985939881,1,10000,1001
TCTTGACT,0.3599012,0.4403682018719334,1,10000,1001
CCTTGAAT,0.35968527,0.4152063662227353,1,10000,1001
CCCAGTGT,0.35968074,0.4743536882035212,1,10000,1001
CGCGGATT,0.3596771,0.45444893415247595,1,10000,1001
ATCGGGCT,0.35956243,0.7833670061435698,1,10000,1001
GTTAAAGT,0.3595141,0.4361006885746093,1,10000,1001
CTCTGTCT,0.35943022,0.3853853131571352,1,10000,1001
CTCAATAT,0.35941312,0.7480002473920753,1,10000,1001
TCGTCAGT,0.35918796,0.5059167937987054,1,10000,1001
TGTCCGAT,0.35918513,0.7756566197996124,1,10000,1001
TCGGGTTT,0.3590009,0.6509813218983218,1,10000,1001
TCGTGGAT,0.3589842,0.6524244423370305,1,10000,1001
GTCTATAT,0.35882524,0.7762544839813632,1,10000,1001
CCTTCGAT,0.35877737,0.6420339751783285,1,10000,1001
TCGCTAGT,0.35869887,0.49240300169051254,1,10000,1001
TCAGGGGT,0.3584291,0.7355894116191811,1,10000,1001
GGTTTGCT,0.35838825,0.444254319053313,1,10000,1001
ACGTAAGT,0.35838377,0.37845833505133386,1,10000,1001
TCGGGCTT,0.35791945,0.3462252092524636,1,10000,1001
ATTTAGAT,0.3578792,0.7006040489836309,1,10000,1001
CTGATTCT,0.35784456,0.6296437554117016,1,10000,1001
GACGGTGT,0.35783064,0.5594153300622603,1,10000,1001
AGTTGGGT,0.35773703,0.3768502865624871,1,10000,1001
GGCTAGAT,0.35769862,0.6241186657320743,1,10000,1001
CACGAGCT,0.35764217,0.4978353193419371,1,10000,1001
TTTAGTAT,0.35754555,0.7182513503484106,1,10000,1001
TGTAGTGT,0.35742536,0.45563435451284373,1,10000,1001
GCGTGTTT,0.35737258,0.49982476394672826,1,10000,1001
GTCCTATT,0.35728285,0.6176349317610194,1,10000,1001
TCGTCGAT,0.35714856,0.5545911845957201,1,10000,1001
TCGTCTGT,0.35714364,0.4648290933080444,1,10000,1001
TTTCCGGT,0.3571345,0.44238857048612545,1,10000,1001
CTTAGTAT,0.35711947,0.6593101884302973,1,10000,1001
GCTTGCTT,0.3569101,0.10994516142332911,1,10000,1001
TTGGTAGT,0.35690472,0.37286108934977114,1,10000,1001
GCGTCAGT,0.35662723,0.23742423617696778,1,10000,1001
GCAAGTCT,0.35661364,0.25681359007133137,1,10000,1001
TGTGATGT,0.35657033,0.5599719622314765,1,10000,1001
GCGAATCT,0.35653177,0.4692821506617738,1,10000,1001
CTTTTGGT,0.35637406,0.49101142126747205,1,10000,1001
ATCGTGTT,0.3563573,0.6723085803818085,1,10000,1001
GCTTCAAT,0.3563383,0.4004040737228384,1,10000,1001
TGTTAGAT,0.35633823,0.6770605698264133,1,10000,1001
TAGTCGAT,0.3563175,0.6832144476971922,1,10000,1001
CGCCGTGT,0.35625982,0.33205170494371833,1,10000,1001
GTTGTTCT,0.35605267,0.22317857584628703,1,10000,1001
CTTGTGTT,0.35587427,0.44638807570197503,1,10000,1001
TCCTGAGT,0.35584983,0.5413144765596009,1,10000,1001
ATCTGATT,0.35578123,0.7696367459695708,1,10000,1001
CCGCATGT,0.3557657,0.472900259761679,1,10000,1001
TCGTAGAT,0.3556961,0.7394446047911599,1,10000,1001
CTCAAGTT,0.3556747,0.31016781429101553,1,10000,1001
GCACAGGT,0.35563424,0.3650063909619428,1,10000,1001
ATTTGGTT,0.35556892,0.4684884344204841,1,10000,1001
CTCCTGCT,0.35556725,0.580402424442337,1,10000,1001
GTTCTTCT,0.3555486,0.4822083865913495,1,10000,1001
AGGGATCT,0.35552064,0.766905125139158,1,10000,1001
TCTTTAGT,0.3554147,0.4118253411949037,1,10000,1001
CGTGTATT,0.35538954,0.6457448563064363,1,10000,1001
CCTGGTTT,0.35535064,0.5778357316620625,1,10000,1001
ATCGGTTT,0.35534623,0.6661340865047622,1,10000,1001
GGTCTTTT,0.3552722,0.2349812394342968,1,10000,1001
GCACTTGT,0.3552002,0.26367872015833094,1,10000,1001
GTTGGTTT,0.35519788,0.2812950975137096,1,10000,1001
ATCCGATT,0.3551568,0.7483094874860842,1,10000,1001
TCGATTCT,0.35506383,0.47224054756112643,1,10000,1001
TTTAATTT,0.35502243,0.4817960664660042,1,10000,1001
CGTCCGCT,0.35501826,0.17913247845627345,1,10000,1001
GTTTCGCT,0.3549799,0.33233002102832643,1,10000,1001
GATTAAGT,0.35491014,0.6628767575145343,1,10000,1001
TGGTGTGT,0.35488102,0.5921947800272132,1,10000,1001
ATGTCGAT,0.3547816,0.6042654516966973,1,10000,1001
TCGGACTT,0.35477045,0.47537418051375085,1,10000,1001
TAGTTCGT,0.35476568,0.5293675009277202,1,10000,1001
TAGTATCT,0.35475314,0.8902094586236754,1,10000,1001
TTGTGGGT,0.35469067,0.3337009854450995,1,10000,1001
GGCTAGGT,0.35456684,0.32373314641487655,1,10000,1001
ATGTCTCT,0.3545077,0.5363460190491898,1,10000,1001
TCTGGTCT,0.35450006,0.5826701851317363,1,10000,1001
ATGATTCT,0.35435835,0.5675792685440977,1,10000,1001
CGCAGTCT,0.35435262,0.3849936090380571,1,10000,1001
TCCGAGGT,0.35433185,0.5663732321774626,1,10000,1001
ACTAGTTT,0.35431746,0.5570547973446583,1,10000,1001
GATAGAGT,0.3542127,0.7463406588875603,1,10000,1001
TCGGGGCT,0.3541971,0.4611388281862038,1,10000,1001
TCAGTCTT,0.354176,0.6449820640745475,1,10000,1001
TCATGGAT,0.35416564,0.8565229043829629,1,10000,1001
TTGGTGTT,0.35405508,0.6713602440935142,1,10000,1001
TTCGCTCT,0.35403797,0.45991217581330146,1,10000,1001
CTTTCGTT,0.3538933,0.3532552673896013,1,10000,1001
TTAGATAT,0.3536005,0.9461612996330351,1,10000,1001
TCTTTTGT,0.35359183,0.6026264791984497,1,10000,1001
CTGGTATT,0.3535736,0.7040572300333979,1,10000,1001
GCAGAAGT,0.3533909,0.36575887519069805,1,10000,1001
CCTTTATT,0.35326216,0.3806951717313322,1,10000,1001
ATTCAGTT,0.3532026,0.34341112439698185,1,10000,1001
CCTTGACT,0.35302734,0.4140724858780357,1,10000,1001
CGCGGTCT,0.35295424,0.30126169958355664,1,10000,1001
TCAGAGCT,0.3529134,0.41259844142992624,1,10000,1001
GTTTTATT,0.3527923,0.6300148435245124,1,10000,1001
TGCAGTCT,0.35273066,0.22840473343503898,1,10000,1001
TCTAAGCT,0.35270593,0.613264338432359,1,10000,1001
ACGCATGT,0.35267234,0.3668412155197295,1,10000,1001
GTCCGGTT,0.35263214,0.4382756772358059,1,10000,1001
ACTTCAAT,0.35255533,0.5562301570939678,1,10000,1001
GCTTAAAT,0.35237378,0.4808271141714427,1,10000,1001
CACCGATT,0.3523067,0.5354801467859646,1,10000,1001
CGTCAGCT,0.3522986,0.09080319960417269,1,10000,1001
AGTTAGGT,0.35198686,0.41854615923803246,1,10000,1001
TCGCGTTT,0.35197836,0.3314332247557003,1,10000,1001
ACTCATTT,0.3519155,0.5749185667752443,1,10000,1001
TCCCAGGT,0.3518953,0.4105883808188678,1,10000,1001
GTGCGCGT,0.35178742,0.16644332659877129,1,10000,1001
GTTCCAAT,0.35175702,0.4984022595142869,1,10000,1001
AGCCGATT,0.35167682,0.663474621696285,1,10000,1001
GTCTGTTT,0.35154238,0.38179812806663094,1,10000,1001
CGTGTAGT,0.35137483,0.4459139075578279,1,10000,1001
AGTCTGTT,0.35128772,0.31360037933451534,1,10000,1001
GCCAGTTT,0.3512355,0.3159609120521173,1,10000,1001
TCGGGCCT,0.35123184,0.3724281532181586,1,10000,1001
TTCGTAGT,0.35122678,0.3084773017770997,1,10000,1001
TCGTCTTT,0.35121575,0.4584484393683256,1,10000,1001
GTTCTCGT,0.35112348,0.48831072444646023,1,10000,1001
TACGAGCT,0.35110196,0.4430482826866779,1,10000,1001
GTCGACTT,0.35106903,0.4326990475405104,1,10000,1001
CGGCGTGT,0.3510196,0.4247309611182122,1,10000,1001
CCTCATTT,0.35099152,0.49153712942728733,1,10000,1001
GTCCAGTT,0.35098335,0.39905372531233246,1,10000,1001
TCGACCGT,0.35089955,0.3465241413433389,1,10000,1001
TTAATGCT,0.35088888,0.36369727456397144,1,10000,1001
TGTGTATT,0.35068354,0.730229249989692,1,10000,1001
CTCCAGCT,0.3506635,0.47153960334803946,1,10000,1001
GTCAGCCT,0.35049495,0.24069187317032947,1,10000,1001
TTAGTTTT,0.35048768,0.45962355172555974,1,10000,1001
GCCTTGGT,0.35047135,0.1730198325980291,1,10000,1001
ATGATTAT,0.35037914,0.80791036160475,1,10000,1001
TCGCTGGT,0.3503702,0.42878200634972996,1,10000,1001
TGCCGTGT,0.35025242,0.38909619428524306,1,10000,1001
TCCTCGAT,0.35014507,0.7437430420978848,1,10000,1001
TCCGTTGT,0.35014227,0.5445099575310272,1,10000,1001
GTTTCTAT,0.35009906,0.5758772110666722,1,10000,1001
GGTGTGCT,0.35000405,0.31054921040695993,1,10000,1001
TGCGTGTT,0.35000134,0.4307714509545211,1,10000,1001
GGCCGGTT,0.3499641,0.1422607512472684,1,10000,1001
TAGTCTCT,0.34995255,0.44680039582732034,1,10000,1001
TGTTAGCT,0.3499085,0.3569764565208428,1,10000,1001
GGACGATT,0.34987763,0.3812002638848802,1,10000,1001
ACGGTTGT,0.3498275,0.2722549787655136,1,10000,1001
GTAGTTAT,0.34981063,0.5899579433472147,1,10000,1001
TCTCAGCT,0.3496647,0.5116892755535398,1,10000,1001
GGCTATGT,0.34952316,0.46162330433348453,1,10000,1001
CTTTCGAT,0.34951672,0.5751453428441843,1,10000,1001
CGTCTAAT,0.34950745,0.6066156764111656,1,10000,1001
GTCCTACT,0.34950626,0.4038160227600709,1,10000,1001
TGGGTTAT,0.34939373,0.6559085473961984,1,10000,1001
TTTTATAT,0.34939352,0.7843359584381314,1,10000,1001
TCTATTTT,0.34937486,0.723322887890158,1,10000,1001
TGGGTAGT,0.34934837,0.5310270894322352,1,10000,1001
CCTCAGCT,0.3493246,0.2998907351667835,1,10000,1001
GTGGTAGT,0.34932294,0.44000742176225627,1,10000,1001
GGGCTATT,0.3491543,0.5637962313940544,1,10000,1001
CTAGTGTT,0.34909558,0.5893600791654641,1,10000,1001
TGTTGGCT,0.34909102,0.3842823568218365,1,10000,1001
CTTCAGAT,0.34903446,0.5493650270069682,1,10000,1001
AGGTATCT,0.3490322,0.9248134251432814,1,10000,1001
TTAGTCAT,0.34899095,0.5161114088978683,1,10000,1001
TTTCTTGT,0.34896317,0.4217725642188595,1,10000,1001
GTTCATAT,0.34893706,0.6409310188430297,1,10000,1001
TGTCGGAT,0.3488967,0.8287016039252876,1,10000,1001
TCGGGTAT,0.34879717,0.8407207355791037,1,10000,1001
CCTTGGAT,0.34879026,0.6484352451243145,1,10000,1001
TTATGTGT,0.34878525,0.5094008988578733,1,10000,1001
TCATCGGT,0.34876397,0.5845050096895229,1,10000,1001
TCGCAGGT,0.34874895,0.3141467035005979,1,10000,1001
GTCCTTCT,0.34856883,0.41958726755452935,1,10000,1001
TGTCCAGT,0.34845048,0.4251329732404239,1,10000,1001
GTCTCTGT,0.34844035,0.5419329567476189,1,10000,1001
GGGCGTTT,0.34842455,0.35805879684987424,1,10000,1001
TTTATGTT,0.34840652,0.5345936585164721,1,10000,1001
TCCTGTGT,0.3483785,0.5420772687914898,1,10000,1001
CGCGTGGT,0.3483189,0.3414319877953243,1,10000,1001
TGCGGATT,0.3481709,0.5340782583597906,1,10000,1001
AATTCGAT,0.34813884,0.6090586731538367,1,10000,1001
TCTCCGAT,0.34809145,0.779656125015462,1,10000,1001
CTCTTGAT,0.34808585,0.6944089391003175,1,10000,1001
ATCTAATT,0.34808117,0.6587638642642147,1,10000,1001
TCTGAGAT,0.34805337,0.8189399249577373,1,10000,1001
TAGGTCTT,0.34802184,0.39046715870201626,1,10000,1001
CTTATTGT,0.3480111,0.693604914855894,1,10000,1001
GTCGTCCT,0.34800777,0.3469673854780852,1,10000,1001
GCGTGGAT,0.34798777,0.4501092648332165,1,10000,1001
GTTAGCTT,0.34795502,0.3078382055828145,1,10000,1001
TCGCGTAT,0.3478563,0.7811920174823733,1,10000,1001
TGGGTGCT,0.3477891,0.4036098626973983,1,10000,1001
GTCGAATT,0.34778127,0.3310415206366223,1,10000,1001
GGGGGTCT,0.34768456,0.3867459695707748,1,10000,1001
TCACTTGT,0.3475869,0.6592586484146291,1,10000,1001
TTTGATAT,0.3474957,0.9616026883272173,1,10000,1001
TCGTCTCT,0.34748635,0.6670514987836557,1,10000,1001
TCAATTTT,0.3474739,0.3814270399538201,1,10000,1001
TTGCGTCT,0.3474715,0.28293407001195725,1,10000,1001
GCTGGGCT,0.34741357,0.2962004700449429,1,10000,1001
ATGACTCT,0.34740958,0.5823609450377273,1,10000,1001
CCCTGAGT,0.34731847,0.6135014225044324,1,10000,1001
CCGGTTGT,0.34731182,0.3781284789510576,1,10000,1001
TCTCGCTT,0.34724036,0.5147816764936297,1,10000,1001
GCTTATAT,0.3472236,0.7358058796849875,1,10000,1001
CGCGTAGT,0.34718224,0.279233496886983,1,10000,1001
TTGGTTAT,0.34712172,0.5912567517420526,1,10000,1001
GGAGATCT,0.3470913,0.7589061147074588,1,10000,1001
GTCTACCT,0.34697112,0.505896177792438,1,10000,1001
ATTTAGCT,0.34694073,0.5477466705149878,1,10000,1001
TCTGTGGT,0.34691516,0.5614872386921206,1,10000,1001
TGTAAGTT,0.3468966,0.5121840597039542,1,10000,1001
ATCATGCT,0.3468659,0.733795819073929,1,10000,1001
TCTTATAT,0.34682202,0.9106605368408033,1,10000,1001
TTATATCT,0.34678847,0.8800148435245125,1,10000,1001
TGTAATGT,0.34671023,0.5131530119985156,1,10000,1001
GCTTTGAT,0.34665927,0.7506906362099535,1,10000,1001
GAGGGTGT,0.3465667,0.7142003051168928,1,10000,1001
GGGTATCT,0.34641513,0.972281779573661,1,10000,1001
GCGAATTT,0.3464111,0.38738506576506,1,10000,1001
GATCAATT,0.3464081,0.8019214117841091,1,10000,1001
GCGGAATT,0.34632277,0.3431740403249083,1,10000,1001
ATCGTTCT,0.34630746,0.7468663670473756,1,10000,1001
TGAGATGT,0.34623793,0.5881231187894281,1,10000,1001
TCAAGTAT,0.34621808,0.8240630025151527,1,10000,1001
ATCCAGGT,0.3461884,0.474920628375871,1,10000,1001
ATTGAAGT,0.34614286,0.5562301570939678,1,10000,1001
TTCTGATT,0.34592116,0.36026470952047174,1,10000,1001
GTTCCACT,0.34591606,0.42778213004576754,1,10000,1001
ACTCGGCT,0.34586832,0.14388941574238237,1,10000,1001
TTGTAAGT,0.34581745,0.5157300127819239,1,10000,1001
TCGACTCT,0.3458139,0.4946295303673772,1,10000,1001
GGTTGTCT,0.34579775,0.5885251309116398,1,10000,1001
TAGTCCGT,0.34577355,0.4367397847688946,1,10000,1001
GACGATCT,0.34570152,0.6892652455366346,1,10000,1001
TCTGAATT,0.34561893,0.5153073846534449,1,10000,1001
GGTCACGT,0.34553322,0.24680451902857375,1,10000,1001
CTTGATTT,0.3455219,0.43010143075083496,1,10000,1001
TCGTGATT,0.34548673,0.583350513338556,1,10000,1001
CCAAGTGT,0.3453962,0.4315342431864099,1,10000,1001
ATTAGTTT,0.34532717,0.6133880344699625,1,10000,1001
CTAGTGCT,0.34530088,0.46178823238362265,1,10000,1001
ACTCCGAT,0.34529456,0.6186038840555808,1,10000,1001
AGTAGGTT,0.3452156,0.49307302189419866,1,10000,1001
TCTCAGAT,0.34520832,0.8396899352657403,1,10000,1001
CTCTGTTT,0.34511602,0.3908176308085598,1,10000,1001
GTTCTTAT,0.34501818,0.7261266647425061,1,10000,1001
TTTTGCGT,0.34501323,0.4621387044901662,1,10000,1001
GCTCCGCT,0.34499213,0.3050035047210654,1,10000,1001
CTCCGAAT,0.34497222,0.3705417886447038,1,10000,1001
TTGGCTAT,0.34495005,0.7575763823032201,1,10000,1001
ATGCGATT,0.34494033,0.5756813590071331,1,10000,1001
GTTAGGAT,0.34490326,0.6723704284006102,1,10000,1001
TCAGAGTT,0.3448734,0.36578979920009896,1,10000,1001
CTGGATAT,0.34477696,0.8727477013153012,1,10000,1001
GTCGGCCT,0.34477237,0.20204716942233952,1,10000,1001
GTGAATAT,0.34476823,0.7175710221415907,1,10000,1001
AGGAATGT,0.344752,0.4814352863563271,1,10000,1001
GGGGCTCT,0.34473655,0.3225064940419742,1,10000,1001
GTGTCTGT,0.3447107,0.5091947387952006,1,10000,1001
TTTCCGAT,0.3446962,0.7865727951181296,1,10000,1001
GGCCTGGT,0.34467635,0.3678720158330928,1,10000,1001
ATCGAACT,0.3446173,0.6774213499360904,1,10000,1001
GCTCCTAT,0.34458268,0.5137096441677319,1,10000,1001
GATTATGT,0.34453598,0.6826371995217086,1,10000,1001
AGTTGGAT,0.34452692,0.7824908258772111,1,10000,1001
GGCGGACT,0.34452257,0.2747804395332536,1,10000,1001
TTGAATAT,0.34446096,0.7775636003793345,1,10000,1001
CTCAGGAT,0.3444298,0.6711850080402424,1,10000,1001
ACGTATTT,0.3444193,0.5864016822661114,1,10000,1001
ACCAGTTT,0.34440258,0.4978971673607389,1,10000,1001
TTCGGCTT,0.34439412,0.331948624912382,1,10000,1001
TGCGTAGT,0.34437677,0.2587721106667216,1,10000,1001
TTTTCGCT,0.34428376,0.37939636333649446,1,10000,1001
GGTCATCT,0.34425473,0.43817259720446955,1,10000,1001
GGGGCTGT,0.34412482,0.19789304415948542,1,10000,1001
TCTGCTTT,0.34409976,0.5527666680410671,1,10000,1001
GCCTGCGT,0.34404612,0.29345854121139653,1,10000,1001
TCGGTCTT,0.34402725,0.45691254690141425,1,10000,1001
GTGCCGGT,0.34395203,0.38258153630478703,1,10000,1001
CTCTGGAT,0.3439333,0.7978703665525915,1,10000,1001
TTTGAACT,0.343872,0.44450171112852016,1,10000,1001
GCCGATAT,0.34368223,0.8435038964251845,1,10000,1001
TAAGTCGT,0.34367952,0.35899682513503484,1,10000,1001
CGTCTGAT,0.34366772,0.701892549375335,1,10000,1001
TTCCTATT,0.34363157,0.5469941862862326,1,10000,1001
TCAGTGGT,0.34356174,0.3615532099121758,1,10000,1001
TCGCGTCT,0.34353286,0.44292458664907436,1,10000,1001
TGGTCTCT,0.34353027,0.43806951717313325,1,10000,1001
AGTTATGT,0.3435288,0.5566940172349812,1,10000,1001
TCTATCGT,0.34351143,0.6944604791159857,1,10000,1001
TCTGGACT,0.3434928,0.34379252051292625,1,10000,1001
CTTGGAAT,0.34346431,0.44852183235063703,1,10000,1001
TTCTCTGT,0.34342474,0.47593081268296705,1,10000,1001
TAGTCCAT,0.3434234,0.3636457345483033,1,10000,1001
ATAGGTGT,0.34328142,0.7181688863233414,1,10000,1001
CTTATTCT,0.34327176,0.5556116769059498,1,10000,1001
GAGGATCT,0.34325397,0.7991897909536964,1,10000,1001
ATTTGGAT,0.34325203,0.6713911681029151,1,10000,1001
CCTCAAAT,0.34312537,0.25549416567022637,1,10000,1001
GCTAATCT,0.3431221,0.33406176555477674,1,10000,1001
TAGTCCTT,0.34310874,0.4568816228920134,1,10000,1001
ATTTGTTT,0.3430752,0.6518678101678144,1,10000,1001
CCTTAATT,0.34296167,0.25370057312497424,1,10000,1001
GTGGCTAT,0.3429178,0.5758153630478704,1,10000,1001
ATTGAGTT,0.34285334,0.5433863851894611,1,10000,1001
TTCACTCT,0.34276643,0.27645033604090213,1,10000,1001
TAGTTCAT,0.34273294,0.5331711540840309,1,10000,1001
TGCGAGTT,0.34272227,0.34954438626149337,1,10000,1001
TCAAATTT,0.34269017,0.5317177256421887,1,10000,1001
ACGTAGAT,0.3426645,0.6413227229621078,1,10000,1001
CGTGGGGT,0.34265617,0.4409248340411495,1,10000,1001
GCTGGGAT,0.3426423,0.6129138663258153,1,10000,1001
CGCGAAGT,0.34263855,0.2925411289325032,1,10000,1001
TTAGTTCT,0.34261408,0.32445470663423087,1,10000,1001
GGACGGTT,0.3425795,0.33676246237578855,1,10000,1001
TCTGCTGT,0.3425273,0.34944130623015707,1,10000,1001
GTAATTAT,0.34248617,0.6413639549746423,1,10000,1001
GTGGAACT,0.3424859,0.43080237496392204,1,10000,1001
TCGGTATT,0.34246388,0.7742753473797055,1,10000,1001
TCTGAACT,0.34239516,0.5216674225868965,1,10000,1001
CTGGGGGT,0.34238663,0.7014905372531233,1,10000,1001
ACGTCAGT,0.3423628,0.327258483486579,1,10000,1001
TGGGTCAT,0.34222665,0.6315507359914238,1,10000,1001
ATTCGTCT,0.34211442,0.6479301529707665,1,10000,1001
CTGGTGTT,0.34201294,0.4557065105347792,1,10000,1001
TCGGTGCT,0.34195188,0.4476971920999464,1,10000,1001
TGTTTGAT,0.34188798,0.7828000659712201,1,10000,1001
TTAATTTT,0.3418853,0.5527254360285325,1,10000,1001
TTGGGGCT,0.34172413,0.29764359048365147,1,10000,1001
TCTATAGT,0.3417229,0.6745866490743413,1,10000,1001
GTGGACGT,0.3416929,0.24482538242691626,1,10000,1001
CGAGTGCT,0.34164107,0.35844019296581864,1,10000,1001
CCCAATGT,0.3416327,0.41470127406918733,1,10000,1001
TCCTCGGT,0.34162304,0.43426586401682266,1,10000,1001
CCCCGACT,0.34152228,0.5978847977569786,1,10000,1001
GTCTTGTT,0.34145156,0.5991732981486826,1,10000,1001
ATCCAGTT,0.34141904,0.7304251020492311,1,10000,1001
TTCAGGAT,0.34121457,0.7438667381354883,1,10000,1001
ATTGAGCT,0.34111688,0.35188430297282813,1,10000,1001
CTTTTGTT,0.34097967,0.672071496309735,1,10000,1001
TCATGTTT,0.34090808,0.7177153341854615,1,10000,1001
ACGTCGGT,0.34089518,0.28767575145342844,1,10000,1001
TTCGGCCT,0.34086972,0.20818043128685115,1,10000,1001
GGCCGACT,0.34078345,0.25845256256957905,1,10000,1001
TCGATGGT,0.3407426,0.372696161299633,1,10000,1001
CGTTCGTT,0.34073064,0.2522986846988002,1,10000,1001
GGGGGTAT,0.34069064,0.9774667051498782,1,10000,1001
GGTCATAT,0.3406877,0.7062425266977281,1,10000,1001
CTTATGTT,0.3406588,0.4315239351832763,1,10000,1001
GCCGGTTT,0.34061733,0.4078773759947223,1,10000,1001
GGCCAAGT,0.3405902,0.2888611718137962,1,10000,1001
GTAGGTTT,0.34055057,0.5138127241990682,1,10000,1001
GATCGTAT,0.34051174,0.8832824805178741,1,10000,1001
CCCTGATT,0.34047842,0.5443141054714881,1,10000,1001
TGCAATGT,0.3404428,0.3401022553910857,1,10000,1001
TTTGTATT,0.3401734,0.704108770049066,1,10000,1001
ACCTGTTT,0.3401039,0.470962355172556,1,10000,1001
TCAGGGTT,0.3400992,0.5508803034676123,1,10000,1001
TTGTCTTT,0.3400708,0.43656454871562284,1,10000,1001
GTACGAAT,0.3399572,0.5531068321444771,1,10000,1001
CCGCGTTT,0.33993354,0.4087535562610811,1,10000,1001
TTCGTTTT,0.33978587,0.4904341730919886,1,10000,1001
ACATAGGT,0.33968094,0.5231620830412733,1,10000,1001
CCAGGTGT,0.33960164,0.5098647589988867,1,10000,1001
GGCAGTAT,0.33953312,0.7241475281408485,1,10000,1001
TTGGAAGT,0.3394533,0.33381437347956955,1,10000,1001
GGCGATTT,0.33943853,0.2442069022388983,1,10000,1001
TTGTACGT,0.3394195,0.33245371706593,1,10000,1001
GTTCCTTT,0.3394166,0.41049560879066505,1,10000,1001
TCGTGCTT,0.33935705,0.5015152764606441,1,10000,1001
TAAGGCTT,0.33930007,0.28897455984826625,1,10000,1001
GTGCTTAT,0.3392519,0.3695006803282068,1,10000,1001
GCTCTTCT,0.33919966,0.43155485919267716,1,10000,1001
TCGCATCT,0.3390979,0.6054714880633324,1,10000,1001
GTATATCT,0.33908135,0.9360285325526739,1,10000,1001
GGTCGCAT,0.33907846,0.4579742712241785,1,10000,1001
AGTTCCAT,0.33906725,0.4646126252422381,1,10000,1001
CTCCTTGT,0.33904645,0.7793778089308538,1,10000,1001
CCTGATCT,0.33901533,0.7419185255432318,1,10000,1001
CCCTGGGT,0.33897886,0.33167030882777393,1,10000,1001
GTTTAAAT,0.33891657,0.73921782872222,1,10000,1001
ACGTGTTT,0.33881864,0.41081515688780773,1,10000,1001
ATCTCGGT,0.3387367,0.698439368325568,1,10000,1001
AGCTGAGT,0.3387178,0.4068156516719581,1,10000,1001
ACGTGTCT,0.3386955,0.5645177916134086,1,10000,1001
CCTTGTAT,0.33869264,0.6711334680245743,1,10000,1001
GCCTAAGT,0.33869162,0.2186842864800231,1,10000,1001
TGAGATAT,0.33851045,0.9295138745722179,1,10000,1001
ACTGGAAT,0.33850142,0.4731476518368861,1,10000,1001
TAGGGTGT,0.3384811,0.7222199315548591,1,10000,1001
TCAGGTAT,0.33838823,0.8450707129014967,1,10000,1001
GGCTCGCT,0.3383254,0.39359048365150706,1,10000,1001
TCGTACAT,0.3383203,0.7543705933286604,1,10000,1001
GGCGGATT,0.3382385,0.5534366882447531,1,10000,1001
CTTACGGT,0.33823398,0.4858058796849874,1,10000,1001
ATCAATAT,0.33819255,0.904176802869748,1,10000,1001
GTATGGGT,0.33815852,0.5919267719457386,1,10000,1001
CTGGTTCT,0.33802667,0.50275223683668,1,10000,1001
TAAGTGGT,0.33799407,0.3414216797921906,1,10000,1001
TGCGGACT,0.3379694,0.2490619717148394,1,10000,1001
ACTCTGTT,0.3379445,0.3255473549663959,1,10000,1001
TCGATCTT,0.3379001,0.6387869541912341,1,10000,1001
TTGGACAT,0.33779827,0.4356986764523976,1,10000,1001
CTGTATGT,0.3377591,0.6377252298684699,1,10000,1001
TCGCCTGT,0.33768559,0.24121758133014473,1,10000,1001
ATAGTTGT,0.33767852,0.54105677648126,1,10000,1001
CTAGATTT,0.3376632,0.5277697604420072,1,10000,1001
TCAGTTAT,0.33763385,0.7357852636787202,1,10000,1001
TTTGGCGT,0.33763134,0.3270420154207727,1,10000,1001
GTCTAAAT,0.33759987,0.5616212427328577,1,10000,1001
GCCATTCT,0.33759466,0.20729394301735868,1,10000,1001
ATCGTACT,0.33757696,0.7796355090091948,1,10000,1001
CCCTAGGT,0.33754063,0.49290809384406054,1,10000,1001
TGGAATTT,0.33753517,0.3163423081680617,1,10000,1001
CCTGAATT,0.33746007,0.49382550612295384,1,10000,1001
GGTTCAAT,0.33744976,0.5697645652084279,1,10000,1001
TCGCGCGT,0.3374305,0.36925328825299963,1,10000,1001
CTCCCAGT,0.33741724,0.3396177792438049,1,10000,1001
AGTCCAGT,0.33740702,0.30323052818208057,1,10000,1001
CTAAGTAT,0.33736935,0.7292087576794622,1,10000,1001
TCTTCAAT,0.33734813,0.6482703170741764,1,10000,1001
ACTATGGT,0.33731508,0.4397703376901827,1,10000,1001
GCAAGTAT,0.3373061,0.7113656042551437,1,10000,1001
CGTTTGAT,0.3372775,0.6238815816600009,1,10000,1001
TTTGCGGT,0.33724332,0.3286603719127531,1,10000,1001
GAGTGTCT,0.33722228,0.5620541788644704,1,10000,1001
ATTAGCGT,0.337222,0.44231641446419,1,10000,1001
TCCATGGT,0.33720627,0.3658104152063662,1,10000,1001
AGGAGTCT,0.33717585,0.3406795035665691,1,10000,1001
CGCTGAGT,0.33713344,0.5697748732115614,1,10000,1001
TGCGAACT,0.3371307,0.30344699624788685,1,10000,1001
ACTTCGCT,0.337123,0.4656331175524678,1,10000,1001
GTTTACGT,0.3370923,0.31077598647589993,1,10000,1001
TCTAGCTT,0.3370825,0.5391601039046716,1,10000,1001
GTGTACCT,0.3370646,0.34752401764730134,1,10000,1001
GCCGATTT,0.33705032,0.3683771079866408,1,10000,1001
GACGGTCT,0.33697873,0.4003009936915021,1,10000,1001
TGGGGTAT,0.3369513,0.9029295344905786,1,10000,1001
TTGCAGGT,0.33693758,0.370057312497423,1,10000,1001
CCGCGAAT,0.33691671,0.5056797097266318,1,10000,1001
GGGGGAGT,0.33689833,0.40942357646476724,1,10000,1001
GCTATTTT,0.33685356,0.36495485094627467,1,10000,1001
TGCGTCTT,0.3366559,0.4425328825299963,1,10000,1001
GGCTTGCT,0.33660707,0.18572960046179854,1,10000,1001
AGGTGTGT,0.33660564,0.6084092689564178,1,10000,1001
TGCGATAT,0.3365672,0.8872819857337237,1,10000,1001
GCGCGCTT,0.3365405,0.23064157011503733,1,10000,1001
TGTCGTAT,0.33653668,0.761936667628747,1,10000,1001
GCGGACGT,0.33647612,0.15789799200098956,1,10000,1001
TCTGCAGT,0.33643505,0.2515049684575104,1,10000,1001
TACGTGTT,0.33637577,0.6170473755824022,1,10000,1001
GTGGTTTT,0.33637315,0.5174926813177751,1,10000,1001
TTTCCATT,0.33637276,0.5008864882694924,1,10000,1001
CTATGTGT,0.33636114,0.4351420442831815,1,10000,1001
GTTGCAGT,0.33633706,0.3053849008370098,1,10000,1001
AGTCGGAT,0.3362397,0.7377644002803777,1,10000,1001
CGTTAATT,0.33618152,0.4309569950109265,1,10000,1001
CCTGGCGT,0.33612528,0.4507999010431699,1,10000,1001
GTGGTCCT,0.336117,0.39879602523399166,1,10000,1001
TTAGCCTT,0.33610868,0.3685317280336453,1,10000,1001
TCTCAACT,0.33610103,0.5166165010514163,1,10000,1001
ATCCGTTT,0.3360742,0.8167030882777389,1,10000,1001
GTCACGGT,0.33602986,0.39087947882736157,1,10000,1001
GGTAGTCT,0.33602124,0.5686203768605945,1,10000,1001
ACGCAGGT,0.335982,0.26317362800478294,1,10000,1001
GCCGTTCT,0.335921,0.5787531439409557,1,10000,1001
TTAGCGCT,0.33588645,0.39218859522533295,1,10000,1001
GATGGGGT,0.33588532,0.44043004989073514,1,10000,1001
CTTTGGAT,0.3358625,0.6822145713932296,1,10000,1001
CACCTAGT,0.33583072,0.5387993237949944,1,10000,1001
CTCGTCTT,0.3358129,0.40960912052117265,1,10000,1001
GTAGAGAT,0.33581108,0.6548365150703006,1,10000,1001
TCTGATAT,0.33580923,0.9529645817012329,1,10000,1001
CACGTATT,0.3357687,0.6897084896713809,1,10000,1001
ATTCTAAT,0.33573267,0.6581041520636622,1,10000,1001
TGTAGTCT,0.3356674,0.4507586690306354,1,10000,1001
TGACGTGT,0.33564213,0.2328990228013029,1,10000,1001
TTTCGCTT,0.33555177,0.34867851399826827,1,10000,1001
TCGTAACT,0.3355364,0.45341813383911267,1,10000,1001
CATCGAAT,0.3354845,0.37897373520801547,1,10000,1001
ACTCTTTT,0.3354803,0.4412443821382922,1,10000,1001
GTCCCGAT,0.33545825,0.4220714963097349,1,10000,1001
GTCCCTGT,0.33539805,0.2612975714344617,1,10000,1001
AGTCTAAT,0.33527812,0.5046179854038676,1,10000,1001
TCGTCAAT,0.3351403,0.6148208469055375,1,10000,1001
ATTTGTCT,0.33508852,0.5190491897909537,1,10000,1001
TGCTATCT,0.33499786,0.7701727621325197,1,10000,1001
TCTCTACT,0.33484316,0.5061848018801798,1,10000,1001
GGTTTTGT,0.33482674,0.4283903022306519,1,10000,1001
CTCTCGGT,0.33478394,0.5255019997526079,1,10000,1001
CTAGAACT,0.334705,0.36993361645981937,1,10000,1001
CGTCGTCT,0.334694,0.3649033109306065,1,10000,1001
CTAGATAT,0.33457825,0.8462561332618646,1,10000,1001
AGAGTGTT,0.33451328,0.45781965117717394,1,10000,1001
GTTATATT,0.33449158,0.69759411206861,1,10000,1001
ACTTGCTT,0.3344492,0.33944254319053313,1,10000,1001
GCCTTAGT,0.3344234,0.24747453923225993,1,10000,1001
TCCGGTTT,0.33440483,0.4874860841957696,1,10000,1001
GTGTAGTT,0.33438858,0.636735661567641,1,10000,1001
CCGTCGAT,0.33437416,0.5536840803199604,1,10000,1001
GATGAAGT,0.33433768,0.42937987053148063,1,10000,1001
GCGTAGCT,0.3342984,0.3286397559064858,1,10000,1001
GTTTGCTT,0.33427674,0.4832288789015792,1,10000,1001
ATCATGGT,0.33424622,0.7278893332783574,1,10000,1001
GGCGATAT,0.3342332,0.9260297695130499,1,10000,1001
TGCGATTT,0.33423272,0.516987589164227,1,10000,1001
ATGTCGCT,0.33422288,0.37639673442460725,1,10000,1001
GCGCTGTT,0.33419654,0.3810971838535439,1,10000,1001
AGGGCTCT,0.3341894,0.3233723663051994,1,10000,1001
ATTGGGTT,0.33418432,0.5907310435822373,1,10000,1001
GGACAGGT,0.33413526,0.4670143899723746,1,10000,1001
CTTGGCGT,0.33404288,0.3458541211396528,1,10000,1001
GCCAATTT,0.33398575,0.3332165092978188,1,10000,1001
CCCCGCGT,0.3339348,0.3276604956087907,1,10000,1001
TTAGTAGT,0.33393326,0.5326248299179484,1,10000,1001
GCGGGAAT,0.33392432,0.4281532181585783,1,10000,1001
TACGTACT,0.33390918,0.6219746010802787,1,10000,1001
AGGTCCAT,0.3338782,0.40016698965076486,1,10000,1001
GACGAGCT,0.33384442,0.3322372490001237,1,10000,1001
TTGTGTAT,0.33377728,0.8003855193171979,1,10000,1001
CCTCTTTT,0.333756,0.4003009936915021,1,10000,1001
CTCGGCAT,0.3337326,0.3466993773966107,1,10000,1001
CGTGTGCT,0.3337266,0.10851234898775407,1,10000,1001
ACACGATT,0.33366516,0.4985878035706923,1,10000,1001
TCGTCCAT,0.33366188,0.5309343174040325,1,10000,1001
TCTGTATT,0.33348644,0.6165216674225868,1,10000,1001
TATCTATT,0.33347812,0.8815816600008246,1,10000,1001
AGGTCCGT,0.33346635,0.40910402836762466,1,10000,1001
ATGGCTAT,0.3334663,0.6610110089473467,1,10000,1001
CTTGGCTT,0.33339867,0.23220838659134949,1,10000,1001
TGGGTACT,0.333246,0.4080216880385932,1,10000,1001
TCCCGCGT,0.33323303,0.4674885581165217,1,10000,1001
ACGCGTAT,0.33320293,0.7890982558858698,1,10000,1001
ATTTATTT,0.33316883,0.5429637570609821,1,10000,1001
TAGTCAAT,0.33306894,0.5559415330062261,1,10000,1001
ACAGATGT,0.3330241,0.44439863109718386,1,10000,1001
TGTGAACT,0.3330146,0.42472065311507856,1,10000,1001
ACCAGGGT,0.3330033,0.7160351296746793,1,10000,1001
CCTAAGCT,0.3329802,0.39243598730054013,1,10000,1001
AGGGCTGT,0.33295003,0.3062095410877005,1,10000,1001
TCGTAAAT,0.3329362,0.6703397517832845,1,10000,1001
GCACGCGT,0.3328646,0.282212509792603,1,10000,1001
TTAAAGTT,0.33283362,0.5035253370717024,1,10000,1001
GATTCTAT,0.33280197,0.6421164392033976,1,10000,1001
CGCGAGTT,0.33279264,0.29980827114171443,1,10000,1001
ATGGTTCT,0.3327801,0.38675627757390835,1,10000,1001
CGTAGGCT,0.33277825,0.27651218405970396,1,10000,1001
CCTGATTT,0.33277312,0.3142188595225333,1,10000,1001
ATCTTGGT,0.33276585,0.6629901455490043,1,10000,1001
GGGTCGGT,0.3327095,0.473405351915227,1,10000,1001
GTGCTTTT,0.33270186,0.5019172885828558,1,10000,1001
ATCGGGAT,0.3325989,0.7977363625118542,1,10000,1001
AGTGATGT,0.3325666,0.4750546324166083,1,10000,1001
GTTTTAAT,0.3325386,0.6422504432441347,1,10000,1001
ATGGGGGT,0.33232656,0.624747453923226,1,10000,1001
TTCTGTTT,0.33231294,0.5439739413680782,1,10000,1001
GCCGTGCT,0.33228323,0.2159320496433431,1,10000,1001
TCAATAGT,0.33228248,0.6822661114088979,1,10000,1001
GTTGCGCT,0.33221644,0.3787778831484765,1,10000,1001
CATTCGAT,0.33220983,0.6966457757803157,1,10000,1001
ATGGTATT,0.33212027,0.7267451449305241,1,10000,1001
GGCCGGAT,0.3320923,0.6611965530037521,1,10000,1001
TATCGGGT,0.33208725,0.8492763781800191,1,10000,1001
ATTTTGAT,0.33195058,0.6577433719539851,1,10000,1001
ACCCGGTT,0.33194402,0.4885375005154001,1,10000,1001
GTCATTTT,0.33193746,0.32505257081598155,1,10000,1001
TGCGGGGT,0.3319112,0.34357605244712,1,10000,1001
CGGGATCT,0.33190885,0.6739063208675216,1,10000,1001
AGTTTGCT,0.33190128,0.4369047128190327,1,10000,1001
CTTATAGT,0.3318093,0.6450026800808147,1,10000,1001
ATGTCTGT,0.3317887,0.4973096111821218,1,10000,1001
TGTAATCT,0.33170107,0.6735661567641117,1,10000,1001
ATGATTTT,0.3315755,0.5626932750587557,1,10000,1001
TCGGGGAT,0.33149272,0.7955510658475239,1,10000,1001
CTCTAACT,0.33142903,0.5337174782501134,1,10000,1001
ATTAGGCT,0.3314284,0.4924957737187152,1,10000,1001
TTGATGGT,0.33129638,0.3449573248670268,1,10000,1001
ACGGGTTT,0.33127335,0.4655300375211314,1,10000,1001
GCCTATAT,0.33123785,0.7495670638683875,1,10000,1001
ACTCAACT,0.3311665,0.5170288211767616,1,10000,1001
GCGGTATT,0.33115086,0.7848925906073474,1,10000,1001
CCGCGGTT,0.3311285,0.4279779821053066,1,10000,1001
CCGGGATT,0.3310956,0.4514802292499897,1,10000,1001
TCGTACTT,0.33098927,0.5904527274976292,1,10000,1001
AGCGTATT,0.33097085,0.6095225332948502,1,10000,1001
TTTCACGT,0.3309639,0.5308724693852307,1,10000,1001
GCCGAACT,0.3309198,0.14443573990846495,1,10000,1001
ACTTGTCT,0.33089378,0.4026615264091041,1,10000,1001
TGTTAAGT,0.33079183,0.31467241166041315,1,10000,1001
CTCATCCT,0.3307791,0.5744031666185626,1,10000,1001
CCTTCACT,0.33075038,0.5330165340370264,1,10000,1001
TCATGTCT,0.3307482,0.6575887519069805,1,10000,1001
CCCCTATT,0.33071083,0.7240341401063787,1,10000,1001
CTATGTCT,0.33069566,0.6057704201542078,1,10000,1001
TGAGACTT,0.3306199,0.6188409681276542,1,10000,1001
AGTTGACT,0.33059844,0.38255061229538617,1,10000,1001
GGGTCTGT,0.33059144,0.18109099905166373,1,10000,1001
CTAGGTAT,0.330587,0.8779326268915186,1,10000,1001
ATTGTATT,0.3305708,0.632890776398796,1,10000,1001
GTGGTGTT,0.33056632,0.6549808271141715,1,10000,1001
TCCAGGCT,0.33056125,0.17740073392982314,1,10000,1001
CCGGGGGT,0.33052993,0.6265410464684782,1,10000,1001
GCCTCAGT,0.33039027,0.177349193914155,1,10000,1001
GCGCTTTT,0.33037257,0.35017317445264506,1,10000,1001
CCTGGAAT,0.33037227,0.3973219807858821,1,10000,1001
TGAGTTCT,0.3303376,0.4409248340411495,1,10000,1001
CTCTAAGT,0.33031747,0.4887127365686719,1,10000,1001
GATCGTCT,0.3302854,0.7827382179524183,1,10000,1001
CCGAGCGT,0.33017567,0.27814084855481797,1,10000,1001
ATCTTGTT,0.33014193,0.7217869954232466,1,10000,1001
GCTTCACT,0.33013907,0.271286026470952,1,10000,1001
TATGATGT,0.33009717,0.5617037067579268,1,10000,1001
CTCATATT,0.33003613,0.6209025687543809,1,10000,1001
CTTGGGAT,0.33001336,0.6081103368655424,1,10000,1001
TATAGGGT,0.3300083,0.6999237207768111,1,10000,1001
GGCGAGTT,0.329997,0.23381643508019626,1,10000,1001
CCTGTATT,0.32998452,0.6957180554982889,1,10000,1001
GTTTCAAT,0.329937,0.6562487114996083,1,10000,1001
TTAGAACT,0.32988098,0.4612316002144065,1,10000,1001
CGCGTTCT,0.32986748,0.3008287634519441,1,10000,1001
CGACGGGT,0.32984057,0.31872345689193093,1,10000,1001
TCACCAGT,0.32971036,0.5306766173256916,1,10000,1001
CTGGTCTT,0.3296573,0.29022182822743575,1,10000,1001
CAAGTCTT,0.3296233,0.33587597410629616,1,10000,1001
TTCAGCCT,0.32954565,0.2017997773471323,1,10000,1001
TCCTGGAT,0.32952625,0.6489197212715953,1,10000,1001
ACTGATCT,0.3295094,0.9038778707788728,1,10000,1001
CGTAGCTT,0.3294845,0.2276007091906156,1,10000,1001
ACTCAGCT,0.32947275,0.4068156516719581,1,10000,1001
CGAGTAGT,0.32941326,0.5377066754628294,1,10000,1001
CTTTAATT,0.32938266,0.41486620211932546,1,10000,1001
TATTCGGT,0.32937947,0.5940192965818661,1,10000,1001
CCGAGATT,0.32935023,0.45585082257865006,1,10000,1001
TTGGTACT,0.32924646,0.466468065806292,1,10000,1001
ATCCTTGT,0.32915893,0.6950892673071373,1,10000,1001
GCACGTCT,0.32911316,0.4186595472725024,1,10000,1001
ATACGTGT,0.3290421,0.8682018719333691,1,10000,1001
TCGGACAT,0.3289772,0.571475693728611,1,10000,1001
CTTATGCT,0.32892182,0.32215602193543064,1,10000,1001
TGCTGAGT,0.32891986,0.27951181297159117,1,10000,1001
CTAAGGGT,0.32890698,0.4086504762297448,1,10000,1001
ACGTGACT,0.32890102,0.37857172308580384,1,10000,1001
TCAGTACT,0.32885793,0.4823526986352204,1,10000,1001
GTCGCGGT,0.32878458,0.2734713231352822,1,10000,1001
CGGGTCAT,0.3287516,0.5791551560631674,1,10000,1001
TGAGATTT,0.32875147,0.6016162948913537,1,10000,1001
CACGTGCT,0.32871208,0.5841442295798458,1,10000,1001
GAGTGAGT,0.32867274,0.3172184884344205,1,10000,1001
TAATTCGT,0.32865107,0.5287284047334351,1,10000,1001
AAGTCCTT,0.3286486,0.23644497587927268,1,10000,1001
GAGTCTCT,0.3285968,0.47959015379540676,1,10000,1001
GCGGTTAT,0.32854936,0.6170886075949368,1,10000,1001
TTTCTACT,0.32849908,0.41448480600338106,1,10000,1001
TCATTGTT,0.32846078,0.6063785923390921,1,10000,1001
TTGCCTGT,0.3283792,0.23263101471982847,1,10000,1001
GTGATCGT,0.32835993,0.7223127035830619,1,10000,1001
AGCGGTCT,0.32833844,0.2831299220714963,1,10000,1001
TATCGGTT,0.32831264,0.8930956995010927,1,10000,1001
TAAATGTT,0.32829416,0.541788644703748,1,10000,1001
TGTCAAAT,0.32826045,0.6142539067331877,1,10000,1001
GTCATCCT,0.32825553,0.6282212509792604,1,10000,1001
GACCAAGT,0.32821965,0.30834329773636254,1,10000,1001
ATTTTGCT,0.32819748,0.50263884880221,1,10000,1001
TGGGTGAT,0.3281856,0.8439780645693316,1,10000,1001
GAGCGTCT,0.328176,0.3049931967179318,1,10000,1001
TTGACCGT,0.32813108,0.384942069022389,1,10000,1001
GACCGGGT,0.32807907,0.29843730672494123,1,10000,1001
CATGGATT,0.32802114,0.5834226693604915,1,10000,1001
CACGTACT,0.32799634,0.3622438461221292,1,10000,1001
TCCGAACT,0.32799336,0.29318022512678843,1,10000,1001
ATGGGTTT,0.32799032,0.721467447326104,1,10000,1001
TCTTACTT,0.3279653,0.5260173999092895,1,10000,1001
GGATGTGT,0.3279651,0.35151321486001735,1,10000,1001
TGTCCTGT,0.32794723,0.25261823279594275,1,10000,1001
TCGGCTAT,0.32790923,0.7260545087205706,1,10000,1001
TCAAGATT,0.3278938,0.5877417226734837,1,10000,1001
CCTGAACT,0.32786688,0.3133529872593081,1,10000,1001
CACCTATT,0.32785302,0.6331175524677359,1,10000,1001
ACGTAAAT,0.32783076,0.5204201542077269,1,10000,1001
GTTATTAT,0.32781544,0.786366635055457,1,10000,1001
TTCGCTAT,0.32774827,0.7167669978971674,1,10000,1001
CTCATACT,0.32772657,0.5252855316868016,1,10000,1001
GTAGTGTT,0.327712,0.39600255638477716,1,10000,1001
TGTCTAAT,0.3276731,0.7918814167319507,1,10000,1001
GCGTCAAT,0.32765183,0.3496474662928298,1,10000,1001
CACGTAGT,0.3276042,0.3778192388570486,1,10000,1001
CAGTCGAT,0.32760283,0.5614666226858533,1,10000,1001
TCGCATTT,0.3276004,0.4536655259143199,1,10000,1001
GTAGTGCT,0.32755336,0.3503587185090505,1,10000,1001
CGGGTAGT,0.32754824,0.5117305075660743,1,10000,1001
TCAGTCAT,0.3275254,0.5439327093555437,1,10000,1001
TCGGTTAT,0.3275229,0.7317239104440688,1,10000,1001
TCCGGGCT,0.32750496,0.40741351585370883,1,10000,1001
ACGGTACT,0.32750234,0.5636622273533171,1,10000,1001
AGTTCAAT,0.32747823,0.46286026470952046,1,10000,1001
TCTTAACT,0.3274774,0.4779511812971591,1,10000,1001
ACTTATAT,0.3274594,0.7436193460602812,1,10000,1001
CACCAAGT,0.3274363,0.6002865624871151,1,10000,1001
CTCTATTT,0.32740843,0.49796932338267436,1,10000,1001
GCGTAACT,0.32734218,0.2990145549004247,1,10000,1001
AGGTCGGT,0.32733124,0.3408135076073063,1,10000,1001
ACGACTTT,0.3273288,0.39771368490496023,1,10000,1001
CGTCTTGT,0.32731977,0.472055003504721,1,10000,1001
GTCGCGCT,0.32728133,0.37065517667917375,1,10000,1001
TTGTATAT,0.9688424,0.8519461509916298,2,20000,2001
TTGGATAT,0.96754414,0.8957036242939018,2,20000,2001
ATGTATAT,0.95080215,0.8541520636622274,2,20000,2001
TGATATAT,0.9392665,0.9676225621572588,2,20000,2001
ATATATAT,0.9304978,0.9705191110378097,2,20000,2001
AGGTATAT,0.93000185,0.8896940584669938,2,20000,2001
AGTTATAT,0.8905061,0.8036325403042922,2,20000,2001
TAGGATAT,0.88994694,0.9165464066301076,2,20000,2001
TGTGATAT,0.8887463,0.9771986970684039,2,20000,2001
AGTGATAT,0.87447405,0.9626953366593825,2,20000,2001
GTGTATAT,0.8670998,0.9150723621819981,2,20000,2001
TCGTGTAT,0.8638449,0.7349812394342968,2,20000,2001
ACCGATAT,0.85381436,0.8862305694140932,2,20000,2001
GAGTATAT,0.8464634,0.9252154372654929,2,20000,2001
TCATAGAT,0.84612405,0.8860553333608213,2,20000,2001
AATGATAT,0.84536946,0.9719106914608502,2,20000,2001
CTCGATAT,0.8411749,0.8186203768605945,2,20000,2001
TGCTATAT,0.8366635,0.8707685647136437,2,20000,2001
AGCGATAT,0.83502114,0.950768977033769,2,20000,2001
CTTTATAT,0.8343989,0.7246835443037976,2,20000,2001
TGATGTAT,0.834104,0.7656372407537213,2,20000,2001
ATAAATAT,0.83168983,0.8574403166618563,2,20000,2001
TTAAATAT,0.831509,0.8246402506906363,2,20000,2001
ACGTGTAT,0.83118266,0.7081907392899848,2,20000,2001
TACGATAT,0.83022606,0.9614893002927474,2,20000,2001
GCATATAT,0.829739,0.8684904960211107,2,20000,2001
AGGGGTAT,0.8230429,0.9302148187853049,2,20000,2001
AGGTGTAT,0.8209251,0.8134766832969117,2,20000,2001
GTCGATAT,0.8199672,0.8216715457881499,2,20000,2001
GTTGATAT,0.8181731,0.9491609285449224,2,20000,2001
AACTATAT,0.8168851,0.7492062837587103,2,20000,2001
ATATGTAT,0.8137773,0.8784995670638683,2,20000,2001
TCTAATAT,0.8102482,0.8499051663711706,2,20000,2001
TAAGGTAT,0.8082572,0.8880653939718797,2,20000,2001
TTTAATAT,0.8070786,0.8669236795447985,2,20000,2001
GTGGGTAT,0.80435413,0.8715622809549335,2,20000,2001
GATGATAT,0.8020064,0.9670350059786418,2,20000,2001
ATTGGTAT,0.8007524,0.768307013565332,2,20000,2001
GGAGATAT,0.80066705,0.9440275429843732,2,20000,2001
ACATGTAT,0.8004985,0.7572259101966767,2,20000,2001
TAATGGAT,0.7992176,0.7740176473013649,2,20000,2001
TCAAATAT,0.7949224,0.8646971508679339,2,20000,2001
TTTCATAT,0.7929081,0.7380117923555849,2,20000,2001
TTCAATAT,0.7925004,0.8180843606976456,2,20000,2001
ATGCATAT,0.78839874,0.7301777099740239,2,20000,2001
TTATAGAT,0.7878359,0.8227848101265823,2,20000,2001
ACAGGTAT,0.78674465,0.7847173545540758,2,20000,2001
ACCGGTAT,0.7842091,0.8217643178163526,2,20000,2001
TTGCATAT,0.7832666,0.7150249453675833,2,20000,2001
ACGAATAT,0.77868235,0.7976332824805179,2,20000,2001
TCGTTTAT,0.77086616,0.6763699336164598,2,20000,2001
ATTTGTAT,0.77080274,0.6810085350265946,2,20000,2001
ACTTGTAT,0.768826,0.8442254566445387,2,20000,2001
TTTATAAT,0.76820815,0.6932647507524842,2,20000,2001
TTATGGAT,0.7680841,0.7209829711788232,2,20000,2001
TATCGGAT,0.76728344,0.9627674926813178,2,20000,2001
TGGTATCT,0.7671974,0.9188450913289077,2,20000,2001
TCATACAT,0.7630136,0.7892116439203398,2,20000,2001
TGATAGAT,0.7610742,0.8094874860841957,2,20000,2001
TTAGAGAT,0.7580806,0.7090669195563436,2,20000,2001
CCATGTAT,0.75783724,0.7573186822248794,2,20000,2001
TATAGTAT,0.75691634,0.9304519028573784,2,20000,2001
TCACATAT,0.7568879,0.8710365727951181,2,20000,2001
CCGGGTAT,0.75537026,0.7723374427905827,2,20000,2001
TACTGTAT,0.754508,0.8538118995588175,2,20000,2001
ACCTGTAT,0.75353646,0.7856966148517709,2,20000,2001
TTCCATAT,0.7521711,0.751906980579722,2,20000,2001
ATTATATT,0.7511503,0.7950872057065105,2,20000,2001
CACTATAT,0.75049037,0.8281140477466704,2,20000,2001
TGGTTTAT,0.74883574,0.5650847317857585,2,20000,2001
CGGGGTAT,0.7484671,0.9101245206778543,2,20000,2001
AAGGATCT,0.7478754,0.8049519647053973,2,20000,2001
AGCGGTAT,0.74675214,0.8146724116604132,2,20000,2001
TCAGTGAT,0.7464918,0.8856223972292087,2,20000,2001
GTGTGTAT,0.74417776,0.731466210365728,2,20000,2001
TCTTATCT,0.74386555,0.8069207933039212,2,20000,2001
CGGTGTAT,0.7421534,0.7844390384694677,2,20000,2001
TACGGTAT,0.7403472,0.8789634272048819,2,20000,2001
AATATAAT,0.74011153,0.7950872057065105,2,20000,2001
GATGGTAT,0.73858,0.8573990846493217,2,20000,2001
TAGCATAT,0.7384625,0.7776769884138045,2,20000,2001
ATAATATT,0.7384083,0.7687811817094793,2,20000,2001
AAGAGTAT,0.73699033,0.7602358471116974,2,20000,2001
ATCATATT,0.7363772,0.7715849585618273,2,20000,2001
CTTTGTAT,0.735798,0.6168721395291304,2,20000,2001
TCATATCT,0.7357318,0.8468746134498826,2,20000,2001
GCATGTAT,0.7340223,0.7679874654681894,2,20000,2001
TAAGAGAT,0.73396856,0.7924071248917659,2,20000,2001
ATAGATCT,0.7332619,0.8018183317527728,2,20000,2001
AACGGTAT,0.7331385,0.7447841504143817,2,20000,2001
ATCTTATT,0.7323218,0.7143961571764319,2,20000,2001
ATTGTTAT,0.7308944,0.7041396940584671,2,20000,2001
GTATGTAT,0.730615,0.8407516595885045,2,20000,2001
TTTATTAT,0.73036593,0.7410629612831402,2,20000,2001
TGCTGTAT,0.7298912,0.7156021935430669,2,20000,2001
ACTATCAT,0.7276288,0.9216901001937905,2,20000,2001
AATATTAT,0.7252881,0.7687811817094793,2,20000,2001
ATGCGTAT,0.7251374,0.8100235022471447,2,20000,2001
TCTATCAT,0.72238356,0.6616191811322311,2,20000,2001
AGTATAAT,0.72168255,0.82385684245248,2,20000,2001
CCCGGTAT,0.72100264,0.7402486290355832,2,20000,2001
GGTAATAT,0.7209077,0.8296293242073146,2,20000,2001
TATTCTAT,0.7206227,0.8050344287304664,2,20000,2001
TGTATAAT,0.72030675,0.7526079247928091,2,20000,2001
TATAGGAT,0.7196594,0.8934255556013689,2,20000,2001
ATTAGGAT,0.7193113,0.6691440234197832,2,20000,2001
ATGTTATT,0.7178498,0.7364862078918072,2,20000,2001
AGTGATCT,0.71781784,0.9229476765760937,2,20000,2001
CATCATAT,0.71679085,0.7315692903970643,2,20000,2001
ACATGGAT,0.71673214,0.7152001814208551,2,20000,2001
CAAGGTAT,0.7160276,0.8154867439079702,2,20000,2001
TAACAGAT,0.71587944,0.6648868181255927,2,20000,2001
AATGATCT,0.7157102,0.9316063992083453,2,20000,2001
AGATAGAT,0.71488225,0.8064363171566404,2,20000,2001
ATATTTAT,0.7138043,0.8574403166618563,2,20000,2001
ATTTTTAT,0.7135805,0.6896569496557127,2,20000,2001
CATCGGAT,0.7129176,0.6484455531274482,2,20000,2001
ATCTGGAT,0.7124299,0.7670700531892963,2,20000,2001
TATTCGAT,0.7119515,0.7816558776233867,2,20000,2001
GCAGGTAT,0.71188074,0.7598956830082877,2,20000,2001
AGGTTTAT,0.71139395,0.7653280006597122,2,20000,2001
AAATATCT,0.7110347,0.8200738053024368,2,20000,2001
AGCTGTAT,0.70953137,0.7209211231600214,2,20000,2001
TATCCGAT,0.7093734,0.9257617614315755,2,20000,2001
AGTTATCT,0.70875704,0.6480847730177709,2,20000,2001
TTAGTATT,0.708101,0.6421679792190657,2,20000,2001
ACGGATCT,0.70786685,0.743794582113553,2,20000,2001
ATATTGAT,0.70649093,0.904176802869748,2,20000,2001
TTACGGAT,0.70601493,0.7232301158619553,2,20000,2001
TAGTCTAT,0.7050825,0.7015420772687915,2,20000,2001
GGAGGTAT,0.7042816,0.8964767245289242,2,20000,2001
ACTCGTAT,0.70377827,0.6476930688986929,2,20000,2001
CTATTATT,0.70307785,0.7342906032243435,2,20000,2001
ATAGTGAT,0.7017986,0.8463901373026017,2,20000,2001
AAAAGTAT,0.7017922,0.777326516307261,2,20000,2001
CAGTATCT,0.70147705,0.8183626767822537,2,20000,2001
GCTTGTAT,0.7010479,0.5962870572712654,2,20000,2001
AACATATT,0.70076704,0.6276336948006432,2,20000,2001
TGGTAGAT,0.6999701,0.7820991217581329,2,20000,2001
GCTCATAT,0.69995224,0.7580711664536346,2,20000,2001
ATCCTATT,0.69983697,0.8596977693481219,2,20000,2001
CTTATAAT,0.6994673,0.631571351997691,2,20000,2001
AACCATAT,0.69894147,0.7774399043417309,2,20000,2001
GATATAAT,0.6977205,0.9310806910485301,2,20000,2001
ACTATAAT,0.69763505,0.6945120191316538,2,20000,2001
AATAGGAT,0.6975129,0.8596977693481219,2,20000,2001
AGTAGTAT,0.6972738,0.8315466127901703,2,20000,2001
TAGTAGAT,0.69590133,0.8418339999175359,2,20000,2001
TGATACAT,0.6954965,0.9839298231146664,2,20000,2001
ATCGGATT,0.69439924,0.785356450748361,2,20000,2001
TAGGTTAT,0.6935595,0.6555889992990558,2,20000,2001
CAACATAT,0.6934147,0.8186719168762628,2,20000,2001
TGAAGTAT,0.692365,0.7539582732033151,2,20000,2001
TAGATATT,0.6918694,0.8711293448233208,2,20000,2001
AGTGTTAT,0.6918659,0.7117573083742217,2,20000,2001
TATATTAT,0.69161505,0.8761699583556674,2,20000,2001
ACTTATCT,0.69146246,0.7923865088854988,2,20000,2001
CCGAATAT,0.6913696,0.6212221168515235,2,20000,2001
GAAGGTAT,0.6902022,0.8240114624994846,2,20000,2001
AATTTTAT,0.68946123,0.46220055250896797,2,20000,2001
ATTATAGT,0.689146,0.6945120191316538,2,20000,2001
AATTTGAT,0.68836313,0.6905331299220715,2,20000,2001
GCGAATAT,0.68833005,0.6606089968251351,2,20000,2001
GGTATAAT,0.6872139,0.9022595142868923,2,20000,2001
TTAGACAT,0.68638456,0.48573372366305195,2,20000,2001
TTGTACAT,0.68631876,0.5080093184348328,2,20000,2001
ATGATCAT,0.68626434,0.8832721725147404,2,20000,2001
CATTGGAT,0.6862165,0.6576918319383168,2,20000,2001
ATTGAGAT,0.68616325,0.7775017523605328,2,20000,2001
ATCTTTAT,0.6860492,0.7962210860512101,2,20000,2001
GCTAATAT,0.68570966,0.6019667669978971,2,20000,2001
TCCCGTAT,0.68492955,0.8408031996041726,2,20000,2001
CGGTATCT,0.6847681,0.8737888096317982,2,20000,2001
TGATAAAT,0.6842972,0.6780398301241084,2,20000,2001
ACATTGAT,0.68341994,0.7064383787572671,2,20000,2001
ATGGGGAT,0.68215144,0.7171071620005772,2,20000,2001
AGAAGTAT,0.6818582,0.8584711169752196,2,20000,2001
AGGTCTAT,0.68131286,0.630757019750134,2,20000,2001
CTTTTGAT,0.6804388,0.7582360945037727,2,20000,2001
AGGTAGAT,0.6796186,0.7058920545911846,2,20000,2001
CGTTGTAT,0.6794947,0.6638354018059622,2,20000,2001
ATTTTATT,0.6793279,0.5594771780810621,2,20000,2001
ACAATTAT,0.6785294,0.715035253370717,2,20000,2001
CTTATATT,0.67730945,0.7946130375623633,2,20000,2001
TAAAGGAT,0.6772902,0.816723704284006,2,20000,2001
TATCATGT,0.67727166,0.9466663917865831,2,20000,2001
CGCGGTAT,0.67718214,0.7075722591019667,2,20000,2001
TTGATAAT,0.6767796,0.8164247721931308,2,20000,2001
AAATGGAT,0.67653304,0.7153032614521915,2,20000,2001
ACGATTAT,0.6762936,0.6704428318146209,2,20000,2001
AGGCGTAT,0.67628586,0.7855110707953656,2,20000,2001
TAAAAGAT,0.6762175,0.8032408361852141,2,20000,2001
TCTACGAT,0.6761178,0.7074897950768977,2,20000,2001
CTGTTTAT,0.67580825,0.6706592998804272,2,20000,2001
TACCGTAT,0.6744395,0.9431719787242815,2,20000,2001
TATTATGT,0.67354256,0.7520100606110584,2,20000,2001
GTGATATT,0.6734702,0.9453057353729436,2,20000,2001
TTCTGGAT,0.6729099,0.746237578856224,2,20000,2001
AACGATCT,0.67277616,0.7661217169010021,2,20000,2001
AACCGTAT,0.67265224,0.8254545829381932,2,20000,2001
TTTGTAAT,0.6726183,0.4156289943512143,2,20000,2001
GAGAATAT,0.6725088,0.756545581989857,2,20000,2001
ATTACGAT,0.6725036,0.6908114460066795,2,20000,2001
GTTTATCT,0.672392,0.7289716736073888,2,20000,2001
ACATCTAT,0.67198056,0.6042757596998309,2,20000,2001
GCCTGTAT,0.67067736,0.6206345606729065,2,20000,2001
CTATTTAT,0.6706546,0.7464231229126294,2,20000,2001
CATATAAT,0.6702775,0.7818104976703913,2,20000,2001
TAATCCAT,0.67018914,0.6465798045602607,2,20000,2001
TCATCATT,0.66990787,0.6054199480476642,2,20000,2001
TGATATTT,0.66988426,0.8833752525460767,2,20000,2001
ACAGATCT,0.6693881,0.6465591885539933,2,20000,2001
CAATGGAT,0.66904175,0.7562878819115161,2,20000,2001
GTAAGTAT,0.6684454,0.7399600049478415,2,20000,2001
GTTGTTAT,0.6684114,0.6525584463777677,2,20000,2001
CTAATATT,0.66695595,0.652857378468643,2,20000,2001
TACTAGAT,0.666938,0.7512163443697687,2,20000,2001
TTGGGGAT,0.6665205,0.6975734960623429,2,20000,2001
CGGAATAT,0.666491,0.6528470704655095,2,20000,2001
TCTGAAAT,0.66536736,0.6359625613326186,2,20000,2001
TTTCTAAT,0.66507536,0.4892075207190863,2,20000,2001
CTACTATT,0.6648719,0.6141920587143859,2,20000,2001
TGATTAAT,0.6647957,0.7390425926689482,2,20000,2001
GTTAGTAT,0.66443473,0.7175194821259226,2,20000,2001
TATATATT,0.66146517,0.8876633818496681,2,20000,2001
ATCAAGAT,0.6607474,0.7470106790912464,2,20000,2001
CCAAGTAT,0.660578,0.6325196882859853,2,20000,2001
GTGGTATT,0.6605293,0.773337319094545,2,20000,2001
ATGCTATT,0.66036254,0.6680513750876181,2,20000,2001
CGTATAAT,0.66019946,0.8261452191481466,2,20000,2001
CCTCGGAT,0.65987235,0.7286521255102462,2,20000,2001
CTAGAGAT,0.65956783,0.7073557910361605,2,20000,2001
TTTGCTAT,0.6594633,0.6611243969818167,2,20000,2001
ATCGGTGT,0.6580354,0.7477425473137345,2,20000,2001
GTTTGGAT,0.6577962,0.7220240794953202,2,20000,2001
TGTTACAT,0.6574093,0.49156805343668825,2,20000,2001
GCTTTTAT,0.6573531,0.4075372118913124,2,20000,2001
GGTATCAT,0.65726376,0.989691996866367,2,20000,2001
CATTTGAT,0.6565098,0.7307961901620419,2,20000,2001
CAATATCT,0.65621054,0.8408959716323754,2,20000,2001
GCATCTAT,0.6559574,0.4838885911021317,2,20000,2001
CAATCGAT,0.6557811,0.6897806456933163,2,20000,2001
ACAGTGAT,0.65504134,0.7389188966313445,2,20000,2001
GGCGGTAT,0.65479314,0.7761514039500269,2,20000,2001
TATTAAAT,0.6547606,0.7399187729353071,2,20000,2001
CCTTAGAT,0.654192,0.6928730466334061,2,20000,2001
GCTTAGAT,0.652084,0.622922937368573,2,20000,2001
ACGGGGAT,0.65198207,0.7535356450748362,2,20000,2001
CTATCGAT,0.6514309,0.8683771079866408,2,20000,2001
CTTTTATT,0.65055937,0.5487362388158167,2,20000,2001
GTATAGAT,0.65037715,0.8864470374798995,2,20000,2001
TCTCATCT,0.6503275,0.6138415866078424,2,20000,2001
GGTTATCT,0.6482691,0.7323320826289531,2,20000,2001
ACCCGTAT,0.64795125,0.8022203438749845,2,20000,2001
ACTTCTAT,0.64771724,0.5888240630025152,2,20000,2001
GGATATCT,0.64761126,0.9474394920216056,2,20000,2001
TAACCTAT,0.64717865,0.7646167484434916,2,20000,2001
TAGTACAT,0.64700896,0.475652496598359,2,20000,2001
TAACATCT,0.6467332,0.45373768193625535,2,20000,2001
TCGCGGAT,0.64669573,0.6821114913618933,2,20000,2001
TTAATAAT,0.646655,0.6242732857790789,2,20000,2001
TTCATTAT,0.64655703,0.6312724199068157,2,20000,2001
TGGATATT,0.6464215,0.8425967921494248,2,20000,2001
ATACGGAT,0.6463043,0.8414319877953242,2,20000,2001
CTCTTTAT,0.64601964,0.4527996536510947,2,20000,2001
ATGGAGAT,0.6458242,0.7853049107326928,2,20000,2001
AAGATTAT,0.64574313,0.8047664206489918,2,20000,2001
CCACGGAT,0.6452926,0.7193646146868429,2,20000,2001
TCATGTGT,0.6452745,0.5160186368696656,2,20000,2001
ACTATATT,0.6449131,0.6876571970477879,2,20000,2001
TTACTTAT,0.6444486,0.629159279264421,2,20000,2001
TAAACGAT,0.6443714,0.743062713891065,2,20000,2001
GATTTTAT,0.644188,0.6496825135034842,2,20000,2001
CGGCATAT,0.64400595,0.6747515771244794,2,20000,2001
TTGTCGAT,0.64394826,0.6956458994763535,2,20000,2001
CTATGATT,0.6438143,0.5500144312043871,2,20000,2001
CTTCTTAT,0.6437691,0.6369108976209129,2,20000,2001
ATAGTAAT,0.6435801,0.6575681359007134,2,20000,2001
ATGTACAT,0.64353627,0.47032325897827076,2,20000,2001
ATTTACAT,0.6434425,0.4873005401393642,2,20000,2001
ATGGTAAT,0.64340466,0.6389828062507732,2,20000,2001
AACGGATT,0.6425492,0.7311260462623181,2,20000,2001
CCTTTGAT,0.6424806,0.7264255968333815,2,20000,2001
CTTTAGAT,0.6416418,0.5696821011833588,2,20000,2001
TTCTACAT,0.6411567,0.605512720075867,2,20000,2001
TTTAACAT,0.641063,0.5286768647177669,2,20000,2001
TCGATATT,0.64097685,0.7505257081598152,2,20000,2001
AGGATTAT,0.64081883,0.8275471075743207,2,20000,2001
TGACCGAT,0.6406638,0.6374159897744609,2,20000,2001
ACCATATT,0.6402114,0.7134168968787367,2,20000,2001
TGTAGGAT,0.6395579,0.6930792066960789,2,20000,2001
TCTCCTAT,0.6395333,0.7119634684368944,2,20000,2001
TGTTAAAT,0.6392781,0.5217395786088319,2,20000,2001
GATTTGAT,0.63913304,0.7517420525295839,2,20000,2001
TATGTATT,0.63902277,0.7380221003587185,2,20000,2001
ATCGTTTT,0.6388268,0.709221539603348,2,20000,2001
AATGAGAT,0.63856447,0.7829959180307592,2,20000,2001
CAAAGTAT,0.63834363,0.8295159361728446,2,20000,2001
GTTGTGAT,0.6383053,0.7786665567146334,2,20000,2001
AATTATGT,0.6382915,0.4413886941821631,2,20000,2001
ATGGTGAT,0.63827485,0.728992289613656,2,20000,2001
TCATTATT,0.63816667,0.6924813425143281,2,20000,2001
GTGTTATT,0.637627,0.707902115202243,2,20000,2001
ATCCTTAT,0.6370063,0.7851399826825547,2,20000,2001
CTTAGGAT,0.6366819,0.5935863604502536,2,20000,2001
AAAATGAT,0.6365092,0.7890982558858698,2,20000,2001
AGATCTAT,0.6363393,0.8018183317527728,2,20000,2001
CAATTATT,0.63626504,0.5096276749268132,2,20000,2001
TTTCCTAT,0.63622355,0.6504659217416402,2,20000,2001
TATGTGAT,0.6360208,0.8582752649156805,2,20000,2001
TTATCGGT,0.63587147,0.6756689894033727,2,20000,2001
ATATAAAT,0.63575995,0.822372490001237,2,20000,2001
AACCGGAT,0.63572365,0.7398878489259061,2,20000,2001
TAGGGTCT,0.6351944,0.5593328660371912,2,20000,2001
ATAGTGTT,0.6350501,0.655640539314724,2,20000,2001
GAGATATT,0.63446045,0.8315156887807694,2,20000,2001
CTAGTGAT,0.6344069,0.7651630726095741,2,20000,2001
GTACGTAT,0.6343325,0.8306704325238115,2,20000,2001
GCTATTAT,0.6336795,0.7097163237537624,2,20000,2001
TCCGGGAT,0.6330615,0.6858017564837341,2,20000,2001
AAGAGATT,0.6325803,0.5794025481383747,2,20000,2001
TAGATCAT,0.6320942,0.9150826701851317,2,20000,2001
TGAATGAT,0.6318255,0.7051086463530285,2,20000,2001
AGTGTGAT,0.6317718,0.7487321156145632,2,20000,2001
GTCAGTAT,0.6313116,0.6715457881499196,2,20000,2001
GTATCTAT,0.6312527,0.9460891436110996,2,20000,2001
CCGCGTAT,0.6308226,0.602028615016699,2,20000,2001
ACTAAGAT,0.6306999,0.6938110749185668,2,20000,2001
CTAGGATT,0.6306632,0.5576732775326764,2,20000,2001
GCAGTTAT,0.6305223,0.4349358842205088,2,20000,2001
TCTTGCAT,0.6304446,0.5043190533129922,2,20000,2001
ATATATTT,0.6298857,0.8083226817300952,2,20000,2001
TCTGACAT,0.6298214,0.5664350801962643,2,20000,2001
CATCTAAT,0.6291639,0.6822351873994971,2,20000,2001
TATCATTT,0.6291254,0.9565414587886034,2,20000,2001
CAGCGTAT,0.6290354,0.6955943594606853,2,20000,2001
ATCTGGTT,0.62805206,0.776738960128644,2,20000,2001
TCAGAAAT,0.62799746,0.47822949738176723,2,20000,2001
CCACGTAT,0.6277812,0.6957283635014225,2,20000,2001
AGTGTAAT,0.6277116,0.6751948212592256,2,20000,2001
GAGATAAT,0.6274933,0.857842328784068,2,20000,2001
TGGGACAT,0.6271294,0.39055993073021894,2,20000,2001
TCAGGCAT,0.6265855,0.5140807322805426,2,20000,2001
ATGTGGAT,0.6265525,0.7097678637694307,2,20000,2001
AGAGTGAT,0.6261718,0.7710180183894776,2,20000,2001
TGTGTAAT,0.62612844,0.666422710592504,2,20000,2001
AATGGATT,0.6258653,0.6563517915309446,2,20000,2001
CATATATT,0.6255804,0.8517709149383581,2,20000,2001
CATCATGT,0.6255503,0.5621675668989403,2,20000,2001
GTGTCTAT,0.62537134,0.7564218859522532,2,20000,2001
AGATACAT,0.6251841,0.8786438791077392,2,20000,2001
ACGATGAT,0.6251622,0.7648229085061642,2,20000,2001
AGGATCAT,0.6251477,0.9030532305281821,2,20000,2001
TTTCATCT,0.6250738,0.5286356327052323,2,20000,2001
TATCGATT,0.624048,0.9179173710468809,2,20000,2001
GACTATCT,0.6237401,0.7113140642394755,2,20000,2001
TCGATCAT,0.6236661,0.7217457634107121,2,20000,2001
ACAAGGAT,0.6235194,0.6950892673071373,2,20000,2001
CAATTGAT,0.6235181,0.6366016575269039,2,20000,2001
GGATTTAT,0.62341434,0.6720096482909331,2,20000,2001
CTGAGATT,0.62295353,0.5307900053601616,2,20000,2001
ATCACTAT,0.6228799,0.8463901373026017,2,20000,2001
AGATGGAT,0.6225945,0.7188389065270275,2,20000,2001
TTAACGAT,0.6225444,0.7355687956129138,2,20000,2001
CTACGGAT,0.6223272,0.6944295551065847,2,20000,2001
CATGTATT,0.62227327,0.6773801179235559,2,20000,2001
TATAGAAT,0.62227005,0.7250030924009401,2,20000,2001
GTGATTAT,0.62203944,0.6557436193460603,2,20000,2001
ACTGTCAT,0.62172383,0.5077619263596256,2,20000,2001
TACGTATT,0.6211973,0.7422689976497753,2,20000,2001
AAATTGAT,0.6210112,0.542324660866697,2,20000,2001
TAATAGTT,0.6209647,0.5674761885127614,2,20000,2001
ATTTTAAT,0.6209262,0.6157485671875644,2,20000,2001
TGCTAGAT,0.6206772,0.6690615593947141,2,20000,2001
CTGGCTAT,0.6204874,0.6220467571022141,2,20000,2001
GACCGTAT,0.62047124,0.6696594235764647,2,20000,2001
TTTTTAAT,0.6198589,0.7067270028450089,2,20000,2001
AATAGATT,0.6198099,0.6090174411413022,2,20000,2001
TACATATT,0.61935264,0.6889972374551602,2,20000,2001
GTTGTATT,0.61906236,0.6249226899764977,2,20000,2001
TGTGACAT,0.6188301,0.4766008328866532,2,20000,2001
ACGTACAT,0.61882377,0.289149795901538,2,20000,2001
AGATAAAT,0.6187172,0.7406300251515276,2,20000,2001
TTTGAAAT,0.6186851,0.6447037479899393,2,20000,2001
TGGTCGAT,0.618615,0.4605512720075867,2,20000,2001
CGGTTATT,0.618603,0.38984867851399824,2,20000,2001
TGGATAAT,0.61859965,0.7148806333237125,2,20000,2001
CGTTTTAT,0.6185803,0.534882282604214,2,20000,2001
CTTTCTAT,0.61794585,0.7146332412485054,2,20000,2001
CAAAGGAT,0.6176842,0.7837793262689151,2,20000,2001
ATCGGAAT,0.61757606,0.6412814909495733,2,20000,2001
ATATAATT,0.6174803,0.8372572465262029,2,20000,2001
TATTCAAT,0.61727965,0.8056116769059497,2,20000,2001
CTATTAAT,0.616657,0.7637405681771328,2,20000,2001
AGGATAAT,0.61634713,0.8173112604626231,2,20000,2001
TTGCATCT,0.61606544,0.299117634931761,2,20000,2001
ACATATTT,0.615989,0.6358285572918814,2,20000,2001
CTGTGATT,0.6149553,0.5416031006473426,2,20000,2001
GGCCATAT,0.6149228,0.6379004659217417,2,20000,2001
AGCATATT,0.6146405,0.7121387044901663,2,20000,2001
GTGGGATT,0.61461323,0.6185214200305117,2,20000,2001
ATTCTCAT,0.6145873,0.5679400486537748,2,20000,2001
GCCAATAT,0.6145225,0.59037026347256,2,20000,2001
ATAACTAT,0.6144846,0.7343936832556798,2,20000,2001
TAACTTAT,0.6142016,0.6073166206242526,2,20000,2001
AGGGGGAT,0.61378914,0.8895394384199893,2,20000,2001
TCGCTTAT,0.61368436,0.674091864923927,2,20000,2001
TCAATCAT,0.61357534,0.7347029233496887,2,20000,2001
GCCCATAT,0.6135176,0.7865831031212633,2,20000,2001
TCTCTAAT,0.6133171,0.6011524347503402,2,20000,2001
AGTTACAT,0.6131282,0.28098585741970067,2,20000,2001
ACCGTTAT,0.6131112,0.45941739166288703,2,20000,2001
ATCATCAT,0.6130691,0.7940770213994146,2,20000,2001
TATGGATT,0.61305785,0.6072444646023172,2,20000,2001
TATAGATT,0.6129022,0.7940873294025481,2,20000,2001
AATCTAAT,0.6128208,0.38397311672782747,2,20000,2001
TAAATATT,0.6125447,0.6955943594606853,2,20000,2001
GGTATGAT,0.61247873,0.8750566940172351,2,20000,2001
CCGATATT,0.6120438,0.8192903970642808,2,20000,2001
TTCTTGAT,0.61202997,0.6846988001484352,2,20000,2001
GTAATATT,0.6118197,0.6796891106254896,2,20000,2001
AATGTCAT,0.6112919,0.38299385643013234,2,20000,2001
AATCGTGT,0.61102617,0.4985878035706923,2,20000,2001
GAGGTATT,0.6109867,0.8486269739826,2,20000,2001
TACGGGAT,0.61047554,0.8154661279017029,2,20000,2001
TGTCCTAT,0.6100754,0.6043788397311672,2,20000,2001
ATTGACAT,0.6098261,0.49220714963097345,2,20000,2001
GGCAATAT,0.609467,0.7268069929493258,2,20000,2001
TACTCGAT,0.60938054,0.7456294066713397,2,20000,2001
AATCGATT,0.60915726,0.4666948418752319,2,20000,2001
ATATCAAT,0.60914725,0.9782604213911682,2,20000,2001
CTGGGGAT,0.6087777,0.7478559353482044,2,20000,2001
CCTTCTAT,0.6085222,0.5684348328041892,2,20000,2001
ATCACGAT,0.6082915,0.7338988991052653,2,20000,2001
TAAGGTCT,0.60825676,0.6115325939059085,2,20000,2001
GTATCGAT,0.6082454,0.9539541500020616,2,20000,2001
TTGGTCAT,0.60791016,0.5437162412897374,2,20000,2001
TTGCTTAT,0.6078154,0.633004164433266,2,20000,2001
TCTGATTT,0.6074506,0.5470663423081681,2,20000,2001
AACTAGAT,0.60741055,0.730651878118171,2,20000,2001
TAGTTATT,0.6072509,0.4978147033356698,2,20000,2001
CAGTTTAT,0.607218,0.7188182905207603,2,20000,2001
TAATGAGT,0.6071275,0.5178225374180514,2,20000,2001
AGCTTATT,0.6069053,0.6750608172184884,2,20000,2001
TCCAGGAT,0.60688335,0.7010679091246445,2,20000,2001
CAATGATT,0.6067167,0.5899682513503484,2,20000,2001
TATGCGAT,0.6064471,0.7908403084154537,2,20000,2001
TTAGGTCT,0.60631955,0.30735372943553374,2,20000,2001
AATTAAAT,0.6054459,0.6810188430297283,2,20000,2001
TGATCGGT,0.60542953,0.8401125633942192,2,20000,2001
ATCCTGAT,0.6049042,0.8729435533748402,2,20000,2001
AATAGAAT,0.60489196,0.6828227435781141,2,20000,2001
TTCCATCT,0.6045597,0.5639508514410588,2,20000,2001
GAGATCAT,0.60431695,0.8888075701975013,2,20000,2001
TAGCGGAT,0.60425246,0.7289201335917206,2,20000,2001
AGATATTT,0.60413647,0.8200738053024368,2,20000,2001
TTTTATGT,0.60376865,0.5966684533872099,2,20000,2001
TTGGAAAT,0.60331225,0.41000082464025067,2,20000,2001
TAAGATTT,0.60329324,0.49267100977198697,2,20000,2001
CTTCTGAT,0.6030891,0.5813507607306313,2,20000,2001
CTATCAAT,0.60302234,0.8425143281243557,2,20000,2001
TGTTCAAT,0.60298127,0.5429843730672494,2,20000,2001
TATCTTGT,0.60286653,0.7640085762586072,2,20000,2001
GATCATCT,0.6027056,0.9131756896054096,2,20000,2001
CTGATAGT,0.60266167,0.8445346967385479,2,20000,2001
TTGAGATT,0.60264874,0.6425184513256093,2,20000,2001
TTGACTAT,0.60235846,0.6658763864264214,2,20000,2001
TGGGATTT,0.6021138,0.5334700861749062,2,20000,2001
ACGATAGT,0.60197055,0.8398548633158784,2,20000,2001
TAGCTTAT,0.60178643,0.650754545829382,2,20000,2001
AGAGACAT,0.60126823,0.5363460190491898,2,20000,2001
AGAGCTAT,0.601103,0.5270275842163855,2,20000,2001
CTCGGATT,0.600777,0.6779779821053066,2,20000,2001
ACTGCTAT,0.6006761,0.7606172432276419,2,20000,2001
ATAGGTCT,0.6006514,0.6461159444192471,2,20000,2001
ACAAAGAT,0.60056275,0.6754834453469674,2,20000,2001
CATAGTGT,0.6005148,0.6601657526903888,2,20000,2001
ATGTTAAT,0.60039735,0.5586628458335051,2,20000,2001
CGATCATT,0.6003517,0.7711314064239475,2,20000,2001
CTTACGAT,0.60034895,0.6016162948913537,2,20000,2001
TCTTTAAT,0.6002425,0.7079948872304458,2,20000,2001
ATCGAAAT,0.59971935,0.5141425802993445,2,20000,2001
CGAGTTAT,0.599367,0.5535088442666886,2,20000,2001
AAATATGT,0.5993525,0.6358285572918814,2,20000,2001
GTGTTGAT,0.5993473,0.8137240753721189,2,20000,2001
TCAGGATT,0.59926933,0.6312621119036821,2,20000,2001
CAGAGATT,0.59919447,0.5031645569620253,2,20000,2001
ATTCCGAT,0.5987507,0.6412814909495733,2,20000,2001
ATGGTGTT,0.59874547,0.6034717354554076,2,20000,2001
CTACGATT,0.59870183,0.5133179400486537,2,20000,2001
GAATGGAT,0.5979214,0.8022409598812519,2,20000,2001
AACCGATT,0.597787,0.49576341071207686,2,20000,2001
ATACCGAT,0.59746206,0.8075805055044737,2,20000,2001
TCTCTATT,0.5974209,0.630561167690595,2,20000,2001
CCGATAAT,0.5973801,0.6762050055663217,2,20000,2001
TGAGTAAT,0.5973365,0.6132540304292252,2,20000,2001
TTTAATCT,0.59721315,0.6727209005071537,2,20000,2001
TTATGGGT,0.5970913,0.5870098544509958,2,20000,2001
CTGGAGAT,0.5969858,0.7684616336123367,2,20000,2001
ATCCAGAT,0.5968638,0.7670700531892963,2,20000,2001
ACTATCGT,0.5967853,0.8398548633158784,2,20000,2001
ATAGTAGT,0.5961252,0.7235393559559642,2,20000,2001
CCATAAAT,0.596119,0.5969983094874861,2,20000,2001
ATAAATCT,0.59598106,0.6414051869871769,2,20000,2001
TACTACAT,0.5957736,0.458015503236713,2,20000,2001
TCGGGCAT,0.5957653,0.47236424359873,2,20000,2001
CTAAGGAT,0.59553635,0.7155918855399332,2,20000,2001
CATTGTGT,0.59529537,0.6014822908506164,2,20000,2001
AGATCAAT,0.59527713,0.9097843565744445,2,20000,2001
GGATCTAT,0.5951883,0.8351028738712737,2,20000,2001
AGATATGT,0.59517694,0.8228157341359832,2,20000,2001
AAATCAAT,0.5951368,0.5791654640663011,2,20000,2001
AATCATTT,0.59471375,0.3356388900342226,2,20000,2001
AATTGTCT,0.59462273,0.4731579598400198,2,20000,2001
TAGGTAAT,0.5945836,0.6312105718880138,2,20000,2001
AATATTGT,0.59454674,0.6453119201748237,2,20000,2001
ACCATGAT,0.594239,0.7278893332783574,2,20000,2001
CATTTATT,0.5940821,0.5290067208180431,2,20000,2001
GGTGGGAT,0.5937435,0.7433925699913412,2,20000,2001
GATTATTT,0.59369725,0.6572898198161052,2,20000,2001
TAAAATCT,0.5935791,0.539654888055086,2,20000,2001
GGGATAAT,0.593386,0.8310518286397559,2,20000,2001
CTAATAGT,0.5930003,0.6119449140312538,2,20000,2001
CTTGCTAT,0.59270704,0.6438378757267142,2,20000,2001
AGAATGAT,0.59266955,0.8008184554488105,2,20000,2001
AGGTCGAT,0.5926363,0.6347977569785181,2,20000,2001
ATTATGTT,0.59248346,0.6314270399538201,2,20000,2001
TGTGCGAT,0.592466,0.7160145136684122,2,20000,2001
GTTCTAAT,0.59244746,0.6864923926936874,2,20000,2001
CGTTAGAT,0.592262,0.5783202078093431,2,20000,2001
TAATTAGT,0.59219927,0.51915226982229,2,20000,2001
GTCGTATT,0.59200186,0.6255514781676493,2,20000,2001
CTAAAGAT,0.59187585,0.5834432853667588,2,20000,2001
AGTTTATT,0.5916297,0.6082958809219478,2,20000,2001
TAATTGGT,0.591554,0.5123696037603596,2,20000,2001
GGTATTAT,0.59144765,0.9329258236094504,2,20000,2001
ACTAACAT,0.59115386,0.4980208633983425,2,20000,2001
CCTAAGAT,0.59114695,0.5857419700655588,2,20000,2001
AAGGATTT,0.590916,0.45313981775450457,2,20000,2001
CGTATATT,0.5906028,0.7611017193749228,2,20000,2001
AATTTATT,0.59013754,0.43577083247433307,2,20000,2001
CAGTGATT,0.58978397,0.5632705232342391,2,20000,2001
GTTCTATT,0.5895501,0.5405207603183112,2,20000,2001
CAACCGAT,0.5894019,0.6944295551065847,2,20000,2001
AATGGTGT,0.5892961,0.8265781552797592,2,20000,2001
GTCATATT,0.58921635,0.7109326681235311,2,20000,2001
TATTTAAT,0.5888962,0.8394528511936669,2,20000,2001
AAGTGATT,0.58887345,0.5388199398012616,2,20000,2001
CTCCTTAT,0.58851,0.6857296004617986,2,20000,2001
TTTATCTT,0.5884958,0.7169731579598401,2,20000,2001
TATCAGGT,0.5884056,0.8918587391250568,2,20000,2001
AGGCTTAT,0.5882538,0.5059167937987054,2,20000,2001
TAGTGTGT,0.58793986,0.379633447408568,2,20000,2001
TAGCTATT,0.5875429,0.695996371582897,2,20000,2001
GCCTTTAT,0.58732885,0.5462829340700119,2,20000,2001
AGCGAGAT,0.5869883,0.6769781058013441,2,20000,2001
AGACAGAT,0.58697116,0.7094792396816889,2,20000,2001
TCGTGCAT,0.58696324,0.569620253164557,2,20000,2001
GGGGTATT,0.5866727,0.8892508143322476,2,20000,2001
AAGGTGAT,0.58656305,0.68669855275636,2,20000,2001
ATGGGTGT,0.58655447,0.643786335711046,2,20000,2001
GCGGCTAT,0.5863127,0.6289840432111492,2,20000,2001
CTCTCTAT,0.586253,0.5815156887807694,2,20000,2001
AGTCAGAT,0.58620787,0.6984187523193007,2,20000,2001
GCGATTAT,0.5859246,0.6135941945326352,2,20000,2001
AAACTGAT,0.5858361,0.7710180183894776,2,20000,2001
TTATCGCT,0.5857183,0.655527151280254,2,20000,2001
CTTATACT,0.5856404,0.8213829217004082,2,20000,2001
ACTCCTAT,0.5853664,0.6765245536634643,2,20000,2001
TACATGAT,0.5852089,0.8712839648703254,2,20000,2001
TGAAGGAT,0.5848547,0.8000144312043872,2,20000,2001
ACCATAGT,0.58481747,0.4397703376901827,2,20000,2001
AGGGGATT,0.58479065,0.6671133468024574,2,20000,2001
ATCGCGAT,0.58449525,0.902692450418505,2,20000,2001
TGACTTAT,0.5841934,0.5168948171360244,2,20000,2001
TAACGTGT,0.58376354,0.38477714097225085,2,20000,2001
TTCACTAT,0.5837019,0.623232177462582,2,20000,2001
GGAGTATT,0.58369553,0.6446831319836721,2,20000,2001
TCAAGAAT,0.58368605,0.6684018471941615,2,20000,2001
GATTAAAT,0.5836802,0.7527316208304128,2,20000,2001
GCTGTGAT,0.583624,0.7820888137549995,2,20000,2001
TCGGGTGT,0.58344156,0.6156351791530945,2,20000,2001
ATGGTTTT,0.5829966,0.5504576753391333,2,20000,2001
AGGATAGT,0.58293355,0.8173524924751576,2,20000,2001
TCAGGTGT,0.5828664,0.7406609491609285,2,20000,2001
ATAGTCAT,0.58279765,0.6888116933987548,2,20000,2001
TAATAGCT,0.58208346,0.6085948130128231,2,20000,2001
ATATGAAT,0.58193415,0.7917164886818125,2,20000,2001
AAGTAAAT,0.58186,0.635055457056859,2,20000,2001
GCTAAGAT,0.58162117,0.580010720323259,2,20000,2001
AGGGATGT,0.58159834,0.5411804725188636,2,20000,2001
ACAATCAT,0.58158785,0.49303178988166413,2,20000,2001
TATTGTTT,0.5813848,0.7030573537294356,2,20000,2001
GTTGCGAT,0.58132535,0.5116068115284707,2,20000,2001
CTGGTGAT,0.58111936,0.726858532964994,2,20000,2001
CTATGAAT,0.5806518,0.5772790994928463,2,20000,2001
GTAGACAT,0.5806361,0.5022368366799984,2,20000,2001
CCTACGAT,0.58052623,0.6573825918443079,2,20000,2001
TTTTCCAT,0.5804136,0.5480765266152641,2,20000,2001
TGTTATTT,0.5803425,0.7616892755535397,2,20000,2001
GCAATTAT,0.5803195,0.5190079577784191,2,20000,2001
TAGTTAAT,0.57999873,0.726044200717437,2,20000,2001
GTTAAGAT,0.5798024,0.683131983672123,2,20000,2001
TATTTATT,0.57948804,0.7270646930276666,2,20000,2001
CATCGAGT,0.57940465,0.39310600750422625,2,20000,2001
ACATTAAT,0.57890624,0.516121716901002,2,20000,2001
TCCATAAT,0.57877105,0.6728755205541582,2,20000,2001
TAATCACT,0.57825714,0.6552488351956459,2,20000,2001
AGTAATCT,0.57812303,0.6569496557126954,2,20000,2001
CAGCGGAT,0.5780124,0.7037479899393889,2,20000,2001
GTTATCGT,0.57755136,0.7030779697357028,2,20000,2001
TTGGGTGT,0.57677644,0.720117098915598,2,20000,2001
TCCGCTAT,0.57676536,0.651342102007999,2,20000,2001
ACAACTAT,0.5766104,0.54105677648126,2,20000,2001
CCTGTGAT,0.5764984,0.7199109388529255,2,20000,2001
GACATATT,0.5763104,0.6250979260297694,2,20000,2001
ACGTCGAT,0.57628655,0.5095039788892096,2,20000,2001
GAATCGAT,0.5760985,0.7601430750834949,2,20000,2001
ATATTGGT,0.576062,0.795581989856925,2,20000,2001
GCAGCTAT,0.5760191,0.6242732857790789,2,20000,2001
TTACTAAT,0.5760135,0.5131839360079166,2,20000,2001
AGAATAAT,0.57573324,0.6239021976662681,2,20000,2001
GTTCCTAT,0.5756354,0.5467983342266937,2,20000,2001
GAATAAAT,0.57550013,0.5845565497051911,2,20000,2001
AGTGAAAT,0.5749672,0.4725600956582691,2,20000,2001
AGGTGGAT,0.5747656,0.740032160969777,2,20000,2001
TCGTGTGT,0.5747316,0.5402218282274358,2,20000,2001
AGAGTAAT,0.57470524,0.7132313528223313,2,20000,2001
GGTGAGAT,0.574677,0.7361563517915309,2,20000,2001
AAAGGATT,0.5745284,0.650837009854451,2,20000,2001
AGTCTATT,0.574489,0.5132973240423865,2,20000,2001
TAAGGAAT,0.5743316,0.518368861584134,2,20000,2001
TGCTCTAT,0.57414454,0.511627427534738,2,20000,2001
ATGGCGAT,0.5738418,0.5159361728445965,2,20000,2001
TTATGAGT,0.5736177,0.6446315919680039,2,20000,2001
TGATAGTT,0.5734866,0.8894466663917866,2,20000,2001
CGGTAGAT,0.5733983,0.7209417391662888,2,20000,2001
ATGGGAGT,0.5731609,0.5536737723168268,2,20000,2001
AACATTTT,0.57307565,0.4646126252422381,2,20000,2001
ACTATACT,0.57286245,0.7917164886818125,2,20000,2001
CGACTATT,0.5727811,0.5428091370139777,2,20000,2001
TTTGGTCT,0.57255876,0.3552756360037933,2,20000,2001
AGGGTCAT,0.57254004,0.5027006968210118,2,20000,2001
AAGGTCAT,0.572358,0.48533171154084026,2,20000,2001
TGGGAAAT,0.57216275,0.3831897084896714,2,20000,2001
TTTTGAAT,0.5720472,0.6222632251680205,2,20000,2001
TTGCAGAT,0.572016,0.6068836844926401,2,20000,2001
ACCTCTAT,0.57198423,0.5734651383334021,2,20000,2001
TGATCACT,0.5718303,0.8649239269368738,2,20000,2001
AGAGATTT,0.57174736,0.4475734960623428,2,20000,2001
ACACCGAT,0.5715208,0.7477425473137345,2,20000,2001
CCATCGGT,0.5713733,0.4671793180225127,2,20000,2001
GATGTCAT,0.57106775,0.39745598482661937,2,20000,2001
ACATGTGT,0.57096666,0.4714055993073022,2,20000,2001
TAAGGTGT,0.57095844,0.7846142745227395,2,20000,2001
CGTAGGAT,0.5707789,0.613625118542036,2,20000,2001
TTCTAAAT,0.5706865,0.44413062301570944,2,20000,2001
AGACTGAT,0.57062185,0.7818517296829258,2,20000,2001
AGACTTAT,0.5704492,0.6254690141425803,2,20000,2001
CGGATAAT,0.5703882,0.8650166989650765,2,20000,2001
GCCTGGAT,0.57003766,0.42573083742217455,2,20000,2001
TAGACTAT,0.5699852,0.7141281490949574,2,20000,2001
TCACCAAT,0.56959367,0.5271718962602565,2,20000,2001
TGGCTATT,0.56924397,0.5646002556384778,2,20000,2001
CTCATGAT,0.5691094,0.7369088360202862,2,20000,2001
CCTACTAT,0.56910527,0.6410444068774998,2,20000,2001
CATTACAT,0.56907743,0.5498701191605163,2,20000,2001
TGGAAGAT,0.56810576,0.7191172226116357,2,20000,2001
AAACATCT,0.5680996,0.3895394384199893,2,20000,2001
AGGTGTCT,0.56809205,0.7230548798086835,2,20000,2001
GGGATCAT,0.56809133,0.9514183812311879,2,20000,2001
GACTTTAT,0.56801844,0.5977714097225086,2,20000,2001
GTGTACAT,0.5679691,0.616830907516596,2,20000,2001
ATATTTTT,0.5677784,0.8251144188347833,2,20000,2001
GAGCATCT,0.56776804,0.40128025398919726,2,20000,2001
TAATAATT,0.56776553,0.4825176266853585,2,20000,2001
TCACTCAT,0.5677644,0.7544221333443285,2,20000,2001
GCACTTAT,0.5676266,0.4242980249865996,2,20000,2001
TACCCTAT,0.5675802,0.8338659134952378,2,20000,2001
CAGATTAT,0.5675761,0.774574279470581,2,20000,2001
ACATTCAT,0.5675573,0.5705376654434503,2,20000,2001
CATGTGAT,0.56748325,0.8177441965942357,2,20000,2001
AGGGTAAT,0.56727105,0.7077165711458376,2,20000,2001
ATCCTTTT,0.56706387,0.7787593287428359,2,20000,2001
TTTTCAAT,0.56690496,0.5464478621201502,2,20000,2001
TATCAGTT,0.56676745,0.9296169546035542,2,20000,2001
GGATTGAT,0.56666714,0.7894796520018141,2,20000,2001
TCTGGAAT,0.5665251,0.5956582690801139,2,20000,2001
CGAGTGAT,0.56638336,0.7747185915144519,2,20000,2001
AACATTAT,0.56622636,0.6310044118253412,2,20000,2001
CACGGATT,0.56618696,0.6082752649156805,2,20000,2001
CCGCTTAT,0.56613106,0.5325423658928793,2,20000,2001
ACGAGATT,0.56584805,0.4814765183688616,2,20000,2001
CGCAGTAT,0.56547266,0.5665278522244671,2,20000,2001
AATCAAAT,0.5654234,0.5436131612584011,2,20000,2001
ATCAACAT,0.5652351,0.8193110130705479,2,20000,2001
CTATATGT,0.56515825,0.7214777553292376,2,20000,2001
AGATTGTT,0.5650529,0.5830000412320125,2,20000,2001
AGAGGATT,0.56502587,0.5925967921494248,2,20000,2001
GTTATCTT,0.56469923,0.7405578691295922,2,20000,2001
CCAGGATT,0.5646686,0.5319754257205294,2,20000,2001
AGCTAGAT,0.5646666,0.6887086133674185,2,20000,2001
TTTGGAAT,0.5646507,0.5512410835772894,2,20000,2001
AAAGATGT,0.56460744,0.3726755452933658,2,20000,2001
GGATACAT,0.5642596,0.8799529955057107,2,20000,2001
AATGATTT,0.5641528,0.3911887189213706,2,20000,2001
CTTTGATT,0.56408745,0.5406135323465139,2,20000,2001
ACCTGATT,0.5637278,0.6245412938605533,2,20000,2001
ACATGTCT,0.5635397,0.537912835525502,2,20000,2001
TCACTATT,0.5635148,0.5703727373933122,2,20000,2001
TTTCGATT,0.5633122,0.3800663835401806,2,20000,2001
TGATAGCT,0.5631019,0.9469653238774585,2,20000,2001
AATACAAT,0.5628925,0.632890776398796,2,20000,2001
TTGACGAT,0.5627103,0.6263864264214736,2,20000,2001
ACATCGGT,0.5626051,0.5397785840926895,2,20000,2001
TGATCCTT,0.5621551,0.918979095369645,2,20000,2001
AATTGAAT,0.56202835,0.3656145631468272,2,20000,2001
CATATTGT,0.56199116,0.7006246649898982,2,20000,2001
GGCCGTAT,0.5619679,0.7046035541994805,2,20000,2001
GTATCATT,0.5618163,0.9794149177421351,2,20000,2001
AGTATCGT,0.5613367,0.933358759741063,2,20000,2001
ATTTGAAT,0.5606149,0.6041520636622273,2,20000,2001
TTCCCGAT,0.5605268,0.6634952377025523,2,20000,2001
GTAGTAAT,0.56040627,0.4367191687626273,2,20000,2001
ATATGGTT,0.56025153,0.7774399043417309,2,20000,2001
CAAAAGAT,0.56021297,0.7169113099410381,2,20000,2001
GTCTCGAT,0.56020594,0.6138622026141096,2,20000,2001
GTACTATT,0.56014025,0.5272337442790583,2,20000,2001
TCATCCGT,0.55997014,0.6243042097884798,2,20000,2001
CCCGTTAT,0.55988514,0.40702181173463076,2,20000,2001
TGGCTGAT,0.5597103,0.6838329278852101,2,20000,2001
ACATGAAT,0.5595422,0.6677112109842082,2,20000,2001
GATCGAAT,0.5595365,0.7222508555642602,2,20000,2001
AATTGATT,0.5594322,0.4392240135241001,2,20000,2001
ATCAGAGT,0.5593826,0.695460355419948,2,20000,2001
CATCTGTT,0.55902314,0.2907166123778502,2,20000,2001
GCAATCAT,0.5587283,0.47648744485218325,2,20000,2001
CTTAAGAT,0.5587118,0.7146332412485054,2,20000,2001
TGATAATT,0.55820554,0.758988578732528,2,20000,2001
ATATGCAT,0.55798155,0.7301777099740239,2,20000,2001
TGTACAAT,0.5577492,0.3445965447573496,2,20000,2001
AAGGACAT,0.5575908,0.42712241784521504,2,20000,2001
GACTCTAT,0.55751866,0.5523543479157217,2,20000,2001
TCGCCGAT,0.5573816,0.7375479322145714,2,20000,2001
CATCGTCT,0.5570596,0.5262338679750959,2,20000,2001
TCTTGGGT,0.55704135,0.43847152929534494,2,20000,2001
GGTCTAAT,0.5570147,0.5573949614480683,2,20000,2001
AGAAAGAT,0.5567681,0.7053663464313693,2,20000,2001
AAACTTAT,0.5566961,0.4809920422215808,2,20000,2001
CTCATAGT,0.5564603,0.6625262854079907,2,20000,2001
ATGATCTT,0.55645245,0.8583268049313487,2,20000,2001
CCAATAAT,0.55643624,0.44774873211561456,2,20000,2001
TCACGAAT,0.5564172,0.5783202078093431,2,20000,2001
ATGAACAT,0.5562068,0.4714468313198367,2,20000,2001
CCTGCGAT,0.5561931,0.5722900259761678,2,20000,2001
GCAATAAT,0.5561293,0.476971920999464,2,20000,2001
TTAAAAAT,0.55600256,0.5240898033233002,2,20000,2001
CAACTATT,0.5555598,0.4788582855729188,2,20000,2001
TATGTTGT,0.5555223,0.6899455737434544,2,20000,2001
TAACAAAT,0.5555034,0.5282542365892879,2,20000,2001
GTCATCAT,0.55546415,0.6165938234445223,2,20000,2001
ACTTATGT,0.5554303,0.39646641652579057,2,20000,2001
CATCTGGT,0.5552873,0.5077103863439575,2,20000,2001
ACGAATCT,0.5551014,0.43668824475322643,2,20000,2001
AGAAGGAT,0.5549726,0.7445986063579764,2,20000,2001
GGAGAGAT,0.55466837,0.8052715128025398,2,20000,2001
CGATGATT,0.554595,0.42275182451655463,2,20000,2001
TCAGCATT,0.5543285,0.48675421597328167,2,20000,2001
CTATTAGT,0.55412656,0.5133694800643219,2,20000,2001
AATCGGTT,0.55377656,0.49576341071207686,2,20000,2001
ACTACCAT,0.5537542,0.4731579598400198,2,20000,2001
TCTAATGT,0.55373025,0.5697645652084279,2,20000,2001
ATCAATGT,0.55367494,0.7064383787572671,2,20000,2001
TAGGTAGT,0.55323184,0.6029151032861914,2,20000,2001
TTATTTTT,0.55302465,0.6657114583762834,2,20000,2001
ATATCCAT,0.5528893,0.8911990269245043,2,20000,2001
TAAACAAT,0.552838,0.6799261946975632,2,20000,2001
ATAGAATT,0.5527678,0.5533954562322188,2,20000,2001
ACTTTCAT,0.5527642,0.45610852265699087,2,20000,2001
CTCGTAAT,0.5524981,0.5630849791778336,2,20000,2001
CCATGTGT,0.5521702,0.4228858285572919,2,20000,2001
ACCCTTAT,0.5519224,0.6345915969158454,2,20000,2001
TGCGCTAT,0.5518634,0.588999299055787,2,20000,2001
GAATTATT,0.551519,0.4253906733187647,2,20000,2001
CGACAGAT,0.55132234,0.613934358636045,2,20000,2001
CTGTTAAT,0.55118686,0.5600647342596792,2,20000,2001
TTCAACAT,0.551161,0.5540139364202368,2,20000,2001
GGTTAAAT,0.55102956,0.6262730383870037,2,20000,2001
TGAGGAAT,0.55061036,0.5882055828144972,2,20000,2001
TGGTTAAT,0.5505741,0.5643734795695378,2,20000,2001
TCCACGAT,0.55054027,0.6568465756813591,2,20000,2001
AAATCCAT,0.55051064,0.7064486867604007,2,20000,2001
GTGTGGAT,0.5504844,0.6817404032490826,2,20000,2001
TGAGGTCT,0.55020565,0.2822640498082712,2,20000,2001
TATAGGTT,0.5502011,0.833381437347957,2,20000,2001
AGCGGATT,0.5499481,0.6340452727497629,2,20000,2001
ACGCTATT,0.54994184,0.5135550241207273,2,20000,2001
ATGGAATT,0.54992425,0.43726549292870986,2,20000,2001
TCATTTTT,0.5499242,0.5264709520471694,2,20000,2001
TACGATGT,0.5492589,0.4621593204964335,2,20000,2001
CTGTAAAT,0.54916406,0.43417309198862,2,20000,2001
TTATAACT,0.54905295,0.6086051210159568,2,20000,2001
AACACTAT,0.54890054,0.655640539314724,2,20000,2001
CCGGTGAT,0.5488619,0.7526182327959428,2,20000,2001
CCAACTAT,0.54864174,0.6295406753803653,2,20000,2001
TAATACGT,0.5482334,0.8198882612460314,2,20000,2001
ATGTTAGT,0.5480844,0.4980208633983425,2,20000,2001
CAAGCTAT,0.54790705,0.6266235104935471,2,20000,2001
CTCCAGAT,0.5478511,0.7979219065682596,2,20000,2001
CAAATAAT,0.5476129,0.6717622562157259,2,20000,2001
AATATCCT,0.5475995,0.8169092483404115,2,20000,2001
GATTGTCT,0.54747814,0.5340782583597906,2,20000,2001
TTTTGTGT,0.5473983,0.590627963550901,2,20000,2001
TCTCACAT,0.54731077,0.7356100276254484,2,20000,2001
TTAACAAT,0.54695576,0.5712901496722055,2,20000,2001
TCTATCCT,0.54685307,0.6368902816146456,2,20000,2001
GTGTAAAT,0.54682666,0.6496412814909496,2,20000,2001
GGTGCTAT,0.546796,0.5447367335999671,2,20000,2001
GTCATGAT,0.54664195,0.7233435038964252,2,20000,2001
GCGTAAAT,0.54617476,0.4050735991423741,2,20000,2001
CCACTATT,0.5460475,0.4700655588999299,2,20000,2001
TGGTGTCT,0.54601586,0.7932626891518575,2,20000,2001
TCCAATCT,0.5459682,0.5874015585700738,2,20000,2001
CCAATCAT,0.5459443,0.3664804354100524,2,20000,2001
TGCGACAT,0.5457706,0.3898796025233992,2,20000,2001
TGAGGATT,0.545467,0.6073784686430546,2,20000,2001
TAACCTGT,0.5453446,0.48979507689770335,2,20000,2001
AGTAGAAT,0.545336,0.43955386962437637,2,20000,2001
AGTACAAT,0.54531014,0.5296870490248629,2,20000,2001
TCATCACT,0.5452056,0.5898548633158784,2,20000,2001
CGAATAAT,0.5450224,0.6212015008452563,2,20000,2001
ACTGGCAT,0.5450176,0.4687049024862904,2,20000,2001
TCAAGGGT,0.5449708,0.47211685152352284,2,20000,2001
TACTAAAT,0.54493874,0.5891126870902569,2,20000,2001
AATCTCAT,0.5445405,0.6299529955057106,2,20000,2001
TAACCGGT,0.5444973,0.4511812971591143,2,20000,2001
GTTCAGAT,0.54432887,0.7033356698140437,2,20000,2001
TGTAGAAT,0.5441825,0.46893167855523027,2,20000,2001
GATTTATT,0.5441286,0.5972663175689606,2,20000,2001
TTTAGGGT,0.5439863,0.5393250319548096,2,20000,2001
CGGGTGAT,0.5439574,0.8439059085473961,2,20000,2001
CAGGCTAT,0.5436775,0.7414546654022184,2,20000,2001
TTCTGTGT,0.54366416,0.47945614975466955,2,20000,2001
CTATTGTT,0.54355365,0.48595019172885834,2,20000,2001
CGTTTAAT,0.5435256,0.6766070176885334,2,20000,2001
TGGCGGAT,0.54350567,0.7254566445388199,2,20000,2001
TACTGTCT,0.54336274,0.6084505009689523,2,20000,2001
TCCGATGT,0.5433492,0.5147507524842287,2,20000,2001
TAATACTT,0.5433344,0.870253164556962,2,20000,2001
CTGGTAGT,0.5433265,0.3821589081763081,2,20000,2001
TGCTCGAT,0.5432934,0.45211932544427497,2,20000,2001
CATGGGGT,0.54327285,0.46557126953366595,2,20000,2001
TGACCAAT,0.54310936,0.45501587432482576,2,20000,2001
TATAATTT,0.54259354,0.6815754751989445,2,20000,2001
GGATGGAT,0.54247916,0.83509256586814,2,20000,2001
AAATGGGT,0.5423381,0.4209479239681689,2,20000,2001
ATAAAATT,0.54187894,0.46220055250896797,2,20000,2001
TGATAGGT,0.54180336,0.9280192141178412,2,20000,2001
TATCCTGT,0.5416221,0.7425370057312498,2,20000,2001
GGTATAGT,0.5415162,0.8123428029522122,2,20000,2001
GTGCGGAT,0.54151094,0.7309198861996453,2,20000,2001
TAAAGAAT,0.5414561,0.5408196924091865,2,20000,2001
TGGCAGAT,0.5412305,0.6295612913866326,2,20000,2001
TGATGTTT,0.54120034,0.5164618810044118,2,20000,2001
CACTCTAT,0.5408731,0.5490867109223602,2,20000,2001
TAAACCAT,0.5407984,0.6094916092854492,2,20000,2001
AACAGAAT,0.5406166,0.27960458499979385,2,20000,2001
TATAGTTT,0.5405867,0.7250752484228755,2,20000,2001
CGTGCTAT,0.54057944,0.5139673442460727,2,20000,2001
CTGCTAAT,0.54048747,0.4109800849379458,2,20000,2001
AGTTTCAT,0.54016906,0.5893291551560632,2,20000,2001
GAATCAAT,0.54013586,0.7092833876221498,2,20000,2001
TTAGGGTT,0.540091,0.4230198325980291,2,20000,2001
ACGATACT,0.5400234,0.933358759741063,2,20000,2001
GCACCTAT,0.53997284,0.6319115161011009,2,20000,2001
AAAAATCT,0.5399561,0.5838762214983714,2,20000,2001
CTCCTAGT,0.5399335,0.20159361728445968,2,20000,2001
AGCGCTAT,0.5398972,0.6215107409392653,2,20000,2001
CCTTAAAT,0.5396749,0.4217828722219932,2,20000,2001
GAGGGGAT,0.53966826,0.823413598317734,2,20000,2001
TGGCCTAT,0.53944874,0.47353935595596425,2,20000,2001
GTGCTGAT,0.5393668,0.5714550777223436,2,20000,2001
AAGACGAT,0.5390007,0.7592565868140023,2,20000,2001
ATTAGGTT,0.53889006,0.592957572259102,2,20000,2001
ACTATTTT,0.53866065,0.6122747701315301,2,20000,2001
TCAAATCT,0.5385965,0.6556920793303921,2,20000,2001
TACGGTCT,0.53856707,0.46727209005071535,2,20000,2001
GGGCTTAT,0.53851044,0.42321568465756815,2,20000,2001
AATATGGT,0.5383439,0.7134168968787367,2,20000,2001
ATGATGGT,0.53811574,0.4267410217292706,2,20000,2001
TTATACCT,0.5380991,0.8270110914113719,2,20000,2001
CAGGTGAT,0.53806967,0.8318970848967138,2,20000,2001
CTATCGGT,0.5380659,0.8110439945573744,2,20000,2001
TAATTTTT,0.5379252,0.4386467653486167,2,20000,2001
TGTTGTCT,0.53771895,0.36092442172102424,2,20000,2001
ATGAAATT,0.53768605,0.48863027254360286,2,20000,2001
TGTGGTCT,0.5375491,0.312487114996083,2,20000,2001
AAGAGAGT,0.5372576,0.29799406259019506,2,20000,2001
GATAATGT,0.5372132,0.7635962561332619,2,20000,2001
CGTCCGAT,0.5371801,0.5456850698882613,2,20000,2001
CTGCATCT,0.53717816,0.5141116562899435,2,20000,2001
GGACAGAT,0.5371045,0.7178905702387333,2,20000,2001
AAGGGTGT,0.5370467,0.7603389271430339,2,20000,2001
AAAGGTCT,0.5370224,0.39437389188966315,2,20000,2001
GGATATGT,0.5368548,0.8884261740815569,2,20000,2001
GTCTGATT,0.53680485,0.5234403991258814,2,20000,2001
CTGGGAAT,0.53680336,0.36268709025687546,2,20000,2001
AACTATTT,0.53677166,0.3650476229744774,2,20000,2001
TTAGGGGT,0.5366679,0.45193378138786955,2,20000,2001
AAAGCGAT,0.53631186,0.7796664330185956,2,20000,2001
AAGGGTTT,0.53621006,0.4591287675751453,2,20000,2001
GTGCTAAT,0.5359672,0.34582319713025195,2,20000,2001
AAGTGTGT,0.5359536,0.49673236300663837,2,20000,2001
CCATGGTT,0.5358748,0.4420587143858492,2,20000,2001
GATAATCT,0.53587246,0.7847276625572094,2,20000,2001
TTCGAAAT,0.5357468,0.331917700902981,2,20000,2001
CGAGTAAT,0.5357383,0.4580567352492475,2,20000,2001
CTCAGTGT,0.53567725,0.5557250649404198,2,20000,2001
TCACTAAT,0.5356075,0.5766812353110955,2,20000,2001
GCATCAAT,0.5355297,0.6797612666474251,2,20000,2001
CAATATTT,0.5353357,0.6719374922689977,2,20000,2001
CTTACAAT,0.5352489,0.5407372283841175,2,20000,2001
CAGGGTGT,0.5350447,0.7280542613284955,2,20000,2001
TGTATCTT,0.5348117,0.8451016369108976,2,20000,2001
AGAACTAT,0.53480667,0.6677112109842082,2,20000,2001
AAGTGAAT,0.534642,0.6589597163237538,2,20000,2001
TATTAAGT,0.534566,0.6963674596957077,2,20000,2001
GCTGACAT,0.53434724,0.3280831237372696,2,20000,2001
CGAATGAT,0.534311,0.798416690718674,2,20000,2001
CACCTGAT,0.5342329,0.6915845462417021,2,20000,2001
GGATAAAT,0.53419054,0.7640910402836762,2,20000,2001
CCAGGAAT,0.5341516,0.4054859192677195,2,20000,2001
ATCCTAAT,0.53410804,0.6691440234197832,2,20000,2001
CTAGGCAT,0.533901,0.5287490207397023,2,20000,2001
GCTGAAAT,0.5337015,0.30335422421968417,2,20000,2001
TACGGTGT,0.53368735,0.7388879726219436,2,20000,2001
TGATGTGT,0.5335772,0.4464499237207768,2,20000,2001
TACGTGAT,0.5335674,0.797210654352039,2,20000,2001
GTACTAAT,0.533429,0.5340164103409887,2,20000,2001
ACATGGTT,0.5334274,0.4130313775615388,2,20000,2001
TTAAGAAT,0.5333765,0.4760957407331052,2,20000,2001
CGGGTAAT,0.5333702,0.6469199686636705,2,20000,2001
CAATGAGT,0.53314817,0.4607368160639921,2,20000,2001
CATATCGT,0.53302205,0.943130746711747,2,20000,2001
TGACCCAT,0.53301966,0.6345606729064445,2,20000,2001
AGGCCTAT,0.53300333,0.4779099492846246,2,20000,2001
AGCCATCT,0.53297466,0.546705562198491,2,20000,2001
ATTTCCAT,0.5329391,0.27699666020698466,2,20000,2001
TCAGGTTT,0.53290015,0.45628375871026267,2,20000,2001
ATTAGTGT,0.532851,0.6955943594606853,2,20000,2001
CGGTATGT,0.5327927,0.5622397229208758,2,20000,2001
AAACGATT,0.5326194,0.5908959716323754,2,20000,2001
CGCTTATT,0.53259254,0.4424813425143281,2,20000,2001
TACACGAT,0.53254205,0.8349997938399373,2,20000,2001
CGAGGATT,0.5323556,0.33219601698758916,2,20000,2001
ATGTCATT,0.5322685,0.4782604213911681,2,20000,2001
TTTATTGT,0.5321823,0.6551972951799777,2,20000,2001
GACATAGT,0.5320218,0.49986599595926273,2,20000,2001
TGTGGAAT,0.53159904,0.5463035500762793,2,20000,2001
ATCGGCAT,0.5315625,0.6742877169834659,2,20000,2001
GGAATCAT,0.53151506,0.7932936131612585,2,20000,2001
AATGTTTT,0.53096575,0.4846410753308869,2,20000,2001
CTGTGAAT,0.5304821,0.455263266400033,2,20000,2001
GGGATAGT,0.53043634,0.8045499525831856,2,20000,2001
TCAACCAT,0.5303893,0.5486228507813466,2,20000,2001
ATGTGTTT,0.5303326,0.5023811487238692,2,20000,2001
TAACTCAT,0.5301685,0.36829464396157174,2,20000,2001
AACATGTT,0.5300514,0.44077021399414507,2,20000,2001
CATTGTTT,0.5299748,0.4293592545252134,2,20000,2001
CTCTGTGT,0.5299435,0.3962087164474498,2,20000,2001
TCTGCCAT,0.52993387,0.47271471570527357,2,20000,2001
AGAGAAAT,0.5298598,0.496433430915763,2,20000,2001
ATGATCCT,0.5294525,0.9030532305281821,2,20000,2001
GATAAAAT,0.5294181,0.7022224054756113,2,20000,2001
ACCTGTGT,0.529311,0.4064445635591473,2,20000,2001
TACATCAT,0.52922183,0.5499938151981199,2,20000,2001
TCGGTAGT,0.52920836,0.34889498206407454,2,20000,2001
CAGTGTCT,0.5291861,0.6589597163237538,2,20000,2001
GATGTAGT,0.5291555,0.3834886405805467,2,20000,2001
AGCGTGAT,0.52910316,0.5424689729105677,2,20000,2001
CTTAACAT,0.5289728,0.3619139900218529,2,20000,2001
CTAACATT,0.52876043,0.21562280954933408,2,20000,2001
AGGTTAAT,0.52875465,0.4257205294190409,2,20000,2001
AAGGTGTT,0.52862257,0.41852554323176516,2,20000,2001
CGATCAGT,0.5286115,0.7787284047334351,2,20000,2001
GGTTTATT,0.528494,0.60974930936379,2,20000,2001
TGTAGCAT,0.5284556,0.4463262276831732,2,20000,2001
TCTGGGGT,0.5283367,0.5269657361975838,2,20000,2001
TTTAATGT,0.52826506,0.40515606316744324,2,20000,2001
AGACATCT,0.5280277,0.49924751577124477,2,20000,2001
CCATCCAT,0.52795774,0.33279388116933983,2,20000,2001
TCTGTAGT,0.5278463,0.6407660907928917,2,20000,2001
CCGGGTGT,0.52779585,0.6421370552096648,2,20000,2001
AAGTTCAT,0.5276552,0.31185832680493136,2,20000,2001
TAATGCTT,0.5274927,0.49914443573990847,2,20000,2001
AAATTAGT,0.52722293,0.37666474250608173,2,20000,2001
CTAATACT,0.527185,0.8066630932255803,2,20000,2001
GCAAAGAT,0.5270283,0.5705995134622521,2,20000,2001
TATTCGTT,0.5269345,0.6006782666061931,2,20000,2001
TAGATACT,0.526889,0.9117222611635674,2,20000,2001
GGATATAT,1.0235418,0.9604275759699832,3,30000,3001
TAATATAT,1.0217556,0.878932503195481,3,30000,3001
ATCGATAT,0.99269265,0.9604481919762504,3,30000,3001
GGGGATAT,0.98501873,0.9522120974724776,3,30000,3001
AGATATAT,0.97275263,0.9442955510658475,3,30000,3001
TGATATCT,0.9618015,0.9870325320578899,3,30000,3001
TATAATAT,0.96166414,0.8591514451820393,3,30000,3001
GAATATAT,0.94876456,0.8696243763658104,3,30000,3001
ATCAGTAT,0.9484888,0.8953325361810909,3,30000,3001
ATGATATT,0.9475536,0.9232156846575682,3,30000,3001
ATATCCTT,0.93804294,0.8856945532511441,3,30000,3001
ATCCGGAT,0.92784804,0.9082072320949985,3,30000,3001
AAGTATAT,0.9192875,0.7699872180761143,3,30000,3001
AACGATAT,0.9184384,0.9541293860553334,3,30000,3001
CGATATAT,0.91707695,0.9470374798993939,3,30000,3001
AGGATATT,0.9068546,0.8169092483404115,3,30000,3001
TATATAAT,0.902881,0.8700882365068239,3,30000,3001
GATATCAT,0.89653313,0.9794561497546695,3,30000,3001
TATATCAT,0.8859445,0.9571908629860224,3,30000,3001
TTATCAAT,0.8858315,0.7793571929245867,3,30000,3001
GTATCCTT,0.8855333,0.8808291757720694,3,30000,3001
GAGTATCT,0.8854148,0.919906815651672,3,30000,3001
GTATCCAT,0.88386786,0.900837009854451,3,30000,3001
CAATATAT,0.8822946,0.8960953284129798,3,30000,3001
TATCAATT,0.8796828,0.8980538490083702,3,30000,3001
AATATGAT,0.87874997,0.7715849585618273,3,30000,3001
ATATCCCT,0.87747663,0.9390797014802292,3,30000,3001
GAGGGTAT,0.87708974,0.9518513173628005,3,30000,3001
TTGGGTAT,0.8749348,0.8572238485960499,3,30000,3001
ACGGATAT,0.8736346,0.9281119861460437,3,30000,3001
CATATGAT,0.8730803,0.7898713561208923,3,30000,3001
CAGGATAT,0.87232786,0.8181152847070465,3,30000,3001
TATACGAT,0.8713614,0.8967756566197996,3,30000,3001
ATCATGAT,0.8698986,0.9071764317816353,3,30000,3001
AAGTATCT,0.86800283,0.8820558281449717,3,30000,3001
ATATCCGT,0.8678031,0.9281119861460437,3,30000,3001
ATTATCAT,0.8667655,0.7612357234156599,3,30000,3001
GGATAGAT,0.86249363,0.8800457675339134,3,30000,3001
GTATCAAT,0.86230004,0.9944852183235064,3,30000,3001
TGATCGAT,0.86121345,0.7863047870366553,3,30000,3001
TAGAGTAT,0.8596167,0.8361645981940379,3,30000,3001
TATATAGT,0.8593755,0.8548633158784481,3,30000,3001
GCTGATAT,0.8585155,0.904857131076568,3,30000,3001
TAATGTAT,0.8555306,0.7995711870696408,3,30000,3001
TTATCATT,0.8533539,0.7334659629736527,3,30000,3001
TATCCTAT,0.8521347,0.9287098503277945,3,30000,3001
ATCTATAT,0.85198706,0.9202675957613492,3,30000,3001
TGTGGTAT,0.85033196,0.794736733599967,3,30000,3001
TATATCTT,0.85019433,0.8998989815692905,3,30000,3001
CATCGTAT,0.8467017,0.734383375252546,3,30000,3001
TGTATCAT,0.8463619,0.9761163567393725,3,30000,3001
TGAGTGAT,0.8445713,0.8394219271842658,3,30000,3001
TAGGTGAT,0.84215015,0.7682348575433966,3,30000,3001
TGATGGAT,0.8410148,0.6920793303921164,3,30000,3001
ATATTCAT,0.8406813,0.6561147074588711,3,30000,3001
GCGGATAT,0.8394403,0.9199377396610728,3,30000,3001
CTGGGTAT,0.83939075,0.7966952541953572,3,30000,3001
TGGGGGAT,0.8393101,0.8764173504308745,3,30000,3001
AGATCCTT,0.83769685,0.8049519647053973,3,30000,3001
TAAGGGAT,0.83562267,0.7791922648744486,3,30000,3001
GATATTAT,0.8347861,0.8941986558363915,3,30000,3001
ATCTGTAT,0.8343136,0.8401537954067538,3,30000,3001
CTTGATAT,0.8306694,0.9631591968003959,3,30000,3001
CTATGTAT,0.82953376,0.6634952377025523,3,30000,3001
CACGATAT,0.82929003,0.8611924298024987,3,30000,3001
TATGATCT,0.82855266,0.8825093802828515,3,30000,3001
ATTGTGAT,0.8284776,0.817795736609904,3,30000,3001
ATTAAGAT,0.82846653,0.6689069393477095,3,30000,3001
AGATTGAT,0.82678926,0.7257452686265617,3,30000,3001
GCGGGTAT,0.826412,0.7958706139446666,3,30000,3001
CGATAGAT,0.82623523,0.7626994598606359,3,30000,3001
AATATCGT,0.8259474,0.853038799323795,3,30000,3001
CTATATCT,0.8249407,0.8732631014719828,3,30000,3001
GTATCCCT,0.82474786,0.8665628994351214,3,30000,3001
CTGATATT,0.82424724,0.7816868016327877,3,30000,3001
TATTAGAT,0.8241231,0.794231641446419,3,30000,3001
TTGATATT,0.8231157,0.9055683832927885,3,30000,3001
TTATATTT,0.82165897,0.6782356821836474,3,30000,3001
TCCTGTAT,0.82100016,0.7977466705149878,3,30000,3001
AGATCCAT,0.8175903,0.73646559188554,3,30000,3001
GGATCGAT,0.8173009,0.8590895971632376,3,30000,3001
GGTTATAT,0.8158969,0.8121057188801385,3,30000,3001
GTGATAAT,0.81588703,0.7768626561662474,3,30000,3001
AAGATGAT,0.8155327,0.7242918401847194,3,30000,3001
ACTGGTAT,0.81516385,0.8308456685770832,3,30000,3001
ATATCACT,0.8130369,0.9626953366593825,3,30000,3001
ATGTATCT,0.8124792,0.8786438791077392,3,30000,3001
TAGAATAT,0.8114522,0.8111676905949778,3,30000,3001
TAGGATCT,0.8111545,0.7153032614521915,3,30000,3001
ATAGAGAT,0.81065303,0.8139096194285244,3,30000,3001
TATCAAAT,0.8105096,0.9692615346555066,3,30000,3001
ATTATACT,0.81024325,0.82385684245248,3,30000,3001
TTACATAT,0.80998623,0.7161175936997485,3,30000,3001
AGATCATT,0.8098371,0.9316063992083453,3,30000,3001
GATAGTAT,0.80982256,0.9121448892920463,3,30000,3001
AGTATATT,0.80934286,0.777800684451408,3,30000,3001
TGATTCAT,0.80858034,0.47448769224425846,3,30000,3001
TATCACTT,0.80844647,0.9290706304374716,3,30000,3001
GTAGGTAT,0.8081022,0.8492660701768854,3,30000,3001
ATACTATT,0.8080404,0.8498742423617697,3,30000,3001
ATAGTATT,0.8071556,0.8895600544262565,3,30000,3001
ATGATAGT,0.80690396,0.9216901001937905,3,30000,3001
AATATAGT,0.80680346,0.6876571970477879,3,30000,3001
CATAGTAT,0.8066056,0.8465962973652744,3,30000,3001
AATCATAT,0.8055352,0.8132395992248381,3,30000,3001
ATATCAGT,0.80429167,0.9681585783202078,3,30000,3001
AGCAATAT,0.8039759,0.6627427534737972,3,30000,3001
CATACGAT,0.8038131,0.6650414381725972,3,30000,3001
ACCTATAT,0.80091417,0.779882901084402,3,30000,3001
TCATTGAT,0.80084246,0.8170123283717479,3,30000,3001
AAAGGTAT,0.8005139,0.8981363130334391,3,30000,3001
CAGATGAT,0.79835445,0.8649857749556756,3,30000,3001
GAGATCCT,0.798163,0.8007462994268751,3,30000,3001
AAGATATT,0.79700863,0.8252793468849214,3,30000,3001
TATTGTAT,0.7967907,0.8646662268585329,3,30000,3001
AAGGGGAT,0.79671,0.8236403743866737,3,30000,3001
AATATATT,0.79616237,0.8053952088401435,3,30000,3001
CTATCCAT,0.7958775,0.7038407619675917,3,30000,3001
CGATTGAT,0.7955496,0.768987341772152,3,30000,3001
GGTATATT,0.7953191,0.8960334803941781,3,30000,3001
AATTATAT,0.79504925,0.8372572465262029,3,30000,3001
AAAAATAT,0.7950492,0.8251144188347833,3,30000,3001
TGAGGGAT,0.7938854,0.7452583185585289,3,30000,3001
TCTGTGAT,0.79376525,0.7779346884921453,3,30000,3001
GGATCAAT,0.792561,0.938471529295345,3,30000,3001
TATCAAGT,0.7909886,0.8977652249206285,3,30000,3001
GTGATCCT,0.7885296,0.9393477095617038,3,30000,3001
CCCTATAT,0.78722847,0.8021688038593164,3,30000,3001
CCATATCT,0.7870357,0.8647589988867357,3,30000,3001
AAGATCAT,0.7865353,0.8583268049313487,3,30000,3001
TTATCAGT,0.7854005,0.7950253576877088,3,30000,3001
ATTCGTAT,0.78531903,0.657547519894446,3,30000,3001
GTTTAGAT,0.7850012,0.7413103533583475,3,30000,3001
TGTTGGAT,0.7848318,0.8221354059291635,3,30000,3001
TTATATGT,0.78416777,0.7574939182781513,3,30000,3001
CGGGGGAT,0.7836907,0.9256689894033727,3,30000,3001
ATGGATCT,0.78342617,0.73646559188554,3,30000,3001
CATTATAT,0.7832583,0.7618438956005442,3,30000,3001
CGGATGAT,0.7822908,0.7648641405186988,3,30000,3001
AGAGGTAT,0.7820326,0.9323898074465016,3,30000,3001
AGTGAGAT,0.7810411,0.7453820145961325,3,30000,3001
TCGAGTAT,0.7798922,0.8372057065105347,3,30000,3001
ATACTTAT,0.77906907,0.8266606193048283,3,30000,3001
CGATCGAT,0.77744627,0.7779243804890117,3,30000,3001
AGGGTGAT,0.776671,0.8735311095534573,3,30000,3001
GGCTATAT,0.7758438,0.7792231888838494,3,30000,3001
CCATAGAT,0.77552235,0.5298004370593329,3,30000,3001
GGTGTGAT,0.77512085,0.8287840679503566,3,30000,3001
GAGAGTAT,0.7748049,0.816723704284006,3,30000,3001
TGTATCCT,0.7742931,0.8291345400569001,3,30000,3001
TGATTCTT,0.7740564,0.5923494000742177,3,30000,3001
ATTTATAT,0.77401567,0.822372490001237,3,30000,3001
TGGATCCT,0.7732838,0.7970251102956335,3,30000,3001
CATATACT,0.77292645,0.7143549251638973,3,30000,3001
CAGAGGAT,0.77232957,0.7929019090421803,3,30000,3001
TCTGGGAT,0.7721624,0.6982950562816971,3,30000,3001
TCCCGGAT,0.7719367,0.7837484022595143,3,30000,3001
ATATCTTT,0.77155447,0.9322764194120315,3,30000,3001
CCTTATAT,0.77125597,0.7831093060652291,3,30000,3001
AAGTGTAT,0.7702654,0.7225807116645364,3,30000,3001
AGTAAGAT,0.77024,0.8010864635302849,3,30000,3001
TTATCACT,0.7701409,0.7451346225209253,3,30000,3001
TGTTATCT,0.7696838,0.7188698305364285,3,30000,3001
TGGAGTAT,0.7692081,0.8276604956087906,3,30000,3001
AAGAATAT,0.7691961,0.7031810497670391,3,30000,3001
TTAGTGAT,0.7684102,0.7165608378344948,3,30000,3001
TACCTGAT,0.76818746,0.8045190285737848,3,30000,3001
CTACGTAT,0.7674675,0.7247660083288665,3,30000,3001
TATATTTT,0.76704365,0.761854203603678,3,30000,3001
ACCGATCT,0.7669904,0.7798622850781347,3,30000,3001
CGATCAAT,0.7665686,0.7216736073887766,3,30000,3001
TATCCTTT,0.7661008,0.8830660124520678,3,30000,3001
CATAGGAT,0.7656738,0.685770832474333,3,30000,3001
ATTATCTT,0.76516557,0.7727085309033933,3,30000,3001
ACCCATAT,0.7647712,0.842452480105554,3,30000,3001
CTGATAAT,0.76465803,0.7334659629736527,3,30000,3001
TCGCATAT,0.7644751,0.7779553044984125,3,30000,3001
GGGGGGAT,0.7639272,0.8629963303508844,3,30000,3001
TCTTGTAT,0.7628845,0.7905001443120439,3,30000,3001
CCGGGGAT,0.762129,0.6841833999917536,3,30000,3001
CAGGGGAT,0.7616549,0.7436502700696821,3,30000,3001
GATAAGAT,0.7615085,0.839586855234404,3,30000,3001
TTCTATCT,0.76123416,0.6591555683832928,3,30000,3001
TATACAGT,0.7607649,0.7495567558652538,3,30000,3001
TATGGTGT,0.76063055,0.7387127365686719,3,30000,3001
GATACGAT,0.76039505,0.9294726425596833,3,30000,3001
AAGCGGAT,0.7594949,0.8368036943883231,3,30000,3001
TGATCCGT,0.75935423,0.9431925947305487,3,30000,3001
TGGATGAT,0.75919694,0.856605368408032,3,30000,3001
TGAAATAT,0.7591027,0.7102007999010431,3,30000,3001
TGATCTAT,0.7579865,0.9167422586896468,3,30000,3001
ATAATACT,0.7577273,0.8688306601245207,3,30000,3001
AATCTGAT,0.7568766,0.8021688038593164,3,30000,3001
CATCTGAT,0.75615704,0.8244443986310972,3,30000,3001
AGCCGGAT,0.75585973,0.7302395579928257,3,30000,3001
TATCTTTT,0.7548246,0.8813342679256174,3,30000,3001
TCCTAGAT,0.7547958,0.8015193996618974,3,30000,3001
TGCGGTAT,0.7544081,0.8421638560178122,3,30000,3001
TGTGATCT,0.75341946,0.8026532800065971,3,30000,3001
AGATTAAT,0.7525868,0.7765224920628376,3,30000,3001
CGTATACT,0.7519939,0.7390116686595473,3,30000,3001
TGACATAT,0.75178385,0.7850162866449512,3,30000,3001
TTTATCCT,0.7517475,0.7782645445924216,3,30000,3001
TCATCTAT,0.75164336,0.8349070218117347,3,30000,3001
TCACTGAT,0.75106704,0.8029934441100071,3,30000,3001
TCAGATCT,0.75067514,0.7478559353482044,3,30000,3001
TTCTGTAT,0.75020236,0.8346390137302603,3,30000,3001
TATAATCT,0.7497877,0.787716983465963,3,30000,3001
TAAGATCT,0.74773926,0.8250731868222488,3,30000,3001
TTAGGGAT,0.74762124,0.7174885581165218,3,30000,3001
TAATTGAT,0.74760157,0.8091988619964541,3,30000,3001
GAATAGAT,0.747156,0.7758833958685524,3,30000,3001
CAACGGAT,0.74616456,0.7288995175854533,3,30000,3001
CGTGGGAT,0.7456111,0.6212427328577907,3,30000,3001
TCATCAAT,0.74512845,0.6809466870077928,3,30000,3001
CGGGAGAT,0.7443527,0.7574526862656167,3,30000,3001
CTTATCAT,0.7437003,0.7583597905413764,3,30000,3001
ACACGTAT,0.74305016,0.8682018719333691,3,30000,3001
ACGATCCT,0.74219215,0.824166082546489,3,30000,3001
ACAGAGAT,0.7421844,0.7448459984331834,3,30000,3001
GAATGTAT,0.7413489,0.7229517997773471,3,30000,3001
CGTATGAT,0.74085045,0.7849441306230157,3,30000,3001
ATAGCGAT,0.74068916,0.7647198284748279,3,30000,3001
TCAGCGAT,0.740026,0.8620995340782583,3,30000,3001
GCCGGTAT,0.7398306,0.7899125881334269,3,30000,3001
ACTATCCT,0.7396675,0.8173524924751576,3,30000,3001
TGGAGGAT,0.73927355,0.8045293365769183,3,30000,3001
CTATCAGT,0.7388111,0.8836638766338185,3,30000,3001
GATCTGAT,0.7385162,0.9148146621036574,3,30000,3001
TCATTTAT,0.73823607,0.7723065187811818,3,30000,3001
TGGATCTT,0.738009,0.7110460561580011,3,30000,3001
GAGAGGAT,0.7375464,0.8259081350760731,3,30000,3001
TTGAGTAT,0.7365744,0.8030862161382097,3,30000,3001
TCTCTTAT,0.7345077,0.7273017770997403,3,30000,3001
ATACCTAT,0.7338106,0.9296375706098213,3,30000,3001
AGATACGT,0.73372036,0.832031088937451,3,30000,3001
AAGCATAT,0.733091,0.759462746876675,3,30000,3001
TTTATCGT,0.7329784,0.48882612460314184,3,30000,3001
AGCAGTAT,0.73296773,0.7748629035583227,3,30000,3001
TTGATCTT,0.73270035,0.8749536139858988,3,30000,3001
CACAGGAT,0.73269504,0.7467117470003711,3,30000,3001
AGAATTAT,0.7323598,0.5680637446913783,3,30000,3001
CATCAGAT,0.7306801,0.7610914113717892,3,30000,3001
AGATTTAT,0.7303603,0.6414051869871769,3,30000,3001
TAATCAAT,0.73029584,0.5571269533665938,3,30000,3001
GAACGGAT,0.7300934,0.7467839030223065,3,30000,3001
ATAATCCT,0.72963357,0.8275471075743207,3,30000,3001
ATGATCGT,0.72894245,0.7777285284294726,3,30000,3001
TATCCAAT,0.7273019,0.8540695996371583,3,30000,3001
GGGTAGAT,0.7256111,0.8322475570032574,3,30000,3001
TTGTTGAT,0.72544074,0.8687894281119861,3,30000,3001
AGACGTAT,0.72477275,0.8005504473673359,3,30000,3001
ATTCTTAT,0.7246883,0.6052447119943924,3,30000,3001
TTTTGTAT,0.72398084,0.7562878819115161,3,30000,3001
GATCCTAT,0.7238761,0.8761184183399991,3,30000,3001
TGAGATCT,0.7229983,0.8153527398672329,3,30000,3001
GCGGGGAT,0.7229542,0.5694553251144189,3,30000,3001
AGCATGAT,0.72291887,0.733795819073929,3,30000,3001
AAGGAGAT,0.7227871,0.7639364202366717,3,30000,3001
CCTATCAT,0.7224617,0.9467076237991177,3,30000,3001
GATTGTAT,0.72213167,0.7400218529666434,3,30000,3001
TATCAGCT,0.7218356,0.8572753886117183,3,30000,3001
CAAATGAT,0.7215647,0.7247763163320001,3,30000,3001
GGATTCAT,0.72091573,0.5029583968993526,3,30000,3001
CGGAGTAT,0.7207892,0.8411536717107162,3,30000,3001
GCATCGAT,0.72073346,0.5711561456314682,3,30000,3001
CTAATGAT,0.7201418,0.8280831237372696,3,30000,3001
TACTGGAT,0.71985507,0.7704304622108605,3,30000,3001
ACTGGGAT,0.71919703,0.6372613697274564,3,30000,3001
CGTGTGAT,0.7180221,0.8141260874943307,3,30000,3001
ACAGTATT,0.7179522,0.7424030016905125,3,30000,3001
TATTGATT,0.7179408,0.7728734589535315,3,30000,3001
ATGACTAT,0.7172503,0.6888116933987548,3,30000,3001
AAGGCTAT,0.7169372,0.6956149754669526,3,30000,3001
GAGATGAT,0.71647495,0.8755205541582485,3,30000,3001
ATATCTCT,0.7162821,0.891796891106255,3,30000,3001
GGCTATCT,0.71586335,0.8298870242856554,3,30000,3001
CTTATGAT,0.7157164,0.7894384199892798,3,30000,3001
CTATCACT,0.7157006,0.8870655176679174,3,30000,3001
AAAGTGAT,0.71569395,0.8370923184760647,3,30000,3001
CAGATCAT,0.7153432,0.8980435410052365,3,30000,3001
AGATAGCT,0.7153029,0.7645549004246898,3,30000,3001
ATATGATT,0.7146795,0.8132395992248381,3,30000,3001
GGATCCGT,0.71463114,0.8424834041149548,3,30000,3001
TCCGTATT,0.7144238,0.7276110171937492,3,30000,3001
ACGAGTAT,0.7139962,0.7401764730136479,3,30000,3001
TCGTCTAT,0.713799,0.56594029604585,3,30000,3001
GCTCGTAT,0.71369016,0.6417144270811859,3,30000,3001
ATAATAGT,0.7135241,0.7078711911928421,3,30000,3001
TCGATCCT,0.713275,0.8301653403702636,3,30000,3001
GTGATGAT,0.71297497,0.7995918030759082,3,30000,3001
TACCTATT,0.7128421,0.6575578278975797,3,30000,3001
GCTGATCT,0.7121927,0.810971838535439,3,30000,3001
ACAATACT,0.71186113,0.7621222116851523,3,30000,3001
ACGATAAT,0.71183217,0.7890570238733352,3,30000,3001
CAGGAGAT,0.71136,0.7357543396693192,3,30000,3001
TATACTGT,0.7112551,0.8124768069929493,3,30000,3001
GAAACTAT,0.71041507,0.723827980043706,3,30000,3001
ACTGAGAT,0.70877165,0.5818867768935801,3,30000,3001
AAACGTAT,0.7083569,0.795468601822455,3,30000,3001
GATTGGAT,0.70765096,0.753762421143776,3,30000,3001
TATAGAGT,0.70754653,0.6997484847235393,3,30000,3001
CCGGATCT,0.70742923,0.7959324619634685,3,30000,3001
GTAGATCT,0.70700043,0.7569785181214695,3,30000,3001
GTATCGGT,0.706288,0.9165154826207067,3,30000,3001
TACTTGAT,0.7057639,0.7828516059868883,3,30000,3001
GGATTAAT,0.70561785,0.9074135158537089,3,30000,3001
GAAAATAT,0.70468843,0.7019647053972704,3,30000,3001
ATGCTGAT,0.70432127,0.6571351997691007,3,30000,3001
GTATCACT,0.7041971,0.9879602523399167,3,30000,3001
GGTTTGAT,0.7037097,0.8047458046427246,3,30000,3001
ATACTTTT,0.70313454,0.777326516307261,3,30000,3001
AGATTCTT,0.702484,0.4412546901414258,3,30000,3001
TCTATATT,0.70169556,0.9019502741928833,3,30000,3001
TGATAAGT,0.7016007,0.7283428854162372,3,30000,3001
ATCATCCT,0.7014932,0.7300849379458211,3,30000,3001
GTATAGGT,0.7010261,0.8365356863068486,3,30000,3001
TATATTCT,0.69993985,0.8072712654104647,3,30000,3001
ATGGGATT,0.6996933,0.7347956953778914,3,30000,3001
CAACAGAT,0.6994547,0.610058549457799,3,30000,3001
GAGCATAT,0.69909745,0.8161258401022554,3,30000,3001
TCATAAAT,0.69885117,0.7438564301323548,3,30000,3001
ATCATTTT,0.6988502,0.7890982558858698,3,30000,3001
AGCAAGAT,0.69866264,0.6455593122500309,3,30000,3001
CGTATCTT,0.69860065,0.8441842246320044,3,30000,3001
CTTATTAT,0.6978357,0.704170618067868,3,30000,3001
GCTATGAT,0.6971051,0.7530820929369563,3,30000,3001
CTACTGAT,0.69665194,0.7291262936543933,3,30000,3001
AAATACAT,0.69657344,0.6662783985486331,3,30000,3001
ACCGGATT,0.69649535,0.6411371789057023,3,30000,3001
GTGGGGAT,0.6958883,0.7269203809837959,3,30000,3001
GATTCGAT,0.69479364,0.6765142456603307,3,30000,3001
CCAGTGAT,0.69478106,0.6666804106708448,3,30000,3001
CGAAGGAT,0.6946488,0.6466210365727951,3,30000,3001
AGAGATCT,0.6945716,0.8012926235929576,3,30000,3001
CGATAGGT,0.6944896,0.8082299097018926,3,30000,3001
GTCTGTAT,0.6933959,0.6607017688533378,3,30000,3001
ACCCTGAT,0.692671,0.7628953119201748,3,30000,3001
TATCACAT,0.6926234,0.9387086133674185,3,30000,3001
CAATGTAT,0.6917988,0.7936853172803365,3,30000,3001
CCTATCGT,0.6916438,0.8817775120603636,3,30000,3001
ACCACGAT,0.6916096,0.6168515235228631,3,30000,3001
ACAATATT,0.6912501,0.6453119201748237,3,30000,3001
TCAGTATT,0.69089454,0.5849379458211355,3,30000,3001
ATATTGCT,0.6905799,0.6627427534737972,3,30000,3001
AAGGCGAT,0.6904903,0.6051003999505216,3,30000,3001
GGAATGAT,0.6899546,0.7937677813054056,3,30000,3001
CTAGATCT,0.6893135,0.7416917494742918,3,30000,3001
TGACTGAT,0.6886778,0.7911701645157301,3,30000,3001
CTGCGGAT,0.68857163,0.628819115161011,3,30000,3001
TAGAAGAT,0.6883764,0.834587473714592,3,30000,3001
TATCCCTT,0.6882647,0.8611408897868305,3,30000,3001
TTAGTTAT,0.6882396,0.6812559271018019,3,30000,3001
AGTCATAT,0.6881329,0.8176411165628994,3,30000,3001
GTATGAAT,0.68771446,0.6677833670061436,3,30000,3001
CAACGTAT,0.6875898,0.6616088731290974,3,30000,3001
TCATTAAT,0.6874462,0.8504102585247185,3,30000,3001
CGTGATCT,0.6872173,0.817177256421886,3,30000,3001
GATCATTT,0.6869631,0.8604605615800107,3,30000,3001
ATCAGTTT,0.68657535,0.7710180183894776,3,30000,3001
GTAATCAT,0.6861913,0.5149775285531687,3,30000,3001
TAATATGT,0.6855619,0.7177153341854615,3,30000,3001
CTAACGAT,0.6852282,0.8010349235146168,3,30000,3001
CGGGTATT,0.68511957,0.6973776440028038,3,30000,3001
GAGATTAT,0.6846309,0.7147053972704408,3,30000,3001
CTCCGTAT,0.6843748,0.5888034469962479,3,30000,3001
ACGCATAT,0.68415856,0.7187255184925577,3,30000,3001
ATACAAAT,0.68371975,0.6810085350265946,3,30000,3001
CGATCCAT,0.6835145,0.849977322393106,3,30000,3001
GGGTATTT,0.682862,0.6992330845668576,3,30000,3001
GGGTATGT,0.6825925,0.6239640456850699,3,30000,3001
TGGGGTGT,0.6815828,0.7524533047458046,3,30000,3001
ATATTTCT,0.6810769,0.6085020409846205,3,30000,3001
ATCATTGT,0.67992485,0.7648641405186988,3,30000,3001
ATCTGTGT,0.67976755,0.8048076526615264,3,30000,3001
AGGGTTAT,0.6796129,0.5787222199315548,3,30000,3001
ATATGTTT,0.67916214,0.7614109594689317,3,30000,3001
GCTATAAT,0.6788119,0.7819135777017276,3,30000,3001
TAGGGATT,0.678487,0.6644332659877128,3,30000,3001
AATATTCT,0.678086,0.5950810209046304,3,30000,3001
GTCCTGAT,0.6773472,0.6107285696614851,3,30000,3001
GTGGTGAT,0.67579037,0.7226322516802045,3,30000,3001
CATCAAAT,0.6753394,0.5949882488764277,3,30000,3001
CGGTTGAT,0.67524916,0.7165092978188266,3,30000,3001
AATAATCT,0.6752204,0.7363006638354018,3,30000,3001
TCCGTTAT,0.675119,0.7417742134993609,3,30000,3001
TATACGGT,0.6749233,0.7752649156805343,3,30000,3001
TCCTTGAT,0.6745774,0.8548736238815817,3,30000,3001
GTACCGAT,0.6741209,0.5382529996289119,3,30000,3001
AGGAAGAT,0.67404586,0.7258277326516307,3,30000,3001
CCGAGGAT,0.67369056,0.6073681606399208,3,30000,3001
ATCCCTTT,0.67363846,0.8154970519111038,3,30000,3001
CTATAGTT,0.6732517,0.6814930111738754,3,30000,3001
TATAGACT,0.67300713,0.6434358636045026,3,30000,3001
ATCACTCT,0.6729728,0.7710180183894776,3,30000,3001
TTATGCTT,0.67279303,0.3026738960128643,3,30000,3001
TTATTGTT,0.6727794,0.7168391539191027,3,30000,3001
GGAATACT,0.6727297,0.6624025893703872,3,30000,3001
GTAATAAT,0.672528,0.7252607924792809,3,30000,3001
TATGGGTT,0.6724388,0.7536078010967716,3,30000,3001
TGATTATT,0.6721436,0.607728940749598,3,30000,3001
CGATATTT,0.67202866,0.7362800478291346,3,30000,3001
TAATTCAT,0.67063653,0.6292623592957572,3,30000,3001
CCTATTAT,0.67057645,0.7545973693976004,3,30000,3001
AACGAGAT,0.6704878,0.5944316167072115,3,30000,3001
CTCTGTAT,0.6699215,0.6681750711252216,3,30000,3001
GCGATAGT,0.66989976,0.8232280542613285,3,30000,3001
GTATCGCT,0.66980183,0.9320496433430916,3,30000,3001
ACACGGAT,0.6694518,0.8342988496268502,3,30000,3001
CGATAGCT,0.6691484,0.8237434544180101,3,30000,3001
CGATTTAT,0.6690686,0.5560549210406961,3,30000,3001
AATGCTAT,0.6688325,0.6538469467694719,3,30000,3001
CCTATCCT,0.6682911,0.7873458953531521,3,30000,3001
GCCTATCT,0.66799897,0.7589679627262607,3,30000,3001
CCAATGAT,0.6678498,0.7987053148064157,3,30000,3001
TACGCTAT,0.6677691,0.6774522739454913,3,30000,3001
TTCGGGAT,0.66769207,0.5380365315631056,3,30000,3001
TATAAACT,0.66711414,0.7365892879231435,3,30000,3001
CTATACCT,0.6665312,0.854554075784439,3,30000,3001
CAGATAGT,0.6663623,0.7366614439450789,3,30000,3001
ACCTGGAT,0.66515285,0.474920628375871,3,30000,3001
GAGGTGAT,0.6649656,0.7807075413350926,3,30000,3001
CTCGTTAT,0.66489846,0.5571578773759948,3,30000,3001
GCACGTAT,0.66473836,0.7579577784191647,3,30000,3001
TTACCCAT,0.664625,0.47976538984867856,3,30000,3001
CCTTATCT,0.6636462,0.6773388859110213,3,30000,3001
CACTCGAT,0.66361034,0.6198614604378839,3,30000,3001
ATCCAAAT,0.6634952,0.6713911681029151,3,30000,3001
TATCGCTT,0.66341746,0.9130416855646725,3,30000,3001
GAGTCTAT,0.66240793,0.5967921494248135,3,30000,3001
GATGTATT,0.6620871,0.7507834082381561,3,30000,3001
ATTCTATT,0.6614171,0.6828227435781141,3,30000,3001
TATGAATT,0.6613782,0.5034737970560342,3,30000,3001
GTAATCCT,0.66114527,0.6902754298437307,3,30000,3001
AAAATATT,0.6604687,0.714839401311178,3,30000,3001
AGTTAGAT,0.66023177,0.7055415824846412,3,30000,3001
ACCAAGAT,0.65995884,0.6629901455490043,3,30000,3001
TCTATACT,0.6599431,0.7797592050467984,3,30000,3001
CCTAGTAT,0.65919316,0.8167133962808726,3,30000,3001
GAGGTTAT,0.65918183,0.674596957077475,3,30000,3001
ATGAGATT,0.6587844,0.6299529955057106,3,30000,3001
GCTATCGT,0.6586218,0.811415082670185,3,30000,3001
AAGCCGAT,0.6585643,0.6106976456520843,3,30000,3001
CTCGATCT,0.6582525,0.6281903269698593,3,30000,3001
AAGGGATT,0.6578393,0.7114274522739454,3,30000,3001
ATCCCTGT,0.65769744,0.6933884467900878,3,30000,3001
GCTGAGAT,0.6576958,0.6881829052076032,3,30000,3001
TACGTTAT,0.6576311,0.6419824351626603,3,30000,3001
CCTATAAT,0.6574813,0.6976044200717437,3,30000,3001
GGCGATCT,0.6572621,0.6238918896631345,3,30000,3001
GCGCGTAT,0.6572484,0.6558260833711294,3,30000,3001
ATCGACAT,0.65706366,0.6042654516966973,3,30000,3001
CTTGAGAT,0.65703905,0.6903578938687996,3,30000,3001
ATAGTTTT,0.65693694,0.6877293530697234,3,30000,3001
CATCAATT,0.65678877,0.3977446089143611,3,30000,3001
GATACATT,0.65648454,0.906454871562281,3,30000,3001
TGTTTCAT,0.6556745,0.5464581701232837,3,30000,3001
AGACTATT,0.6555168,0.6269533665938234,3,30000,3001
TACATACT,0.65551203,0.6393538943635839,3,30000,3001
CCGCATAT,0.6551856,0.7266523729023214,3,30000,3001
GTAAGGAT,0.6551266,0.7634313280831239,3,30000,3001
CGGCTGAT,0.6545608,0.4741372201377149,3,30000,3001
ATGTGATT,0.65449303,0.5579206696078836,3,30000,3001
ACACTGAT,0.6541851,0.7278377932626892,3,30000,3001
GTAATCTT,0.65387917,0.5243887354141755,3,30000,3001
GACCGGAT,0.6538421,0.6696594235764647,3,30000,3001
GCGGTGAT,0.65366685,0.6284686430544676,3,30000,3001
AGGATCTT,0.65361506,0.812538655011751,3,30000,3001
TTTTCGAT,0.65338284,0.7905001443120439,3,30000,3001
TACGGATT,0.6533188,0.6078217127778006,3,30000,3001
GCATGGAT,0.65276,0.6659794664577579,3,30000,3001
GGGGTACT,0.6525035,0.47244670762379914,3,30000,3001
ACTGCGAT,0.6515919,0.6684430792066961,3,30000,3001
TCCATTAT,0.6515577,0.6427658434008164,3,30000,3001
TTTGTTAT,0.65128213,0.5517564837339711,3,30000,3001
CTATCTGT,0.65121615,0.7793675009277202,3,30000,3001
TACCCATT,0.65096796,0.5781037397435368,3,30000,3001
TAGTATGT,0.64982736,0.4358739125056694,3,30000,3001
AATCTTAT,0.64967656,0.706551766791737,3,30000,3001
AATAGTCT,0.6496434,0.6269533665938234,3,30000,3001
ATGTAATT,0.6496378,0.4285036902651218,3,30000,3001
ACCTAGAT,0.6491555,0.7792747288995175,3,30000,3001
ATGGGGTT,0.6488524,0.3329175772069435,3,30000,3001
GAAGTGAT,0.64832044,0.8293716241289737,3,30000,3001
ATCTATTT,0.64825135,0.7934585412113965,3,30000,3001
ATGCCTAT,0.64762145,0.7036552179111862,3,30000,3001
CACGAGAT,0.6476043,0.6472292087576795,3,30000,3001
CCTCTGAT,0.64678603,0.5500762792231889,3,30000,3001
ATTATTTT,0.646612,0.6688450913289078,3,30000,3001
CGTATTAT,0.64640605,0.8977549169174948,3,30000,3001
GATAGATT,0.6463942,0.6554549952583185,3,30000,3001
ACCTTATT,0.64628434,0.4961344988248877,3,30000,3001
ATACACGT,0.645925,0.7081907392899848,3,30000,3001
AGACTCAT,0.64569396,0.5246979755081846,3,30000,3001
ATAAGTTT,0.6456631,0.4809920422215808,3,30000,3001
AACGTGAT,0.64563495,0.735620335628582,3,30000,3001
CGTTATCT,0.6448122,0.705799282562982,3,30000,3001
CGATTCTT,0.6443473,0.4928771698346597,3,30000,3001
ACAACGAT,0.6442846,0.6473735208015503,3,30000,3001
ATCAATTT,0.6441256,0.542324660866697,3,30000,3001
CCGATTAT,0.6439286,0.7273223931060074,3,30000,3001
CTAGCGAT,0.6436697,0.6964396157176431,3,30000,3001
ATCTGTTT,0.6435527,0.7775429843730673,3,30000,3001
TAATCTTT,0.64335144,0.6512699459860636,3,30000,3001
CTATATTT,0.642882,0.7469179070630437,3,30000,3001
AAGTCTAT,0.64258844,0.4637261369727456,3,30000,3001
TTTACTAT,0.64256275,0.683131983672123,3,30000,3001
ATAGATTT,0.6425186,0.5316868016327877,3,30000,3001
TAGGATGT,0.6425044,0.5478909825588587,3,30000,3001
CGATCACT,0.6423966,0.7695955139570363,3,30000,3001
CAGAGTGT,0.64231086,0.6108625737022224,3,30000,3001
ATTATTCT,0.64195263,0.6239021976662681,3,30000,3001
TCGAAGAT,0.6417236,0.773842411248093,3,30000,3001
GAGTATGT,0.6413948,0.6047911598565127,3,30000,3001
CTATTCCT,0.64119077,0.5012163443697687,3,30000,3001
GATCACTT,0.64001155,0.9092792644208963,3,30000,3001
ATGGTACT,0.6399178,0.3848183729847854,3,30000,3001
GCGAGGAT,0.6398832,0.6075433966931926,3,30000,3001
GAGCAGAT,0.6397508,0.5297076650311302,3,30000,3001
ATAATTTT,0.6393782,0.5715684657568136,3,30000,3001
CACGGGAT,0.639151,0.6058631921824105,3,30000,3001
ATATTTGT,0.6391043,0.7086958314435328,3,30000,3001
TGCATATT,0.6390943,0.5025770007834083,3,30000,3001
GTAACGAT,0.63898814,0.5727951181297158,3,30000,3001
CATGGTGT,0.6382729,0.6407351667834907,3,30000,3001
TATAGCTT,0.6381218,0.6407867067991588,3,30000,3001
AGTATTCT,0.6380014,0.7262194367707089,3,30000,3001
TAACACAT,0.6373403,0.4478105801344163,3,30000,3001
CATCGTGT,0.6372527,0.5982249618603884,3,30000,3001
CCCTTGAT,0.6365853,0.7663484929699418,3,30000,3001
TCGTATGT,0.63657916,0.5401805962149012,3,30000,3001
GATCCATT,0.6361381,0.8683667999835072,3,30000,3001
CTGACGAT,0.63604164,0.6230466334061766,3,30000,3001
AAGCTGAT,0.6359476,0.7750381396115944,3,30000,3001
CATCCAAT,0.635814,0.49697975508184555,3,30000,3001
ATCACTGT,0.63580036,0.7389188966313445,3,30000,3001
CGGGGTGT,0.6356635,0.6635777017276214,3,30000,3001
TAATCATT,0.6353043,0.6686389312662351,3,30000,3001
ATAGGAAT,0.6350951,0.698439368325568,3,30000,3001
GGATCACT,0.63486683,0.9659217416402095,3,30000,3001
TATCGCGT,0.63458353,0.7216736073887766,3,30000,3001
GTACACAT,0.6342855,0.3895703624293902,3,30000,3001
AGCGCGAT,0.6329537,0.5992248381643508,3,30000,3001
AGATTCCT,0.6327451,0.49210406959963715,3,30000,3001
ACAATAGT,0.63246113,0.5188327217251474,3,30000,3001
GACGGGAT,0.63238084,0.6583515441388694,3,30000,3001
ATAATTCT,0.63228273,0.5680637446913783,3,30000,3001
CCCTATCT,0.63169444,0.8240733105182864,3,30000,3001
CTAATCCT,0.63164306,0.5325423658928793,3,30000,3001
CTGCCGAT,0.6314767,0.5039685812064487,3,30000,3001
ATAGGCAT,0.6306972,0.7036552179111862,3,30000,3001
ACGTTTAT,0.62962466,0.5189976497752855,3,30000,3001
TCGGGGGT,0.6294938,0.6987898404321116,3,30000,3001
TAATGCAT,0.6294149,0.7337752030676618,3,30000,3001
ACACCTAT,0.62925845,0.7181688863233414,3,30000,3001
GTACCCAT,0.62924117,0.4109388529254113,3,30000,3001
GGTGTTAT,0.629185,0.8392673071372614,3,30000,3001
TACAGTGT,0.6291239,0.5716818537912836,3,30000,3001
GAATACGT,0.62911355,0.5775986475899889,3,30000,3001
GCGTTTAT,0.62842983,0.48769224425844226,3,30000,3001
ATACCAAT,0.62836736,0.768307013565332,3,30000,3001
GATGCTAT,0.6280254,0.6883066012452068,3,30000,3001
GAACAGAT,0.62800705,0.6707005318929617,3,30000,3001
GCCTAGAT,0.62753814,0.56605368408032,3,30000,3001
ATTCCTAT,0.6272041,0.698439368325568,3,30000,3001
ATAGTACT,0.6268401,0.6405186987176845,3,30000,3001
AGTCTTAT,0.62680113,0.6338906527027585,3,30000,3001
ACATACTT,0.62664217,0.5417783367006144,3,30000,3001
CGACGTAT,0.62659913,0.7462478868593576,3,30000,3001
TCTCCCAT,0.6259141,0.5654970519111038,3,30000,3001
TGTTTATT,0.62579334,0.6717519482125923,3,30000,3001
GGAATAGT,0.625496,0.5606213664288954,3,30000,3001
ACATGATT,0.62503535,0.4906609491609285,3,30000,3001
ACGATCGT,0.6248779,0.6868840968127655,3,30000,3001
TCAATACT,0.6246143,0.7596070589205459,3,30000,3001
GGATGAAT,0.6241899,0.48625943182286724,3,30000,3001
ATTAAAAT,0.6240587,0.6157485671875644,3,30000,3001
ATTATGGT,0.6235051,0.5396755040613532,3,30000,3001
AATATGCT,0.6232632,0.7121387044901663,3,30000,3001
ATCGAGCT,0.62261957,0.6269430585906899,3,30000,3001
TGTACGAT,0.62246245,0.7546179854038676,3,30000,3001
CTCGCTAT,0.6222763,0.4568713148888797,3,30000,3001
TAAATACT,0.622216,0.6712674720653116,3,30000,3001
TGAGACAT,0.6217202,0.6529604584999793,3,30000,3001
TTATTACT,0.62163293,0.6418071991093885,3,30000,3001
AGATGCAT,0.6215829,0.43374015585700737,3,30000,3001
ATACTCCT,0.62043184,0.8210324495938647,3,30000,3001
GCTGTTAT,0.6204173,0.6090895971632376,3,30000,3001
AAGAATCT,0.6203184,0.4412546901414258,3,30000,3001
ATCCACAT,0.6199882,0.7097678637694307,3,30000,3001
AATGTTAT,0.6186602,0.7517832845421185,3,30000,3001
TAGACATT,0.61856765,0.5127406918731703,3,30000,3001
ATACTAGT,0.6179949,0.7895311920174823,3,30000,3001
CCGTGGAT,0.61797667,0.562487114996083,3,30000,3001
CGGAAGAT,0.61795956,0.7787490207397022,3,30000,3001
GGCTGGAT,0.61778176,0.6111511977899642,3,30000,3001
GAAATCAT,0.6177807,0.5407372283841175,3,30000,3001
GCGATCGT,0.61747044,0.6581556920793304,3,30000,3001
TGGTTCAT,0.6174232,0.5660949160928544,3,30000,3001
CCTATCTT,0.61740875,0.7814394095575804,3,30000,3001
ACTACTAT,0.61727643,0.7235393559559642,3,30000,3001
CGCGGGAT,0.61720085,0.7343112192306106,3,30000,3001
ATCCCTCT,0.6169599,0.8725209252463614,3,30000,3001
GATTTAAT,0.6165203,0.6020698470292334,3,30000,3001
TCATCAGT,0.61635864,0.5950500968952294,3,30000,3001
CAGGGATT,0.6158238,0.4461612996330351,3,30000,3001
GCAGATCT,0.6158193,0.7367026759576134,3,30000,3001
TATGAGGT,0.6150967,0.5883395868552344,3,30000,3001
ATCTAACT,0.61469704,0.7055415824846412,3,30000,3001
GCAGCGAT,0.61457413,0.5316558776233867,3,30000,3001
ATAGGAGT,0.61442673,0.6765245536634643,3,30000,3001
TAGGGGGT,0.61435544,0.7646373644497587,3,30000,3001
CGCTATCT,0.61389196,0.6407867067991588,3,30000,3001
CTAGTATT,0.6137095,0.6748237331464149,3,30000,3001
GCCCGGAT,0.6136216,0.6141817507112523,3,30000,3001
AAGATCTT,0.61334884,0.7867789551808024,3,30000,3001
ATCTCGTT,0.61314857,0.5944316167072115,3,30000,3001
TATGAAAT,0.61252314,0.6359110213169505,3,30000,3001
GGATTTTT,0.6124914,0.7572052941904095,3,30000,3001
CTGATCTT,0.6121139,0.8223827980043706,3,30000,3001
CTAATAAT,0.6121061,0.5908856636292418,3,30000,3001
CGGGTTAT,0.6119993,0.5666824722714715,3,30000,3001
CCGTCTAT,0.6118283,0.5495918030759082,3,30000,3001
TATTAGCT,0.61179864,0.5969983094874861,3,30000,3001
TCTTATGT,0.61149913,0.5160083288665319,3,30000,3001
CCGGCTAT,0.61147714,0.7769245041850493,3,30000,3001
TCTCAAAT,0.6113974,0.8053436688244753,3,30000,3001
CATCTTAT,0.6113634,0.7173236300663836,3,30000,3001
AGGGGTGT,0.61126596,0.7482579474704161,3,30000,3001
TGGGATGT,0.61090016,0.48961984084443166,3,30000,3001
GGTACGAT,0.6108349,0.6301900795777842,3,30000,3001
CGAGCGAT,0.6105062,0.6963365356863068,3,30000,3001
ATGTGTCT,0.61041135,0.6089452851193666,3,30000,3001
AATAGTTT,0.6102312,0.5579000536016163,3,30000,3001
ACGATCTT,0.60930383,0.8157753679957119,3,30000,3001
CTGTTATT,0.60892284,0.587143858491733,3,30000,3001
CATCGATT,0.60754216,0.5873087865418711,3,30000,3001
AATACTCT,0.6074986,0.7786768647177669,3,30000,3001
AAATACTT,0.6068588,0.5961736692367955,3,30000,3001
TTGGGATT,0.6068587,0.6097390013606565,3,30000,3001
ACGGGTGT,0.6063187,0.6712468560590442,3,30000,3001
TGTCTCAT,0.6060443,0.6501979136601658,3,30000,3001
AGATTGCT,0.6059648,0.6939244629530367,3,30000,3001
TGGTAAAT,0.6059531,0.3986414051869872,3,30000,3001
GATGCGAT,0.60572636,0.759885375005154,3,30000,3001
ATCGTAGT,0.6054621,0.6732259926607017,3,30000,3001
ATAATGCT,0.60494155,0.6353956211602688,3,30000,3001
TATTAACT,0.6045304,0.7824702098709438,3,30000,3001
TCGAGATT,0.60407925,0.4756937286108935,3,30000,3001
AACATACT,0.60386753,0.5316146456108523,3,30000,3001
TACATCTT,0.6037777,0.771822042633901,3,30000,3001
TTGTTCAT,0.60376656,0.48773347627097674,3,30000,3001
GCTTCGAT,0.60298747,0.5100296870490248,3,30000,3001
TACCCCAT,0.60261244,0.5709293695625284,3,30000,3001
AGCCTTAT,0.60223186,0.6749989691996867,3,30000,3001
AGCATCCT,0.6013405,0.38843648208469056,3,30000,3001
CGCTGTAT,0.60119575,0.7369294520265535,3,30000,3001
TTAATACT,0.6010298,0.8267946233455655,3,30000,3001
ATTATGCT,0.600976,0.6246546818950234,3,30000,3001
GATGGATT,0.60083574,0.6711747000371089,3,30000,3001
TATAGCGT,0.6006653,0.6549602111079041,3,30000,3001
CATAGATT,0.6001657,0.5673937244876923,3,30000,3001
TGATGGTT,0.5998981,0.4617985403867563,3,30000,3001
AAATCACT,0.59974307,0.5002680080814744,3,30000,3001
TATTCACT,0.5993922,0.4319362553086216,3,30000,3001
CATGATGT,0.5992644,0.5584773017770998,3,30000,3001
TATCTCGT,0.5992281,0.7303632540304292,3,30000,3001
GGTATTCT,0.5992267,0.7582257865006392,3,30000,3001
GATAGAAT,0.59922004,0.662660289448728,3,30000,3001
TAATAAGT,0.59908795,0.6670824227930565,3,30000,3001
CTAGGGGT,0.598823,0.5870923184760648,3,30000,3001
AACTCGAT,0.59878385,0.6733806127077062,3,30000,3001
ATCACCAT,0.5987397,0.728992289613656,3,30000,3001
GCCGCTAT,0.5984346,0.5655588999299056,3,30000,3001
AACCATCT,0.59804356,0.6242939017853462,3,30000,3001
TCATTCTT,0.5973147,0.621995217086546,3,30000,3001
TCTCAATT,0.5972223,0.7157052735744033,3,30000,3001
GCCGAGAT,0.5969114,0.5895250072156022,3,30000,3001
AATCATCT,0.5968906,0.7145095452109017,3,30000,3001
GAAGTATT,0.5965462,0.7280748773347628,3,30000,3001
GATAAGGT,0.596252,0.7297963138580794,3,30000,3001
ACTGTATT,0.59617263,0.5631365191935018,3,30000,3001
AGCAATCT,0.59610516,0.6939244629530367,3,30000,3001
CGGGTACT,0.59597087,0.36285201830701364,3,30000,3001
ACACTCAT,0.5958673,0.5507256834206078,3,30000,3001
CCCACGAT,0.59577876,0.5617655547767287,3,30000,3001
GAGGTACT,0.5954796,0.4808683461839772,3,30000,3001
GGACACTT,0.59533995,0.41042345276872966,3,30000,3001
TCTCCATT,0.5953384,0.5471178823238362,3,30000,3001
GGAATCCT,0.5953298,0.3557601121510741,3,30000,3001
CATGTAAT,0.5951214,0.679400486537748,3,30000,3001
AAGGTACT,0.59469706,0.5154826207067167,3,30000,3001
AACAGTGT,0.5946623,0.5142353523275471,3,30000,3001
TAGAATCT,0.5945705,0.5924318640992866,3,30000,3001
TCAAGTGT,0.59422535,0.5228631509503979,3,30000,3001
TAACACGT,0.5941542,0.4800024739207521,3,30000,3001
ATTCTTTT,0.5939973,0.6760606935224508,3,30000,3001
ATCAGCGT,0.5938606,0.6389209582319713,3,30000,3001
ACCATACT,0.5936032,0.595905661155321,3,30000,3001
ATAGTGGT,0.59330845,0.512720075866903,3,30000,3001
GGCAGGAT,0.59311473,0.5276151403950027,3,30000,3001
TATTGCAT,0.5929506,0.6907186739784769,3,30000,3001
AAGATTCT,0.5928366,0.28542860677029647,3,30000,3001
TATGCATT,0.59269303,0.5277182204263391,3,30000,3001
CCCCCGAT,0.5926749,0.6510431699171236,3,30000,3001
ATGATGCT,0.5925111,0.5958541211396527,3,30000,3001
CCATGAAT,0.59244436,0.3459365851647219,3,30000,3001
AGATCTGT,0.59238803,0.6465591885539933,3,30000,3001
TAGAGAAT,0.59210366,0.6074712406712571,3,30000,3001
GATCAGTT,0.5916557,0.8914361109965778,3,30000,3001
CTCTCGAT,0.5912241,0.5834535933698923,3,30000,3001
TTCATAAT,0.59099287,0.8045396445800519,3,30000,3001
AATAGTGT,0.5907966,0.7338473590895972,3,30000,3001
AGATTACT,0.5907312,0.6569496557126954,3,30000,3001
TGAATTAT,0.59047806,0.6716694841875231,3,30000,3001
TCTACAAT,0.59042937,0.6091617531851731,3,30000,3001
CTACTCTT,0.5900505,0.6151919350183483,3,30000,3001
TATAACCT,0.58995885,0.7050261823279594,3,30000,3001
TTCGGTGT,0.58985895,0.5329031460025564,3,30000,3001
ATCCAACT,0.5897707,0.7824908258772111,3,30000,3001
ATCCTAGT,0.5896658,0.684451408073228,3,30000,3001
TACCTGTT,0.58954865,0.5137818001896672,3,30000,3001
GTATGATT,0.5894287,0.6701129757143447,3,30000,3001
GCGATGAT,0.58934706,0.8054055168432771,3,30000,3001
TCGGATTT,0.58919716,0.4715705273574403,3,30000,3001
TACCATGT,0.58914804,0.5770523234239063,3,30000,3001
CATTTTAT,0.5890265,0.5101636910897621,3,30000,3001
CGGCTATT,0.5889411,0.4861151197789964,3,30000,3001
AAGGGTCT,0.5887164,0.41526821424153715,3,30000,3001
TTCAATCT,0.58844787,0.6019667669978971,3,30000,3001
ACATCGCT,0.588445,0.4117634931761019,3,30000,3001
TAGCTAAT,0.5883074,0.6919762503607801,3,30000,3001
CATAATGT,0.58799475,0.5560343050344287,3,30000,3001
CCGATCGT,0.5877699,0.7706263142703996,3,30000,3001
CAGGGGGT,0.5872322,0.6463633364944543,3,30000,3001
ATGGATTT,0.58709204,0.7064486867604007,3,30000,3001
GCATAAAT,0.5870842,0.3818496680822991,3,30000,3001
CATCAACT,0.58708113,0.4504906609491609,3,30000,3001
CCATCGTT,0.586359,0.2967055621984909,3,30000,3001
TTAGGTGT,0.58629096,0.7679462334556549,3,30000,3001
AGGTTATT,0.5860287,0.5484579227312085,3,30000,3001
GACCTTAT,0.58585954,0.6550117511235723,3,30000,3001
GGATCTGT,0.5856244,0.7048715622809549,3,30000,3001
TACGTTTT,0.58546346,0.45224302148187856,3,30000,3001
ATAAGATT,0.5850903,0.706551766791737,3,30000,3001
CATTTAAT,0.5847854,0.7320434585412113,3,30000,3001
ACGCTTAT,0.58471096,0.5066383540180597,3,30000,3001
CAGATCTT,0.5846452,0.6789469343998681,3,30000,3001
TTGGCGAT,0.5844057,0.6900486537747907,3,30000,3001
AGGATGCT,0.5842785,0.38843648208469056,3,30000,3001
TAACTATT,0.58414394,0.6050900919473879,3,30000,3001
CGGCAGAT,0.5841294,0.5479837545870614,3,30000,3001
TCAGACAT,0.5839918,0.7199315548591927,3,30000,3001
CATTATGT,0.58398044,0.40842370016080487,3,30000,3001
TTACCAAT,0.5835492,0.4719106914608502,3,30000,3001
CTATTTCT,0.58336836,0.6008431946563312,3,30000,3001
AGTTTAAT,0.58336145,0.5146579804560261,3,30000,3001
GTCATAAT,0.5832433,0.5694140931018843,3,30000,3001
ATACAATT,0.58301723,0.6571042757596999,3,30000,3001
TATGGAAT,0.5828112,0.46702469797550816,3,30000,3001
TCATGCTT,0.58277947,0.5385210077103864,3,30000,3001
TACCCTGT,0.5827749,0.7188182905207603,3,30000,3001
TAGACCAT,0.5815638,0.3010452315177504,3,30000,3001
CTCCATCT,0.58147615,0.6173772316826784,3,30000,3001
AGTATTGT,0.5813387,0.7621222116851523,3,30000,3001
ACCTTGAT,0.58125603,0.7779965365109471,3,30000,3001
AAGTATGT,0.5810705,0.5417783367006144,3,30000,3001
GCATCCAT,0.58082545,0.26313239599224836,3,30000,3001
TGACCCTT,0.5805847,0.5348719746010803,3,30000,3001
GCCGTGAT,0.57947147,0.6748649651589494,3,30000,3001
CAGATTGT,0.57922316,0.564734259679215,3,30000,3001
CAGCAGAT,0.5789064,0.6373644497587927,3,30000,3001
ATCTTTCT,0.57885766,0.7053663464313693,3,30000,3001
AAATATTT,0.5786379,0.5946377767698842,3,30000,3001
TGGGGGGT,0.578541,0.637075825671051,3,30000,3001
TGAGCCAT,0.5785311,0.667855523028079,3,30000,3001
TAGTAAAT,0.57827216,0.5840411495485095,3,30000,3001
ATTGTGTT,0.5782632,0.6778027460520348,3,30000,3001
TCTTCCAT,0.5782419,0.6136560425514369,3,30000,3001
GGGCCGAT,0.5781535,0.6461056364161135,3,30000,3001
ATCTTACT,0.5781031,0.8010864635302849,3,30000,3001
AAATACGT,0.5780857,0.5864016822661114,3,30000,3001
TAATGGTT,0.577982,0.44111037809755493,3,30000,3001
TTATGACT,0.577556,0.5019688285985239,3,30000,3001
TGCATAAT,0.57752615,0.470343874984538,3,30000,3001
TATTTGCT,0.57747996,0.581948624912382,3,30000,3001
CGATTGTT,0.57747316,0.5305632292912217,3,30000,3001
GAACACAT,0.57691985,0.33362882942316413,3,30000,3001
GATCACAT,0.57677114,0.8888900342225705,3,30000,3001
GTGTTAAT,0.57663816,0.8266296952954274,3,30000,3001
GTCGCTAT,0.57653135,0.6149136189337401,3,30000,3001
TCCCATGT,0.5763196,0.695996371582897,3,30000,3001
AAGCATCT,0.5756475,0.44774873211561456,3,30000,3001
ACTGTTAT,0.5755999,0.666226858532965,3,30000,3001
CAATCGGT,0.5752612,0.5386756277573909,3,30000,3001
GGCATGAT,0.57500505,0.745732486702676,3,30000,3001
TCAATCTT,0.5740448,0.6352513091163979,3,30000,3001
TAAATCTT,0.5739582,0.49519647053972704,3,30000,3001
TGCCTATT,0.5736563,0.5900404073722838,3,30000,3001
TATGAAGT,0.57360685,0.5986063579763329,3,30000,3001
CCCACTAT,0.57328093,0.6165938234445223,3,30000,3001
ATTTAATT,0.57310647,0.6810188430297283,3,30000,3001
CAATAGTT,0.5728938,0.5468911062548962,3,30000,3001
AAATAGCT,0.572877,0.5230383870036697,3,30000,3001
ACATTTCT,0.57249093,0.4730445718055498,3,30000,3001
ACAGGTGT,0.5724666,0.6734115367171072,3,30000,3001
TCGTTAAT,0.57235426,0.7119016204180926,3,30000,3001
TACCATTT,0.57199186,0.5095142868923432,3,30000,3001
CAGATTCT,0.5711385,0.6156248711499608,3,30000,3001
ACATCACT,0.57073927,0.4750546324166083,3,30000,3001
CGCCGTAT,0.5707269,0.7872221993155486,3,30000,3001
TCTTTATT,0.57044435,0.6850389642518452,3,30000,3001
TAAATCGT,0.56973165,0.599503154248959,3,30000,3001
CGATTTTT,0.5696854,0.3825299962891189,3,30000,3001
ATTGTAAT,0.5691632,0.436080072568342,3,30000,3001
TAGGATTT,0.56813496,0.49493877046138623,3,30000,3001
GAAATAGT,0.5681213,0.4478827361563518,3,30000,3001
AGTGTAGT,0.56805164,0.6351585370881953,3,30000,3001
TCCTACAT,0.5679698,0.517636993361646,3,30000,3001
ACACGTGT,0.56790143,0.2630499319671793,3,30000,3001
TAAACGTT,0.5678145,0.3009318434832804,3,30000,3001
GAGAGATT,0.5674502,0.6450748361027502,3,30000,3001
GGACTCAT,0.5672981,0.34284418422463203,3,30000,3001
GAGCTATT,0.5672948,0.5588999299055787,3,30000,3001
CATACTTT,0.5670665,0.5472621943677071,3,30000,3001
ATCGCGCT,0.5669148,0.5992248381643508,3,30000,3001
ACTTCGAT,0.5668611,0.627922318888385,3,30000,3001
GAGGCGAT,0.56673515,0.7182307343421432,3,30000,3001
TGTGGATT,0.56635505,0.6449923720776812,3,30000,3001
AGCCCGAT,0.56616575,0.7833670061435698,3,30000,3001
CGTGCGAT,0.56600773,0.6771430338514823,3,30000,3001
GTATTAGT,0.5659419,0.7144992372077682,3,30000,3001
GCCAGGAT,0.56590825,0.6299117634931761,3,30000,3001
AACTTATT,0.5658489,0.6289015791860801,3,30000,3001
GGTGTCAT,0.5658091,0.961272832226941,3,30000,3001
CACCTTAT,0.56557757,0.6888529254112894,3,30000,3001
CGAATTAT,0.564988,0.6328186203768605,3,30000,3001
ACGGGGGT,0.5648731,0.42639054962272704,3,30000,3001
TACGGGGT,0.5646102,0.6577433719539851,3,30000,3001
TTGTCCAT,0.5642777,0.29984950315424896,3,30000,3001
TACCTGCT,0.5641844,0.5215746505586937,3,30000,3001
CCAGCTAT,0.563699,0.4944749103203728,3,30000,3001
ACATGAGT,0.5635849,0.32536181090999056,3,30000,3001
TGAAACTT,0.5629541,0.5098956830082876,3,30000,3001
TCAGTAAT,0.56240165,0.6021007710386345,3,30000,3001
GTATGTGT,0.562396,0.6038737475776192,3,30000,3001
TTTTATTT,0.5621596,0.5633323712530408,3,30000,3001
CAGGGTCT,0.56211364,0.488290108440193,3,30000,3001
TCTTGTCT,0.56205803,0.6869562528347009,3,30000,3001
TCACGCAT,0.56205416,0.5414484806003381,3,30000,3001
ATAATGGT,0.5619799,0.5370057312497423,3,30000,3001
CATCATTT,0.56164324,0.36280047829134543,3,30000,3001
GCGTATTT,0.56162995,0.6058013441636086,3,30000,3001
ATCACGGT,0.5614449,0.725652496598359,3,30000,3001
AATACCGT,0.56142217,0.8424112480930194,3,30000,3001
CAATACCT,0.56101364,0.7914587886034717,3,30000,3001
GCTACGAT,0.5609958,0.6106667216426833,3,30000,3001
GTCCATCT,0.5608881,0.3859419453263514,3,30000,3001
TCTAGGTT,0.56029236,0.6093369892384447,3,30000,3001
AATAGGGT,0.56026036,0.728600585494578,3,30000,3001
ATCGGACT,0.5597128,0.5706201294685194,3,30000,3001
ACTATTCT,0.55970854,0.5558281449717561,3,30000,3001
GGATTGGT,0.5594395,0.5839896095328414,3,30000,3001
ATCCGCTT,0.55905706,0.8368036943883231,3,30000,3001
TTTGTCAT,0.5588266,0.4111656289943512,3,30000,3001
TACACATT,0.5588176,0.5315424895889168,3,30000,3001
GAGTTGAT,0.55815506,0.7484641075330887,3,30000,3001
GCAACGAT,0.55803776,0.6543108069104853,3,30000,3001
GCCTTGAT,0.5579578,0.5086174906197172,3,30000,3001
AGGATTCT,0.5570616,0.41983465962973654,3,30000,3001
ATCTCATT,0.55703765,0.7829959180307592,3,30000,3001
CATTGATT,0.5567589,0.4502226528676865,3,30000,3001
GTGCAGAT,0.55664337,0.58520595390261,3,30000,3001
TCTACTTT,0.55655,0.6222219931554859,3,30000,3001
TAGCTACT,0.55644494,0.4661279017028821,3,30000,3001
CTAATCTT,0.5563308,0.6397971384983301,3,30000,3001
CGGTATTT,0.5562898,0.7034078258359792,3,30000,3001
CCATCATT,0.55592376,0.4270605698264132,3,30000,3001
CCATCGCT,0.5557737,0.43266812353110956,3,30000,3001
AAGACTCT,0.55560917,0.4820846905537459,3,30000,3001
TAAGGGGT,0.55556625,0.48983630891023794,3,30000,3001
CAGGTAAT,0.55521494,0.44530573537294355,3,30000,3001
AGTTCGAT,0.5547743,0.6774213499360904,3,30000,3001
ATGTAAGT,0.5546709,0.3855502412072733,3,30000,3001
ATGCATCT,0.55452466,0.43374015585700737,3,30000,3001
AAGATTGT,0.55444837,0.6080278728404734,3,30000,3001
GGGGCGAT,0.55443126,0.7556075537046963,3,30000,3001
AAGTGTCT,0.55409956,0.5711149136189336,3,30000,3001
ATCGGCGT,0.5538283,0.5592194780027214,3,30000,3001
AAATAGGT,0.55336696,0.5423040448604297,3,30000,3001
TTGTGTCT,0.55299616,0.42018513173628,3,30000,3001
TCCTGTCT,0.55282074,0.4264420896383952,3,30000,3001
AGTATGGT,0.55249095,0.595905661155321,3,30000,3001
CGTTTATT,0.5523355,0.4304312868511112,3,30000,3001
GTGGCGAT,0.5519803,0.64025069063621,3,30000,3001
AAGTATTT,0.5515135,0.5961736692367955,3,30000,3001
GAAGTTAT,0.55151004,0.45650022677606894,3,30000,3001
GTCTATTT,0.55136174,0.7342287552055415,3,30000,3001
TAAGACAT,0.5513535,0.5866593823444523,3,30000,3001
AATCCATT,0.55124086,0.6563517915309446,3,30000,3001
GGGGATGT,0.55102164,0.5649610357481549,3,30000,3001
AGGTAAAT,0.5509177,0.5663938481837298,3,30000,3001
ACCGACAT,0.55091065,0.47905413763245785,3,30000,3001
AGCATCAT,0.55076957,0.5958541211396527,3,30000,3001
CGATGCAT,0.55032164,0.3173421844720241,3,30000,3001
GCCATGAT,0.5501352,0.6541458788603473,3,30000,3001
TAATGGGT,0.55000496,0.3755720941739166,3,30000,3001
GCTGTATT,0.5499353,0.6127489382756772,3,30000,3001
TACTCTCT,0.54977393,0.5133591720611883,3,30000,3001
AGACTTTT,0.54950255,0.44059497794087327,3,30000,3001
AGAGGTGT,0.5490425,0.6612996330350884,3,30000,3001
AGCATACT,0.5490261,0.40733105182863977,3,30000,3001
CTCCTGGT,0.548859,0.4683956623922814,3,30000,3001
TGGATGTT,0.54881305,0.49317610192553496,3,30000,3001
TATTTTCT,0.5486745,0.660444068774997,3,30000,3001
TCCGACAT,0.5480187,0.5192141178410918,3,30000,3001
ACACCCAT,0.5478169,0.643786335711046,3,30000,3001
TTGGGGGT,0.5475438,0.6191914402341978,3,30000,3001
TTACGAAT,0.5474862,0.4812497422999217,3,30000,3001
AATAGGTT,0.5473511,0.4931657939224014,3,30000,3001
GTCTACAT,0.54713273,0.5076279223188884,3,30000,3001
GGGTAAAT,0.5470754,0.5999567063868388,3,30000,3001
CGAATCGT,0.5470173,0.4099595926277162,3,30000,3001
TGTGGGGT,0.5469303,0.49350595802581126,3,30000,3001
TACCTTTT,0.5468394,0.6042036036778955,3,30000,3001
CAAAGTGT,0.5467829,0.5505195233579352,3,30000,3001
TTACCGTT,0.54603714,0.34418422463200427,3,30000,3001
GGTTTCAT,0.54589397,0.7235805879684988,3,30000,3001
GATTGAGT,0.545737,0.3952088401434874,3,30000,3001
CAATATGT,0.5456707,0.6529089184843112,3,30000,3001
TTACTCCT,0.54562026,0.46476724528924257,3,30000,3001
ATGTTGTT,0.54554534,0.408475240176473,3,30000,3001
GTTGTCAT,0.54545486,0.49498000247392077,3,30000,3001
GAATCACT,0.5453919,0.544427493505958,3,30000,3001
TCGGGGTT,0.5453492,0.5953902609986393,3,30000,3001
GCCCCTAT,0.5445314,0.6719581082752649,3,30000,3001
ACCATCCT,0.5445092,0.48296087082010475,3,30000,3001
AGGGTAGT,0.5444553,0.6676905949779409,3,30000,3001
GGATCTCT,0.5440991,0.8153011998515648,3,30000,3001
CGTGGATT,0.5437874,0.4228652125510246,3,30000,3001
GGGTGTCT,0.543676,0.7417329814868264,3,30000,3001
AATAATGT,0.5435709,0.6474044448109513,3,30000,3001
TTTAGTGT,0.5434909,0.4562631427039954,3,30000,3001
TCTCCCTT,0.5431409,0.6669690347585866,3,30000,3001
CGGACTAT,0.5429898,0.5946893167855523,3,30000,3001
ACGTGATT,0.54298604,0.6240980497258072,3,30000,3001
AGCGGAGT,0.54297155,0.2998907351667835,3,30000,3001
GATAGCAT,0.54290926,0.7690079577784191,3,30000,3001
GCCCCGAT,0.54279256,0.610790417680287,3,30000,3001
GCTCATCT,0.54268706,0.40503236712983964,3,30000,3001
CCTGCTAT,0.5426491,0.6971302519275966,3,30000,3001
AGACCCTT,0.54257727,0.41526821424153715,3,30000,3001
GCGACTAT,0.54247826,0.630561167690595,3,30000,3001
ACGAAGAT,0.54231906,0.49819609945161425,3,30000,3001
TCGGTCAT,0.5418208,0.6912649981445594,3,30000,3001
TATGGGCT,0.5417806,0.5604667463818909,3,30000,3001
TGGGGTTT,0.54164475,0.629860223477508,3,30000,3001
TGGAACAT,0.5413143,0.26971920999463983,3,30000,3001
AGACCTAT,0.54119784,0.6461159444192471,3,30000,3001
AATTTAAT,0.54102397,0.4563146827196636,3,30000,3001
GATCTTCT,0.54096717,0.8080443656454872,3,30000,3001
GATGGAGT,0.54092795,0.6487341772151899,3,30000,3001
CCAGGGGT,0.54090494,0.5502927472889951,3,30000,3001
GGATTACT,0.54074204,0.5541891724735085,3,30000,3001
TAAAGCAT,0.5406908,0.586803694388323,3,30000,3001
ATACAACT,0.5406112,0.7092730796190162,3,30000,3001
AATAAGGT,0.54060227,0.4961344988248877,3,30000,3001
AACTTTAT,0.5404902,0.5218323506370346,3,30000,3001
TCAGGAGT,0.5403767,0.530243681194079,3,30000,3001
ATTGTCAT,0.54025614,0.590906279635509,3,30000,3001
AGGAGTGT,0.54025316,0.4278336700614357,3,30000,3001
ACAGTTAT,0.54007024,0.5738568424524801,3,30000,3001
TAGTCGTT,0.54005855,0.42534944130623015,3,30000,3001
TACCGACT,0.53942734,0.4177524429967427,3,30000,3001
GTAGTCAT,0.53939605,0.6484352451243145,3,30000,3001
TGGGTCCT,0.5391184,0.4731991918525544,3,30000,3001
GGGGTCAT,0.5383263,0.7776769884138045,3,30000,3001
AGAGATGT,0.5382509,0.3788603471735455,3,30000,3001
GTAGTCTT,0.53769535,0.48116727827485256,3,30000,3001
TAATTGTT,0.5371538,0.5970601575062878,3,30000,3001
GTAGAAAT,0.53706986,0.35118335875974105,3,30000,3001
CAATCCAT,0.5369124,0.5706201294685194,3,30000,3001
ATTGGTTT,0.5368554,0.6249123819733642,3,30000,3001
CTCGTGTT,0.53678274,0.44131653816022764,3,30000,3001
ATGGATGT,0.53672445,0.5611058425761762,3,30000,3001
TAGCGGGT,0.5366963,0.364748690883602,3,30000,3001
GATTTTTT,0.5366713,0.5015255844637777,3,30000,3001
AGTTAAAT,0.53650206,0.5334082381561044,3,30000,3001
CATCCGGT,0.53622,0.48144559435946066,3,30000,3001
AGATTAGT,0.5361001,0.7757700078340823,3,30000,3001
TGACCCGT,0.53605944,0.5540964004453057,3,30000,3001
ATTAAATT,0.53582984,0.4563146827196636,3,30000,3001
TGAGACGT,0.5357501,0.6992021605574568,3,30000,3001
TTTGATGT,0.5355585,0.44649115573331133,3,30000,3001
CAGACTCT,0.5355438,0.33392776151403947,3,30000,3001
TTGGGTCT,0.53543425,0.2538964251845133,3,30000,3001
TATGTGGT,0.5354203,0.5786397559064859,3,30000,3001
GACATCCT,0.53504753,0.5785469838782831,3,30000,3001
TAGCGTGT,0.53497714,0.4861460437883973,3,30000,3001
TGTTACTT,0.53485966,0.3947965200181421,3,30000,3001
GTATCAGT,0.96848166,0.9528821176761637,4,40000,4001
GATACTAT,0.9620611,0.9461509916299015,4,40000,4001
TATATCGT,0.9594376,0.8963427204881871,4,40000,4001
CATATCAT,0.95569235,0.9850946274687667,4,40000,4001
ATATCATT,0.95148444,0.9719106914608502,4,40000,4001
TAGATGAT,0.9495045,0.8828701603925287,4,40000,4001
TCCGATAT,0.9444256,0.9331732156846575,4,40000,4001
GGTGATAT,0.9406019,0.9714055993073022,4,40000,4001
ATATCGAT,0.9354242,0.9604481919762504,4,40000,4001
AGATCAGT,0.9312028,0.9038778707788728,4,40000,4001
ATGGATAT,0.92806804,0.8911990269245043,4,40000,4001
AAGGGTAT,0.9261417,0.8678823238362264,4,40000,4001
TACTATAT,0.91378576,0.8904259266894817,4,40000,4001
ACTGATAT,0.9098556,0.9681585783202078,4,40000,4001
CAGGGTAT,0.9082742,0.8422050880303468,4,40000,4001
AGATCACT,0.9077001,0.9229476765760937,4,40000,4001
ATGATACT,0.9030218,0.9804354100523647,4,40000,4001
CGATATCT,0.90157443,0.9444501711128521,4,40000,4001
TGGTATAT,0.89980143,0.893281243557498,4,40000,4001
TGATCAAT,0.89573044,0.7988599348534202,4,40000,4001
TCCTATAT,0.8954216,0.8471838535438915,4,40000,4001
ATCATTAT,0.89349717,0.842957572259102,4,40000,4001
TATCACGT,0.8931196,0.8492557621737516,4,40000,4001
GATATATT,0.8869304,0.9091452603801592,4,40000,4001
AAGGATAT,0.8824069,0.8856945532511441,4,40000,4001
TGTATCGT,0.88237387,0.9111553209912175,4,40000,4001
CCAGATAT,0.88204473,0.8214756937286108,4,40000,4001
GATACCAT,0.8760802,0.94563559147322,4,40000,4001
TGATACCT,0.87106407,1.0,4,40000,4001
ATGATGAT,0.866799,0.7940770213994146,4,40000,4001
GTATACCT,0.8663152,0.8547499278439781,4,40000,4001
TAGGGGAT,0.865358,0.8879107739248753,4,40000,4001
ATCAATCT,0.8589476,0.7257452686265617,4,40000,4001
ATCCGTGT,0.85407597,0.8342988496268502,4,40000,4001
CATATTAT,0.84812903,0.7873974353688205,4,40000,4001
ATATACCT,0.847969,0.8896940584669938,4,40000,4001
GATACCTT,0.8462332,0.9706634230816805,4,40000,4001
ACGGGTAT,0.8451782,0.9023729023213624,4,40000,4001
TTATCTCT,0.8449978,0.8721498371335505,4,40000,4001
ATATACTT,0.84449637,0.7699872180761143,4,40000,4001
AGGATGAT,0.8441921,0.7300849379458211,4,40000,4001
AGCGATCT,0.8426607,0.7972518863645736,4,40000,4001
CGGATCAT,0.84171826,0.9577165711458376,4,40000,4001
TAGAGGAT,0.8413848,0.8202490413557086,4,40000,4001
CGTATCCT,0.8386704,0.8015709396775657,4,40000,4001
TATGAGAT,0.8382323,0.6803385148229085,4,40000,4001
TGGTGTAT,0.83798695,0.855368408031996,4,40000,4001
GCTATCAT,0.83791316,0.9723333195893292,4,40000,4001
TATCCGCT,0.83765286,0.8263616872139529,4,40000,4001
TATCCCGT,0.8375329,0.830876592586484,4,40000,4001
TCCGGTAT,0.8367119,0.7655444687255184,4,40000,4001
GGGATCCT,0.8364337,0.8163732321774625,4,40000,4001
TGGATCAT,0.8351834,0.8873953737681937,4,40000,4001
TTATCTAT,0.8305896,0.8218880138539562,4,40000,4001
GGGGTGAT,0.82861024,0.7577310023502247,4,40000,4001
GGATACTT,0.8277652,0.8904362346926153,4,40000,4001
TCGATGAT,0.82594585,0.8878695419123408,4,40000,4001
ATGAATAT,0.8248125,0.6561147074588711,4,40000,4001
CATAATAT,0.82363945,0.8067970972663175,4,40000,4001
GAGTGTAT,0.8233799,0.7981074506246649,4,40000,4001
TTATCCTT,0.8213608,0.7552570815981527,4,40000,4001
TAACGGAT,0.81963027,0.8103224343380201,4,40000,4001
CCTGATAT,0.8191387,0.9049808271141714,4,40000,4001
ATATCGCT,0.81736994,0.950768977033769,4,40000,4001
TGTCTGAT,0.81563485,0.8004576753391334,4,40000,4001
TATCCTCT,0.81551546,0.8584814249783531,4,40000,4001
ATATTACT,0.8152385,0.8152084278233621,4,40000,4001
TAGTGTAT,0.81481504,0.8526986352203851,4,40000,4001
TACACTAT,0.8140377,0.8287634519440894,4,40000,4001
CGTATAGT,0.81158686,0.686080072568342,4,40000,4001
AGGATCGT,0.810251,0.824166082546489,4,40000,4001
ACTATGAT,0.809897,0.689285861542902,4,40000,4001
GGGAGGAT,0.80970734,0.757751618356492,4,40000,4001
ATTATCCT,0.80680907,0.8173112604626231,4,40000,4001
GACGGTAT,0.8058263,0.8087246938523068,4,40000,4001
AGATAAGT,0.8035842,0.7923865088854988,4,40000,4001
AGATAGGT,0.80326253,0.8120438708613367,4,40000,4001
GGTGATCT,0.800831,0.7951696697315795,4,40000,4001
CGATACCT,0.79990506,0.9741062961283141,4,40000,4001
ATATTATT,0.7990467,0.8197645652084278,4,40000,4001
TGATCCCT,0.798438,0.9595307796973571,4,40000,4001
GAAAGTAT,0.7982584,0.7380014843524513,4,40000,4001
TAGATCTT,0.7977657,0.7696367459695708,4,40000,4001
TATAATGT,0.79661876,0.6357564012699459,4,40000,4001
TAGACGAT,0.79382825,0.7417123654805592,4,40000,4001
CATATAGT,0.7924046,0.6314476559600875,4,40000,4001
AGGAGGAT,0.79166406,0.8236197583804066,4,40000,4001
AAGATCCT,0.7913366,0.812538655011751,4,40000,4001
TCGGATCT,0.7889024,0.779037644827444,4,40000,4001
ACCAATAT,0.7882635,0.795581989856925,4,40000,4001
TCTTTGAT,0.7877885,0.840122871397353,4,40000,4001
AGAGAGAT,0.78731245,0.783645322228178,4,40000,4001
ATATATGT,0.7873081,0.8620583020657239,4,40000,4001
TATATGTT,0.787298,0.8075598894982063,4,40000,4001
CGGATACT,0.78667945,0.8700882365068239,4,40000,4001
CTATCATT,0.7851574,0.9190409433884469,4,40000,4001
GAGATCGT,0.78336084,0.7095101636910898,4,40000,4001
ATCCCGAT,0.7815199,0.7977363625118542,4,40000,4001
ATATAACT,0.78080106,0.8036325403042922,4,40000,4001
TATCCAGT,0.7793267,0.8181771327258485,4,40000,4001
ATTAGTAT,0.7753762,0.7976229744773843,4,40000,4001
TTATTAAT,0.77454656,0.7260132767080362,4,40000,4001
TCTATAAT,0.77351934,0.7849235146167485,4,40000,4001
GACCCTAT,0.77334166,0.7688017977157465,4,40000,4001
AATACCTT,0.7726601,0.8445553127448151,4,40000,4001
GATCTCTT,0.7700661,0.8239908464932173,4,40000,4001
TCCGTGAT,0.76934016,0.8436997484847235,4,40000,4001
AACAGTAT,0.7681995,0.7906032243433803,4,40000,4001
AGCTATAT,0.76773226,0.8355564260091535,4,40000,4001
GTTGATCT,0.7668452,0.7947882736156351,4,40000,4001
CGTGGTAT,0.76520973,0.7042015420772688,4,40000,4001
GATGTGAT,0.76415735,0.7765946480847731,4,40000,4001
ATCGTATT,0.76363564,0.8179503566569084,4,40000,4001
AGTCTGAT,0.7630625,0.7146744732610398,4,40000,4001
GGATCGCT,0.7626127,0.8183008287634519,4,40000,4001
CAAACGAT,0.7608323,0.7647507524842287,4,40000,4001
TACCCGAT,0.7608146,0.7954067538036531,4,40000,4001
ATATAGCT,0.76068664,0.8355564260091535,4,40000,4001
CGATCCCT,0.76043034,0.8518739949696944,4,40000,4001
CACCGTAT,0.76041096,0.7968911062548963,4,40000,4001
CTGAGTAT,0.7601649,0.7898301241083577,4,40000,4001
AACAGGAT,0.7596297,0.6590524883519565,4,40000,4001
GGATCGTT,0.75932634,0.8375561786170783,4,40000,4001
TCGACGAT,0.75853723,0.7537108811281079,4,40000,4001
CGTAGTAT,0.75843024,0.6557126953366594,4,40000,4001
GATCGATT,0.7581424,0.7759246278810868,4,40000,4001
TTTTTGAT,0.7577172,0.8764173504308745,4,40000,4001
ATCCGGCT,0.75763446,0.7302395579928257,4,40000,4001
AGGGTATT,0.7574464,0.8503896425184514,4,40000,4001
ACGTATCT,0.7558933,0.832031088937451,4,40000,4001
GGATAACT,0.7557174,0.8165897002432688,4,40000,4001
TAGGTATT,0.75521046,0.7951078217127778,4,40000,4001
CTAAATAT,0.7518628,0.7883870036696491,4,40000,4001
ATAATAAT,0.7513723,0.7568135900713313,4,40000,4001
CGGATAGT,0.74994254,0.7099843318352369,4,40000,4001
GGACGGAT,0.74878794,0.6784006102337855,4,40000,4001
GCGATCTT,0.74856794,0.6907186739784769,4,40000,4001
TATCCACT,0.74750346,0.8104255143693565,4,40000,4001
ACCCTATT,0.7470601,0.728600585494578,4,40000,4001
TGACGTAT,0.7461385,0.6474147528140849,4,40000,4001
AATAAGAT,0.74578077,0.7143961571764319,4,40000,4001
TTTTAGAT,0.74555284,0.7687296416938111,4,40000,4001
GTATACTT,0.7454077,0.8664701274069188,4,40000,4001
TATTCCAT,0.7446663,0.6475281408485548,4,40000,4001
GTAGGGAT,0.7421022,0.8007462994268751,4,40000,4001
CTATCTTT,0.7418953,0.7525048447614728,4,40000,4001
ATCTTTTT,0.7409795,0.6863583886529502,4,40000,4001
AGATACTT,0.7401724,0.8820558281449717,4,40000,4001
CTGATTAT,0.73896724,0.7338267430833298,4,40000,4001
ATCGCTAT,0.7389267,0.7647198284748279,4,40000,4001
GATATGGT,0.73846054,0.8862821094297613,4,40000,4001
CATGATCT,0.737236,0.7933554611800602,4,40000,4001
AGAAATAT,0.7371207,0.6085020409846205,4,40000,4001
CAAGATCT,0.73678756,0.7533294850121635,4,40000,4001
GATCTTGT,0.7359131,0.7242815321815858,4,40000,4001
GATCCTCT,0.7358078,0.860058549457799,4,40000,4001
TCAAAGAT,0.7352208,0.8126726590524883,4,40000,4001
GGTATTGT,0.73456615,0.7890467158702016,4,40000,4001
TTTATCAT,0.7335743,0.6059250402012123,4,40000,4001
AGGCGGAT,0.7333549,0.8085391497959015,4,40000,4001
AATGTGAT,0.73316455,0.7873768193625531,4,40000,4001
AACTGTAT,0.7330828,0.6500432936131613,4,40000,4001
CTGAATAT,0.73297954,0.7182307343421432,4,40000,4001
ACTAGTAT,0.7328529,0.7895311920174823,4,40000,4001
GGAAGTAT,0.73188,0.7423514616748443,4,40000,4001
ACTATTAT,0.73170024,0.7078711911928421,4,40000,4001
CGTAATAT,0.73016167,0.7322290025976168,4,40000,4001
GATGTTAT,0.7300727,0.6513627180142663,4,40000,4001
GACACGAT,0.72963095,0.765420772687915,4,40000,4001
TGCGGGAT,0.72945035,0.6403434626644127,4,40000,4001
AGACCGAT,0.7293516,0.6402197666268091,4,40000,4001
CTTGGTAT,0.72822535,0.7444336783078382,4,40000,4001
TCAGAGAT,0.72807854,0.8084773017770998,4,40000,4001
AATACCAT,0.7277531,0.7267451449305241,4,40000,4001
GAACATAT,0.72597575,0.8264338432358882,4,40000,4001
TCTTGGAT,0.7257489,0.7791304168556468,4,40000,4001
ATACAGAT,0.7253233,0.8401537954067538,4,40000,4001
AGCGGGAT,0.7239955,0.714643549251639,4,40000,4001
CACCATAT,0.72251284,0.8778810868758504,4,40000,4001
TAAGCTAT,0.72053385,0.736774831979549,4,40000,4001
ATATAGTT,0.7203536,0.7492062837587103,4,40000,4001
TATCTGCT,0.7182975,0.7449593864676535,4,40000,4001
AGTACGAT,0.7171442,0.7796355090091948,4,40000,4001
ATACTACT,0.71639174,0.8315466127901703,4,40000,4001
CGACGGAT,0.7163196,0.5768667793675009,4,40000,4001
AGCAGGAT,0.71604747,0.6377561538778708,4,40000,4001
TATCGAGT,0.7157982,0.8031686801632787,4,40000,4001
GTATTACT,0.7154884,0.6969240918649239,4,40000,4001
ATATGACT,0.7149258,0.8176411165628994,4,40000,4001
ATATGTGT,0.7145352,0.8192903970642808,4,40000,4001
ATACCCCT,0.71446013,0.9302148187853049,4,40000,4001
CTAGGGAT,0.71347034,0.7444646023172391,4,40000,4001
TCACTTAT,0.71320057,0.7588442666886571,4,40000,4001
ATCTGACT,0.71303344,0.6984187523193007,4,40000,4001
TAGTGGAT,0.7126147,0.7664618810044118,4,40000,4001
ATTTCTAT,0.7121709,0.663505545705686,4,40000,4001
TTATTATT,0.711824,0.7490619717148395,4,40000,4001
ATATTCCT,0.7114991,0.7907269203809838,4,40000,4001
TCCCCGAT,0.71115035,0.7391869047128191,4,40000,4001
ATCCTGCT,0.7109564,0.6377561538778708,4,40000,4001
CAGGATCT,0.7103966,0.8008184554488105,4,40000,4001
CCGTGTAT,0.70991695,0.7274254731373437,4,40000,4001
GTTCGTAT,0.7096396,0.6767204057230033,4,40000,4001
AACCTATT,0.70891935,0.4931657939224014,4,40000,4001
CAGATACT,0.7088955,0.8504205665278523,4,40000,4001
GATCCTTT,0.70873666,0.8642332907269203,4,40000,4001
GTCTTGAT,0.70782965,0.6381581660000825,4,40000,4001
GGTAAGAT,0.7068719,0.8278563476683297,4,40000,4001
GAATCTAT,0.7063476,0.6254174741269122,4,40000,4001
CCAGATCT,0.7053797,0.7624005277697604,4,40000,4001
ATCCGAAT,0.7049801,0.7784913206613616,4,40000,4001
GTCCGGAT,0.7045808,0.6624953613985899,4,40000,4001
TCCCAGAT,0.7042078,0.6923885704861255,4,40000,4001
TCTTTTAT,0.7040397,0.7210654352038923,4,40000,4001
GCGAGTAT,0.7039552,0.7527006968210119,4,40000,4001
TGGCGTAT,0.7035778,0.7996639590978436,4,40000,4001
AATATTTT,0.70312977,0.714839401311178,4,40000,4001
GATCGCAT,0.7013191,0.7884797756978519,4,40000,4001
GGGCTGAT,0.7009004,0.7972415783614398,4,40000,4001
GTCGGTAT,0.7007562,0.7909949284624583,4,40000,4001
CATTATCT,0.6994239,0.7148290933080444,4,40000,4001
ACGGCTAT,0.698404,0.5629303591308291,4,40000,4001
GCTCTGAT,0.6980219,0.5749907227971798,4,40000,4001
TATTTTAT,0.69792527,0.8233929823114666,4,40000,4001
CCCTGTAT,0.69769317,0.7896033480394179,4,40000,4001
AAGGTATT,0.6960153,0.8445553127448151,4,40000,4001
ATCTGAGT,0.69599175,0.6800808147445677,4,40000,4001
TATTACTT,0.6957711,0.6979858161876882,4,40000,4001
TGGTGGAT,0.6954265,0.7176431781635262,4,40000,4001
GACCCGAT,0.6947049,0.6969756318805921,4,40000,4001
GTGAGGAT,0.69370854,0.7348575433966932,4,40000,4001
ATCCTGTT,0.69361424,0.6590524883519565,4,40000,4001
TTACCTAT,0.69354147,0.6916051622479693,4,40000,4001
GGGAAGAT,0.6935004,0.7287552055415825,4,40000,4001
AGTGTATT,0.69030404,0.6865748567187564,4,40000,4001
ATCCCAAT,0.688938,0.7810683214447698,4,40000,4001
TAATTAAT,0.6886784,0.6243042097884798,4,40000,4001
AGATCGTT,0.68857265,0.7661217169010021,4,40000,4001
TGATTTAT,0.6883398,0.6523007462994269,4,40000,4001
CCCAGTAT,0.6883238,0.6618665732074384,4,40000,4001
AACGGGAT,0.68502027,0.6332515565084732,4,40000,4001
GACAGGAT,0.684515,0.7175607141384571,4,40000,4001
GCGGATCT,0.68374026,0.7882426916257782,4,40000,4001
TTTCTTAT,0.68350804,0.6487032532057889,4,40000,4001
ATCTGAAT,0.6826712,0.6099451614233291,4,40000,4001
CGACATAT,0.6826435,0.6764420896383952,4,40000,4001
GACTTGAT,0.6825871,0.7111491361893374,4,40000,4001
TCGCCTAT,0.6825743,0.6779882901084401,4,40000,4001
ATCAGCAT,0.6824124,0.6571351997691007,4,40000,4001
TAAGTATT,0.6820108,0.7760689399249577,4,40000,4001
ACCCGGAT,0.68014604,0.7346513833340206,4,40000,4001
GGTTCGAT,0.67977697,0.6140889786830496,4,40000,4001
CAAGGTGT,0.6796002,0.6013070547973446,4,40000,4001
AGGTTGAT,0.6795432,0.5784232878406795,4,40000,4001
CGTGTTAT,0.67849344,0.587875726714221,4,40000,4001
CGGGCGAT,0.67835313,0.5694965571269534,4,40000,4001
AGAGTATT,0.67711455,0.7786768647177669,4,40000,4001
GTGGGTGT,0.67677957,0.5526945120191317,4,40000,4001
GAGAAGAT,0.6767099,0.7410835772894074,4,40000,4001
CAGGTATT,0.6766572,0.6076670927307962,4,40000,4001
GGGGCTAT,0.6749859,0.6824516554653033,4,40000,4001
GATCTCCT,0.67461896,0.87339710551272,4,40000,4001
TTGTCTAT,0.6743811,0.6914505422009648,4,40000,4001
GCTCAGAT,0.6738189,0.4586442914278646,4,40000,4001
ATACCCGT,0.67292726,0.9023729023213624,4,40000,4001
GTCTGGAT,0.6725727,0.6201500845256257,4,40000,4001
AACCCGAT,0.6724537,0.7144373891889663,4,40000,4001
ATCTCCTT,0.67241275,0.7639364202366717,4,40000,4001
TCATTCAT,0.67149985,0.5968952294561498,4,40000,4001
TTTAAGAT,0.67138094,0.6898424937121181,4,40000,4001
CACCCTAT,0.67110956,0.637189213705521,4,40000,4001
AGAGCGAT,0.67101955,0.8023440399125882,4,40000,4001
GGTTTTAT,0.67035335,0.6313858079412856,4,40000,4001
GTTATAGT,0.6695694,0.46702469797550816,4,40000,4001
CACTATCT,0.6691667,0.8180946687007793,4,40000,4001
GATAACCT,0.66913503,0.7329196388075702,4,40000,4001
AGTATTTT,0.6690882,0.674483569043005,4,40000,4001
CAGTGGAT,0.6690722,0.5951428689234322,4,40000,4001
GAATACCT,0.66866577,0.60160598688822,4,40000,4001
GCTATATT,0.66858745,0.7166329938564301,4,40000,4001
TTTAGGAT,0.6680813,0.7410835772894074,4,40000,4001
CTACCGAT,0.6678902,0.518564713643673,4,40000,4001
CGTATTCT,0.6673455,0.615398095081021,4,40000,4001
CGAAAGAT,0.66610724,0.5532099121758134,4,40000,4001
TCTAGTGT,0.6656475,0.6026677112109842,4,40000,4001
CCCCTGAT,0.66412556,0.7747598235269864,4,40000,4001
ATCCCGCT,0.6639617,0.714643549251639,4,40000,4001
CTAATTAT,0.6632464,0.7199624788685937,4,40000,4001
GGTTAGAT,0.6629714,0.5432420731455903,4,40000,4001
AGGACTAT,0.6620383,0.6616810291510329,4,40000,4001
CTACCTAT,0.6620289,0.6929864346678761,4,40000,4001
CGATCGCT,0.6619867,0.7859130829175771,4,40000,4001
CATACGGT,0.66178435,0.7012946851935843,4,40000,4001
CAGCATAT,0.6607342,0.7805116892755536,4,40000,4001
ACACAGAT,0.66022295,0.8048076526615264,4,40000,4001
TCCAAGAT,0.65991044,0.7579062384034965,4,40000,4001
ATCTAAGT,0.65984154,0.7198593988372572,4,40000,4001
AGTGCTAT,0.65959114,0.6740815569207933,4,40000,4001
CCCATGAT,0.659198,0.6420339751783285,4,40000,4001
ATAAGTGT,0.6591366,0.5551581247680699,4,40000,4001
CTTCGTAT,0.6588674,0.6985115243475034,4,40000,4001
ATCCCACT,0.6584047,0.7813569455325116,4,40000,4001
GACCAGAT,0.65839857,0.6124396981816682,4,40000,4001
TCCACTAT,0.65795875,0.6649383581412609,4,40000,4001
GCCCGTAT,0.6576504,0.6843998680575599,4,40000,4001
TCTCTTGT,0.6576291,0.6155011751123572,4,40000,4001
GCCATATT,0.6576105,0.636684121551973,4,40000,4001
AGAACGAT,0.6572701,0.7468663670473756,4,40000,4001
ATACTGTT,0.655901,0.7906032243433803,4,40000,4001
CGCGATCT,0.6548222,0.6915536222323011,4,40000,4001
TTGCGGAT,0.65413564,0.712819032696986,4,40000,4001
ACACTTAT,0.65375805,0.5551581247680699,4,40000,4001
TTCACGAT,0.6536341,0.566136148105389,4,40000,4001
TCTGTCAT,0.6530992,0.5738671504556138,4,40000,4001
CTGCGTAT,0.6518894,0.6872551849255762,4,40000,4001
TCATACGT,0.65154797,0.6724219684162783,4,40000,4001
CCTCTTAT,0.6509549,0.5848967138086011,4,40000,4001
GGTACTAT,0.65092313,0.6062033562858203,4,40000,4001
ATCCTGGT,0.6502925,0.8152805838452976,4,40000,4001
TGAGTCAT,0.6501171,0.45553127448150743,4,40000,4001
AGAATACT,0.65008235,0.7262194367707089,4,40000,4001
GAGTAGAT,0.64813423,0.8121675668989404,4,40000,4001
CTATAGCT,0.64809847,0.6108522656990888,4,40000,4001
ATCCGCCT,0.64704305,0.8085391497959015,4,40000,4001
TTCAAGAT,0.6468937,0.6654949903104771,4,40000,4001
CCAAGGAT,0.64533645,0.6354265451696697,4,40000,4001
GATAGGCT,0.644745,0.8120644868676041,4,40000,4001
TTCCAGAT,0.64440924,0.6043685317280336,4,40000,4001
TTGTTAAT,0.64435345,0.6429204634478208,4,40000,4001
GAGGTAAT,0.6443316,0.5361089349771162,4,40000,4001
CTCTAGAT,0.6436431,0.7369603760359542,4,40000,4001
CCAATACT,0.64308363,0.7836659382344453,4,40000,4001
ACCGAGAT,0.6423201,0.698439368325568,4,40000,4001
AATACTTT,0.6419614,0.7657815527975921,4,40000,4001
CTAGTTAT,0.64140254,0.7524326887395374,4,40000,4001
ACCGCGAT,0.64107335,0.8024161959345236,4,40000,4001
GGGCATAT,0.6407179,0.8454314930111739,4,40000,4001
GCACGGAT,0.640583,0.6679998350719498,4,40000,4001
GATCTGTT,0.6405611,0.7906753803653157,4,40000,4001
ATCACGCT,0.6403282,0.5424689729105677,4,40000,4001
ATCAAGCT,0.6394341,0.729301529707665,4,40000,4001
ACTGGTGT,0.6390099,0.692512266523729,4,40000,4001
CCACTGAT,0.638648,0.8225580340576423,4,40000,4001
TAACACTT,0.637731,0.5920092359708077,4,40000,4001
CATATGGT,0.6376772,0.605172555972457,4,40000,4001
GCGCGGAT,0.63695943,0.7803158372160145,4,40000,4001
TCCGGATT,0.6365028,0.7505978641817507,4,40000,4001
CGATAACT,0.636354,0.7301570939677565,4,40000,4001
GCCCTGAT,0.6357614,0.6030594153300622,4,40000,4001
TATGCGTT,0.6356674,0.6151094709932792,4,40000,4001
CTCCCTAT,0.63527805,0.6587432482579474,4,40000,4001
GATTGATT,0.63505024,0.6421164392033976,4,40000,4001
TAATCGGT,0.6338626,0.5795880921947801,4,40000,4001
GATGATGT,0.6334779,0.5107409392652456,4,40000,4001
CACTAGAT,0.6333081,0.6298086834618398,4,40000,4001
ATTCATCT,0.63234425,0.6566610316249537,4,40000,4001
ATCTTAGT,0.6315901,0.6938110749185668,4,40000,4001
AATACAGT,0.6313899,0.5631365191935018,4,40000,4001
TTAATTAT,0.63056844,0.6734527687296417,4,40000,4001
TAGATGTT,0.6303014,0.4374922689976498,4,40000,4001
CCTGAGAT,0.63019955,0.7231167278274853,4,40000,4001
TTATGAAT,0.62998503,0.5999463983837051,4,40000,4001
GCAAATAT,0.6299243,0.7117882323836227,4,40000,4001
TACCTACT,0.62941146,0.37223230115861955,4,40000,4001
CGTGTCGT,0.6285334,0.5852471859151446,4,40000,4001
TTCCTGAT,0.62797755,0.576330763204552,4,40000,4001
TCTCTCTT,0.6266157,0.5395827320331505,4,40000,4001
TAATCAGT,0.62632465,0.6722364243598731,4,40000,4001
CTTTTTAT,0.6251878,0.6277058508225787,4,40000,4001
TCTCATTT,0.6250555,0.7397023048695007,4,40000,4001
TCATGAAT,0.62496436,0.5665690842370016,4,40000,4001
CTCGAGAT,0.6246953,0.6080897208592752,4,40000,4001
TGGCCGAT,0.6241927,0.5283573166206242,4,40000,4001
TTTTAAAT,0.62409675,0.6869562528347009,4,40000,4001
GAATATTT,0.62340033,0.596915845462417,4,40000,4001
GTCCTTAT,0.6222602,0.5326866779367501,4,40000,4001
TAATCTCT,0.6219839,0.7188904465426957,4,40000,4001
TAAATCAT,0.62184054,0.5420051127695543,4,40000,4001
TCATTACT,0.6217333,0.6341792767905001,4,40000,4001
TGTATGTT,0.62161666,0.6182534119490373,4,40000,4001
ATACCTGT,0.6211668,0.7847173545540758,4,40000,4001
CGGCGGAT,0.62094915,0.6315919680039582,4,40000,4001
GATGTAAT,0.62015706,0.6999237207768111,4,40000,4001
ATCCCCTT,0.619853,0.8236403743866737,4,40000,4001
CATATGTT,0.61960435,0.6593514204428319,4,40000,4001
GGTCAGAT,0.6181914,0.7234878159402961,4,40000,4001
CATCTCTT,0.6172373,0.6814620871644745,4,40000,4001
ACCCGACT,0.61683553,0.4257102214159073,4,40000,4001
AGATGATT,0.61640996,0.7145095452109017,4,40000,4001
ATAGAAGT,0.61626107,0.5888240630025152,4,40000,4001
GGAGTTAT,0.615922,0.5719395538696244,4,40000,4001
ACATCGAT,0.61539006,0.7406815651671959,4,40000,4001
TACGTAAT,0.6144538,0.6472292087576795,4,40000,4001
TATTTACT,0.61422163,0.6852348163113842,4,40000,4001
GTATTGTT,0.6135374,0.7698532140353771,4,40000,4001
AATAAAAT,0.61327404,0.5594771780810621,4,40000,4001
GAATTGAT,0.6132623,0.6884715292953448,4,40000,4001
CATCTTCT,0.61320263,0.5742073145590236,4,40000,4001
CCCGGGAT,0.61236846,0.746660206984703,4,40000,4001
TATTTCTT,0.6123214,0.4897744608914361,4,40000,4001
GATCGGCT,0.6121793,0.8444522327134788,4,40000,4001
TTAGCTAT,0.6117856,0.6822454954026306,4,40000,4001
TGGTATGT,0.6115675,0.504576753391333,4,40000,4001
CGATGGAT,0.6114597,0.6290768152393518,4,40000,4001
TACCCCTT,0.6114402,0.7350637034593659,4,40000,4001
GGAGTCAT,0.6110834,0.5869480064321939,4,40000,4001
TATTTGTT,0.61088586,0.7424957737187152,4,40000,4001
ATTTAAAT,0.61030656,0.507865006390962,4,40000,4001
AGATGAAT,0.61007154,0.6566610316249537,4,40000,4001
CGTCATAT,0.6099772,0.6833484517379294,4,40000,4001
CTGCCTAT,0.60941637,0.6778130540551685,4,40000,4001
AGTGGTGT,0.6090978,0.812538655011751,4,40000,4001
CATACTGT,0.6086899,0.4698697068403909,4,40000,4001
ATCGACCT,0.6068507,0.6347977569785181,4,40000,4001
CATAATCT,0.60660857,0.6513627180142663,4,40000,4001
ATCTGGCT,0.6058387,0.6544757349606234,4,40000,4001
AATACTGT,0.6058091,0.7424030016905125,4,40000,4001
TATGACAT,0.60578763,0.5410155444687256,4,40000,4001
GCACTGAT,0.6052514,0.6207685647136436,4,40000,4001
ATCGTAAT,0.60516715,0.6908114460066795,4,40000,4001
CGGGGGGT,0.60507894,0.6815857832020782,4,40000,4001
TCTCACCT,0.60484475,0.691110378097555,4,40000,4001
CCGCTGAT,0.6048445,0.7228177957366099,4,40000,4001
GATTCCAT,0.60404736,0.5594565620747949,4,40000,4001
GTTTTGTT,0.6034551,0.5885148229085061,4,40000,4001
GTGGTAAT,0.6034068,0.6259741062961283,4,40000,4001
GCAGGTGT,0.6031653,0.6827608955593123,4,40000,4001
AGATGACT,0.60283786,0.5990702181173463,4,40000,4001
ACAGCTAT,0.60265064,0.6802045107821714,4,40000,4001
TATTTTGT,0.6024866,0.4540056900177298,4,40000,4001
TACCATCT,0.6020916,0.5499113511730507,4,40000,4001
CCACCGAT,0.6011655,0.658052612047994,4,40000,4001
ATCCCGGT,0.6011147,0.6984187523193007,4,40000,4001
ATTGTTTT,0.6010091,0.6792458664907434,4,40000,4001
ATCTAGCT,0.60095686,0.6887086133674185,4,40000,4001
GTACTTAT,0.60053134,0.5576526615264091,4,40000,4001
TATTGTCT,0.6004817,0.7012328371747825,4,40000,4001
GGTGTCCT,0.60015285,0.6266338184966808,4,40000,4001
TACCCTCT,0.5992685,0.7752752236836681,4,40000,4001
CCCCGGAT,0.5990145,0.8481734218447202,4,40000,4001
ATACACCT,0.5985863,0.8134766832969117,4,40000,4001
GAAGGTGT,0.5985642,0.607842328784068,4,40000,4001
TCGTGAAT,0.5983958,0.6347977569785181,4,40000,4001
CGGTGGAT,0.5982251,0.6839875479322145,4,40000,4001
TCGCTATT,0.59804994,0.5851544138869419,4,40000,4001
GAATACTT,0.5978444,0.6617738011792356,4,40000,4001
ATCGAAGT,0.5977482,0.627922318888385,4,40000,4001
GTAACTAT,0.5973313,0.7199624788685937,4,40000,4001
ATACTCGT,0.59707147,0.7401764730136479,4,40000,4001
ATAGGGTT,0.5970513,0.7343215272337443,4,40000,4001
AGTTTTAT,0.5965355,0.5301509091658765,4,40000,4001
TTGTATGT,0.59635395,0.3853750051540016,4,40000,4001
TCTCTCGT,0.5959615,0.5089370387168598,4,40000,4001
AAGTTTAT,0.5954087,0.5242444233703047,4,40000,4001
ACGTGGAT,0.5949655,0.8083639137426298,4,40000,4001
CCACAGAT,0.5946851,0.557178493382262,4,40000,4001
CGTAATCT,0.59467506,0.5328516059868882,4,40000,4001
CCCTTTAT,0.5942535,0.46532387745845877,4,40000,4001
TCAGATTT,0.5935677,0.7303941780398302,4,40000,4001
TAGAGTGT,0.59270465,0.6018946109759618,4,40000,4001
GCGCTGAT,0.5926238,0.7021502494536759,4,40000,4001
GATTACCT,0.592345,0.6658248464107533,4,40000,4001
GGCATATT,0.5921735,0.5915453758297943,4,40000,4001
CCTATTGT,0.5916758,0.5315734135983178,4,40000,4001
CTCGTATT,0.5915225,0.7522986846988001,4,40000,4001
CCTTTTAT,0.59119797,0.6305096276749268,4,40000,4001
ATGAGTGT,0.5906674,0.5507256834206078,4,40000,4001
GGAGCTAT,0.5906414,0.620789180719911,4,40000,4001
CCGGCGAT,0.58913463,0.49637158289696115,4,40000,4001
ATCGTCTT,0.58908206,0.7592565868140023,4,40000,4001
ACATCTCT,0.5885416,0.3788603471735455,4,40000,4001
TGAATAGT,0.587379,0.5916690718673978,4,40000,4001
ACATATGT,0.5873097,0.5941326846163362,4,40000,4001
TCCACCAT,0.5870841,0.5855667340122871,4,40000,4001
AATAGCGT,0.58670163,0.5135550241207273,4,40000,4001
ATCGCTGT,0.58574176,0.4936502700696821,4,40000,4001
GGATTAGT,0.58522904,0.5896177792438049,4,40000,4001
CTCCTTTT,0.58491814,0.2966540221828227,4,40000,4001
AGTATGTT,0.5846109,0.5316146456108523,4,40000,4001
GTCATCTT,0.58421874,0.5568074052694513,4,40000,4001
TAGTGTCT,0.5839991,0.6688347833257741,4,40000,4001
TCTCTGGT,0.5833074,0.5625386550117512,4,40000,4001
TCCTCTAT,0.58304566,0.7723992908093844,4,40000,4001
ATTTCTCT,0.58253497,0.496433430915763,4,40000,4001
GGGTTATT,0.5822789,0.6855955964210613,4,40000,4001
CTCCGATT,0.58214,0.5660846080897208,4,40000,4001
TCACCCAT,0.58060247,0.5280377685234816,4,40000,4001
CTCTTATT,0.58000296,0.6174803117140147,4,40000,4001
GGTCTCAT,0.5795632,0.7335278109924546,4,40000,4001
CAATAGCT,0.579521,0.5243990434173093,4,40000,4001
CTACCCCT,0.5793314,0.6547231270358306,4,40000,4001
ATCCCCAT,0.57820463,0.7171071620005772,4,40000,4001
TGATGTCT,0.5780195,0.5171422092112316,4,40000,4001
ATAGGCGT,0.577999,0.6099245454170619,4,40000,4001
TGCGCGAT,0.5778566,0.48979507689770335,4,40000,4001
CTCGCGAT,0.5776461,0.6228713973529049,4,40000,4001
CTAATCAT,0.57755476,0.6196140683626767,4,40000,4001
ATCTACTT,0.57744914,0.7590916587638643,4,40000,4001
AGTCGCAT,0.57670045,0.29957118706964087,4,40000,4001
GGATTGTT,0.57620174,0.6914505422009648,4,40000,4001
TCCGTAAT,0.5752037,0.5250587556178617,4,40000,4001
GGTGTCTT,0.57511264,0.8147136436729477,4,40000,4001
GCGGGATT,0.57494944,0.5560755370469633,4,40000,4001
CTATTTTT,0.57480794,0.5944110007009442,4,40000,4001
TTTTTCAT,0.57464844,0.6009359666845339,4,40000,4001
TGTCTCGT,0.5740815,0.5022986846988001,4,40000,4001
GTCGGGAT,0.5736459,0.5968436894404816,4,40000,4001
TATGTAGT,0.5734165,0.43961571764317814,4,40000,4001
CCGCCTAT,0.57334584,0.6484558611305817,4,40000,4001
TCCATCAT,0.5731741,0.5499422751824518,4,40000,4001
CATAGCGT,0.57246125,0.35138951882241376,4,40000,4001
CTCCGTGT,0.57209593,0.46418999711375913,4,40000,4001
CTTGGTGT,0.5719263,0.5969055374592833,4,40000,4001
TTTCTCTT,0.57181513,0.44271842658640165,4,40000,4001
AGATTTGT,0.5713766,0.43614192058714385,4,40000,4001
CTTCCGAT,0.5710354,0.6799261946975632,4,40000,4001
CTGGGATT,0.56992304,0.5618480188017977,4,40000,4001
TCTCCTGT,0.56831574,0.5551684327712035,4,40000,4001
CATCTAGT,0.5682299,0.6170473755824022,4,40000,4001
CGATTACT,0.5679428,0.39090009483362886,4,40000,4001
CCATACCT,0.56727356,0.5612398466169134,4,40000,4001
ACCATAAT,0.5668425,0.5396755040613532,4,40000,4001
AAATAACT,0.56635535,0.5039685812064487,4,40000,4001
GGGGATTT,0.5657464,0.613738506576506,4,40000,4001
TGACATCT,0.56546605,0.39284830742588545,4,40000,4001
AGTTCTAT,0.5650189,0.5596317981280666,4,40000,4001
GTAGATTT,0.5645935,0.6501463736444976,4,40000,4001
GTGATGTT,0.5644369,0.40483651507030055,4,40000,4001
GGATTTGT,0.56406426,0.6268915185750217,4,40000,4001
TCTCTCCT,0.5634532,0.6612068610068857,4,40000,4001
ATCCCCCT,0.56328803,0.8895394384199893,4,40000,4001
AACCGTCT,0.56308293,0.33245371706593,4,40000,4001
GTAGCGAT,0.56290746,0.6525996783903022,4,40000,4001
ATGAGCAT,0.56280947,0.3769018265781553,4,40000,4001
GTTACCAT,0.56221926,0.591442295798458,4,40000,4001
AACCCTCT,0.5611034,0.3071166453634602,4,40000,4001
CGTGTCCT,0.5609811,0.5352018307013565,4,40000,4001
TAGGGAGT,0.56095886,0.3763451944089391,4,40000,4001
CTGTATTT,0.5601635,0.7000164928050139,4,40000,4001
ATGACCAT,0.56003714,0.4633447408568012,4,40000,4001
ATACCGTT,0.5597733,0.7447841504143817,4,40000,4001
TGCTTGAT,0.559523,0.7665855770420155,4,40000,4001
GAGAATCT,0.55943716,0.46245825258730877,4,40000,4001
ATAGCAGT,0.55942196,0.7606172432276419,4,40000,4001
TCACTCCT,0.55933064,0.5611883066012452,4,40000,4001
AATGGTCT,0.5592324,0.3899517585453346,4,40000,4001
GCCACTAT,0.55893934,0.4858677277037892,4,40000,4001
GTCTCAGT,0.5586085,0.4111347049849503,4,40000,4001
ATCAACCT,0.55858094,0.5784232878406795,4,40000,4001
GTGTTACT,0.5581094,0.47461138828186206,4,40000,4001
TCTTTTCT,0.5576696,0.4979383993732734,4,40000,4001
TCGGGAAT,0.55752283,0.5517461757308374,4,40000,4001
CGATTGGT,0.5574299,0.5664041561868635,4,40000,4001
CTCATTCT,0.5573346,0.5095349028986105,4,40000,4001
GTGTCGGT,0.5571862,0.6878736651135943,4,40000,4001
ATTCGTGT,0.5570621,0.6029357192924587,4,40000,4001
TTTACCTT,0.556866,0.6048633158784481,4,40000,4001
AGATTTCT,0.55677587,0.5464478621201502,4,40000,4001
GAGCCTAT,0.5565626,0.7121077804807653,4,40000,4001
ATTTTGTT,0.5565199,0.4947635344081145,4,40000,4001
ATCAAGTT,0.55617154,0.838236506823898,4,40000,4001
ATCTCGCT,0.5559029,0.6769781058013441,4,40000,4001
TACCTCTT,0.55579036,0.6715973281655877,4,40000,4001
CTGTGTCT,0.5552833,0.5334288541623717,4,40000,4001
ATACTGCT,0.55476874,0.7748629035583227,4,40000,4001
CCCGGATT,0.55458987,0.6974085680122047,4,40000,4001
CTATGACT,0.5545375,0.5883705108646353,4,40000,4001
TTTATTTT,0.5544497,0.6267678225374181,4,40000,4001
GACCTATT,0.55429864,0.5266255720941739,4,40000,4001
AATAGACT,0.554103,0.5132973240423865,4,40000,4001
ACACCAAT,0.55379117,0.7863769430585907,4,40000,4001
TCTTGAAT,0.55363303,0.5596730301406012,4,40000,4001
CTTTTAAT,0.5533468,0.4719416154702511,4,40000,4001
ACCGGTGT,0.55331504,0.7379499443367831,4,40000,4001
TAGGGGTT,0.55291,0.5122974477384241,4,40000,4001
GCGCCTAT,0.55212456,0.6176246237578856,4,40000,4001
GTTGGTGT,0.55211586,0.6458067043252381,4,40000,4001
TTGTTATT,0.55173326,0.575743207025935,4,40000,4001
CAATCGCT,0.5516111,0.4464086917082423,4,40000,4001
TACCAGGT,0.5511941,0.26802869748072405,4,40000,4001
TTTCTCAT,0.55033535,0.3585329649940214,4,40000,4001
CAAATCAT,0.55023754,0.4282562981899147,4,40000,4001
CAATCCCT,0.5501476,0.65103286191399,4,40000,4001
CCAGTTAT,0.5500041,0.5863707582567105,4,40000,4001
AGCCTTTT,0.549831,0.5365212551024615,4,40000,4001
ACGGTTAT,0.54978263,0.6028429472642559,4,40000,4001
ATCTGCAT,0.5495695,0.674761885127613,4,40000,4001
AAGATTTT,0.54941237,0.45450047416814415,4,40000,4001
TCACGAGT,0.5494069,0.45666515482620706,4,40000,4001
GTGTTCTT,0.54934806,0.3569764565208428,4,40000,4001
AAAACCAT,0.54918057,0.5504576753391333,4,40000,4001
CGGTCTAT,0.54907537,0.4879705603430503,4,40000,4001
TCTAGGGT,0.5489313,0.43992495773718715,4,40000,4001
ATTAATGT,0.54843044,0.516121716901002,4,40000,4001
GGTTCTAT,0.5484233,0.66468065806292,4,40000,4001
ATAGCAAT,0.5476891,0.7687708737063457,4,40000,4001
TGACACTT,0.5472777,0.8142703995382015,4,40000,4001
CCTCACAT,0.54719216,0.5463860141013482,4,40000,4001
TCGTTTCT,0.54713327,0.5781449717560714,4,40000,4001
AAATTTAT,0.54683286,0.4890941326846164,4,40000,4001
GATTAGCT,0.5467057,0.6674122788933328,4,40000,4001
CTCCGGGT,0.54635453,0.5909990516637117,4,40000,4001
TCAATCGT,0.54626316,0.4273698099204222,4,40000,4001
TCATCGTT,0.54617554,0.5460355419948048,4,40000,4001
TGAATCCT,0.5460862,0.6803178988166412,4,40000,4001
TACCGATT,0.5460425,0.47743578114047747,4,40000,4001
TCACTAGT,0.54603595,0.3817878200634973,4,40000,4001
GATTGTTT,0.54598767,0.6049973199191853,4,40000,4001
ATCGTGCT,0.54569614,0.5389951758545334,4,40000,4001
TGAGGCAT,0.54554594,0.42999835071949866,4,40000,4001
AAAGTTAT,0.5454519,0.6634952377025523,4,40000,4001
AGAGGCAT,0.54543924,0.4213808600997815,4,40000,4001
ACCGGGGT,0.5450657,0.42618438956005444,4,40000,4001
CATCGCTT,0.54487574,0.46906568259596754,4,40000,4001
TATGCGGT,0.5436648,0.6340246567434956,4,40000,4001
ATAGGCTT,0.5436163,0.7257246526202944,4,40000,4001
GAGATTGT,0.54306024,0.6104193295674761,4,40000,4001
TTACCCCT,0.5428977,0.6918731703294438,4,40000,4001
CCCCCACT,0.5428949,0.5840102255391085,4,40000,4001
CCTACCAT,0.54288703,0.43317321568465755,4,40000,4001
CCATACAT,0.5428826,0.3662433513379788,4,40000,4001
ATCGCAAT,0.5427149,0.6912134581288913,4,40000,4001
AGACCAAT,0.5425489,0.44768688409681273,4,40000,4001
AAGCTATT,0.54245776,0.5596833381437348,4,40000,4001
TGAATCTT,0.5424552,0.6019358429884962,4,40000,4001
CCAATCCT,0.54224545,0.5364594070836597,4,40000,4001
GAGCTAAT,0.5420854,0.5149775285531687,4,40000,4001
CCGGTTAT,0.54184455,0.604894239887849,4,40000,4001
ATAGCGGT,0.5417566,0.5893085391497959,4,40000,4001
GGCCTTAT,0.5416735,0.29698387828309897,4,40000,4001
GTCTAGGT,0.54155564,0.30469426462705645,4,40000,4001
CCGTATTT,0.5413342,0.7616583515441389,4,40000,4001
GTCATACT,0.5411551,0.5977404857131077,4,40000,4001
AAATGAAT,0.5410397,0.4939595101636911,4,40000,4001
TGGGAGGT,0.5403222,0.463210736816064,4,40000,4001
TGACCTAT,0.54027843,0.6080897208592752,4,40000,4001
TCCATTGT,0.5401669,0.6020183070135654,4,40000,4001
TCCCTGTT,0.53986573,0.5902774914443575,4,40000,4001
CTCTGATT,0.5393888,0.49248546571558155,4,40000,4001
CTGGGTTT,0.53935057,0.5761761431575475,4,40000,4001
AGACGATT,0.53928536,0.4935471900383458,4,40000,4001
CGTCTCAT,0.53928477,0.69231641446419,4,40000,4001
ACACCCCT,0.5391973,0.7482579474704161,4,40000,4001
AAAATAAT,0.5390216,0.6688450913289078,4,40000,4001
TCTACAGT,0.53877085,0.5639611594441925,4,40000,4001
GGAATCGT,0.5384443,0.543190533129922,4,40000,4001
GGTTATTT,0.5381697,0.49338226198820767,4,40000,4001
CAACTTAT,0.53798234,0.6291283552550201,4,40000,4001
CCATCAAT,0.5379691,0.44521296334474086,4,40000,4001
TTCTTATT,0.53761816,0.6209438007669155,4,40000,4001
TAAAGATT,0.5367387,0.5816084608089721,4,40000,4001
GTCTGGTT,0.5364305,0.4048674390797015,4,40000,4001
CAGATGTT,0.53632957,0.40792891601039044,4,40000,4001
AATCCCAT,0.5360266,0.7347956953778914,4,40000,4001
GGCCCTAT,0.5359732,0.5191007298066218,4,40000,4001
TGCCCTAT,0.5359282,0.7169937739661073,4,40000,4001
TGGAGATT,0.53557754,0.5468292582360945,4,40000,4001
CCTTTAAT,0.5354942,0.6317878200634974,4,40000,4001
GAGGGGGT,0.5354583,0.5320785057518658,4,40000,4001
AATAACGT,0.5347714,0.4044138869418217,4,40000,4001
TCCTTAGT,0.534589,0.43389477590401193,4,40000,4001
CGAATAGT,0.534521,0.5718158578320207,4,40000,4001
GGGATGTT,0.5345123,0.6077495567558653,4,40000,4001
AGGAGAAT,0.5344535,0.6490537253123325,4,40000,4001
CCTAGGAT,0.5343876,0.7086855234403993,4,40000,4001
AGTTATTT,0.53436553,0.5039685812064487,4,40000,4001
GAAATCCT,0.5341757,0.47337442790582607,4,40000,4001
CCCCAACT,0.53416747,0.548499154743743,4,40000,4001
TTTATTCT,0.53390354,0.6465798045602607,4,40000,4001
CTATTGCT,0.53367954,0.5357378468643055,4,40000,4001
GATGTTTT,0.5332246,0.447315795984002,4,40000,4001
ATAACTCT,0.533033,0.7023770255226157,4,40000,4001
ACCTCGAT,0.5329483,0.6248299179482951,4,40000,4001
ATAACCTT,0.532923,0.5552302807900054,4,40000,4001
TAGACGTT,0.5328886,0.45293365769183197,4,40000,4001
TGTATGCT,0.5328382,0.4885581165216674,4,40000,4001
AATCTCCT,0.53278726,0.6233764895064529,4,40000,4001
AATGATGT,0.5322811,0.3220426339009607,4,40000,4001
GCTCAAGT,0.5322219,0.4198037356203356,4,40000,4001
CGACTTAT,0.5322062,0.5698573372366306,4,40000,4001
TACCCGTT,0.5318273,0.527213128272791,4,40000,4001
ACTGTTTT,0.53158087,0.616325815363048,4,40000,4001
ACACTCCT,0.53095925,0.4278336700614357,4,40000,4001
TGTGAAAT,0.53094614,0.5737125304086093,4,40000,4001
AACCGACT,0.5301238,0.320939677565662,4,40000,4001
GGGGGGGT,0.5299944,0.5947099327918196,4,40000,4001
GTATGACT,0.52984536,0.5136271801426627,4,40000,4001
CTTCTAAT,0.52974254,0.5672494124438214,4,40000,4001
TGCCCGAT,0.5292772,0.6233558735001855,4,40000,4001
GGTCTATT,0.5292702,0.5331402300746299,4,40000,4001
CATAGCTT,0.5291664,0.5473343503896425,4,40000,4001
GAGACCAT,0.52906406,0.5776708036119242,4,40000,4001
GGAGATTT,0.528564,0.45545911845957204,4,40000,4001
TCTCGCAT,0.52847403,0.48633158784480274,4,40000,4001
TGCTATTT,0.5283799,0.6307054797344659,4,40000,4001
GCATCATT,0.5277525,0.6592277244052281,4,40000,4001
AAGACAAT,0.5277394,0.46420030511689275,4,40000,4001
CGTTCTAT,0.5274293,0.5651671958108275,4,40000,4001
GTTATTCT,0.52676785,0.4819403785098751,4,40000,4001
TTGAGTGT,0.526637,0.4854554075784439,4,40000,4001
GTAATCGT,0.52642375,0.3824475322640498,4,40000,4001
TGTGTTGT,0.52623653,0.4332762957159939,4,40000,4001
GTCTCTCT,0.52622014,0.3576052447119944,4,40000,4001
CACCTGGT,0.5259142,0.35321403537706675,4,40000,4001
AACCCGCT,0.52532965,0.3569764565208428,4,40000,4001
GAGATGCT,0.525212,0.5689090009483363,4,40000,4001
ATGCTTAT,0.5248192,0.5646311796478787,4,40000,4001
TGAGTACT,0.5245408,0.6185317280336453,4,40000,4001
CGCGTGAT,0.52419996,0.7401043169917124,4,40000,4001
CGAGGTGT,0.5241252,0.7160351296746793,4,40000,4001
ATAAAGTT,0.5238258,0.5218323506370346,4,40000,4001
AATTCAAT,0.52382463,0.40471281903269696,4,40000,4001
ATGTCTTT,0.5237779,0.44421308704077844,4,40000,4001
CCTATTTT,0.5235277,0.5417680286974808,4,40000,4001
ATCTACGT,0.5229613,0.6413227229621078,4,40000,4001
GTGTTAGT,0.5228481,0.41297983754587064,4,40000,4001
GCGAAGAT,0.5226669,0.7147981692986434,4,40000,4001
AGTAGTCT,0.52260846,0.4841153671710716,4,40000,4001
TGTTTCGT,0.5224282,0.44172885828557296,4,40000,4001
GTTTATTT,0.5221415,0.5809693646146868,4,40000,4001
GTTAATCT,0.5221212,0.6520430462210861,4,40000,4001
AGCATAAT,0.52210426,0.6246546818950234,4,40000,4001
GGGATTTT,0.52210206,0.6646909660660537,4,40000,4001
TAATGTCT,0.5218133,0.5355007627922319,4,40000,4001
GACCCCAT,0.52159053,0.6401373026017401,4,40000,4001
CCCTCGAT,0.521523,0.5077619263596256,4,40000,4001
GTCTTCTT,0.521358,0.6079351008122706,4,40000,4001
GTAAACGT,0.52128917,0.3478951057601122,4,40000,4001
CAGTGTGT,0.52105004,0.5221518987341772,4,40000,4001
ATTGTAGT,0.5206616,0.5219663546777719,4,40000,4001
TCACACCT,0.52055156,0.6952748113635426,4,40000,4001
ACGATTTT,0.52044016,0.5168020451078218,4,40000,4001
ACCCCGCT,0.52032876,0.610058549457799,4,40000,4001
CACACAAT,0.5203139,0.5375314394095576,4,40000,4001
TGACACCT,0.51990587,0.9462643796643714,4,40000,4001
CAGATGGT,0.51935756,0.6034201954397393,4,40000,4001
GATTGCTT,0.5192514,0.6337051086463531,4,40000,4001
ATTTAGTT,0.5190992,0.6215828969612007,4,40000,4001
CCTACAAT,0.5189969,0.5028037768523481,4,40000,4001
ATTCGTTT,0.518646,0.4878262482991795,4,40000,4001
GTGTCGTT,0.5185636,0.7104997319919186,4,40000,4001
ATGGAAAT,0.5184979,0.27699666020698466,4,40000,4001
ATCGCAGT,0.5181978,0.6684430792066961,4,40000,4001
CATAAGGT,0.5175982,0.5843710056487857,4,40000,4001
GCCGTTAT,0.5172031,0.47582773265163075,4,40000,4001
GCTTCTAT,0.51704574,0.5721250979260298,4,40000,4001
TTCTCCCT,0.51701593,0.4442646270564466,4,40000,4001
CATAACCT,0.5169849,0.4725600956582691,4,40000,4001
CCATAACT,0.51678985,0.3582649569125469,4,40000,4001
CATCCCTT,0.51633424,0.4337916958726755,4,40000,4001
CGCCTGAT,0.5162636,0.663278769636746,4,40000,4001
TTGTTCTT,0.516118,0.4637364449758793,4,40000,4001
AGCTTTAT,0.5160557,0.5320578897455984,4,40000,4001
CCATACGT,0.5159837,0.44782088813755,4,40000,4001
CCTAATCT,0.515975,0.555549828887148,4,40000,4001
ACCCTCTT,0.51592,0.5230899270193379,4,40000,4001
CGCGCTAT,0.51585585,0.3865088854987012,4,40000,4001
ACCGGGTT,0.5158538,0.5801962643796644,4,40000,4001
ACCTGACT,0.5156045,0.5026182327959428,4,40000,4001
GCCATAAT,0.51554435,0.5320372737393313,4,40000,4001
AGTAAAAT,0.5153183,0.430998227023461,4,40000,4001
TTGTAAAT,0.51526606,0.6661650105141632,4,40000,4001
CCCATCAT,0.51523554,0.39291015544468727,4,40000,4001
AGATTCGT,0.51518625,0.43668824475322643,4,40000,4001
TCACCACT,0.51516867,0.24738176720405722,4,40000,4001
ATAGACCT,0.51512975,0.630757019750134,4,40000,4001
ATAGACGT,0.5148281,0.6082237249000123,4,40000,4001
AAGTCGAT,0.51482266,0.6069455325114419,4,40000,4001
AGATTCAT,0.51480377,0.6002247144683132,4,40000,4001
GAGACCTT,0.51476437,0.4292664824970107,4,40000,4001
ATTGTCTT,0.5145361,0.46420030511689275,4,40000,4001
GCCATCAT,0.5145021,0.376180266358801,4,40000,4001
TCACTTTT,0.5143753,0.5125860718261658,4,40000,4001
CACGTTAT,0.51409507,0.550777223436276,4,40000,4001
GCTGTCAT,0.5140039,0.40153795406753806,4,40000,4001
GCTACCCT,0.51355183,0.39538407619675914,4,40000,4001
TGTTATGT,0.513509,0.42918401847194165,4,40000,4001
TCGGCAAT,0.5131425,0.43027666680410676,4,40000,4001
TGTGTTCT,0.5130381,0.3662433513379788,4,40000,4001
GGATTCTT,0.51302737,0.5978538737475776,4,40000,4001
GCCGGATT,0.5124433,0.4819403785098751,4,40000,4001
CATTTGTT,0.51242465,0.48188883849420694,4,40000,4001
CTAAATCT,0.51237535,0.4922380736403744,4,40000,4001
GCATTATT,0.51237226,0.6976353440811446,4,40000,4001
TACCAGCT,0.5123309,0.4275759699830949,4,40000,4001
AATCCTCT,0.51201135,0.5925967921494248,4,40000,4001
TAGTATTT,0.5118564,0.6242217457634107,4,40000,4001
AGTGGCAT,0.51168305,0.40771244794458417,4,40000,4001
GCATCCGT,0.5115072,0.4787036655259143,4,40000,4001
TTACAAAT,0.51139957,0.4863831278604709,4,40000,4001
TTAAACTT,0.51138335,0.4283078382055828,4,40000,4001
AGTTGAAT,0.5109064,0.33109306065229044,4,40000,4001
TACCTGGT,0.51050293,0.40389848678514,4,40000,4001
CCATCACT,0.510426,0.3851688450913289,4,40000,4001
ACACTTCT,0.51004314,0.6888941574238239,4,40000,4001
AGTGGGGT,0.5098486,0.6583721601451368,4,40000,4001
TCGAACAT,0.50970745,0.4584999793839937,4,40000,4001
TTTCCAAT,0.50968075,0.5003195480971426,4,40000,4001
AGCGTTAT,0.5095846,0.4196697315795984,4,40000,4001
TGGCGATT,0.5095168,0.37679874654681894,4,40000,4001
AACCCTGT,0.5093021,0.47945614975466955,4,40000,4001
GTTCTCAT,0.50903785,0.6155424071248917,4,40000,4001
AACCTAAT,0.5086368,0.592957572259102,4,40000,4001
ATCACATT,0.5084846,0.7873768193625531,4,40000,4001
ATCAGACT,0.508411,0.7146744732610398,4,40000,4001
CATTCAAT,0.50804555,0.5574465014637364,4,40000,4001
GATGAGGT,0.5079646,0.5373458953531522,4,40000,4001
AGACCCCT,0.5077067,0.549117634931761,4,40000,4001
CTCACTCT,0.5073753,0.5768358553581,4,40000,4001
ATTAGCAT,0.507288,0.5439430173586772,4,40000,4001
GATTGGGT,0.50715697,0.529542736980992,4,40000,4001
TTTTGCAT,0.50713617,0.41490743413186,4,40000,4001
GCTATTCT,0.50686216,0.47542572052941906,4,40000,4001
ACCATCAT,0.50674826,0.4267410217292706,4,40000,4001
CCTGTCAT,0.50646883,0.34182369191440237,4,40000,4001
CTCTGACT,0.5063194,0.3385148229085062,4,40000,4001
AACACTTT,0.50629956,0.4964025069063621,4,40000,4001
TCACCATT,0.50562584,0.478600585494578,4,40000,4001
CCGGATTT,0.50544715,0.532944378015091,4,40000,4001
ACACTAGT,0.50513136,0.6474353688203521,4,40000,4001
TAACCGCT,0.5049974,0.37929328330515816,4,40000,4001
AGAGACCT,0.5049653,0.39735290479528307,4,40000,4001
TCGCCATT,0.5048599,0.38694182163031376,4,40000,4001
CCTAGTGT,0.50450516,0.5566115532099122,4,40000,4001
CTGGGAGT,0.5044018,0.4621799365027007,4,40000,4001
GGAACTAT,0.5041703,0.5727951181297158,4,40000,4001
CAAAGGGT,0.5041196,0.4646126252422381,4,40000,4001
ACCGCATT,0.5041081,0.3682224879396363,4,40000,4001
ACCCCCAT,0.50403047,0.624747453923226,4,40000,4001
AGCGACAT,0.5040039,0.37639673442460725,4,40000,4001
CTGAGAGT,0.5039573,0.32038304539644585,4,40000,4001
TCTTACGT,0.5038758,0.4345544881045644,4,40000,4001
AGTGTCTT,0.50367576,0.6421061312002639,4,40000,4001
TCTAGAGT,0.5036623,0.6610522409598812,4,40000,4001
TAGAGGGT,0.5035762,0.5353255267389601,4,40000,4001
AATTCTCT,0.5034916,0.23215684657568134,4,40000,4001
ATTTCTTT,0.503329,0.41837092318476066,4,40000,4001
GATTTAGT,0.50317514,0.40029068568836845,4,40000,4001
GATGGTCT,0.5029541,0.24145466540221827,4,40000,4001
ACCCTTGT,0.5028688,0.5631983672123037,4,40000,4001
TGTCTACT,0.50280887,0.46923061064610566,4,40000,4001
CGGGATGT,0.50252986,0.5169154331422916,4,40000,4001
TTTGTCTT,0.5025039,0.3882612460314188,4,40000,4001
AATCTTTT,0.5024271,0.48304333484517376,4,40000,4001
TCCCGATT,0.5024269,0.451892549375335,4,40000,4001
CACCGTGT,0.5023397,0.45838659134952375,4,40000,4001
CTAAGTGT,0.50227505,0.484300911227477,4,40000,4001
CTGTCTCT,0.5022486,0.5362532470209871,4,40000,4001
TATGCGCT,0.50215924,0.5286047086958314,4,40000,4001
TTTTAATT,0.50175416,0.40119778996412814,4,40000,4001
GTGGGTTT,0.5017164,0.504607677400734,4,40000,4001
CATGTTGT,0.50140506,0.566868016327877,4,40000,4001
GGTAGTGT,0.5011653,0.5866078423287842,4,40000,4001
AAATGACT,0.50110406,0.35384282356821833,4,40000,4001
ACCACTCT,0.50107217,0.3620583020657238,4,40000,4001
CGGTAGGT,0.50106955,0.4108770049066095,4,40000,4001
AGGTAATT,0.50070417,0.468715210489424,4,40000,4001
TCTTCCTT,0.5005758,0.4821877705850822,4,40000,4001
AGTGGAAT,0.50053686,0.4932585659506041,4,40000,4001
TGAGCCGT,0.5003801,0.5855358100028862,4,40000,4001
GGGTTCAT,0.5002362,0.5948748608419576,4,40000,4001
TCATGGTT,0.50012326,0.5372531233249495,4,40000,4001
ATCGCACT,0.50005865,0.710963592132932,4,40000,4001
TAGATTCT,0.49979895,0.5227703789221952,4,40000,4001
CACACTGT,0.49974972,0.44665608378344945,4,40000,4001
CAAGTTAT,0.49952945,0.5974621696284995,4,40000,4001
TGATGCAT,0.49937984,0.6419721271595267,4,40000,4001
GTGTCAGT,0.49931955,0.8093534820434585,4,40000,4001
TGAATCGT,0.49931332,0.530078753143941,4,40000,4001
TCGCCAAT,0.49928084,0.5337484022595144,4,40000,4001
CGCATATT,0.49904555,0.7017379293283306,4,40000,4001
TAGTTCCT,0.49862844,0.43234857543396693,4,40000,4001
ACGACCAT,0.4981964,0.5068342060775987,4,40000,4001
TATGAACT,0.49803057,0.5748464107533089,4,40000,4001
CTGGTAAT,0.49777773,0.41011421267472065,4,40000,4001
ATGAGGGT,0.49741387,0.5797736362511854,4,40000,4001
CCGTGTTT,0.49723184,0.5046798334226693,4,40000,4001
TAGCTTGT,0.4971983,0.4031150785469839,4,40000,4001
GATTCGGT,0.49719757,0.5725064940419742,4,40000,4001
CATCTTTT,0.49718803,0.49517585453345975,4,40000,4001
TTTGGATT,0.49703747,0.5117614315754752,4,40000,4001
GCCTTATT,0.49683136,0.5486331587844804,4,40000,4001
TCTTAATT,0.49675766,0.5546118006019873,4,40000,4001
ACTCCCAT,0.49670622,0.5536737723168268,4,40000,4001
GATTCGCT,0.49652633,0.5072671422092112,4,40000,4001
TCGCTTCT,0.49607304,0.4310497670391292,4,40000,4001
TGACTCAT,0.49603605,0.6031934193707995,4,40000,4001
CAGATTTT,0.49599165,0.5444481095122253,4,40000,4001
TTGAGAAT,0.49581996,0.6098008493794582,4,40000,4001
TGATGGGT,0.4955456,0.22799241330969364,4,40000,4001
GCCATACT,0.49537972,0.38208675215437266,4,40000,4001
CAAATCGT,0.49524528,0.3447202407949532,4,40000,4001
CCTGTAGT,0.49514207,0.5490248629035583,4,40000,4001
ATAAGGCT,0.49508,0.6749989691996867,4,40000,4001
GTGTAACT,0.49503157,0.5905970395415,4,40000,4001
TCGTTCCT,0.49495986,0.31749680451902856,4,40000,4001
AAAGGAGT,0.4948678,0.48373397105512717,4,40000,4001
CTGTGTGT,0.4947225,0.5268729641693811,4,40000,4001
AGATGTCT,0.4946405,0.49924751577124477,4,40000,4001
GTGGTACT,0.49433106,0.3751494660454377,4,40000,4001
TCCACAAT,0.49425697,0.691223766132025,4,40000,4001
AGACCAGT,0.4942454,0.3786644951140065,4,40000,4001
ACACCTCT,0.49420366,0.6612996330350884,4,40000,4001
TCTTCGCT,0.49405646,0.5816806168309075,4,40000,4001
CGGCATCT,0.49404916,0.31853791283552546,4,40000,4001
GTTTAGCT,0.4933556,0.34770956170370676,4,40000,4001
CTGGTACT,0.49325195,0.4706221910691461,4,40000,4001
TAATGTGT,0.49324661,0.4477384241124809,4,40000,4001
GCATACCT,0.49284136,0.4619222364243599,4,40000,4001
CACGGGGT,0.4925926,0.48892920463447825,4,40000,4001
TACACCGT,0.49236196,0.6283758710262648,4,40000,4001
TCAGCCTT,0.4923308,0.3238671504556137,4,40000,4001
CTGATGGT,0.49227926,0.4071867397847689,4,40000,4001
TAGACCTT,0.49224806,0.5827217251474044,4,40000,4001
CTCTAGTT,0.49219742,0.4346163361233662,4,40000,4001
TCAAAATT,0.49202862,0.4521914814662104,4,40000,4001
GACAATCT,0.4919845,0.43860553333608215,4,40000,4001
TAAACGGT,0.49187392,0.40566115532099123,4,40000,4001
CTGCTTAT,0.4917279,0.7179111862450006,4,40000,4001
ATAAGTCT,0.49169135,0.6254690141425803,4,40000,4001
CTGTTACT,0.49165383,0.3847977569785181,4,40000,4001
TTAGACGT,0.4913976,0.4643136931513627,4,40000,4001
TCCAGCAT,0.49129748,0.5176266853585123,4,40000,4001
CACGTAAT,0.49109417,0.5930400362841711,4,40000,4001
TAGGAGCT,0.4910775,0.28326392611223355,4,40000,4001
ATTTGAGT,0.49105245,0.4699727868717272,4,40000,4001
GTTGGATT,0.49104434,0.7078505751865748,4,40000,4001
CCGGGAGT,0.49086472,0.45563435451284373,4,40000,4001
TTTATGCT,0.49073797,0.41002144064651797,4,40000,4001
GTGTTCGT,0.4905402,0.363120026388488,4,40000,4001
TACCAACT,0.49013537,0.5864635302849133,4,40000,4001
CGAATCTT,0.489975,0.4981033274234115,4,40000,4001
TAATTCTT,0.48993856,0.47429184018471937,4,40000,4001
AAATCGTT,0.48978952,0.4030635385313157,4,40000,4001
CATCCATT,0.4894025,0.4149177421349936,4,40000,4001
AATGTTGT,0.48914048,0.6548571310765678,4,40000,4001
AGGATTTT,0.48901647,0.29631385807941285,4,40000,4001
TCACCTTT,0.48887053,0.6725147404444811,4,40000,4001
AGTGTTGT,0.48859373,0.5821960169875892,4,40000,4001
ACTCAAGT,0.488564,0.459025687543809,4,40000,4001
ACTTTAAT,0.48835596,0.616769059497794,4,40000,4001
GGTTTTCT,0.48833275,0.4575207190862986,4,40000,4001
TACAATGT,0.488307,0.40046592174164025,4,40000,4001
CTACACAT,0.48811635,0.5028656248711499,4,40000,4001
GGGATTGT,0.48799625,0.7717292706056982,4,40000,4001
CCACAAGT,0.48770824,0.3760874943305983,4,40000,4001
GTACTTTT,0.48770675,0.4514905372531233,4,40000,4001
AAATTACT,0.48744303,0.5300375211314065,4,40000,4001
TTTTTCTT,0.48740447,0.5788974559848267,4,40000,4001
ACTACCCT,0.48739013,0.6676905949779409,4,40000,4001
GTCAACAT,0.4873736,0.6145425308209294,4,40000,4001
GTAGGGTT,0.48725277,0.43050344287304665,4,40000,4001
TCCCGACT,0.48723084,0.3918690471281903,4,40000,4001
CAGGGAGT,0.48721004,0.4919700655588999,4,40000,4001
GGATGTCT,0.48711148,0.4973714592009236,4,40000,4001
ATACGGCT,0.4870642,0.7537418051375088,4,40000,4001
CATTCTCT,0.4870516,0.4376056570321198,4,40000,4001
TAAGGAGT,0.48698607,0.5028759328742836,4,40000,4001
TACCCACT,0.48680976,0.44141961819156394,4,40000,4001
TACCTCCT,0.48680723,0.6331278604708697,4,40000,4001
AGTTGCAT,0.486713,0.514379664371418,4,40000,4001
GTCTTCAT,0.48644942,0.5829897332288789,4,40000,4001
ACTAGTCT,0.48605132,0.480229249989692,4,40000,4001
GGGTAGTT,0.48597378,0.5752793468849214,4,40000,4001
TATTCAGT,0.485892,0.6682369191440235,4,40000,4001
AAAATCCT,0.48580012,0.29631385807941285,4,40000,4001
ACGATTGT,0.48566046,0.41912340741351584,4,40000,4001
ACTGGAGT,0.48558846,0.4647981692986434,4,40000,4001
AGTACCCT,0.48557448,0.4010534779202573,4,40000,4001
TACGATTT,0.485523,0.5000206160062672,4,40000,4001
AACCTTCT,0.48542044,0.40960912052117265,4,40000,4001
TCCTACCT,0.48521483,0.5317898816641241,4,40000,4001
GCTAATGT,0.485069,0.39309569950109263,4,40000,4001
TGTACCTT,0.48467422,0.4249268131777512,4,40000,4001
GTAACCCT,0.484493,0.31867191687626273,4,40000,4001
TACGGAGT,0.48447695,0.3483898899105265,4,40000,4001
GTTGAGGT,0.4844297,0.5108749433059828,4,40000,4001
CTACTTGT,0.48436776,0.6085226569908877,4,40000,4001
CCACCCCT,0.48433855,0.5356141508267018,4,40000,4001
CCATAGCT,0.48403513,0.30565290891848435,4,40000,4001
ATTGAACT,0.48399466,0.46286026470952046,4,40000,4001
GGTCGTCT,0.4838799,0.23600173174452643,4,40000,4001
AAGATGGT,0.48368254,0.32623799117634933,4,40000,4001
CGGCTTAT,0.48366857,0.5037211891312415,4,40000,4001
CTACTCCT,0.48363358,0.4001876056570321,4,40000,4001
TTCGATTT,0.48363173,0.47608543272997156,4,40000,4001
TCATTGCT,0.48360047,0.25830825052570816,4,40000,4001
CTGATTTT,0.4830244,0.2147672452892426,4,40000,4001
TTAGTGTT,0.4828194,0.518224549540263,4,40000,4001
GCTCCCAT,0.4826903,0.42829753020244915,4,40000,4001
GACCCCTT,0.48260817,0.3945800519523358,4,40000,4001
TCCGACTT,0.48259842,0.4105471488063332,4,40000,4001
TTACGATT,0.48255873,0.5977507937162413,4,40000,4001
TCCTCTGT,0.48255745,0.5636725353564508,4,40000,4001
TGTAATTT,0.4823554,0.2852224467076238,4,40000,4001
TCTAAGTT,0.48198637,0.6052447119943924,4,40000,4001
ACGCAGAT,0.4819536,0.5771554034552426,4,40000,4001
AACCGGGT,0.48179814,0.4885375005154001,4,40000,4001
ATTAGAAT,0.48174456,0.6581041520636622,4,40000,4001
AAGAGTTT,0.4816394,0.2787696367459696,4,40000,4001
TATCAGAT,1.0052469,0.9677874902073971,5,50000,5001
CAAGATAT,0.96273017,0.8416278398548633,5,50000,5001
GGATACCT,0.9590795,0.907238279800437,5,50000,5001
GATCAGAT,0.9577652,0.9227312085102873,5,50000,5001
ATCAGGAT,0.95531595,0.8729435533748402,5,50000,5001
GATCCGAT,0.9514691,0.8946625159774049,5,50000,5001
ATCCGTAT,0.94758093,0.8414319877953242,5,50000,5001
TTCGATAT,0.934725,0.9011565579515937,5,50000,5001
GGTATCGT,0.93318266,0.9577578031583721,5,50000,5001
GATATGAT,0.9249846,0.9700243268873954,5,50000,5001
GTGGATAT,0.9234386,0.9162680905454995,5,50000,5001
ATAGATAT,0.9223852,0.9426153465550654,5,50000,5001
TGATACGT,0.91622066,0.9831051828639755,5,50000,5001
GGATACGT,0.9135527,0.8442254566445387,5,50000,5001
TATACCTT,0.90958357,0.86536717107162,5,50000,5001
TATTATAT,0.9089,0.9008988578732527,5,50000,5001
GACGATAT,0.90880257,0.8903846946769471,5,50000,5001
GGATCCAT,0.9074196,0.8727786253247021,5,50000,5001
TATACTAT,0.90164655,0.8855605492104069,5,50000,5001
GGTATCTT,0.8999472,0.9268544097637406,5,50000,5001
TAAATGAT,0.8906064,0.8298561002762544,5,50000,5001
TCCCATAT,0.88860893,0.8520595390260999,5,50000,5001
GGATCCCT,0.886062,0.7911289325031955,5,50000,5001
TCTCTGAT,0.8814594,0.8277841916463943,5,50000,5001
AGGGATAT,0.88060355,0.9390797014802292,5,50000,5001
ATACCCTT,0.8730229,0.8678823238362264,5,50000,5001
TATCTCCT,0.8676619,0.8875499938151981,5,50000,5001
TATACCCT,0.8606125,0.9090112563394219,5,50000,5001
TCCTATCT,0.8602845,0.7904589122995093,5,50000,5001
CCCGATAT,0.85665154,0.889518822413722,5,50000,5001
GTGATACT,0.8537232,0.9694780027213128,5,50000,5001
TTATCTTT,0.85193396,0.689285861542902,5,50000,5001
GATGATCT,0.84776944,0.882694924339257,5,50000,5001
TATACATT,0.84708494,0.8349791778336701,5,50000,5001
AGTATCCT,0.8385575,0.846833381437348,5,50000,5001
GTATCTGT,0.8383188,0.8218777058508226,5,50000,5001
GTGATCAT,0.83416533,0.902414134333897,5,50000,5001
ATACCACT,0.83384514,0.7709664783738094,5,50000,5001
GCGATATT,0.8337403,0.819228549045479,5,50000,5001
TGATCCAT,0.83142763,0.9001979136601658,5,50000,5001
AGTATCTT,0.8290232,0.8800973075495815,5,50000,5001
CCATATAT,0.82696635,0.8944254319053313,5,50000,5001
TAACTGAT,0.82585216,0.7825011338803447,5,50000,5001
TGAGGTAT,0.8240373,0.8618315259967838,5,50000,5001
TATCAACT,0.81880933,0.9025996783903022,5,50000,5001
TCACCGAT,0.81626457,0.7340225951428689,5,50000,5001
GTATAACT,0.8126707,0.7622046757102214,5,50000,5001
TCCAATAT,0.810173,0.836556302313116,5,50000,5001
CCGTATCT,0.809177,0.8968787366511359,5,50000,5001
TCCCTGAT,0.80586046,0.7326825547354967,5,50000,5001
ATCATCTT,0.8029262,0.7242918401847194,5,50000,5001
TGGGAGAT,0.8020547,0.7231682678431534,5,50000,5001
TTGTATCT,0.8019195,0.8216921617944172,5,50000,5001
AGTGGTAT,0.80183893,0.7709664783738094,5,50000,5001
ATAATGAT,0.80000806,0.842957572259102,5,50000,5001
CCAGGTAT,0.79945195,0.652692450418505,5,50000,5001
ATACATAT,0.7992491,0.8784995670638683,5,50000,5001
GGAGGGAT,0.79790956,0.7836247062219107,5,50000,5001
TTGATCAT,0.7966183,0.7884591596915845,5,50000,5001
GATCAGGT,0.7960573,0.801869871768441,5,50000,5001
CGAGGGAT,0.795048,0.7843668824475323,5,50000,5001
TTAGGTAT,0.79461884,0.8405970395415,5,50000,5001
TATCCCCT,0.79453176,0.9282666061930483,5,50000,5001
ATACATCT,0.7943808,0.8481218818290521,5,50000,5001
TATCTTAT,0.7940292,0.8930956995010927,5,50000,5001
TATACGCT,0.79141927,0.7551024615511482,5,50000,5001
TCTAGTAT,0.79080737,0.7946542695748979,5,50000,5001
CGATACGT,0.78761095,0.8876839978559353,5,50000,5001
GGGGAGAT,0.7841619,0.7281470333566982,5,50000,5001
CGGGATAT,0.78364515,0.8917865831031213,5,50000,5001
TATTTGAT,0.7832994,0.9125984414299262,5,50000,5001
ATAATCTT,0.7823927,0.8047664206489918,5,50000,5001
AATAGTAT,0.7821557,0.8498742423617697,5,50000,5001
TCTAAGAT,0.780351,0.8361645981940379,5,50000,5001
CCAAATAT,0.7797005,0.6620624252669772,5,50000,5001
TCGAGGAT,0.77899873,0.7614109594689317,5,50000,5001
GGAAGGAT,0.77763206,0.6890900094833629,5,50000,5001
ATGGGTAT,0.77581906,0.8511421267472065,5,50000,5001
TCACCTAT,0.774591,0.7091906155939471,5,50000,5001
GAGATCTT,0.7723794,0.8021791118624501,5,50000,5001
TATAGTGT,0.77161616,0.7276110171937492,5,50000,5001
GGGCGTAT,0.7699082,0.7018822413722015,5,50000,5001
GTATAGCT,0.7694915,0.726518368861584,5,50000,5001
TCCCCTAT,0.76943195,0.8037871603512968,5,50000,5001
ATCTCTTT,0.7679867,0.7389910526532799,5,50000,5001
CACTTGAT,0.76717997,0.6274378427411041,5,50000,5001
ATCCCATT,0.7666481,0.6771636498577496,5,50000,5001
CGGATCGT,0.76636165,0.8570383045396446,5,50000,5001
ACGATCAT,0.76591897,0.7777285284294726,5,50000,5001
TGTTATAT,0.76539683,0.8300416443326598,5,50000,5001
CTTATCGT,0.7650335,0.7230961118212179,5,50000,5001
GGTATACT,0.7647926,0.8726343132808312,5,50000,5001
CTGATGAT,0.7639259,0.7662969529542738,5,50000,5001
TAGTTGAT,0.7638753,0.7073867150455614,5,50000,5001
TCTATTAT,0.76230764,0.7834700861749062,5,50000,5001
GCGATCAT,0.76202387,0.8015297076650311,5,50000,5001
ATACGCTT,0.7615933,0.728992289613656,5,50000,5001
AATATACT,0.7605434,0.777800684451408,5,50000,5001
AGATCGAT,0.7603265,0.8876530738465345,5,50000,5001
TACCTTAT,0.76007056,0.7935719292458665,5,50000,5001
TTATCCGT,0.75853914,0.8050241207273326,5,50000,5001
GAGATACT,0.75764626,0.8924256792974066,5,50000,5001
ATACCCAT,0.7574455,0.8511421267472065,5,50000,5001
AATCGGAT,0.75743455,0.7483094874860842,5,50000,5001
TCTATCTT,0.75706977,0.6911825341194904,5,50000,5001
TATATGCT,0.75678474,0.8036325403042922,5,50000,5001
CTATCCGT,0.75602454,0.760081227064693,5,50000,5001
GTATTATT,0.7559248,0.880757019750134,5,50000,5001
GATCCTGT,0.75512445,0.7674411413021069,5,50000,5001
CCACATAT,0.7538956,0.7359914237413928,5,50000,5001
TGTCAGAT,0.7533832,0.7653589246691131,5,50000,5001
AGGAATAT,0.7501988,0.7907269203809838,5,50000,5001
ATACTTCT,0.74920756,0.8584711169752196,5,50000,5001
GTATACAT,0.74892145,0.8145590236259431,5,50000,5001
CGCTATAT,0.7461863,0.7695542819445017,5,50000,5001
TATCTTCT,0.74583197,0.8264647672452893,5,50000,5001
GATACGCT,0.7454181,0.8690368201871933,5,50000,5001
AGCTATCT,0.7434126,0.7645549004246898,5,50000,5001
GGGATCTT,0.743303,0.811786170782996,5,50000,5001
ATACGCAT,0.7422471,0.8100235022471447,5,50000,5001
TATCGAAT,0.7410185,0.8419061559394715,5,50000,5001
TGATAACT,0.7405485,0.7280748773347628,5,50000,5001
ACTAATAT,0.7391436,0.8316806168309074,5,50000,5001
TCTTCGAT,0.7389509,0.841720611883066,5,50000,5001
TGTAATAT,0.7387328,0.830206572382798,5,50000,5001
GCTATCCT,0.73511934,0.7689976497752855,5,50000,5001
GATGAGAT,0.7348603,0.7887271677730591,5,50000,5001
GACAGTAT,0.7342741,0.750536016162949,5,50000,5001
GATCTAGT,0.7339984,0.7714612625242239,5,50000,5001
AGACGGAT,0.7336518,0.8397414752814086,5,50000,5001
AGCCTGAT,0.733513,0.6135941945326352,5,50000,5001
TGAATATT,0.7320302,0.6272626066878324,5,50000,5001
AAGATAGT,0.73006135,0.7378984043211149,5,50000,5001
CAACTGAT,0.7299062,0.7263946728239806,5,50000,5001
TATAAGTT,0.7275733,0.6889250814332247,5,50000,5001
GACCATAT,0.7273364,0.7878509875067002,5,50000,5001
CTTATCCT,0.72715575,0.7716880385931637,5,50000,5001
ATCTCAAT,0.7264058,0.7775017523605328,5,50000,5001
GGGCGGAT,0.72311157,0.7245392322599267,5,50000,5001
ACCCCTAT,0.7226392,0.8243928586154291,5,50000,5001
CTATCGCT,0.72222644,0.820290273368243,5,50000,5001
CAGAAGAT,0.72011286,0.6041417556590938,5,50000,5001
TAACGTAT,0.71791977,0.6800395827320331,5,50000,5001
TTATCGTT,0.71788067,0.5866078423287842,5,50000,5001
ATACTAAT,0.71589494,0.7976229744773843,5,50000,5001
GATAGGGT,0.71501195,0.8768193625530861,5,50000,5001
AGTAGGAT,0.714796,0.7056137385065765,5,50000,5001
TACGCGAT,0.7147661,0.7622355997196223,5,50000,5001
TGTGAGAT,0.7138769,0.8518224549540264,5,50000,5001
ATCCATTT,0.71379507,0.7153032614521915,5,50000,5001
CGATATGT,0.71302056,0.9264833216509298,5,50000,5001
CTATGGAT,0.712879,0.5016905125139158,5,50000,5001
AGCCATAT,0.71242213,0.7399806209541088,5,50000,5001
ATTCATAT,0.7113564,0.7917164886818125,5,50000,5001
TATAACAT,0.70860904,0.6676905949779409,5,50000,5001
ACCCAGAT,0.70814353,0.8187646889044654,5,50000,5001
TAATCCCT,0.7079609,0.8452974889704367,5,50000,5001
ATTTATCT,0.70713365,0.7406300251515276,5,50000,5001
CTGTTGAT,0.70510787,0.7890364078670681,5,50000,5001
ATCCCGTT,0.70356995,0.6332515565084732,5,50000,5001
ACGGTATT,0.7034125,0.8424112480930194,5,50000,5001
CATACCAT,0.7021211,0.4820022265286769,5,50000,5001
GCGTGTAT,0.70041895,0.7641116562899435,5,50000,5001
CCCGTGAT,0.6992245,0.655836391374263,5,50000,5001
TGGGTATT,0.6976576,0.7613594194532635,5,50000,5001
GTTATCAT,0.6973124,0.7348163113841587,5,50000,5001
CGGATCTT,0.69631875,0.8325567970972663,5,50000,5001
CTATAAGT,0.69575745,0.5923184760648168,5,50000,5001
CTGTGTAT,0.69563645,0.7122727085309034,5,50000,5001
TGATCTGT,0.6954506,0.8599245454170619,5,50000,5001
TGTAAGAT,0.693822,0.7372902321362306,5,50000,5001
GATCCCGT,0.69379914,0.7644415123902198,5,50000,5001
CACCGGAT,0.6937702,0.8464519853214035,5,50000,5001
TGTTTAAT,0.69271684,0.5491794829505628,5,50000,5001
TCTGTAAT,0.69142556,0.6957180554982889,5,50000,5001
GAACCTAT,0.690236,0.7300952459489548,5,50000,5001
CATACCCT,0.6898661,0.7355791036160475,5,50000,5001
CGCTTGAT,0.6894339,0.7289819816105225,5,50000,5001
ATTCGGAT,0.6892031,0.7784913206613616,5,50000,5001
CAGCTGAT,0.68887293,0.6892446295303674,5,50000,5001
AGCTTGAT,0.6887832,0.729301529707665,5,50000,5001
GTGCGTAT,0.68742555,0.6469405846699378,5,50000,5001
AATGCGAT,0.68712443,0.6459407083659753,5,50000,5001
GAGACGAT,0.68621993,0.8531624953613987,5,50000,5001
AGTCCGAT,0.6856188,0.5706201294685194,5,50000,5001
ATTGGTGT,0.6831703,0.7863769430585907,5,50000,5001
TCTGCTAT,0.68313277,0.6732053766544345,5,50000,5001
ATACAAGT,0.681297,0.8442254566445387,5,50000,5001
CATCCTAT,0.6808925,0.7624623757885622,5,50000,5001
ATCATCGT,0.6803493,0.7648229085061642,5,50000,5001
CGGATCCT,0.67954755,0.7550818455448811,5,50000,5001
ATCTGTCT,0.67886066,0.7094792396816889,5,50000,5001
ATACGACT,0.6786523,0.7331670308827775,5,50000,5001
ACAGGATT,0.6780561,0.5980497258071167,5,50000,5001
ATGACGAT,0.67726296,0.734723539355956,5,50000,5001
CGAAATAT,0.6761349,0.6964086917082423,5,50000,5001
TTCGTGAT,0.67551005,0.7372386921205625,5,50000,5001
CAGTTGAT,0.6741461,0.655723003339793,5,50000,5001
CATTGTAT,0.6735814,0.7358986517131901,5,50000,5001
TACCCCCT,0.67172664,0.8659753432565044,5,50000,5001
GATCGTTT,0.67077386,0.8059930730218942,5,50000,5001
TACATTAT,0.6704721,0.7990970189254938,5,50000,5001
GTATTCAT,0.67034394,0.8059827650187606,5,50000,5001
AAAGTATT,0.670202,0.7657815527975921,5,50000,5001
TTATTCAT,0.66874427,0.7054385024533047,5,50000,5001
ATACGCGT,0.66690993,0.7890982558858698,5,50000,5001
ACGGTGAT,0.66573006,0.6481878530491073,5,50000,5001
CCGATCAT,0.664948,0.8431225003092402,5,50000,5001
GATCGGGT,0.66480285,0.8435966684533872,5,50000,5001
CGCCAGAT,0.6644388,0.49366057807281577,5,50000,5001
GGCTGTAT,0.6635484,0.7190347585865666,5,50000,5001
TTGGTATT,0.663469,0.7073145590236259,5,50000,5001
CCAGAGAT,0.6630854,0.6166659794664577,5,50000,5001
TTCGAGAT,0.66166866,0.5885251309116398,5,50000,5001
GATAACGT,0.6611072,0.6825856595060406,5,50000,5001
GATAAAGT,0.6599771,0.6603203727373933,5,50000,5001
CGATAGTT,0.65984756,0.7917164886818125,5,50000,5001
CGAATACT,0.65971047,0.48949614480682807,5,50000,5001
GGGGTAAT,0.65901643,0.6900795777841916,5,50000,5001
GACTGGAT,0.6584704,0.5954933410299756,5,50000,5001
CTCACGAT,0.6542337,0.6340865047622974,5,50000,5001
ACACTATT,0.6541341,0.7338473590895972,5,50000,5001
GAGGCTAT,0.6539057,0.6868840968127655,5,50000,5001
CACAAGAT,0.65374404,0.6647631220879892,5,50000,5001
GTCCATAT,0.65039784,0.6029357192924587,5,50000,5001
AAATCGAT,0.6495068,0.7117057683585535,5,50000,5001
ATACGAGT,0.6489904,0.6476930688986929,5,50000,5001
CATGGGAT,0.64895725,0.8308972085927515,5,50000,5001
GATAGACT,0.64862406,0.5959984331835236,5,50000,5001
TATAAGGT,0.64548206,0.7921494248134252,5,50000,5001
GTAGTATT,0.64484763,0.7009442130870407,5,50000,5001
TCTTTCAT,0.6442315,0.5211932544427493,5,50000,5001
TATTATTT,0.6431805,0.7851090586731538,5,50000,5001
TCTCTCAT,0.64307326,0.5559621490124933,5,50000,5001
GTGTCAAT,0.642918,0.8044159485424484,5,50000,5001
CTATCGTT,0.6423182,0.8518224549540264,5,50000,5001
TATAAAGT,0.64215875,0.6993258565950604,5,50000,5001
TACTCTAT,0.63939035,0.6960582196016988,5,50000,5001
CGCCATAT,0.6377581,0.6874922689976497,5,50000,5001
ATGTTTAT,0.63772535,0.7622871397352905,5,50000,5001
AATACGCT,0.63702613,0.6095225332948502,5,50000,5001
GTACCTAT,0.6365948,0.7680905454995257,5,50000,5001
TGTGTTAT,0.6352663,0.6189646641652579,5,50000,5001
CGATCTCT,0.6335212,0.6967900878241867,5,50000,5001
CGATCGGT,0.63346845,0.7531027089432235,5,50000,5001
CTCGTGAT,0.63308585,0.7144786212015009,5,50000,5001
GCAATATT,0.6305629,0.6299736115119778,5,50000,5001
GGTTGGAT,0.6303363,0.6210778048076526,5,50000,5001
TGCAGGAT,0.63016653,0.6364161134704984,5,50000,5001
AAATCTAT,0.6301083,0.5316868016327877,5,50000,5001
ATCGCTTT,0.6294383,0.7796664330185956,5,50000,5001
TATTGTGT,0.62943786,0.7032222817795737,5,50000,5001
TACCTAAT,0.62862927,0.6684018471941615,5,50000,5001
TCTTACAT,0.6285808,0.735393559559642,5,50000,5001
CTATAACT,0.62748635,0.6472395167608131,5,50000,5001
TAGTGAAT,0.6264437,0.43383292788521005,5,50000,5001
TATTCCTT,0.626295,0.6253556261081104,5,50000,5001
CTACCCGT,0.6261139,0.38198367212303636,5,50000,5001
TCTACTCT,0.6253958,0.6224281532181586,5,50000,5001
ATGTCTAT,0.62508094,0.6670102667711211,5,50000,5001
CGATGTAT,0.6250094,0.7363212798416691,5,50000,5001
GATAGCCT,0.6249954,0.8948377520306767,5,50000,5001
ACCGCTAT,0.62460697,0.5893085391497959,5,50000,5001
GGAATTAT,0.62456447,0.5189770337690183,5,50000,5001
TGCAAGAT,0.62450385,0.726858532964994,5,50000,5001
AACGCGAT,0.6238025,0.5666206242526698,5,50000,5001
CGATTAAT,0.6231072,0.6976559600874119,5,50000,5001
CTGTCGAT,0.6225734,0.5551272007586691,5,50000,5001
TTAATCTT,0.622324,0.6846163361233661,5,50000,5001
GAGTATTT,0.6219497,0.7283531934193708,5,50000,5001
GGGTGGAT,0.6213442,0.7460726508060859,5,50000,5001
GGTGTAAT,0.6202882,0.8115490867109224,5,50000,5001
GACGTGAT,0.6194396,0.7034902898610481,5,50000,5001
TCATCCTT,0.6188681,0.6736176967797799,5,50000,5001
ATTCGAAT,0.61789095,0.30587968498742424,5,50000,5001
ACAATCCT,0.61785305,0.5421597328165587,5,50000,5001
GTCTAGAT,0.61760986,0.6246134498824888,5,50000,5001
TCCTCTTT,0.6167473,0.6156351791530945,5,50000,5001
CATTAAAT,0.61651284,0.5350575186574857,5,50000,5001
GAAGCGAT,0.6163274,0.7792334968869831,5,50000,5001
ATCTACAT,0.6156117,0.5810518286397559,5,50000,5001
CTATAAAT,0.6152696,0.580402424442337,5,50000,5001
AAAATACT,0.6142335,0.674483569043005,5,50000,5001
CGAACGAT,0.6117081,0.7340122871397353,5,50000,5001
TAGGTCAT,0.61090887,0.5573021894198655,5,50000,5001
TCATCTCT,0.61060065,0.6474044448109513,5,50000,5001
TGATTTTT,0.60942674,0.4622624005277698,5,50000,5001
GCAGAGAT,0.6090393,0.6731126046262318,5,50000,5001
ACGCTGAT,0.60888433,0.6389209582319713,5,50000,5001
TGACCCCT,0.60885346,0.7303735620335629,5,50000,5001
TCCCATCT,0.60872114,0.6210468807982518,5,50000,5001
CTGACTAT,0.60719305,0.552880056075537,5,50000,5001
ATCTTTGT,0.6068436,0.6754834453469674,5,50000,5001
TACTTATT,0.60638475,0.6878839731167278,5,50000,5001
AATTCTAT,0.60582197,0.5533954562322188,5,50000,5001
ATCAACGT,0.6041726,0.7060982146538574,5,50000,5001
TATTCATT,0.602333,0.7005422009648291,5,50000,5001
GTCATTAT,0.601507,0.5887209829711788,5,50000,5001
AATATGTT,0.6011233,0.6276336948006432,5,50000,5001
GAGGGATT,0.6010974,0.6852348163113842,5,50000,5001
GCACAGAT,0.6009466,0.6139652826454459,5,50000,5001
CAGGTTAT,0.60059667,0.6750711252216222,5,50000,5001
AGCACGAT,0.6005546,0.5389951758545334,5,50000,5001
GAGAGTGT,0.60014725,0.5708056735249247,5,50000,5001
TCTCGGGT,0.6000945,0.46057188801385396,5,50000,5001
AGGCAGAT,0.5993925,0.6633509256586814,5,50000,5001
CACGCTAT,0.5989188,0.5342431864099286,5,50000,5001
CGACCGAT,0.598519,0.706469302766668,5,50000,5001
CCGCGGAT,0.5984509,0.6607326928627386,5,50000,5001
AATCTCTT,0.59759355,0.5794025481383747,5,50000,5001
TAGCAGAT,0.5971365,0.7572465262029441,5,50000,5001
ACGCCTAT,0.5953389,0.6099245454170619,5,50000,5001
TGCTGGAT,0.5952223,0.6702675957613492,5,50000,5001
ACCCCTCT,0.5951619,0.6290046592174164,5,50000,5001
AACAATCT,0.59514874,0.5830000412320125,5,50000,5001
TGATTGTT,0.5948495,0.5536737723168268,5,50000,5001
TGTGTCTT,0.5935047,0.2981486826371995,5,50000,5001
GAGTTTAT,0.5897385,0.5159052488351956,5,50000,5001
ATCTACCT,0.589416,0.7058920545911846,5,50000,5001
TCCGCTTT,0.5891366,0.5541273244547066,5,50000,5001
AAACTATT,0.5889472,0.5579000536016163,5,50000,5001
ACCTTTAT,0.5887591,0.5047622974477385,5,50000,5001
TAGATCGT,0.588341,0.7333216509297819,5,50000,5001
CATTCTAT,0.5880161,0.6072135405929163,5,50000,5001
GAATCATT,0.5879948,0.6597946645775781,5,50000,5001
GCCGATCT,0.5870518,0.5631365191935018,5,50000,5001
ATCCCCGT,0.58682907,0.7535356450748362,5,50000,5001
TACAACAT,0.5868079,0.7338576670927308,5,50000,5001
GTTTGATT,0.586731,0.5209870943800767,5,50000,5001
TCCGTTTT,0.5866197,0.5167401970890199,5,50000,5001
GACGGATT,0.5864587,0.6345091328907765,5,50000,5001
CCGTTTAT,0.58575344,0.6586607842328784,5,50000,5001
CACTTAAT,0.5854144,0.679400486537748,5,50000,5001
TAGCGATT,0.5849075,0.5086277986228508,5,50000,5001
ATAGACTT,0.584841,0.4637261369727456,5,50000,5001
ATAAACCT,0.58387834,0.7653280006597122,5,50000,5001
ATTAAGTT,0.58359164,0.5371397352904796,5,50000,5001
CTACCAAT,0.58295614,0.4084546241702057,5,50000,5001
CGTTGGAT,0.58283335,0.6170473755824022,5,50000,5001
GAATAAGT,0.5822638,0.6372304457180555,5,50000,5001
GTATGAGT,0.5817927,0.7104069599637158,5,50000,5001
ACCACAAT,0.5813828,0.5297488970436648,5,50000,5001
TCTGGGTT,0.5810803,0.5181523935183275,5,50000,5001
TCTCAGTT,0.5810362,0.6046983878283099,5,50000,5001
CCCTCTAT,0.5809321,0.6608770049066095,5,50000,5001
GTCACGAT,0.57955194,0.4757452686265617,5,50000,5001
ACACGAAT,0.5787276,0.6029357192924587,5,50000,5001
TCTACATT,0.5783229,0.3154764359048365,5,50000,5001
TGTGGTGT,0.578266,0.7081598152805839,5,50000,5001
GCTTTAAT,0.57715905,0.531480641570115,5,50000,5001
TACACCCT,0.5767393,0.7968704902486291,5,50000,5001
GGCATAAT,0.5763034,0.6236960376035955,5,50000,5001
CGCATTAT,0.57629526,0.7005009689522946,5,50000,5001
CACACACT,0.57577825,0.5185028656248711,5,50000,5001
GGAGTAAT,0.5755623,0.6164082793881169,5,50000,5001
GTACATAT,0.57532835,0.8098070341813385,5,50000,5001
ACACTCTT,0.57530445,0.5894734671999341,5,50000,5001
TCATGATT,0.57479465,0.5899373273409475,5,50000,5001
AATACGGT,0.57376343,0.7119531604337608,5,50000,5001
CTTGTATT,0.5736799,0.5894013111779987,5,50000,5001
TATTTCCT,0.5732705,0.5502412072733269,5,50000,5001
GCCGCGAT,0.57307583,0.527017276213252,5,50000,5001
TCTCCCCT,0.57295316,0.5628272790994928,5,50000,5001
TCCCGCAT,0.5728715,0.6410031748649652,5,50000,5001
GTCCCTAT,0.57191837,0.5236053271760195,5,50000,5001
CAGGCGAT,0.5713159,0.470653115078547,5,50000,5001
CACTACGT,0.57109004,0.33769018265781553,5,50000,5001
TCTCACGT,0.5705902,0.49713437512885006,5,50000,5001
CCGTTGAT,0.5694662,0.6515894940832062,5,50000,5001
AGTAGTGT,0.5692589,0.5898651713190121,5,50000,5001
GTGTCGCT,0.5692362,0.6500329856100276,5,50000,5001
TACCTTCT,0.568568,0.7481136354265452,5,50000,5001
ATAGCCTT,0.5677626,0.6956149754669526,5,50000,5001
CGATCTTT,0.56617403,0.6775244299674267,5,50000,5001
TCTAGTTT,0.5661705,0.5708675215437266,5,50000,5001
TCCCCTTT,0.56595856,0.5198429060322435,5,50000,5001
TATTTTTT,0.5658889,0.6735661567641117,5,50000,5001
ACTAGTGT,0.5658307,0.6474353688203521,5,50000,5001
ATTCGATT,0.56563026,0.6082752649156805,5,50000,5001
CTATTCAT,0.56521684,0.5726920380983795,5,50000,5001
AATCTTGT,0.56513894,0.6513936420236672,5,50000,5001
AATCCCTT,0.5650004,0.7114274522739454,5,50000,5001
CTTTGAAT,0.56490993,0.3457613491114501,5,50000,5001
GAATAGGT,0.56481946,0.5054838576670927,5,50000,5001
GCTAGGAT,0.5647855,0.6485795571681854,5,50000,5001
GAATGATT,0.56418234,0.5254298437306725,5,50000,5001
GGGTAGGT,0.56361264,0.6285098750670021,5,50000,5001
TGGATTGT,0.56267774,0.6463221044819198,5,50000,5001
CAGTATGT,0.5618008,0.5108852513091164,5,50000,5001
AATCACCT,0.56109476,0.539685812064487,5,50000,5001
CTCCTTCT,0.56031376,0.48944460479115987,5,50000,5001
GAGTCGAT,0.56005794,0.5981321898321857,5,50000,5001
GACATCTT,0.5600099,0.34450377272914695,5,50000,5001
GGGTTAAT,0.5598893,0.5700841133055705,5,50000,5001
CCATTAAT,0.559395,0.6234692615346555,5,50000,5001
GATTCAAT,0.55919445,0.5826908011380035,5,50000,5001
CTCATCTT,0.5586148,0.5004020121222117,5,50000,5001
AGACACCT,0.5583908,0.7230548798086835,5,50000,5001
TAAAGTGT,0.5580576,0.6680204510782171,5,50000,5001
ACCCCAAT,0.55726606,0.6329320084113306,5,50000,5001
TCCCTGGT,0.5571514,0.4584690553745928,5,50000,5001
CAACACCT,0.556998,0.7034593658516471,5,50000,5001
ATCGGCCT,0.55640644,0.5616521667422587,5,50000,5001
TATGCCTT,0.55631596,0.5031645569620253,5,50000,5001
ATTCTCCT,0.5558352,0.6490537253123325,5,50000,5001
CACCCCAT,0.555677,0.4637364449758793,5,50000,5001
GTATGTTT,0.55566686,0.6692780274605203,5,50000,5001
CGTTCGAT,0.55565256,0.4933616459819404,5,50000,5001
CATAAGCT,0.5554129,0.31499195975755573,5,50000,5001
ATCACCGT,0.5549505,0.6481878530491073,5,50000,5001
ATGGTTAT,0.55476975,0.6845854121139653,5,50000,5001
CATTACCT,0.5547,0.37805632292912217,5,50000,5001
AACAGATT,0.5543412,0.516709273079619,5,50000,5001
GTGTGAAT,0.5533763,0.6333030965241413,5,50000,5001
AATGGGGT,0.5527735,0.5039995052158496,5,50000,5001
ATTTAAGT,0.55237895,0.6223147651836887,5,50000,5001
GCATTTAT,0.55199087,0.5127716158825713,5,50000,5001
ATTCTTGT,0.5513458,0.5159877128602647,5,50000,5001
ATAAGGTT,0.5501238,0.5678678926318393,5,50000,5001
GCTACCAT,0.54990166,0.28227435781140475,5,50000,5001
TCCTATGT,0.549693,0.5127819238857049,5,50000,5001
TCTCCGCT,0.5496863,0.5764853832515565,5,50000,5001
TCCATACT,0.54961824,0.46589081763080853,5,50000,5001
ACGTTAAT,0.5491219,0.5138127241990682,5,50000,5001
ACCCGGGT,0.54823196,0.6930482826866778,5,50000,5001
TACTATGT,0.54729986,0.781707417639055,5,50000,5001
TACTTGGT,0.5469562,0.49044448109512223,5,50000,5001
AGGATTGT,0.5469361,0.5421597328165587,5,50000,5001
TGTATTTT,0.5458402,0.6643611099657775,5,50000,5001
CCTTTCAT,0.54571563,0.588432358883437,5,50000,5001
ACGCCGAT,0.545565,0.5592194780027214,5,50000,5001
TATTGCCT,0.5451636,0.5501896672576588,5,50000,5001
TACTAGTT,0.544462,0.6682369191440235,5,50000,5001
TGTCACAT,0.54407316,0.6343442048406382,5,50000,5001
CATCTCGT,0.5439469,0.40431080691048527,5,50000,5001
TGTACTAT,0.5436369,0.7162412897373521,5,50000,5001
GGACACCT,0.5435777,0.599585618274028,5,50000,5001
AATAAGCT,0.54350173,0.6750608172184884,5,50000,5001
TCCTAGTT,0.5433375,0.4547787902527522,5,50000,5001
TCCCCCAT,0.54320943,0.6409104028367625,5,50000,5001
CTACCATT,0.5431531,0.3753453181049767,5,50000,5001
AGGTATGT,0.54313195,0.5581474456768235,5,50000,5001
GGCAAGAT,0.5427873,0.47001401888426175,5,50000,5001
TCTCCTCT,0.54277617,0.46484970931431163,5,50000,5001
GGATGATT,0.5426117,0.6324475322640498,5,50000,5001
AATCAACT,0.54248536,0.47084896713808605,5,50000,5001
CCCCATCT,0.54246366,0.367696779779821,5,50000,5001
CGGGCTAT,0.5424238,0.5085556426009153,5,50000,5001
ACCCCTTT,0.5423631,0.4889188966313446,5,50000,5001
TATTGGTT,0.5422825,0.7527419288335464,5,50000,5001
ATTGATTT,0.5415196,0.5791654640663011,5,50000,5001
CACGCGAT,0.5412335,0.6536201707005319,5,50000,5001
ATTAAGGT,0.54105324,0.6477961489300292,5,50000,5001
GTCTTAAT,0.5409459,0.6266441264998145,5,50000,5001
TCCTTGTT,0.5408441,0.6005648785717231,5,50000,5001
TGCACGAT,0.54076517,0.6699892796767409,5,50000,5001
CGGATTGT,0.54052204,0.7063146827196636,5,50000,5001
ACCAATGT,0.5403375,0.36469715086793386,5,50000,5001
TTACAAGT,0.5402389,0.4144126499814456,5,50000,5001
ATCTTCGT,0.5401539,0.49819609945161425,5,50000,5001
CGTTTCAT,0.54009265,0.5282130045767534,5,50000,5001
TAACACCT,0.5397674,0.7129942687502576,5,50000,5001
GATGGGTT,0.5396951,0.29498412567517424,5,50000,5001
ATAAACAT,0.538901,0.7622871397352905,5,50000,5001
ACATCAAT,0.5383073,0.44251226652372905,5,50000,5001
CGCATAAT,0.53752077,0.6809054549952583,5,50000,5001
ACCCAAGT,0.5373444,0.48268255473549665,5,50000,5001
GAGGTCAT,0.5373392,0.46579804560260585,5,50000,5001
CGGGGTTT,0.537276,0.45759287510823404,5,50000,5001
GTTGTAAT,0.5368565,0.573382674308333,5,50000,5001
GATTAGTT,0.53671634,0.7154991135117305,5,50000,5001
GTATTTGT,0.53629875,0.6453943841998927,5,50000,5001
AAATAAGT,0.5359501,0.5406959963715829,5,50000,5001
TTAGTAAT,0.5355992,0.6042757596998309,5,50000,5001
CGGATTCT,0.5355194,0.5433863851894611,5,50000,5001
ATAACTTT,0.53452295,0.6634952377025523,5,50000,5001
AGTCCTAT,0.5341465,0.6792974065064116,5,50000,5001
CCCACCAT,0.5339587,0.38002515152764604,5,50000,5001
AGGTGTTT,0.53387225,0.6023584711169753,5,50000,5001
CGATCTGT,0.5338643,0.8042097884797756,5,50000,5001
TGAGCCCT,0.5338388,0.6252731620830413,5,50000,5001
TTTTACAT,0.5328523,0.5972147775532923,5,50000,5001
TAATGATT,0.53285074,0.6057498041479404,5,50000,5001
CTCTCAAT,0.5328015,0.5917927679050015,5,50000,5001
CACTCAGT,0.5325162,0.4169793427617202,5,50000,5001
ATGCTTTT,0.5324548,0.38547808518533794,5,50000,5001
ATAGCGTT,0.5320056,0.6352925411289325,5,50000,5001
CACACTCT,0.53155714,0.49986599595926273,5,50000,5001
ACACACGT,0.53118646,0.47093143116315506,5,50000,5001
GGCACGAT,0.5311099,0.5373458953531522,5,50000,5001
TAACGAAT,0.53071463,0.5538180843606977,5,50000,5001
TACCGTGT,0.53024316,0.6150991629901456,5,50000,5001
AAATCATT,0.52983034,0.3911887189213706,5,50000,5001
CAATCTCT,0.5288093,0.7220240794953202,5,50000,5001
GGGTCCTT,0.52851737,0.4528099616542284,5,50000,5001
ATTCGCCT,0.5279804,0.4458005195233579,5,50000,5001
CCCCTCCT,0.52741253,0.399909289572424,5,50000,5001
GTGAGAAT,0.5269181,0.5981734218447203,5,50000,5001
CGCTTTAT,0.5268611,0.5997917783367006,5,50000,5001
TATGCCAT,0.526634,0.588494206902239,5,50000,5001
CAATTAAT,0.5266114,0.6534552426503938,5,50000,5001
ACTACTTT,0.525751,0.40728981981610524,5,50000,5001
TGATGCCT,0.5255172,0.6357873252793469,5,50000,5001
TTTGTTGT,0.52538866,0.5210283263926112,5,50000,5001
TCCCGGGT,0.5251887,0.7475260792479281,5,50000,5001
ACCATCTT,0.52511597,0.32623799117634933,5,50000,5001
ATAGCGCT,0.5247706,0.6215107409392653,5,50000,5001
CCTATTCT,0.5242222,0.6248196099451614,5,50000,5001
TAGCCAAT,0.52400047,0.6340865047622974,5,50000,5001
TACATTTT,0.52363837,0.5368511112027378,5,50000,5001
CACATAGT,0.5235705,0.5803302684204016,5,50000,5001
CCTACCCT,0.52325445,0.4439244629530367,5,50000,5001
TACTTGTT,0.5231762,0.5985032779449966,5,50000,5001
ATGAGCTT,0.5227971,0.5572403414010638,5,50000,5001
TCTTCTCT,0.5224015,0.6106564136395497,5,50000,5001
ATTCAAAT,0.52239764,0.6041520636622273,5,50000,5001
TTTGAATT,0.52214444,0.4877644002803777,5,50000,5001
CATCCGCT,0.5216583,0.6031624953613985,5,50000,5001
CGATAATT,0.5215783,0.5455407578443905,5,50000,5001
AGCAGGGT,0.52120566,0.6463117964787861,5,50000,5001
AAGGGGGT,0.5204991,0.7288995175854533,5,50000,5001
CACTAGGT,0.5203919,0.44557374345441797,5,50000,5001
GGGGGTTT,0.5203707,0.5802271883890653,5,50000,5001
GATTGGTT,0.5201519,0.5200181420855152,5,50000,5001
GTTCAAAT,0.52015,0.4517070053189296,5,50000,5001
TCATTGGT,0.5196544,0.5090091947387952,5,50000,5001
CCCCTCGT,0.5190867,0.3900960705892055,5,50000,5001
CGGAGAAT,0.51778847,0.4124850533954562,5,50000,5001
GCCAAGAT,0.51754534,0.42967880262235597,5,50000,5001
CAATAGGT,0.5173971,0.6370139776522492,5,50000,5001
ACATACCT,0.51727134,0.5581474456768235,5,50000,5001
GGGTCGTT,0.51725847,0.31789881664124026,5,50000,5001
ATAACGCT,0.51704586,0.4196697315795984,5,50000,5001
GGTGGATT,0.51693857,0.6077392487527317,5,50000,5001
CCCCCAGT,0.5159826,0.42956541458788605,5,50000,5001
GGTCTCGT,0.5158137,0.4413886941821631,5,50000,5001
CGGAGTGT,0.51576364,0.4683750463860141,5,50000,5001
ATTAAAGT,0.51538795,0.616769059497794,5,50000,5001
CTCCCACT,0.5153834,0.46637529377808934,5,50000,5001
TCCAGATT,0.5151749,0.6523935183276296,5,50000,5001
TTACTCTT,0.51516455,0.622727085309034,5,50000,5001
TAACCAAT,0.51494503,0.596359213293201,5,50000,5001
TCGAGTGT,0.51494354,0.5491279429348946,5,50000,5001
TCGGGTCT,0.51464415,0.6053065600131943,5,50000,5001
ACTTAAAT,0.5146079,0.6223147651836887,5,50000,5001
TCCCCTCT,0.5144416,0.4506143569867645,5,50000,5001
GGCATCAT,0.5142458,0.7172205500350471,5,50000,5001
ACACGCCT,0.5142031,0.4212468560590443,5,50000,5001
CAGTGAAT,0.51383966,0.332762957159939,5,50000,5001
ACCACCCT,0.5137799,0.3455036490331093,5,50000,5001
GGTCAAAT,0.5131648,0.5075042262812848,5,50000,5001
TACGTTCT,0.51298136,0.3937244876922442,5,50000,5001
TCCGTAGT,0.5129321,0.5734857543396693,5,50000,5001
ATGCCTCT,0.51272833,0.4213808600997815,5,50000,5001
ATAACCCT,0.51255906,0.5787222199315548,5,50000,5001
TGACTCTT,0.511499,0.4567476188512761,5,50000,5001
AGCCGCCT,0.5108652,0.41985527563600383,5,50000,5001
TACGTAGT,0.509915,0.45949985568795615,5,50000,5001
AGACTGTT,0.5097924,0.42966849461922235,5,50000,5001
TACGCTTT,0.50965315,0.5204820022265286,5,50000,5001
TGTAGATT,0.50875086,0.6253968581206448,5,50000,5001
ACACGCTT,0.5084921,0.29890116686595475,5,50000,5001
CTCCTACT,0.5084479,0.2726982229002598,5,50000,5001
AGAATCCT,0.5080948,0.41983465962973654,5,50000,5001
TACTAGGT,0.5079721,0.4060219354306684,5,50000,5001
ACCGATTT,0.50779814,0.4438832309405022,5,50000,5001
CCACTTCT,0.5077385,0.5197192099946398,5,50000,5001
CTCCGCGT,0.5075848,0.41479404609739,5,50000,5001
GGCTCGAT,0.5075393,0.4983197954892178,5,50000,5001
TACGCTCT,0.507218,0.6030491073269286,5,50000,5001
CACCCACT,0.50675756,0.575485506947594,5,50000,5001
TTAATCGT,0.50662607,0.6506514657980457,5,50000,5001
TCTACGCT,0.5065081,0.28085185337896346,5,50000,5001
TCATTCGT,0.5062002,0.6202737805632292,5,50000,5001
CACTCAAT,0.5061642,0.48880550859687466,5,50000,5001
CACCCTCT,0.50610894,0.48069311013070554,5,50000,5001
GTGTCACT,0.50598395,0.7591844307920669,5,50000,5001
CGGCCGAT,0.5059533,0.5924937121180885,5,50000,5001
CCACCACT,0.50592804,0.40576423535232753,5,50000,5001
TCCTACGT,0.50576514,0.4771883890652703,5,50000,5001
TCCGAGTT,0.5057386,0.3782315589823939,5,50000,5001
CGGGGATT,0.50555533,0.5845153176926565,5,50000,5001
ATTACCTT,0.505276,0.666927802746052,5,50000,5001
GTTTAACT,0.50524235,0.37019131653816023,5,50000,5001
CTCTCACT,0.5051967,0.4731682678431534,5,50000,5001
TGAAACAT,0.504033,0.5144827444027543,5,50000,5001
TTCTACCT,0.5037423,0.554312868511112,5,50000,5001
GGTAACAT,0.50367934,0.44668700779285037,5,50000,5001
CCATTAGT,0.5036053,0.26240052776976047,5,50000,5001
TACCAAGT,0.50357074,0.5559930730218942,5,50000,5001
CCCAGATT,0.5034408,0.5811136766585577,5,50000,5001
ACCCTTCT,0.50318,0.6718241042345278,5,50000,5001
CTCCTCGT,0.5031675,0.4272667298890859,5,50000,5001
CCCGGGGT,0.5028707,0.32749556755865256,5,50000,5001
TCAGACTT,0.50279826,0.5888549870119161,5,50000,5001
GGTGTTGT,0.5024961,0.694676947181792,5,50000,5001
AAGAGCAT,0.50249493,0.5375417474126911,5,50000,5001
AGCCGACT,0.50231135,0.528872716777306,5,50000,5001
TGTATGGT,0.50166976,0.5582402177050262,5,50000,5001
CCCGTGGT,0.5016547,0.28125386550117515,5,50000,5001
CCCCCCTT,0.501521,0.45303673772316827,5,50000,5001
TAGACACT,0.5012997,0.5438193213210737,5,50000,5001
GTCGCGAT,0.50102884,0.578186203768606,5,50000,5001
TCGTGTTT,0.5004656,0.483177338885911,5,50000,5001
GGACCCCT,0.5001396,0.2707087782954686,5,50000,5001
TCAGGCTT,0.5000121,0.542293736857296,5,50000,5001
AATGGTTT,0.49994546,0.5271306642477219,5,50000,5001
GAGAGACT,0.49982166,0.33129922071496315,5,50000,5001
GTTCATCT,0.49982142,0.35104935471900384,5,50000,5001
CACTGAAT,0.49883264,0.5198532140353771,5,50000,5001
TCCCCCTT,0.4984331,0.671308704077846,5,50000,5001
TCCGACCT,0.49832684,0.4272564218859523,5,50000,5001
CTTGTTGT,0.49798572,0.4611903682018719,5,50000,5001
TCATCGCT,0.49770302,0.5297798210530656,5,50000,5001
AGCAGATT,0.49755841,0.5070094421308704,5,50000,5001
TCCCCGCT,0.4974743,0.4187007792850369,5,50000,5001
ACATACAT,0.49725664,0.7043458541211397,5,50000,5001
GGGTAACT,0.49712884,0.31404362346926157,5,50000,5001
ACTACAAT,0.49638146,0.5219663546777719,5,50000,5001
ACCTCCTT,0.49631876,0.3346390137302602,5,50000,5001
ACTCTTCT,0.49615926,0.533222694099699,5,50000,5001
CCACCAGT,0.49604303,0.4497278687172721,5,50000,5001
GGAGACTT,0.49594253,0.4308126829670556,5,50000,5001
CCAAGATT,0.4957456,0.33691708242279306,5,50000,5001
TCATAAGT,0.49560654,0.5089473467199934,5,50000,5001
CTACTGTT,0.49559116,0.4874242361769678,5,50000,5001
CCTACACT,0.49525273,0.5683420607759865,5,50000,5001
TGTTCTTT,0.49503225,0.49875273162083045,5,50000,5001
TCCTTTCT,0.4944821,0.6356842452480105,5,50000,5001
TGTCGAAT,0.49427092,0.506122953861378,5,50000,5001
CCGGGTTT,0.49392372,0.5231517750381396,5,50000,5001
CTGATGCT,0.49389422,0.5051333855605492,5,50000,5001
GGAGCCAT,0.49382043,0.3822722962107781,5,50000,5001
CACCGCAT,0.4934445,0.39599224838164354,5,50000,5001
AATGAGCT,0.4934312,0.6422607512472684,5,50000,5001
GTTTCATT,0.49324954,0.6095019172885828,5,50000,5001
GCTCACAT,0.49298948,0.4580876592586484,5,50000,5001
AGACCCAT,0.49291515,0.48037356203356285,5,50000,5001
CTACGTCT,0.4927222,0.38382880468395664,5,50000,5001
TTACTACT,0.49264443,0.45745887106749683,5,50000,5001
ACTGTTGT,0.49257624,0.44705809590566115,5,50000,5001
AGGAGACT,0.49256158,0.4746835443037975,5,50000,5001
CTCTCAGT,0.49243844,0.561868634808065,5,50000,5001
TTACCAGT,0.49232262,0.4753535645074836,5,50000,5001
CTATTTGT,0.49206448,0.6300663835401806,5,50000,5001
GGGTAGCT,0.49200368,0.43991464973405353,5,50000,5001
TACTTTCT,0.4919594,0.4968972910567765,5,50000,5001
TCATCTGT,0.49182302,0.4944233703047046,5,50000,5001
GTCACCAT,0.49181557,0.23759947223023958,5,50000,5001
ACCAAAAT,0.49180764,0.578382055828145,5,50000,5001
TAGCCCCT,0.4904859,0.6355502412072733,5,50000,5001
TGGGTGTT,0.49027765,0.5474786624335134,5,50000,5001
CTAATCGT,0.4902442,0.4660042056652785,5,50000,5001
TGCTCAAT,0.49020076,0.4514802292499897,5,50000,5001
CTTTATTT,0.48989314,0.6342205088030347,5,50000,5001
GCTGTTGT,0.48965997,0.3434523564095163,5,50000,5001
CCCCGGGT,0.48933762,0.20416031006473428,5,50000,5001
TTACATGT,0.48931164,0.5502824392858615,5,50000,5001
ATTCTCGT,0.4891544,0.5483239186904713,5,50000,5001
CTACAACT,0.48910123,0.5971220055250898,5,50000,5001
ACCAGCTT,0.48900986,0.18768812105718877,5,50000,5001
TGAGAGGT,0.4889701,0.472786871727209,5,50000,5001
ACCTGAGT,0.48889077,0.4287304663340618,5,50000,5001
TCTTGAGT,0.48881704,0.4306786789263184,5,50000,5001
CTCTCCCT,0.4886408,0.40536222323011584,5,50000,5001
CTACAAGT,0.48856258,0.298499154743743,5,50000,5001
TAAGTACT,0.48838794,0.43303921164392034,5,50000,5001
ACTAAAAT,0.48826212,0.4060631674432029,5,50000,5001
TCCTCCAT,0.48816377,0.5030924009400899,5,50000,5001
GACTACGT,0.4881478,0.3154558198985693,5,50000,5001
TTTCCACT,0.4880184,0.28971673607388776,5,50000,5001
TAACAACT,0.48782676,0.3194140931018843,5,50000,5001
CTTACACT,0.48762226,0.557487733476271,5,50000,5001
ACCCAGCT,0.48740745,0.5947099327918196,5,50000,5001
ATGTAGGT,0.48643112,0.4192058714385849,5,50000,5001
GGATTCGT,0.4862445,0.5196264379664371,5,50000,5001
CTTGGTTT,0.48593783,0.4697975508184555,5,50000,5001
ACCTTTTT,0.48592263,0.4409660660536841,5,50000,5001
CGGTTCAT,0.48591506,0.37731414670350066,5,50000,5001
GCTAAATT,0.48582166,0.48553787160351297,5,50000,5001
ACAACATT,0.48581666,0.6548571310765678,5,50000,5001
CAGGTACT,0.4856674,0.48012616995835566,5,50000,5001
TACCAATT,0.48565418,0.36509916299014555,5,50000,5001
TAGGGTTT,0.48551726,0.563610687337649,5,50000,5001
ATTCTGGT,0.4850881,0.3936007916546407,5,50000,5001
TCCCTGCT,0.48485768,0.3282789757968087,5,50000,5001
TGGTAATT,0.48475844,0.5407372283841175,5,50000,5001
CAAGTAAT,0.48466593,0.4469756318805921,5,50000,5001
ACATGTTT,0.4835229,0.4328124355749804,5,50000,5001
TCTTCAGT,0.48328257,0.36008947346719994,5,50000,5001
ACTAGAGT,0.4831801,0.4668700779285037,5,50000,5001
AGCCACCT,0.48307782,0.21039665196058221,5,50000,5001
GGCTCCAT,0.48306203,0.3173009524594895,5,50000,5001
TACTCGGT,0.48297435,0.3553993320413969,5,50000,5001
GAGCCATT,0.48280668,0.5277697604420072,5,50000,5001
TCCCTCCT,0.48270333,0.5349235146167484,5,50000,5001
AATGAAAT,0.48219466,0.32502164680658063,5,50000,5001
TCTGAGTT,0.4820724,0.5283263926112234,5,50000,5001
CCATCAGT,0.48203307,0.3494928462458252,5,50000,5001
TCCGGCTT,0.48154622,0.4355028243928586,5,50000,5001
CACCTCTT,0.48136812,0.4572527110048241,5,50000,5001
CTAGATGT,0.48136204,0.49133096936461473,5,50000,5001
TACTTCTT,0.48096132,0.4990619717148394,5,50000,5001
CGATTAGT,0.48063135,0.5377582154784974,5,50000,5001
TCGTTCTT,0.48028278,0.4699624788685936,5,50000,5001
ATCGCCCT,0.48015314,0.6354368531728033,5,50000,5001
GGTCTCTT,0.48005122,0.5734239063208675,5,50000,5001
TACCGCGT,0.48002154,0.4363480806498165,5,50000,5001
CTCTTTTT,0.4799896,0.4363790046592174,5,50000,5001
CACCAATT,0.4799409,0.59357605244712,5,50000,5001
CGTCTCGT,0.4798742,0.5278109924545418,5,50000,5001
ACTCCATT,0.4797747,0.33294850121634434,5,50000,5001
AGAAGAAT,0.47968143,0.4877025522615759,5,50000,5001
TCACTACT,0.4796732,0.5388714798169298,5,50000,5001
ACACATGT,0.4793409,0.4714055993073022,5,50000,5001
CTAGGGTT,0.47914153,0.3563889003422257,5,50000,5001
TCATGACT,0.47883183,0.5138230322022017,5,50000,5001
ACCGTAGT,0.4785965,0.362192306106461,5,50000,5001
CGAACAAT,0.4785719,0.4110625489630149,5,50000,5001
CTTGGGGT,0.4784925,0.39356986764523977,5,50000,5001
CCCTATTT,0.4784748,0.573609450377273,5,50000,5001
GTCTAACT,0.4784178,0.35499731991918526,5,50000,5001
TCGGAGCT,0.47835982,0.3086009978147033,5,50000,5001
CACGTTGT,0.47809583,0.3440089885787325,5,50000,5001
TGTCGCAT,0.47798556,0.43479157217663794,5,50000,5001
AGCTCCTT,0.47782654,0.44453263513792113,5,50000,5001
GGGTCATT,0.47754133,0.629097431245619,5,50000,5001
TAAGTAGT,0.4774251,0.38175689605409635,5,50000,5001
GACAGATT,0.47720003,0.48911474869088356,5,50000,5001
TTCCCCAT,0.47716302,0.5546221086051211,5,50000,5001
TCCTGAAT,0.4770996,0.597369397600297,5,50000,5001
ACGCTACT,0.4770668,0.35593534820434586,5,50000,5001
CGACACAT,0.47697783,0.42350430874530987,5,50000,5001
CCCCGTGT,0.47688544,0.36511977899641285,5,50000,5001
AAGATGCT,0.4766022,0.352142003051169,5,50000,5001
GTAGGAAT,0.47642243,0.5250278316084608,5,50000,5001
TTTCCCTT,0.47636378,0.41978311961406833,5,50000,5001
TATGGTCT,0.47576356,0.6216653609862698,5,50000,5001
CCCCCGCT,0.4757182,0.48119820228425353,5,50000,5001
ACCAACCT,0.47571242,0.3035603842823569,5,50000,5001
GAGGATTT,0.4756624,0.48692945202655347,5,50000,5001
TTCAAGGT,0.47536963,0.36934606028120237,5,50000,5001
GGTTGAAT,0.47531527,0.4777347132313528,5,50000,5001
TCCCCATT,0.47524202,0.42927679050014433,5,50000,5001
TTAGCCAT,0.47513217,0.6050179359254525,5,50000,5001
ATTACACT,0.47491252,0.6751948212592256,5,50000,5001
TGACGAAT,0.47487283,0.46935430668370925,5,50000,5001
ACAGGGTT,0.47479618,0.47945614975466955,5,50000,5001
GCATCACT,0.47467726,0.5258318558528842,5,50000,5001
TTTGGTTT,0.4746577,0.432121799365027,5,50000,5001
ACCAGCGT,0.47456956,0.36577949119696535,5,50000,5001
CAAACTCT,0.47428727,0.5374798993938894,5,50000,5001
TTCTCCTT,0.4739151,0.5516637117057683,5,50000,5001
GACAGTGT,0.47330815,0.41442295798457923,5,50000,5001
CTCTCCGT,0.47321522,0.4484496763287016,5,50000,5001
ATTAGCTT,0.4728648,0.5085865666103162,5,50000,5001
ACTAATGT,0.47282732,0.48887766461881005,5,50000,5001
TAACCCAT,0.47256583,0.655527151280254,5,50000,5001
TCAGAACT,0.4723211,0.41472189007545457,5,50000,5001
AGAAGTGT,0.4723118,0.6888941574238239,5,50000,5001
CCTCATCT,0.47207528,0.6179132478456274,5,50000,5001
CGTAGAAT,0.47149563,0.40513544716117594,5,50000,5001
TACTCAGT,0.47121626,0.5186987176844101,5,50000,5001
ACCACAGT,0.47120935,0.37445882983548423,5,50000,5001
CCCCTAAT,0.4712082,0.6189852801715251,5,50000,5001
ACTATGCT,0.4708913,0.4824248546571558,5,50000,5001
ACTTGATT,0.47064674,0.3782727909949285,5,50000,5001
TTCCTCTT,0.4706385,0.42309198861996455,5,50000,5001
CCCACTGT,0.4705342,0.4347400321609698,5,50000,5001
GGTAGCAT,0.47044313,0.3968168886323341,5,50000,5001
TGTACCCT,0.4698124,0.49618603884055584,5,50000,5001
TCCAGCGT,0.46965468,0.31097183853543886,5,50000,5001
CATTAACT,0.4696483,0.5148332165092978,5,50000,5001
TCCAGAAT,0.46943235,0.622417845215025,5,50000,5001
TGAGAACT,0.4692644,0.586556302313116,5,50000,5001
TTTGACAT,0.469037,0.41754628293407,5,50000,5001
AAGCTTAT,0.4688912,0.5412010885251309,5,50000,5001
CTTAGGGT,0.46888667,0.4137632457840267,5,50000,5001
AGTATGCT,0.4686826,0.40733105182863977,5,50000,5001
AGACAGGT,0.46866226,0.564507483610275,5,50000,5001
TGACAACT,0.46815938,0.2794190409433885,5,50000,5001
GGCTCCTT,0.46807545,0.49855687956129136,5,50000,5001
CAGGTCAT,0.46796513,0.45003710881128106,5,50000,5001
CTAAGATT,0.46767646,0.43442048406382716,5,50000,5001
GGTATGCT,0.467439,0.5317486496515895,5,50000,5001
GGAAGATT,0.467332,0.5208221663299386,5,50000,5001
AGCCCGCT,0.46701574,0.19748072403414008,5,50000,5001
CCCGTGTT,0.46664792,0.5256772358058798,5,50000,5001
CCTATGTT,0.46654654,0.4903620170700532,5,50000,5001
CATGCAAT,0.46653402,0.5827217251474044,5,50000,5001
CACTGAGT,0.46637273,0.495814950727745,5,50000,5001
ACTTTTGT,0.4661724,0.47541541252628544,5,50000,5001
CCGACCAT,0.4661271,0.34731785758462874,5,50000,5001
CGGTGTGT,0.4659595,0.4011153259390591,5,50000,5001
CTCAAGCT,0.46588784,0.37868511112027375,5,50000,5001
AACTTAAT,0.4658636,0.5371397352904796,5,50000,5001
GGGAGCAT,0.4657455,0.3825403042922525,5,50000,5001
AGGGTACT,0.46571517,0.4010534779202573,5,50000,5001
CCTAAAAT,0.46571052,0.44331629076815243,5,50000,5001
TAGTACCT,0.4656821,0.49756731126046266,5,50000,5001
TAGACGCT,0.46547824,0.4427493505958026,5,50000,5001
TCACGTGT,0.4650222,0.5957613491114502,5,50000,5001
TTTCCCCT,0.46501374,0.5239454912794294,5,50000,5001
ATTCGCAT,0.46474928,0.2809549334102998,5,50000,5001
GGTAAATT,0.46471006,0.530583845297489,5,50000,5001
GAGCCGCT,0.46452928,0.3905496227270853,5,50000,5001
ACGGCAAT,0.4645248,0.37844802704820024,5,50000,5001
TCATCCCT,0.46446997,0.7107780480765267,5,50000,5001
TAGGGAAT,0.46390933,0.5548076526615264,5,50000,5001
GGTGTACT,0.46385002,0.47261163567393727,5,50000,5001
GGCTCCGT,0.46368158,0.2414237413928174,5,50000,5001
TGGTACGT,0.46368015,0.37330433348451736,5,50000,5001
TTACCCGT,0.4636423,0.4415123902197666,5,50000,5001
GAATCCTT,0.46363443,0.4390281614645611,5,50000,5001
ATAGTCCT,0.46343338,0.6616810291510329,5,50000,5001
CTTCTTGT,0.46309048,0.5694244011050179,5,50000,5001
TAGTTACT,0.46305305,0.4327093555436441,5,50000,5001
ATGGGTCT,0.46291178,0.48037356203356285,5,50000,5001
TCACTGCT,0.4627396,0.5349132066136149,5,50000,5001
ATTTGACT,0.4627208,0.44184224632004293,5,50000,5001
GCCCTATT,0.46227896,0.5050199975260792,5,50000,5001
TCCTGCAT,0.46212453,0.678245990186781,5,50000,5001
GTCTCTTT,0.46210355,0.5954211850080402,5,50000,5001
AACCAAGT,0.4620182,0.42254566445388203,5,50000,5001
ATGATTGT,0.46201742,0.49303178988166413,5,50000,5001
CCCCCGGT,0.4617718,0.5025770007834083,5,50000,5001
ACAGGTTT,0.46173692,0.4094132684616336,5,50000,5001
TACTCCCT,0.4616778,0.539623964045685,5,50000,5001
TCGTAGTT,0.46156204,0.4112480930194203,5,50000,5001
TACACGTT,0.46151,0.4927225497876551,5,50000,5001
CACTGACT,0.46137387,0.4623448645528388,5,50000,5001
TCGGAGGT,0.461325,0.6145940708365976,5,50000,5001
ACCGGCGT,0.46130592,0.42032944378015086,5,50000,5001
AAACGAAT,0.46112883,0.4878262482991795,5,50000,5001
TAACGCAT,0.46094817,0.5368717272090051,5,50000,5001
GTCCACTT,0.46092874,0.3456891930895147,5,50000,5001
GAGTACTT,0.46073472,0.47738424112480926,5,50000,5001
GGGAGACT,0.46052974,0.36467653486166657,5,50000,5001
TGGACTAT,0.45999837,0.711777924380489,5,50000,5001
TATTCCGT,0.45988953,0.5643013235476024,5,50000,5001
CTACTAGT,0.4595787,0.46099451614233294,5,50000,5001
CGGAATCT,0.45955354,0.487980868346184,5,50000,5001
TAAACACT,0.45954293,0.6125427782130046,5,50000,5001
GAGACCCT,0.45886695,0.4304519028573785,5,50000,5001
TCCACTTT,0.4588552,0.5309343174040325,5,50000,5001
CGGAGACT,0.45871854,0.3614810538902404,5,50000,5001
GATTCCCT,0.45869696,0.518368861584134,5,50000,5001
ACTTTTTT,0.4586317,0.5013297324042386,5,50000,5001
CTGGTGGT,0.45847285,0.4319053312992207,5,50000,5001
CTGAATGT,0.4581961,0.3910134828680988,5,50000,5001
ACATTTGT,0.45814544,0.31516719581082747,5,50000,5001
GCATCTCT,0.4579944,0.5376551354471611,5,50000,5001
CATGTCAT,0.4579609,0.5454479858161877,5,50000,5001
TGTAGGTT,0.45750195,0.4068878076938936,5,50000,5001
GCCTCGAT,0.45703244,0.3773244547066342,5,50000,5001
ACCACGCT,0.45698202,0.33866944295551066,5,50000,5001
ATTGGCTT,0.45684707,0.48047664206489915,5,50000,5001
CTTTTCAT,0.45663607,0.46494248134251437,5,50000,5001
CCAGACAT,0.4565956,0.40036284171030384,5,50000,5001
TATGGCTT,0.45634317,0.37660289448727996,5,50000,5001
GGATTTCT,0.45631468,0.5267286521255102,5,50000,5001
GGGTCTCT,0.4563141,0.41835030717849336,5,50000,5001
CACTCACT,0.4561941,0.46555065352739866,5,50000,5001
GGGTGTTT,0.4559632,0.7129942687502576,5,50000,5001
TAGTTTGT,0.4557513,0.4643652331670309,5,50000,5001
ACCGTTTT,0.4557488,0.5123799117634932,5,50000,5001
GATTGCCT,0.4553811,0.4854863315878448,5,50000,5001
CGACCTAT,0.45537198,0.6380241619593452,5,50000,5001
TACCTAGT,0.45522916,0.2949222776563724,5,50000,5001
CTAAATGT,0.4552142,0.5822372490001237,5,50000,5001
CCAAGAAT,0.45521098,0.34621490124932996,5,50000,5001
AGTAACAT,0.45496643,0.42930771450954525,5,50000,5001
TCGCTGTT,0.45485604,0.43531728033645317,5,50000,5001
GGGGTGTT,0.45473355,0.6731847606481672,5,50000,5001
AATCGGCT,0.45471048,0.663474621696285,5,50000,5001
TGAACCCT,0.4544959,0.5519523357935101,5,50000,5001
GAATCGCT,0.45443326,0.5548591926771945,5,50000,5001
AACCCCTT,0.4543941,0.5354182987671628,5,50000,5001
GAGTACCT,0.45437348,0.4977322393106008,5,50000,5001
GTAGGCAT,0.45433885,0.375561786170783,5,50000,5001
AACGTACT,0.45408064,0.3737991176349318,5,50000,5001
CCCCCTCT,0.4540435,0.5240794953201666,5,50000,5001
CGAGACCT,0.45394778,0.3605533336082134,5,50000,5001
CCCACTCT,0.45390177,0.3353914979590154,5,50000,5001
ATGCTGTT,0.45369565,0.37387127365686723,5,50000,5001
GAATTTAT,0.45361763,0.5064115779491197,5,50000,5001
TTCGGGTT,0.45357668,0.460345111944914,5,50000,5001
AAATCCGT,0.45345622,0.5417783367006144,5,50000,5001
GGAGCAGT,0.4533851,0.11465591885539933,5,50000,5001
CTATGCAT,0.4533102,0.606718756442502,5,50000,5001
GCAGTAAT,0.4532194,0.4968663670473756,5,50000,5001
CTATGGTT,0.45309615,0.36796478786129555,5,50000,5001
ACTACAGT,0.45302987,0.4249061971714839,5,50000,5001
TGTGCTAT,0.45274502,0.6360347173545541,5,50000,5001
TGTTTTTT,0.45273614,0.5126273038387004,5,50000,5001
TATGCCGT,0.45259118,0.5252855316868016,5,50000,5001
CCATACTT,0.4525479,0.3488743660578073,5,50000,5001
AATAATTT,0.45251173,0.5446233455654971,5,50000,5001
CTGCGTGT,0.45244354,0.3382777388364326,5,50000,5001
TCCGCATT,0.45231652,0.40373355873500183,5,50000,5001
AGCATTCT,0.4522423,0.43279181956871315,5,50000,5001
ATTCGCGT,0.45219696,0.48703253205788977,5,50000,5001
AGCCCTCT,0.45190585,0.2826660619304828,5,50000,5001
CCCGACCT,0.4516536,0.480425102049231,5,50000,5001
TCCCCAGT,0.45160013,0.4352863563270523,5,50000,5001
CGACTAAT,0.4512633,0.4362553086216138,5,50000,5001
TTCCCTCT,0.45119792,0.36750092772028203,5,50000,5001
TTTAGGTT,0.45111233,0.4856924916505175,5,50000,5001
CCTGGTCT,0.45109296,0.3871273656867192,5,50000,5001
GTCTGCTT,0.45092326,0.3899723745516019,5,50000,5001
CTTTCCAT,0.45080405,0.4093926524553664,5,50000,5001
GACTACCT,0.45076692,0.5361501669896508,5,50000,5001
GACTTATT,0.45074826,0.4842906032243434,5,50000,5001
CGCATCAT,0.4506637,0.6393745103698512,5,50000,5001
GTCCGCTT,0.450535,0.5025357687708737,5,50000,5001
TCGCAACT,0.45049322,0.5598585741970066,5,50000,5001
TTCCGCAT,0.45020783,0.4125056694017235,5,50000,5001
TTTGGGGT,0.4501807,0.5347482785634766,5,50000,5001
GTGTTGCT,0.45001912,0.5093081268296705,5,50000,5001
AAACCCAT,0.45000315,0.721467447326104,5,50000,5001
CACTTTCT,0.44964528,0.29888055085968745,5,50000,5001
TTGATTCT,0.44950855,0.6840081639384819,5,50000,5001
TATGCTTT,0.4494691,0.4761369727456397,5,50000,5001
ACCCTGCT,0.44946587,0.6463117964787861,5,50000,5001
CTAGTAGT,0.44941568,0.5565703211973776,5,50000,5001
GCATCGGT,0.4493469,0.3592751412196429,5,50000,5001
TTCATCCT,0.4493382,0.48500185544056407,5,50000,5001
TGCTCCTT,0.44915885,0.34573042510204927,5,50000,5001
CGCAGATT,0.44883275,0.4557786665567146,5,50000,5001
ATGCGTTT,0.44879884,0.38774584587473715,5,50000,5001
TCGCGTGT,0.4486531,0.509266894817136,5,50000,5001
CACCTCGT,0.4485879,0.503484105059168,5,50000,5001
GTCCGATT,0.44803953,0.32105306560013197,5,50000,5001
TAGCTCCT,0.44801408,0.3696037603595431,5,50000,5001
ACTACCTT,0.44772923,0.5486537747907475,5,50000,5001
CCTCTCTT,0.4476698,0.536057394961448,5,50000,5001
CATTGTCT,0.44763833,0.2685956376530738,5,50000,5001
TTGGAGGT,0.4473911,0.4723539355955964,5,50000,5001
CAGGTGGT,0.44735986,0.4321939553869624,5,50000,5001
GCTCGAAT,0.44721627,0.40437265492928715,5,50000,5001
CACTACTT,0.4471045,0.6333237125304086,5,50000,5001
ATTAACTT,0.44703335,0.6258297942522574,5,50000,5001
CTCTACCT,0.44660956,0.40244505834329775,5,50000,5001
CCCCTTCT,0.44632,0.2886343957448563,5,50000,5001
TAACAATT,0.44629443,0.40613532346513836,5,50000,5001
ATTTCACT,0.4461751,0.4725600956582691,5,50000,5001
GGGATGCT,0.44607002,0.38960128643879105,5,50000,5001
TCCTTCGT,0.44592708,0.6132127984166907,5,50000,5001
TCACTCGT,0.445803,0.4483465962973653,5,50000,5001
AATGCAAT,0.44571304,0.3280418917247351,5,50000,5001
CTGTTGCT,0.44566935,0.38439574485630645,5,50000,5001
ACCGCAAT,0.445311,0.37345895353152186,5,50000,5001
CATGTGTT,0.44528764,0.39729105677648124,5,50000,5001
TAAGTCAT,0.44480598,0.4340906279635509,5,50000,5001
GCGGTCAT,0.44479865,0.38101471982847485,5,50000,5001
TGTTGACT,0.44471425,0.496742671009772,5,50000,5001
GTCCGCAT,0.4446407,0.3475034016410341,5,50000,5001
ACACAAGT,0.44450015,0.5282026965736197,5,50000,5001
AGATGCCT,0.44434887,0.5264606440440358,5,50000,5001
GCTGTAGT,0.4440443,0.3040448604296376,5,50000,5001
CCCCACTT,0.4440087,0.5101430750834949,5,50000,5001
TCAAGCGT,0.44400084,0.4101245206778543,5,50000,5001
TCCAACCT,0.44398052,0.5282026965736197,5,50000,5001
CAGTAGTT,0.44397974,0.3468539974436152,5,50000,5001
TGAAGATT,0.4437574,0.4507999010431699,5,50000,5001
AGCAATGT,0.44345838,0.44521296334474086,5,50000,5001
TTCCAATT,0.44331878,0.2157258895806704,5,50000,5001
CTCTACTT,0.4430176,0.35219354306683714,5,50000,5001
CACTACAT,0.44299394,0.3893023543479157,5,50000,5001
CTCCCGGT,0.44297683,0.3292066960788356,5,50000,5001
CCCCGCCT,0.44296998,0.4345235640951635,5,50000,5001
GGCGTGAT,0.44293606,0.676730713726137,5,50000,5001
CTAGGGCT,0.4427265,0.23921782872221994,5,50000,5001
GGGTTTTT,0.4425791,0.376180266358801,5,50000,5001
TAGCCTCT,0.44257408,0.3833546365398095,5,50000,5001
CTGTTTTT,0.44254202,0.4852904795283058,5,50000,5001
TAGAGGTT,0.44225848,0.39001360656413636,5,50000,5001
AGCTCCCT,0.44223517,0.3947965200181421,5,50000,5001
ACCGGCAT,0.44212765,0.48998062095410877,5,50000,5001
ACCCAGGT,0.44208014,0.42876139034346267,5,50000,5001
GAGCCAAT,0.44182682,0.4096709685399744,5,50000,5001
TAGACCGT,0.4415943,0.41238197336411986,5,50000,5001
ACTAGCAT,0.44153738,0.32749556755865256,5,50000,5001
CTGAGGGT,0.4415139,0.5850204098462046,5,50000,5001
CCAGACCT,0.4413243,0.2613594194532636,5,50000,5001
CATGTAGT,0.44119096,0.5034016410340989,5,50000,5001
AAGGGAAT,0.44116253,0.6642683379375748,5,50000,5001
CCGTTTCT,0.4410832,0.3348039417803983,5,50000,5001
CCACATGT,0.44102395,0.38269492433925706,5,50000,5001
TTCTGGTT,0.44102323,0.35027625448398136,5,50000,5001
AGTGGGTT,0.44100547,0.4735290479528306,5,50000,5001
GAGGGAAT,0.44098496,0.5609202985197708,5,50000,5001
CAGCTTCT,0.44069773,0.41379416979342765,5,50000,5001
CTCAGAAT,0.4406581,0.5269245041850492,5,50000,5001
AGCACTGT,0.44064838,0.35111120273780566,5,50000,5001
TCGAGTCT,0.44047344,0.37950975137096443,5,50000,5001
GACCCATT,0.4399544,0.35439945573743453,5,50000,5001
TGACTGTT,0.43990982,0.4133200016492805,5,50000,5001
CACGACGT,0.43990976,0.4494186286232631,5,50000,5001
CCTGTGTT,0.43969184,0.312373726961613,5,50000,5001
ATTGATAT,1.0247165,0.9782604213911682,6,60000,6001
AGTATCAT,0.9773133,0.9804354100523647,6,60000,6001
GGTATCCT,0.9518385,0.8845194408939101,6,60000,6001
GATCCCTT,0.9497247,0.8883643260627552,6,60000,6001
GATACCCT,0.93832475,0.9812497422999217,6,60000,6001
TATCCATT,0.93675077,0.8322063249907228,6,60000,6001
AGGATACT,0.9326361,0.846833381437348,6,60000,6001
GAGGATAT,0.9323955,0.947398260009071,6,60000,6001
ATACCTCT,0.9242357,0.9323898074465016,6,60000,6001
TCGGATAT,0.92314243,0.9509854450995753,6,60000,6001
GGGTATAT,0.9172163,0.9668803859316373,6,60000,6001
GATCCCAT,0.89156103,0.8379169587267555,6,60000,6001
TATCGTAT,0.8914317,0.9657155815775369,6,60000,6001
CTGATCCT,0.8876899,0.861749061971715,6,60000,6001
GATATACT,0.877899,0.937770585082258,6,60000,6001
GATACCGT,0.87026846,0.9306271389106502,6,60000,6001
GCGATACT,0.86407316,0.9248958891683503,6,60000,6001
TGATATGT,0.8603184,0.9795592297860058,6,60000,6001
GAAGGGAT,0.8544593,0.7356306436317157,6,60000,6001
ATTAATAT,0.8501342,0.9030738465344494,6,60000,6001
CATATCTT,0.84613454,0.8724693852306932,6,60000,6001
GGATATTT,0.846095,0.7927266729889085,6,60000,6001
GTATCTTT,0.8428918,0.9067434956500228,6,60000,6001
ATCCGTCT,0.8417222,0.8397414752814086,6,60000,6001
ATCCATAT,0.841691,0.885364697150868,6,60000,6001
GGATCCTT,0.83926105,0.8204655094215149,6,60000,6001
AGAGGGAT,0.83890873,0.8725209252463614,6,60000,6001
CGCGATAT,0.8371036,0.9087329402548139,6,60000,6001
AGATCCCT,0.83353215,0.766905125139158,6,60000,6001
GATCAGCT,0.83341724,0.7789551808023749,6,60000,6001
TATTACCT,0.8255249,0.7320331505380778,6,60000,6001
GATCCCCT,0.8232766,0.8472147775532924,6,60000,6001
TACCGGAT,0.8229379,0.6864099286686183,6,60000,6001
TTCTATAT,0.82274604,0.8683667999835072,6,60000,6001
GATATTGT,0.81669855,0.8552344039912588,6,60000,6001
GATATGTT,0.8160825,0.9020018142085515,6,60000,6001
CGGTATAT,0.8132004,0.8678307838205583,6,60000,6001
ACATATCT,0.8102955,0.8228157341359832,6,60000,6001
CGGCGTAT,0.80986434,0.5917515358924669,6,60000,6001
AGATCGCT,0.8083485,0.7972518863645736,6,60000,6001
GTATCGTT,0.8075129,0.9372861089349772,6,60000,6001
CCTGGTAT,0.8061529,0.8122397229208759,6,60000,6001
GCGTATAT,0.80584174,0.8392569991341277,6,60000,6001
GCTATCTT,0.8045904,0.7751824516554653,6,60000,6001
ACTGTGAT,0.80252904,0.7054797344658393,6,60000,6001
TATATTGT,0.80097896,0.7114893002927473,6,60000,6001
ATCTCGAT,0.7995022,0.8181668247227147,6,60000,6001
AGGGAGAT,0.7988222,0.8485857419700655,6,60000,6001
AGTGGGAT,0.7973706,0.7813569455325116,6,60000,6001
GCATATCT,0.7971442,0.8920855151939966,6,60000,6001
CTTGATCT,0.7921135,0.8341545375829794,6,60000,6001
TATACCAT,0.79006404,0.8760565703211973,6,60000,6001
GATCTAAT,0.78615916,0.7868923432152723,6,60000,6001
GATAGTGT,0.7843091,0.8464829093308044,6,60000,6001
ATCTCACT,0.78288704,0.7453820145961325,6,60000,6001
CTCTATAT,0.78269434,0.8094977940873294,6,60000,6001
CTATCTAT,0.78249913,0.8819218241042345,6,60000,6001
GACTATAT,0.78119355,0.7860780109677153,6,60000,6001
TGATTGAT,0.7792157,0.8168886323341442,6,60000,6001
GAAATGAT,0.7786875,0.6938935389436358,6,60000,6001
GATAACAT,0.7761837,0.7654104646847812,6,60000,6001
CGGATATT,0.7755458,0.8674287716983466,6,60000,6001
TATCGACT,0.7746456,0.7985713107656784,6,60000,6001
CCGATAGT,0.7739317,0.6519296581866161,6,60000,6001
GAATATCT,0.77366805,0.736826371995217,6,60000,6001
ATACGAAT,0.77110386,0.657547519894446,6,60000,6001
GCTGGTAT,0.7705828,0.6819362553086217,6,60000,6001
TTATACGT,0.76997334,0.8641508267018514,6,60000,6001
TAACCGAT,0.7693933,0.8178472766255721,6,60000,6001
GGTGTATT,0.7691048,0.7783573166206242,6,60000,6001
GGGAGTAT,0.76786166,0.7771718962602565,6,60000,6001
GGATAGTT,0.7675706,0.7837277862532471,6,60000,6001
ACCCCGAT,0.76691073,0.7909846204593246,6,60000,6001
TCGATAGT,0.76609826,0.8383498948583681,6,60000,6001
TCCCTTAT,0.76607174,0.5593740980497258,6,60000,6001
CAGTGTAT,0.7648363,0.7939945573743454,6,60000,6001
CTATACTT,0.76363266,0.6602069847029233,6,60000,6001
CTTAATAT,0.76337093,0.775666927802746,6,60000,6001
GAAGAGAT,0.7617733,0.7910361604749929,6,60000,6001
AACTATCT,0.7614291,0.811672782748526,6,60000,6001
GTGGAGAT,0.761104,0.6706592998804272,6,60000,6001
CAAGGGAT,0.7578432,0.691780398301241,6,60000,6001
GTATACGT,0.75772226,0.7655135447161175,6,60000,6001
CTTATCTT,0.75619483,0.6597534325650435,6,60000,6001
AAGCGTAT,0.7542262,0.728992289613656,6,60000,6001
GGGTTGAT,0.754161,0.8238053024368119,6,60000,6001
GTGATAGT,0.75353706,0.9081866160887313,6,60000,6001
GTATATTT,0.75228417,0.8809013317940049,6,60000,6001
AGATCCGT,0.75167984,0.743794582113553,6,60000,6001
TTTGGTAT,0.7488187,0.7951387457221787,6,60000,6001
TTTTATCT,0.7485739,0.6053890240382632,6,60000,6001
GGATGTAT,0.74776584,0.8612542778213005,6,60000,6001
GATCGGTT,0.7477063,0.8264853832515565,6,60000,6001
GACTGTAT,0.74545926,0.6912443821382922,6,60000,6001
GAGATAGT,0.74482816,0.8415762998391951,6,60000,6001
TATGTTAT,0.7444327,0.7035005978641817,6,60000,6001
TGCCGTAT,0.74433935,0.8121263348864058,6,60000,6001
ATCCTACT,0.7380006,0.7056137385065765,6,60000,6001
TATAGGCT,0.73660076,0.6724425844225457,6,60000,6001
ATGAGGAT,0.73636097,0.7560611058425762,6,60000,6001
CGGAGGAT,0.73600715,0.8072712654104647,6,60000,6001
ATCTGCTT,0.7350287,0.6016987589164228,6,60000,6001
AATTGGAT,0.73393553,0.8369995464478621,6,60000,6001
ATATGTCT,0.73361766,0.8119201748237332,6,60000,6001
CCCTAGAT,0.7332838,0.6380550859687462,6,60000,6001
CTGATCGT,0.7321987,0.7764606440440358,6,60000,6001
TTATTTAT,0.73141044,0.6463942605038552,6,60000,6001
CTCCTGAT,0.73111063,0.667855523028079,6,60000,6001
ATCCGCAT,0.73067325,0.8264132272296211,6,60000,6001
CCTAATAT,0.7282838,0.7985094627468767,6,60000,6001
TATAAGCT,0.7278191,0.6512080979672619,6,60000,6001
AGGTATTT,0.72724843,0.7135302849132066,6,60000,6001
GATCGTGT,0.7271533,0.8040139364202367,6,60000,6001
GGGAATAT,0.7268405,0.8843957448563065,6,60000,6001
GTGTCATT,0.72602797,0.8159196800395827,6,60000,6001
GGATTATT,0.7233351,0.7610604873623882,6,60000,6001
TCCAGTAT,0.7199639,0.8077660495608792,6,60000,6001
GATGGTGT,0.719608,0.6884509132890777,6,60000,6001
ATAGGGGT,0.7187543,0.8243928586154291,6,60000,6001
GGAATATT,0.7169285,0.7582979425225745,6,60000,6001
CCTATAGT,0.7161165,0.7040469220302643,6,60000,6001
CAGAATAT,0.7139824,0.7061394466663918,6,60000,6001
ACAAGTAT,0.71159464,0.8154867439079702,6,60000,6001
AGTTTGAT,0.7109651,0.5901641034098875,6,60000,6001
GTGACGAT,0.7097997,0.6551251391580424,6,60000,6001
GGCGGGAT,0.70866156,0.7305900300993692,6,60000,6001
GTCAATAT,0.708449,0.6916979342761721,6,60000,6001
ATGCGGAT,0.7079507,0.8264132272296211,6,60000,6001
CTCATTAT,0.70579183,0.7092627716158826,6,60000,6001
CCGATCCT,0.70522904,0.738207644415124,6,60000,6001
CCGAGTAT,0.7051592,0.7362491238197337,6,60000,6001
CGTCGTAT,0.70136917,0.6123984661691337,6,60000,6001
ACCAGTAT,0.7013102,0.7562775739083825,6,60000,6001
CTTTATCT,0.70086014,0.8061476930688987,6,60000,6001
AGGGCGAT,0.69985926,0.6354368531728033,6,60000,6001
AAGAAGAT,0.69824386,0.6975425720529419,6,60000,6001
TCATATGT,0.69768906,0.748567187564425,6,60000,6001
ATCCCAGT,0.6950326,0.6372613697274564,6,60000,6001
TCATTAGT,0.69469255,0.5551065847524018,6,60000,6001
GAGCGGAT,0.69368017,0.7353317115408403,6,60000,6001
AGATCGGT,0.6932784,0.7798622850781347,6,60000,6001
GGGTCGAT,0.69141173,0.6618871892137055,6,60000,6001
AAATACCT,0.6912846,0.7135302849132066,6,60000,6001
TACATAAT,0.6911102,0.6543726549292871,6,60000,6001
ATAGGATT,0.6904436,0.7574011462499484,6,60000,6001
ATCATGTT,0.68799293,0.7071083989609533,6,60000,6001
GGAGCGAT,0.68660045,0.6017502989320909,6,60000,6001
CATATTCT,0.6865291,0.6715560961530532,6,60000,6001
GGTATTTT,0.6829647,0.6632375376242114,6,60000,6001
AGATCTCT,0.6812558,0.8012926235929576,6,60000,6001
CCTCGTAT,0.68107784,0.7475776192635962,6,60000,6001
ATAACATT,0.679377,0.7517832845421185,6,60000,6001
TAGCCGAT,0.6793615,0.767554529336577,6,60000,6001
ATAGCTCT,0.67910844,0.5270275842163855,6,60000,6001
CATTAGAT,0.67844003,0.57660907928916,6,60000,6001
TGGGCTAT,0.6784093,0.7168288459159692,6,60000,6001
CTACTTAT,0.6779323,0.6491568053436688,6,60000,6001
GAACTGAT,0.6778105,0.6772770378922196,6,60000,6001
ATAAGAAT,0.6755062,0.6052447119943924,6,60000,6001
TTTGGGAT,0.67420685,0.6128210942976127,6,60000,6001
GGCGTATT,0.6727587,0.6954706634230817,6,60000,6001
ATACATGT,0.6725932,0.7572259101966767,6,60000,6001
AACTGGAT,0.6723189,0.7304251020492311,6,60000,6001
TGCAGTAT,0.6717818,0.7200449428936626,6,60000,6001
TGAATAAT,0.67158717,0.7987774708283512,6,60000,6001
TGTATTCT,0.66872543,0.6853069723333196,6,60000,6001
GTAGTGAT,0.66832846,0.817455572506494,6,60000,6001
TAAATAAT,0.66827124,0.7432482579474704,6,60000,6001
TGACAGAT,0.66709125,0.6713911681029151,6,60000,6001
GCAGTGAT,0.6669027,0.7722137467529789,6,60000,6001
CGCCGGAT,0.665228,0.7286933575227806,6,60000,6001
GTTTGTAT,0.66287726,0.7093967756566198,6,60000,6001
ATCAACTT,0.66078097,0.6986764523976415,6,60000,6001
TATGTAAT,0.66034377,0.7183338143734795,6,60000,6001
GTACTGAT,0.6598411,0.7197460108027872,6,60000,6001
GGTCGGAT,0.6587457,0.7152104894239888,6,60000,6001
ATCGACGT,0.65799475,0.5095039788892096,6,60000,6001
ACAATGAT,0.6579443,0.7648641405186988,6,60000,6001
TTCGCGAT,0.6571819,0.6265822784810128,6,60000,6001
ATCGACTT,0.65520334,0.6069455325114419,6,60000,6001
ACTATAGT,0.65412694,0.7391869047128191,6,60000,6001
TGAGCTAT,0.653687,0.7969735702799654,6,60000,6001
CTGCTGAT,0.6527774,0.6363645734548303,6,60000,6001
GGCATTAT,0.6511492,0.6039459035995547,6,60000,6001
ATAGTCTT,0.65055174,0.6548365150703006,6,60000,6001
TCTCATGT,0.64900845,0.6578979920009896,6,60000,6001
ATAATCAT,0.6489939,0.80791036160475,6,60000,6001
AAGACTAT,0.6483925,0.6548365150703006,6,60000,6001
TTCATATT,0.64735836,0.6748031171401476,6,60000,6001
ACGGGATT,0.6469094,0.5833608213416898,6,60000,6001
CATACTCT,0.64510995,0.4268544097637406,6,60000,6001
CGTACGAT,0.64508086,0.661062548963015,6,60000,6001
TCCTTAAT,0.6450341,0.6331278604708697,6,60000,6001
TCCCTTTT,0.6449389,0.581721848843442,6,60000,6001
AGTCTCAT,0.64481044,0.5910299756731126,6,60000,6001
TTGCTGAT,0.6430771,0.7376303962396404,6,60000,6001
GTCTCTAT,0.64250076,0.5170288211767616,6,60000,6001
ATATGCTT,0.6420954,0.759462746876675,6,60000,6001
ATTAGGGT,0.6420468,0.5156475487568548,6,60000,6001
GCATTGAT,0.64091504,0.6309116397971386,6,60000,6001
CACCTAAT,0.64021456,0.6888735414175566,6,60000,6001
ATCTTCAT,0.6378888,0.6764317816352616,6,60000,6001
GCTGGTGT,0.63461137,0.4538510699707253,6,60000,6001
CCCGTATT,0.6343351,0.7050055663216922,6,60000,6001
TCACACAT,0.6336404,0.4717045313981776,6,60000,6001
CATCCGAT,0.6312255,0.7315280583845298,6,60000,6001
TCCCACCT,0.630512,0.4627468766750505,6,60000,6001
TGAACGAT,0.6305026,0.7023976415288831,6,60000,6001
TCCATATT,0.6298933,0.6237888096317981,6,60000,6001
TATGGGGT,0.62886024,0.6128623263101473,6,60000,6001
GCGTTGAT,0.6272563,0.6349214530161217,6,60000,6001
ATACAGTT,0.62592274,0.6500432936131613,6,60000,6001
TCGGTAAT,0.6253276,0.5918958479363378,6,60000,6001
ATCGGCTT,0.62509966,0.6106976456520843,6,60000,6001
TCCCCTGT,0.6239628,0.46530326145219153,6,60000,6001
TTATGTCT,0.62334543,0.6076464767245289,6,60000,6001
CTTGCGAT,0.6223861,0.48254855069475944,6,60000,6001
GCATCAGT,0.6210225,0.5709706015750629,6,60000,6001
GGACCGAT,0.62095284,0.6613305570444893,6,60000,6001
ATATGGCT,0.6202892,0.7399806209541088,6,60000,6001
GGGTACTT,0.61979496,0.3026326640003299,6,60000,6001
ATCTCCGT,0.61937094,0.5397888920958233,6,60000,6001
CAGTATTT,0.6191582,0.6002659464808477,6,60000,6001
CGGTTTAT,0.61900496,0.632385684245248,6,60000,6001
GGGAGATT,0.61841965,0.6390858862821095,6,60000,6001
TGATTACT,0.6168593,0.5666206242526698,6,60000,6001
ACTGGGGT,0.6165675,0.5299756731126046,6,60000,6001
CGTAAGAT,0.61607873,0.5093081268296705,6,60000,6001
ATAGCCGT,0.6144992,0.5629303591308291,6,60000,6001
TGTCTCCT,0.6138582,0.6489815692903971,6,60000,6001
TCTCAAGT,0.6127032,0.5929472642559683,6,60000,6001
GATCGACT,0.6112051,0.7682142415371295,6,60000,6001
CCTCCGAT,0.61035633,0.5999051663711705,6,60000,6001
CTCATAAT,0.61026007,0.6953881993980127,6,60000,6001
ATCGTGGT,0.6100887,0.6168515235228631,6,60000,6001
TAATCCTT,0.60847205,0.770389230198326,6,60000,6001
AGGTGATT,0.6059933,0.539685812064487,6,60000,6001
ATTAAGCT,0.60568976,0.4809095781965118,6,60000,6001
TCGTTATT,0.60553455,0.6336020286150168,6,60000,6001
GTAGGTGT,0.60420334,0.693017358677277,6,60000,6001
GGCGAGAT,0.6037781,0.4955263266400033,6,60000,6001
GAGCGATT,0.60362685,0.4702717189626026,6,60000,6001
AACCTTAT,0.60232157,0.5678678926318393,6,60000,6001
CGCAATAT,0.6011878,0.690409433884468,6,60000,6001
GCGCCGAT,0.60054535,0.3642126747206531,6,60000,6001
TGGGGATT,0.6005353,0.6237991176349318,6,60000,6001
CGCGAGAT,0.600283,0.6377149218653363,6,60000,6001
AGGCCGAT,0.59909016,0.5616521667422587,6,60000,6001
GTCGAGAT,0.59772956,0.48468230734342144,6,60000,6001
CATACCTT,0.5975829,0.7077474951552385,6,60000,6001
CTTCGGAT,0.59750974,0.6734836927390425,6,60000,6001
TGATTAGT,0.59718746,0.5954933410299756,6,60000,6001
TCACTCTT,0.5967705,0.4735702799653651,6,60000,6001
CAGACGAT,0.5958063,0.5823815610439946,6,60000,6001
GTGGATTT,0.59575766,0.4158248464107533,6,60000,6001
CTTCCTAT,0.5956775,0.5309343174040325,6,60000,6001
ATTGTTGT,0.59454346,0.6011318187440728,6,60000,6001
GCGGATTT,0.59368414,0.3387415989774461,6,60000,6001
TTGCCGAT,0.59335345,0.6229538613779738,6,60000,6001
CGCATCGT,0.5933212,0.43511112027378057,6,60000,6001
TCCCTAAT,0.59326637,0.6425699913412773,6,60000,6001
TGTGTAGT,0.5919474,0.48523893951263763,6,60000,6001
ATTTGTGT,0.5908514,0.6127283222694099,6,60000,6001
GTGTAATT,0.5907252,0.6156351791530945,6,60000,6001
TAAGGATT,0.58959424,0.6281284789510576,6,60000,6001
ACCCTACT,0.5893192,0.3890549622727085,6,60000,6001
AAAGCTAT,0.5869226,0.6829979796313859,6,60000,6001
ACTTTTAT,0.58529806,0.474219684162784,6,60000,6001
ATAAATGT,0.5844845,0.5887312909743124,6,60000,6001
TAAGTAAT,0.5832852,0.7259101966766998,6,60000,6001
AAAGGGGT,0.5830163,0.4889188966313446,6,60000,6001
TCTTTTTT,0.58299935,0.5090813507607306,6,60000,6001
TTATTTGT,0.5822216,0.6424359873005402,6,60000,6001
CTCACAAT,0.581931,0.48655836391374263,6,60000,6001
TTTACAAT,0.5810671,0.6534964746629284,6,60000,6001
TCACTTCT,0.58086926,0.6033892714303385,6,60000,6001
ACCCCACT,0.5807866,0.6583721601451368,6,60000,6001
ATTGGATT,0.58070475,0.6752875932874284,6,60000,6001
ATAGTTCT,0.5802423,0.6677112109842082,6,60000,6001
CTCAATCT,0.5793551,0.6402197666268091,6,60000,6001
TCCCCGTT,0.5765617,0.543417309198862,6,60000,6001
CGATAAAT,0.57628524,0.5737125304086093,6,60000,6001
ACACACCT,0.5753722,0.6084092689564178,6,60000,6001
AGTACTCT,0.57508546,0.35714138457098094,6,60000,6001
CGAGCTAT,0.5744104,0.6095019172885828,6,60000,6001
TTAGACCT,0.573455,0.3999711375912258,6,60000,6001
CGATTGCT,0.57268614,0.5130293159609121,6,60000,6001
AGTAGTTT,0.57250696,0.5555704448934152,6,60000,6001
GCCAGTAT,0.5723139,0.6505071537541748,6,60000,6001
CTCAGGGT,0.57228446,0.4781264173504309,6,60000,6001
CCCGGTGT,0.5712452,0.6057704201542078,6,60000,6001
TTGTCTCT,0.5706605,0.3144147115820723,6,60000,6001
ATAGGCCT,0.5704292,0.4779099492846246,6,60000,6001
GTGTGTCT,0.5698344,0.28390302230651876,6,60000,6001
TCCCACGT,0.5693618,0.5117408155692079,6,60000,6001
TACCCGCT,0.5693513,0.5431183771079866,6,60000,6001
TCACATTT,0.5693135,0.5352636787201583,6,60000,6001
GCAGTATT,0.5686637,0.6913062301570939,6,60000,6001
ATAAGCAT,0.5686606,0.5646311796478787,6,60000,6001
ATAACCAT,0.5684769,0.6845854121139653,6,60000,6001
ACAAGAAT,0.5667769,0.5159877128602647,6,60000,6001
TCAAAAAT,0.56663597,0.8457201170989156,6,60000,6001
TCATGGGT,0.56549454,0.659207108398961,6,60000,6001
GTGGTCAT,0.56515145,0.2586071826165835,6,60000,6001
AAATCCCT,0.56369364,0.5279759205046798,6,60000,6001
TCTGTTGT,0.5634856,0.3882303220220179,6,60000,6001
CCGTGTCT,0.56348187,0.5969055374592833,6,60000,6001
AATAGCAT,0.5631044,0.6680513750876181,6,60000,6001
TGGTTATT,0.5625472,0.5710118335875973,6,60000,6001
CGCCCGAT,0.561608,0.44179070630437467,6,60000,6001
ATAGAAAT,0.5615985,0.663505545705686,6,60000,6001
GATTACTT,0.5614396,0.6564136395497465,6,60000,6001
CGTCCTAT,0.5610196,0.6932853667587515,6,60000,6001
TACCTCAT,0.5609734,0.7229930317898816,6,60000,6001
TGATGATT,0.5606744,0.5551168927555353,6,60000,6001
ACCCAACT,0.55994606,0.3768502865624871,6,60000,6001
CATACAAT,0.55922794,0.513173628004783,6,60000,6001
CGGTGTTT,0.5578207,0.5815363047870367,6,60000,6001
GTCACTAT,0.55714756,0.5225436028532553,6,60000,6001
TCGGAAAT,0.55714744,0.6547231270358306,6,60000,6001
CTACTTTT,0.55596083,0.559085473961984,6,60000,6001
TTTTGTCT,0.55580026,0.3285160598688822,6,60000,6001
TCTCTTCT,0.5557995,0.6439718797674515,6,60000,6001
CTTTCAAT,0.55569935,0.4429761266647425,6,60000,6001
GATAATTT,0.5556735,0.6716797921906569,6,60000,6001
TCGGTGTT,0.5555783,0.5284913206613615,6,60000,6001
TTGTGATT,0.5553459,0.4865171319012081,6,60000,6001
TACGAGTT,0.5548024,0.521286026470952,6,60000,6001
ACGTCTAT,0.5542625,0.6082237249000123,6,60000,6001
TCCAGTGT,0.5537403,0.49735084319465633,6,60000,6001
CAATCTAT,0.55339515,0.7186533624706223,6,60000,6001
ATGTAAAT,0.5530222,0.4873005401393642,6,60000,6001
CCTGGGGT,0.5528883,0.3926112233538119,6,60000,6001
ACCCCGTT,0.55251753,0.33140230074629945,6,60000,6001
ACCCATGT,0.551726,0.6068218364738384,6,60000,6001
ACACCTGT,0.5511335,0.6734115367171072,6,60000,6001
GACTGATT,0.55110466,0.371912753061477,6,60000,6001
AGATTGGT,0.550449,0.5243990434173093,6,60000,6001
TATGTTTT,0.550448,0.7085927514121965,6,60000,6001
CTCCCTCT,0.5504288,0.4442852430627139,6,60000,6001
TCCCTCGT,0.54986113,0.5587453098585743,6,60000,6001
TCCCTCAT,0.5498338,0.570238733352575,6,60000,6001
TTCATAGT,0.54924595,0.628087246938523,6,60000,6001
CAATCTGT,0.5484576,0.5687646889044654,6,60000,6001
CACCTGCT,0.54757845,0.49440275429843733,6,60000,6001
TGGGTGGT,0.5474094,0.4801674019708902,6,60000,6001
TTTTGTTT,0.54726046,0.4623448645528388,6,60000,6001
TCTGTGTT,0.54713976,0.5780212757184678,6,60000,6001
TTGACCCT,0.547096,0.3729950933905084,6,60000,6001
CGCGCGAT,0.5467113,0.6470539727044078,6,60000,6001
AGACACAT,0.5457091,0.6089452851193666,6,60000,6001
TACCACAT,0.5450321,0.6318290520760318,6,60000,6001
TCTGGATT,0.544428,0.6238815816600009,6,60000,6001
ACATAAAT,0.5443253,0.5701871933369068,6,60000,6001
GGCGCGAT,0.5436835,0.5754030429225251,6,60000,6001
ACCGCGTT,0.5433099,0.3964458005195234,6,60000,6001
ACCCCCCT,0.5431076,0.49963921989032284,6,60000,6001
GCTAAAGT,0.5420244,0.4434709108151569,6,60000,6001
CCTTCAAT,0.5418447,0.4341833999917536,6,60000,6001
CGATTATT,0.5407663,0.7043664701274068,6,60000,6001
GCTTGGAT,0.5402633,0.4959489547684823,6,60000,6001
ATTCCCCT,0.53991246,0.6800808147445677,6,60000,6001
CAGGATGT,0.5398298,0.6332412485053396,6,60000,6001
CCGCCGAT,0.5396515,0.5085865666103162,6,60000,6001
CTTGTCAT,0.53859234,0.5882261988207644,6,60000,6001
ATTGAAAT,0.5383495,0.580711664536346,6,60000,6001
GATGCGCT,0.5380821,0.3752422380736403,6,60000,6001
CGCTCGAT,0.5377114,0.5194512019131654,6,60000,6001
GAATCTGT,0.5373838,0.5387477837793262,6,60000,6001
GTCTACTT,0.53685147,0.3227229621077805,6,60000,6001
AGAGCAAT,0.53675866,0.5591163979713849,6,60000,6001
ATTAACGT,0.5354371,0.5138127241990682,6,60000,6001
GTTTACAT,0.5352346,0.6978105801344163,6,60000,6001
AGCTCGAT,0.5342517,0.6269430585906899,6,60000,6001
TCACGGGT,0.5342381,0.48035294602729556,6,60000,6001
TCTACACT,0.53385675,0.46137591225827734,6,60000,6001
ATCGTCCT,0.53376985,0.6793283305158125,6,60000,6001
AATCGTCT,0.53317785,0.4935471900383458,6,60000,6001
GATGCAAT,0.533038,0.3796643714179689,6,60000,6001
TAGCCATT,0.53196776,0.44637776769884135,6,60000,6001
GACATCAT,0.53176385,0.4666742258689647,6,60000,6001
ACAGGGGT,0.5317411,0.6831835236877912,6,60000,6001
TTAGCCCT,0.53127474,0.3616975219560467,6,60000,6001
ACTTAGCT,0.5306666,0.28132602152311054,6,60000,6001
CAAGGGGT,0.53034294,0.5341091823691915,6,60000,6001
AACCAACT,0.5303278,0.33262895311920176,6,60000,6001
AGGGGTTT,0.5299351,0.5428606770296458,6,60000,6001
TGAGCAAT,0.5298008,0.4822290025976168,6,60000,6001
TCCGGGGT,0.5296883,0.5516843277120357,6,60000,6001
GTCTCCTT,0.52895916,0.6856471364367295,6,60000,6001
TACGTGGT,0.528446,0.35130705479734464,6,60000,6001
GTCATAGT,0.5273708,0.4767554529336577,6,60000,6001
TACATGTT,0.52732396,0.7128911887189213,6,60000,6001
ACATACGT,0.5272089,0.4808168061683091,6,60000,6001
TCCTTCTT,0.52711046,0.5379231435286357,6,60000,6001
CAGCCGAT,0.5268406,0.7007380530243681,6,60000,6001
TACGACAT,0.5267792,0.6344988248876428,6,60000,6001
TTACACGT,0.5262494,0.5754751989444605,6,60000,6001
TTAGCTCT,0.5249024,0.4119387292293737,6,60000,6001
TTATAATT,0.5246477,0.5466849461922236,6,60000,6001
GTTCTCTT,0.52452457,0.5817321568465758,6,60000,6001
ATACAGCT,0.5235715,0.7209211231600214,6,60000,6001
GTACCAAT,0.5235324,0.4336267678225374,6,60000,6001
GCATGATT,0.52235866,0.4580567352492475,6,60000,6001
ACCCACTT,0.52219915,0.4118047251886364,6,60000,6001
ACCCTCCT,0.52189714,0.5013915804230404,6,60000,6001
CCCATACT,0.5214629,0.5832371253040861,6,60000,6001
GACTAGTT,0.5212447,0.38114872386921206,6,60000,6001
TATGTGCT,0.52118385,0.5326145219148147,6,60000,6001
TCAGACCT,0.52089334,0.4123613573578527,6,60000,6001
CATACACT,0.52087015,0.5160701768853339,6,60000,6001
TTAGATGT,0.5206889,0.5678885086381066,6,60000,6001
GGTACTCT,0.520366,0.1920896383952501,6,60000,6001
GTCGGATT,0.52026117,0.5807219725394797,6,60000,6001
TACCACCT,0.51971877,0.6612687090256876,6,60000,6001
ATGAAAAT,0.5195696,0.5569929493258566,6,60000,6001
TGGGTCTT,0.51925236,0.32814497175607144,6,60000,6001
TAATCGTT,0.519015,0.5945656207479487,6,60000,6001
CTTGGATT,0.5189674,0.5166474250608173,6,60000,6001
TTTCCTCT,0.5185874,0.4953923225992661,6,60000,6001
GATGCCTT,0.51808095,0.43080237496392204,6,60000,6001
TACGCATT,0.5178142,0.5696511771739579,6,60000,6001
GAATCGGT,0.5169382,0.5347895105760112,6,60000,6001
TCCAGGGT,0.516836,0.4186080072568342,6,60000,6001
TCTCTGCT,0.5159322,0.5956067290644456,6,60000,6001
ATCGTCGT,0.51567435,0.6051416319630561,6,60000,6001
GTCCAGAT,0.5153236,0.6201913165381602,6,60000,6001
TCAGCTCT,0.51530397,0.5295633529872593,6,60000,6001
CACTGTGT,0.51516867,0.3611408897868305,6,60000,6001
GGGATGGT,0.5148121,0.5336762462375789,6,60000,6001
AGAGTGGT,0.51478964,0.3620583020657238,6,60000,6001
TACTTTGT,0.5142263,0.5368304951964705,6,60000,6001
TATGAGTT,0.5134252,0.537830371500433,6,60000,6001
TCGTGAGT,0.5133122,0.48535232754710755,6,60000,6001
ATTACCAT,0.5132618,0.6389828062507732,6,60000,6001
ACAGGAGT,0.51299405,0.4067125716406218,6,60000,6001
AGGGGAGT,0.5126703,0.5844637776769883,6,60000,6001
TCGCAAGT,0.5125997,0.3285057518657486,6,60000,6001
TCGAGGGT,0.5124372,0.4704881870284089,6,60000,6001
TAAGCTCT,0.51211727,0.5461283140230074,6,60000,6001
GATTCGTT,0.5119779,0.6575165958850451,6,60000,6001
TGGCTTAT,0.5113101,0.5256256957902116,6,60000,6001
GAAAGATT,0.5109163,0.4412856141508267,6,60000,6001
TCACAGTT,0.51060253,0.35183276295715993,6,60000,6001
ACCCACCT,0.5103291,0.3377417226734837,6,60000,6001
ACCGCTCT,0.51021856,0.3535129674679421,6,60000,6001
CCCCCCAT,0.510203,0.60974930936379,6,60000,6001
TTGTTTCT,0.51017404,0.49807240341401066,6,60000,6001
CGCTGATT,0.5093961,0.47946645775780317,6,60000,6001
TGTTGTTT,0.5087944,0.5675689605409641,6,60000,6001
AGGCGATT,0.5084379,0.5655279759205046,6,60000,6001
CGCACGAT,0.50840294,0.6317878200634974,6,60000,6001
CGTGTTGT,0.5079447,0.483795819073929,6,60000,6001
GCCTCTAT,0.50778306,0.24268131777512061,6,60000,6001
ACTCCCCT,0.5074595,0.5844637776769883,6,60000,6001
ACAAATCT,0.50722826,0.43614192058714385,6,60000,6001
TATGCTCT,0.5070542,0.5051746175730838,6,60000,6001
ATTGTTCT,0.5069902,0.5310270894322352,6,60000,6001
TACTCCAT,0.50664246,0.6810703830453965,6,60000,6001
TGCTATGT,0.5058892,0.4074856718756443,6,60000,6001
CTAAACCT,0.5057118,0.4917329814868264,6,60000,6001
ACCAGAAT,0.50541854,0.3936007916546407,6,60000,6001
TCCCGGTT,0.5054133,0.468292582360945,6,60000,6001
AGTGGATT,0.5053302,0.4846513833340205,6,60000,6001
TCACCCGT,0.5048789,0.5308621613820971,6,60000,6001
GATGTCGT,0.5046948,0.2177771822042634,6,60000,6001
TCCTTTGT,0.5043956,0.5803405764235352,6,60000,6001
TACCCAAT,0.504204,0.5940296045849999,6,60000,6001
ACCTGTCT,0.5041474,0.564507483610275,6,60000,6001
TCAGGGCT,0.50382173,0.4307302189419866,6,60000,6001
TCTGACCT,0.50361,0.23378551107079537,6,60000,6001
TCGGTCCT,0.5035424,0.3757782542365893,6,60000,6001
GCGTATGT,0.5031438,0.5530140601162743,6,60000,6001
TGACAGTT,0.50302494,0.4183090751659589,6,60000,6001
ATGCGGCT,0.50291485,0.37454129386055335,6,60000,6001
TTTCACAT,0.5026992,0.48749639219890323,6,60000,6001
CTAGTTGT,0.50237304,0.3240320785057519,6,60000,6001
AGGAGCAT,0.5023256,0.28687172720900506,6,60000,6001
ACCCATTT,0.5022122,0.4209479239681689,6,60000,6001
AGCATTTT,0.5022074,0.3827155403455243,6,60000,6001
GATTCTCT,0.50205886,0.5252855316868016,6,60000,6001
TCCCCAAT,0.5018703,0.5927823362058302,6,60000,6001
ACACAAAT,0.50185823,0.6127283222694099,6,60000,6001
ACTCTCAT,0.5018385,0.547994062590195,6,60000,6001
GATGAGTT,0.5017217,0.45274811363542655,6,60000,6001
GGTCGATT,0.5015398,0.4249061971714839,6,60000,6001
TTTACACT,0.50079733,0.5560343050344287,6,60000,6001
TTTTTGCT,0.50066733,0.4965158949408321,6,60000,6001
GAGTGTGT,0.50054026,0.5313363295262442,6,60000,6001
TGTTTGCT,0.50042367,0.46982847482785633,6,60000,6001
TATGCCCT,0.50031793,0.6801323547602358,6,60000,6001
CGCCCTAT,0.49978778,0.6771121098420815,6,60000,6001
TACCGCTT,0.49966633,0.4606131200263885,6,60000,6001
CCCTTAAT,0.49962717,0.5152867686471777,6,60000,6001
ATGCCCCT,0.49943286,0.6345606729064445,6,60000,6001
TCGCTCCT,0.4991819,0.5171215932049643,6,60000,6001
GCCTGATT,0.4990008,0.43664701274069184,6,60000,6001
GATTTACT,0.4983821,0.37840679503566566,6,60000,6001
GGACTATT,0.4981705,0.5662083041273245,6,60000,6001
GTGTGGGT,0.49815464,0.43956417762751,6,60000,6001
CTTCTCTT,0.49795476,0.6478373809425637,6,60000,6001
CTTGTTTT,0.4975771,0.6364779614893004,6,60000,6001
TACGCGTT,0.49684167,0.4115264091040283,6,60000,6001
ACATCCCT,0.4965063,0.5411804725188636,6,60000,6001
CGACACGT,0.49640402,0.36525378303715006,6,60000,6001
TATGACGT,0.49603835,0.46692161794417186,6,60000,6001
AACCTACT,0.4959963,0.49307302189419866,6,60000,6001
TCGTGGTT,0.4959265,0.5370057312497423,6,60000,6001
GTGTCCTT,0.4959124,0.5086690306353854,6,60000,6001
TCTTTCCT,0.49566305,0.49707252711004823,6,60000,6001
TCGGAAGT,0.4955084,0.6247371459200923,6,60000,6001
CACTGGGT,0.49517807,0.4672308580381809,6,60000,6001
ATGCTCCT,0.49505198,0.28687172720900506,6,60000,6001
AGTAATGT,0.4946747,0.3174349565002268,6,60000,6001
TCACTGGT,0.49453187,0.47995093390508387,6,60000,6001
GCTAGATT,0.49434498,0.5560549210406961,6,60000,6001
CGTTTTGT,0.49408898,0.42876139034346267,6,60000,6001
CACCTCCT,0.49349153,0.447625036078011,6,60000,6001
TAGGGCAT,0.4932267,0.517719457386715,6,60000,6001
GTCTCCAT,0.49311092,0.4943305982765019,6,60000,6001
ATCGAGGT,0.4927216,0.6248299179482951,6,60000,6001
AGCAGTGT,0.4927009,0.36362511854203605,6,60000,6001
TTCGTGTT,0.49269763,0.6622995093390509,6,60000,6001
TGTCAGCT,0.49257234,0.40633117552467735,6,60000,6001
TTTTTTTT,0.49203798,0.5247495155238527,6,60000,6001
TCGGGCGT,0.4919498,0.43291551560631675,6,60000,6001
AGTACTTT,0.49188718,0.36765554776728654,6,60000,6001
ATTTCATT,0.4918351,0.32502164680658063,6,60000,6001
GCCCAGAT,0.4918319,0.6672988908588628,6,60000,6001
ATGACACT,0.4918275,0.8307838205582815,6,60000,6001
CAACACTT,0.49161604,0.471271595266565,6,60000,6001
TACCGCCT,0.49160823,0.37342802952212095,6,60000,6001
ACTCACCT,0.49158964,0.348152805838453,6,60000,6001
CGCCTTAT,0.49059415,0.3095184100935967,6,60000,6001
CTTCATCT,0.49020553,0.4478002721312827,6,60000,6001
CACCCCTT,0.490074,0.35109058673153837,6,60000,6001
TGTTTTCT,0.4899303,0.61548055910609,6,60000,6001
TCCTTACT,0.48989648,0.44280089061147077,6,60000,6001
CAGTAAAT,0.48949048,0.4650764853832516,6,60000,6001
GCTCAGGT,0.488997,0.30331299220714963,6,60000,6001
GGGTCGCT,0.4887837,0.4225868964664165,6,60000,6001
TGTCTTCT,0.4886909,0.5775574155774543,6,60000,6001
TTTTACGT,0.4886525,0.28016121716901,6,60000,6001
GGGGGAAT,0.488515,0.6382303220220179,6,60000,6001
GACAACAT,0.48821375,0.6908732940254814,6,60000,6001
ACCTTACT,0.48785755,0.6066569084237001,6,60000,6001
CCCCCTGT,0.48711577,0.6349008370098544,6,60000,6001
GACGTAAT,0.4870887,0.4289572424030017,6,60000,6001
GAGCCCTT,0.4868613,0.22327134787448977,6,60000,6001
GCTCTCAT,0.4868312,0.357615552715128,6,60000,6001
TCGGCCAT,0.48657787,0.3286603719127531,6,60000,6001
CCCGCTCT,0.48651716,0.4266791737104688,6,60000,6001
ACATAATT,0.48641685,0.4413886941821631,6,60000,6001
ACTAGCGT,0.4861589,0.3685832680493135,6,60000,6001
ACCCGGCT,0.4861347,0.6039252875932873,6,60000,6001
TTGAGCCT,0.48602688,0.4741372201377149,6,60000,6001
ATGAAAGT,0.4857794,0.45610852265699087,6,60000,6001
ACCCTAAT,0.48555088,0.5156475487568548,6,60000,6001
CTCTAGCT,0.48552242,0.4985878035706923,6,60000,6001
AGCCCATT,0.4852486,0.36888220014018885,6,60000,6001
CAACAACT,0.48491785,0.24179482950562817,6,60000,6001
GCCGGTGT,0.48483846,0.42700902981074507,6,60000,6001
CCGTGATT,0.48440576,0.5463447820888138,6,60000,6001
CTGAGACT,0.484238,0.4750649404197419,6,60000,6001
TAATTTGT,0.48421347,0.48051787407743374,6,60000,6001
TTTTAGTT,0.48366356,0.46354059291634025,6,60000,6001
TACACTTT,0.48335248,0.6057807281573413,6,60000,6001
ATGTCAGT,0.4829201,0.4725600956582691,6,60000,6001
GTTGAGTT,0.48276553,0.34664783738094257,6,60000,6001
GTATGGCT,0.48215762,0.3488228260421391,6,60000,6001
GCGCTATT,0.48208186,0.4300292747288995,6,60000,6001
CGTAAAAT,0.48197138,0.5082360945037727,6,60000,6001
CTGAATCT,0.48153502,0.303921164392034,6,60000,6001
CTCCATGT,0.48145583,0.47371459200923594,6,60000,6001
CGTAGTGT,0.48066783,0.39281738341648453,6,60000,6001
TACACACT,0.48061296,0.4540056900177298,6,60000,6001
TCTGGGCT,0.48035583,0.37900465921741644,6,60000,6001
CTACATGT,0.4801624,0.7376613202490414,6,60000,6001
TCATAGCT,0.48014486,0.5588586978930441,6,60000,6001
ACATGACT,0.47997653,0.2514637364449759,6,60000,6001
CGAGGGGT,0.47966877,0.6575990599101142,6,60000,6001
AGCCGGGT,0.47953555,0.6039252875932873,6,60000,6001
CACCTTCT,0.47953388,0.6501669896507648,6,60000,6001
AGCCTCTT,0.47933686,0.2448769224425844,6,60000,6001
TAGTCGCT,0.47909105,0.4291427864594071,6,60000,6001
TCCGGTCT,0.4789104,0.5258833958685524,6,60000,6001
CATTAGGT,0.4788027,0.6157794911969654,6,60000,6001
TCATGGCT,0.47856167,0.36116150579309775,6,60000,6001
TGGAGTTT,0.47849083,0.32511441883478337,6,60000,6001
GTTGTCGT,0.4784726,0.36857296004617984,6,60000,6001
TTACCTCT,0.47772846,0.5492516389724983,6,60000,6001
AAGTGTTT,0.47647533,0.40555807528965493,6,60000,6001
CCTCGTGT,0.4761885,0.4999381519811982,6,60000,6001
CGAACTAT,0.47600654,0.5446955015874325,6,60000,6001
ATGGTCAT,0.47591215,0.4633447408568012,6,60000,6001
TGTAACAT,0.47583544,0.42780274605203483,6,60000,6001
TCCAAAGT,0.47572637,0.5052776976044201,6,60000,6001
CGGATTTT,0.4756191,0.5707232094998557,6,60000,6001
GACACCGT,0.4752373,0.7985919267719457,6,60000,6001
TACTCGTT,0.47483426,0.509998763039624,6,60000,6001
TAGTACTT,0.47448573,0.47877582154784976,6,60000,6001
AAACGGGT,0.4744443,0.5498701191605163,6,60000,6001
GACCCCCT,0.47426167,0.5321300457675339,6,60000,6001
AGAAGCAT,0.47416317,0.5034016410340989,6,60000,6001
ATGCTAAT,0.47392294,0.5439430173586772,6,60000,6001
GTGTGTTT,0.47384143,0.5876901826578156,6,60000,6001
ACAGCATT,0.473831,0.3226714220921123,6,60000,6001
TAATTGCT,0.47381243,0.550354595307797,6,60000,6001
CGTATGCT,0.47366047,0.5798767162825218,6,60000,6001
CCTCGGGT,0.47352576,0.336411990269245,6,60000,6001
ATGCGAAT,0.4735229,0.2809549334102998,6,60000,6001
TCCTTGGT,0.47286263,0.5389024038263308,6,60000,6001
ATTCCACT,0.47263503,0.4932585659506041,6,60000,6001
CCCCCATT,0.47241384,0.46623098173421845,6,60000,6001
ATTTGCTT,0.47230348,0.3345050096895229,6,60000,6001
GGGTACGT,0.4722629,0.4372964169381108,6,60000,6001
ACCTAAAT,0.47221917,0.4471096359213293,6,60000,6001
TCTGAGCT,0.47218582,0.5823918690471281,6,60000,6001
CTACGCTT,0.47104937,0.2805013812724199,6,60000,6001
AGGTCTCT,0.47096235,0.39735290479528307,6,60000,6001
TCTACCGT,0.47067347,0.4148352781099246,6,60000,6001
TACCGGGT,0.47056234,0.5708881375499939,6,60000,6001
ACCGGTCT,0.46993628,0.3436482084690554,6,60000,6001
CGTAGGGT,0.4699018,0.5320785057518658,6,60000,6001
GTCGTCTT,0.46985453,0.5506122953861378,6,60000,6001
TTCAACCT,0.46965513,0.5089988867356616,6,60000,6001
GAAACCAT,0.4695232,0.5269451201913166,6,60000,6001
TAGCTGCT,0.4691332,0.46219024450583435,6,60000,6001
TCCCAAGT,0.4690632,0.1558466993773966,6,60000,6001
AATGGGCT,0.4690121,0.36888220014018885,6,60000,6001
AAGTCTCT,0.46867108,0.26045231517750383,6,60000,6001
TAACCCGT,0.46836865,0.46708654599431,6,60000,6001
TTGTGACT,0.46828273,0.3847977569785181,6,60000,6001
GGCTGATT,0.46743906,0.4050735991423741,6,60000,6001
GGGCCTAT,0.46723002,0.5592916340246568,6,60000,6001
ACGTTATT,0.46675158,0.4044138869418217,6,60000,6001
GTTCTCCT,0.4665847,0.32116645363460194,6,60000,6001
CCTAGGGT,0.46653444,0.47869335752278064,6,60000,6001
TGACATGT,0.4664802,0.36192429802498666,6,60000,6001
TTCCGGTT,0.46645638,0.2647404444810951,6,60000,6001
CACTTGTT,0.46620905,0.4154228342885416,6,60000,6001
AGAATGGT,0.46615475,0.5021749886611966,6,60000,6001
ACTCGGGT,0.46603364,0.547179730342638,6,60000,6001
ACCCTGTT,0.4658517,0.37949944336783076,6,60000,6001
GATGGTTT,0.46580407,0.5678885086381066,6,60000,6001
GTGTACGT,0.46575907,0.5568383292788521,6,60000,6001
CGTGTCTT,0.46539605,0.5484785387374758,6,60000,6001
ACCCACGT,0.46504053,0.47954892178287223,6,60000,6001
GGTACACT,0.46500972,0.48512555147816766,6,60000,6001
TTCCACAT,0.46497688,0.31899146497340536,6,60000,6001
GCTTACAT,0.4647455,0.5770523234239063,6,60000,6001
TCGATGTT,0.4645955,0.5490660949160929,6,60000,6001
CCTTGTCT,0.46446866,0.4033006226033893,6,60000,6001
GTTATGTT,0.4643734,0.6375603018183318,6,60000,6001
TCTCGGCT,0.46432373,0.49359873005401395,6,60000,6001
CAGGGTTT,0.4642339,0.5986991300045356,6,60000,6001
CCTTCCAT,0.4641772,0.3377417226734837,6,60000,6001
TTTCTCCT,0.4641061,0.3302374963921989,6,60000,6001
TAAGCTGT,0.46391767,0.3690058961777924,6,60000,6001
GTTGTCTT,0.46324536,0.5302849132066136,6,60000,6001
ATGAGTTT,0.46320507,0.4037232507318682,6,60000,6001
TCTAGGCT,0.46313423,0.5343874984537995,6,60000,6001
TGTAGAGT,0.46289995,0.5061951098833134,6,60000,6001
TGCATTGT,0.46278527,0.5646002556384778,6,60000,6001
GGCACTAT,0.46277052,0.562291262936544,6,60000,6001
CTCCTAAT,0.46266004,0.5369232672246732,6,60000,6001
ATGGCGGT,0.46226487,0.38635426545169665,6,60000,6001
CCCTAGTT,0.4621633,0.4441821630313776,6,60000,6001
CTCTCGCT,0.46213314,0.5926380241619593,6,60000,6001
ACGGAAAT,0.46212116,0.2946439615717643,6,60000,6001
GTACAACT,0.461205,0.324506246649899,6,60000,6001
CACCACCT,0.4611543,0.35818249288747783,6,60000,6001
TCACCCTT,0.4609512,0.7372902321362306,6,60000,6001
AACAACAT,0.46091104,0.408475240176473,6,60000,6001
AATTAACT,0.4607432,0.3832515565084732,6,60000,6001
ACCGCTTT,0.46070725,0.3079722096235517,6,60000,6001
CCCATTCT,0.46061894,0.3942914278645941,6,60000,6001
ACTGTAGT,0.46016285,0.4249061971714839,6,60000,6001
TTCGTAAT,0.46001717,0.3603162495361399,6,60000,6001
CTCAGTCT,0.45933974,0.4228239805384901,6,60000,6001
TGTCCAAT,0.45923045,0.5492516389724983,6,60000,6001
GGCATACT,0.45856628,0.4386776893580176,6,60000,6001
TTTCATTT,0.45800516,0.586051210159568,6,60000,6001
ATGGGGCT,0.45790315,0.35554364408526784,6,60000,6001
CATTTGCT,0.45790032,0.40636209953407826,6,60000,6001
GTTATGCT,0.45775634,0.4671999340287799,6,60000,6001
CACGACCT,0.45766342,0.41259844142992624,6,60000,6001
GAGGGTTT,0.45762268,0.4754566445388199,6,60000,6001
CCACCTCT,0.45721886,0.33330928132602156,6,60000,6001
TTAGTCCT,0.45720777,0.5513132395992248,6,60000,6001
GTCGACAT,0.45659927,0.37731414670350066,6,60000,6001
AGGGAGGT,0.45635015,0.4610254401517338,6,60000,6001
GCATAGGT,0.45626348,0.4749515523852719,6,60000,6001
TGCTCTCT,0.45613393,0.34014348740362016,6,60000,6001
TCTTGGCT,0.4558822,0.4763740568177133,6,60000,6001
GCATTGTT,0.45577917,0.38722013771492186,6,60000,6001
CTGTTGGT,0.45550457,0.3659341112439698,6,60000,6001
CCTGCAAT,0.45544356,0.4387704613862203,6,60000,6001
TCCAATTT,0.45536762,0.5662701521461263,6,60000,6001
CTGGAGGT,0.45536464,0.5233991671133468,6,60000,6001
TAGCCCAT,0.45534372,0.4038366387663382,6,60000,6001
TCCGGAGT,0.4549246,0.5402527522368367,6,60000,6001
ACATAACT,0.45476118,0.5566940172349812,6,60000,6001
GCACGAAT,0.45455286,0.38141673195068654,6,60000,6001
CCTACTTT,0.45450956,0.42605038551931723,6,60000,6001
GCACATCT,0.45444444,0.2343524512431452,6,60000,6001
GGCGCTAT,0.45422673,0.4357914484806003,6,60000,6001
GCTCCAGT,0.45416686,0.4201129757143446,6,60000,6001
AGAGCCAT,0.45413935,0.3751185420360368,6,60000,6001
ACTGGGTT,0.4538604,0.35604873623881583,6,60000,6001
TGGTCGGT,0.45370662,0.44290397064280707,6,60000,6001
CAATCCGT,0.4535943,0.5351399826825547,6,60000,6001
CATGAGGT,0.45333034,0.40882571228301656,6,60000,6001
CAGGTGTT,0.45329264,0.6961097596173669,6,60000,6001
GTTCCCTT,0.45309502,0.2739351832762958,6,60000,6001
CTCGCTCT,0.45264938,0.4833319589329155,6,60000,6001
TCAGCAGT,0.4526193,0.3746856059044242,6,60000,6001
GTGGCAAT,0.45249176,0.2881189955881747,6,60000,6001
TTAGCAGT,0.45219097,0.15701150373149714,6,60000,6001
CTGATTGT,0.4521908,0.5262750999876303,6,60000,6001
TGTCACCT,0.45210084,0.5843297736362512,6,60000,6001
ACACTTTT,0.451824,0.48659959592627716,6,60000,6001
TCGACAGT,0.45171502,0.4176699789716736,6,60000,6001
ACATAGTT,0.45166206,0.3597699253700573,6,60000,6001
GAACGATT,0.4515213,0.5677751206036367,6,60000,6001
TCACCGCT,0.45138603,0.3860141013482868,6,60000,6001
TTTCTTCT,0.4513804,0.3695831443532759,6,60000,6001
TCTATGCT,0.45130992,0.4131447655960087,6,60000,6001
GACCCTGT,0.45121592,0.5810312126334887,6,60000,6001
CATTTTGT,0.45093507,0.5306456933162907,6,60000,6001
TCGCTGCT,0.45079726,0.35499731991918526,6,60000,6001
CCCCCAAT,0.4507361,0.6245103698511525,6,60000,6001
CACCCGCT,0.4506998,0.44507895930400365,6,60000,6001
CCCCACCT,0.45056197,0.4179276790500145,6,60000,6001
TTGCCAAT,0.45042396,0.5710427575969983,6,60000,6001
GAAATCGT,0.450408,0.3531728033645323,6,60000,6001
CATTGAAT,0.45035052,0.5590545499525832,6,60000,6001
TTGGTGGT,0.45026737,0.3667484434915268,6,60000,6001
GTGTCCGT,0.45018286,0.38208675215437266,6,60000,6001
AATCAGGT,0.45004797,0.6245412938605533,6,60000,6001
TCTCGCCT,0.45004326,0.2097678637694306,6,60000,6001
AACATTGT,0.45002177,0.556085845050097,6,60000,6001
ACACGGGT,0.44995347,0.6025955551890487,6,60000,6001
GAAAGTGT,0.4497397,0.5542407124891766,6,60000,6001
CACGAGTT,0.44961154,0.3049828887147981,6,60000,6001
CAATGTGT,0.44960454,0.40754751989444604,6,60000,6001
AATTTTGT,0.44959036,0.43576052447119945,6,60000,6001
GGGAGTTT,0.44941005,0.3432461963468437,6,60000,6001
CGCACAAT,0.44937795,0.35939883725724653,6,60000,6001
GTCTGCGT,0.4492814,0.3485032779449965,6,60000,6001
GACCGATT,0.4491485,0.6016575269038882,6,60000,6001
GGGTTTCT,0.4489254,0.47766255720941736,6,60000,6001
TCCAGAGT,0.4487899,0.6712880880715788,6,60000,6001
TACAGAAT,0.44875628,0.5915144518203934,6,60000,6001
CATTCCAT,0.4487275,0.2949016616501052,6,60000,6001
CCTCCCTT,0.4481789,0.3856945532511442,6,60000,6001
ACCTCTCT,0.44781673,0.3616562899435121,6,60000,6001
ATTGCTCT,0.4477043,0.5591163979713849,6,60000,6001
TTACGTGT,0.4475462,0.5484269987218076,6,60000,6001
TTGCGATT,0.4471754,0.43173009524594896,6,60000,6001
AAGCTAAT,0.44714674,0.5085865666103162,6,60000,6001
ACAGCAGT,0.44691777,0.5208530903393395,6,60000,6001
CCTTGTGT,0.44686365,0.26000907104275756,6,60000,6001
GTGCGATT,0.44686005,0.39303385148229086,6,60000,6001
ACCTCAAT,0.4466125,0.45173792932833057,6,60000,6001
CCCTTTGT,0.44657537,0.36539809508102095,6,60000,6001
TCCTAGGT,0.44653898,0.5732899022801303,6,60000,6001
CTCGGGGT,0.44651762,0.5854327299715499,6,60000,6001
AAGTAGTT,0.4464838,0.3759328742835938,6,60000,6001
GCATCGTT,0.44625324,0.32612460314187935,6,60000,6001
CCCTCTGT,0.44607946,0.4509339050839072,6,60000,6001
CCCCACGT,0.44580412,0.3601513214860017,6,60000,6001
ACCCTCGT,0.4457778,0.4279779821053066,6,60000,6001
TAAGCCAT,0.44574946,0.451500845256257,6,60000,6001
CCTACAGT,0.4457372,0.43346183977239927,6,60000,6001
TTGGGAAT,0.4456994,0.4960829588092195,6,60000,6001
TACTAGCT,0.44554773,0.5438502453304745,6,60000,6001
TGCCATCT,0.44526547,0.30521997278687174,6,60000,6001
GAGGGAGT,0.44526047,0.3464416773182699,6,60000,6001
GAGACTTT,0.4451488,0.40679503566569086,6,60000,6001
GCTAGTGT,0.44511944,0.3761287263431328,6,60000,6001
TTCATTTT,0.44483706,0.3169401723498124,6,60000,6001
ACCCTTTT,0.44436958,0.6084505009689523,6,60000,6001
CATAAATT,0.44424573,0.46827196635467777,6,60000,6001
CTGTTGTT,0.4442422,0.4014039500268008,6,60000,6001
TAGCTCAT,0.44418147,0.6586917082422793,6,60000,6001
ACGTGTGT,0.44406548,0.47093143116315506,6,60000,6001
ACCTTCTT,0.4439595,0.5519729517997773,6,60000,6001
ACTTTATT,0.44373515,0.6674328948996001,6,60000,6001
ACGAGTTT,0.44357032,0.209840019791366,6,60000,6001
GAACGAGT,0.4432476,0.33585535810002887,6,60000,6001
AATCGCCT,0.44312575,0.5655279759205046,6,60000,6001
GCTCACCT,0.4430667,0.5499010431699172,6,60000,6001
GTCTTTGT,0.44278044,0.3867253535645075,6,60000,6001
ATGTAGCT,0.44245306,0.573660990392941,6,60000,6001
CCGGTACT,0.44241366,0.3950954521090175,6,60000,6001
ATGGCTCT,0.4421367,0.3751185420360368,6,60000,6001
CCCCCCCT,0.44181293,0.4299261946975632,6,60000,6001
ACCACGGT,0.44171378,0.23133220632499074,6,60000,6001
AGTAGCTT,0.4416056,0.5306560013194245,6,60000,6001
CCCCTCTT,0.4415633,0.41685564672411657,6,60000,6001
TAAAATGT,0.44061372,0.45446955015874324,6,60000,6001
CTAATTCT,0.44020516,0.32179524182575353,6,60000,6001
AGACGAAT,0.44020504,0.6479301529707665,6,60000,6001
TCAGTCCT,0.44015643,0.5543541005236465,6,60000,6001
CACACCGT,0.44011956,0.2214159073104358,6,60000,6001
GGCATTTT,0.44011712,0.5451284377190451,6,60000,6001
CAGTACTT,0.44010815,0.4305652908918484,6,60000,6001
CGCTGACT,0.43987998,0.28163526161711955,6,60000,6001
ACTCCTCT,0.4396796,0.5266049560879067,6,60000,6001
ACCCGAGT,0.43920675,0.547179730342638,6,60000,6001
CAGGGGCT,0.43902874,0.33447408568012205,6,60000,6001
GTTTCTCT,0.4389881,0.40254813837463405,6,60000,6001
GCTATGCT,0.43896335,0.4722611635673937,6,60000,6001
GCTGGTTT,0.4384148,0.35982146538572546,6,60000,6001
ACCAAATT,0.43840545,0.3763451944089391,6,60000,6001
TCACAATT,0.4383304,0.7082938193213211,6,60000,6001
GTAGCATT,0.43813518,0.4898878489259061,6,60000,6001
GTCGGTCT,0.4379968,0.3631406423947553,6,60000,6001
GCTATGGT,0.43793342,0.32452686265616626,6,60000,6001
CGTTTGTT,0.43790418,0.3577495567558653,6,60000,6001
CCCGGTCT,0.43790394,0.5347173545540758,6,60000,6001
GGTACCCT,0.43782,0.48212592256628045,6,60000,6001
CCGCGAGT,0.43770665,0.407856759988455,6,60000,6001
TCCGTGCT,0.4376239,0.45097513709644166,6,60000,6001
ACAGAACT,0.43733856,0.591215519729518,6,60000,6001
ACCAACGT,0.43724003,0.3870242856553829,6,60000,6001
TGTTTTGT,0.43721417,0.50022677606894,6,60000,6001
TTCATTGT,0.4369742,0.4354203603677896,6,60000,6001
TTTTTCCT,0.43680212,0.40151733806127077,6,60000,6001
TCCCAGCT,0.4367425,0.356100276254484,6,60000,6001
CGGTTCCT,0.43662643,0.19628499567063867,6,60000,6001
CCATTACT,0.43636313,0.39937327340947515,6,60000,6001
ATGCAATT,0.4363464,0.38198367212303636,6,60000,6001
CGGTAGTT,0.4363025,0.2843771904506659,6,60000,6001
CCCCAATT,0.43628284,0.4637467529790129,6,60000,6001
ACAGGACT,0.43620947,0.3562239722920876,6,60000,6001
TGGATGCT,0.43619862,0.3423597080773512,6,60000,6001
CAATGTCT,0.43588555,0.48035294602729556,6,60000,6001
TCGGACCT,0.4357361,0.46927184265864014,6,60000,6001
CGATTCCT,0.43542337,0.38247845627345073,6,60000,6001
CGGTGATT,0.435358,0.36869665608378344,6,60000,6001
CTGGGGCT,0.43512323,0.4116913371541665,6,60000,6001
CTAGCTCT,0.43509898,0.5117305075660743,6,60000,6001
TGTGGCGT,0.43498123,0.37144889292046346,6,60000,6001
TCACGGCT,0.43488312,0.5978641817507112,6,60000,6001
TCCATCGT,0.43487588,0.48231146662268587,6,60000,6001
TACTTCCT,0.43466574,0.5004947841504144,6,60000,6001
CTTTAGTT,0.43461967,0.5964313693151362,6,60000,6001
TCCAGTTT,0.434582,0.6020801550323671,6,60000,6001
TGCAGATT,0.43395972,0.4789510576011215,6,60000,6001
TTCAGATT,0.43387592,0.6160474992784397,6,60000,6001
TGGAATGT,0.43377545,0.3168267843153424,6,60000,6001
GTGGCGCT,0.43367782,0.2744918154455119,6,60000,6001
TAGAAAAT,0.4333779,0.6031624953613985,6,60000,6001
TGAGTGTT,0.43336737,0.567290644456356,6,60000,6001
TCTGCCTT,0.43333378,0.4722508555642601,6,60000,6001
TTGAGGCT,0.4330871,0.47645652084278234,6,60000,6001
AGACGGGT,0.4330274,0.4218962602564631,6,60000,6001
GTAAAACT,0.43288013,0.47417845215024945,6,60000,6001
ACTCACAT,0.43281296,0.35128643879107746,6,60000,6001
CTCTGGTT,0.43263295,0.35856388900342223,6,60000,6001
TTTAACGT,0.43233758,0.42215396033480396,6,60000,6001
TTGCTAAT,0.43231168,0.5932461963468437,6,60000,6001
CCTTGATT,0.43230212,0.6110790417680287,6,60000,6001
TTGTGTGT,0.43221107,0.4596544757349606,6,60000,6001
CAAGATTT,0.43214306,0.35263678720158326,6,60000,6001
GGTGGGTT,0.432115,0.4341833999917536,6,60000,6001
GTCGACCT,0.43201816,0.3295571681853791,6,60000,6001
GACGTGTT,0.43200406,0.32292912217045316,6,60000,6001
TACACGGT,0.4318805,0.528140848554818,6,60000,6001
CCGGGTCT,0.43157917,0.3263204552014184,6,60000,6001
GGTGTTCT,0.43133163,0.47701315301199854,6,60000,6001
TCCCGTTT,0.4312661,0.5607038304539644,6,60000,6001
TACTGGCT,0.4312491,0.28160433760771864,6,60000,6001
CCGTTATT,0.43122572,0.44955263266400036,6,60000,6001
AATGTAGT,0.4311819,0.3999711375912258,6,60000,6001
CTCCTCAT,0.43108258,0.45998433183523685,6,60000,6001
GTTTGCAT,0.43101236,0.44342967880262235,6,60000,6001
GTCGGGGT,0.43099344,0.4622417845215025,6,60000,6001
GACGGGGT,0.43089724,0.4788273615635179,6,60000,6001
AGCGGCAT,0.43080464,0.4412134581288913,6,60000,6001
TCCACTCT,0.430708,0.5430359130829175,6,60000,6001
GCGCAAAT,0.43066564,0.3407825835979054,6,60000,6001
ATTTCCCT,0.43059382,0.34332866037191273,6,60000,6001
ACCGCGGT,0.43036965,0.37235599719622314,6,60000,6001
ACTCTATT,0.43032464,0.5108337112934482,6,60000,6001
TCGAAATT,0.4302799,0.22935306972333322,6,60000,6001
TAGTCGGT,0.43027174,0.3698408444316167,6,60000,6001
CGCGTAAT,0.43008268,0.47361151197789964,6,60000,6001
AATCACGT,0.42967498,0.6240980497258072,6,60000,6001
ACCGGGCT,0.42963782,0.3923741392817383,6,60000,6001
TTTGAGCT,0.42950335,0.7466395909784356,6,60000,6001
TTCCCTGT,0.42946583,0.3450500968952295,6,60000,6001
ATGCCGCT,0.4294001,0.4412134581288913,6,60000,6001
ATTGCAGT,0.4291279,0.3065909372036449,6,60000,6001
CATGAATT,0.4288512,0.5252339916711335,6,60000,6001
TGGTCCTT,0.42865682,0.29981857914484805,6,60000,6001
AGACCATT,0.4282508,0.3899517585453346,6,60000,6001
AGAAACCT,0.42821655,0.6464354925163898,6,60000,6001
TAGGCGGT,0.42820027,0.337257246526203,6,60000,6001
TCACGTTT,0.42814505,0.42920463447820884,6,60000,6001
TCTTCTGT,0.42807236,0.5100709190615594,6,60000,6001
CATGTCTT,0.4277092,0.4409866820599514,6,60000,6001
GCATGGGT,0.42758062,0.4274522739454913,6,60000,6001
CCCCAGTT,0.42756817,0.5567352492475158,6,60000,6001
TTGCGAAT,0.42756093,0.40594977940873295,6,60000,6001
TTTTGGTT,0.42755947,0.6223250731868223,6,60000,6001
TTCGACCT,0.4272848,0.319816105224096,6,60000,6001
GACTGTGT,0.42727765,0.4780130293159609,6,60000,6001
TCACAAGT,0.42724535,0.5673009524594895,6,60000,6001
GCGTGGGT,0.42714366,0.28935595596421065,6,60000,6001
CCTGTCGT,0.42689115,0.391879355131324,6,60000,6001
GACGGAAT,0.4266747,0.34754463365356864,6,60000,6001
CGGGTCCT,0.42666426,0.1263555024120727,6,60000,6001
AGGCGTGT,0.4265287,0.4212468560590443,6,60000,6001
ACAATTCT,0.426491,0.3286191399002185,6,60000,6001
CATCAGCT,0.42633042,0.5481486826371995,6,60000,6001
TGCTTGTT,0.4261229,0.42982311466622686,6,60000,6001
TAGAGTTT,0.42610535,0.47622974477384244,6,60000,6001
CACATCGT,0.4261005,0.5825774131035335,6,60000,6001
TTAGTCGT,0.4252414,0.3133942192718427,6,60000,6001
CACGCATT,0.42517558,0.41507236218199806,6,60000,6001
CTCCCTTT,0.42505026,0.4902692450418505,6,60000,6001
CTTGAATT,0.42501768,0.40395002680080816,6,60000,6001
ACAGGCAT,0.4249987,0.4741269121345813,6,60000,6001
CTGGTGCT,0.42493254,0.24084649321733398,6,60000,6001
TCCCAATT,0.42486632,0.4912588133426793,6,60000,6001
GACCACTT,0.42447218,0.3036428483074259,6,60000,6001
CGGGGGTT,0.4239928,0.5912773677483197,6,60000,6001
GGGTACAT,0.42391255,0.4298849626850287,6,60000,6001
GAGTCCCT,0.42382318,0.30575598894982065,6,60000,6001
TGTAGCGT,0.42339048,0.4625097926029769,6,60000,6001
ACACGCGT,0.4233595,0.4006823898074465,6,60000,6001
GGCAGGGT,0.42330095,0.3778501628664495,6,60000,6001
CGGCGATT,0.42322797,0.21859151445182043,6,60000,6001
CACGATGT,0.42313617,0.5062157258895806,6,60000,6001
GCAAGAGT,0.42311546,0.3045808765925865,6,60000,6001
CATTTCAT,0.42301565,0.3841380447779656,6,60000,6001
GTAGCCGT,0.42288768,0.4742403001690512,6,60000,6001
TTTCTCGT,0.42271334,0.40426957489795073,6,60000,6001
GTGCAAAT,0.42244974,0.33343297736362515,6,60000,6001
CGAGATGT,0.4222918,0.5462004700449429,6,60000,6001
GACAAAAT,0.4222736,0.3553374840225952,6,60000,6001
CGGAGTTT,0.42221963,0.3181049767039129,6,60000,6001
CCCTTTCT,0.42219618,0.5270378922195192,6,60000,6001
AGCGGGTT,0.42197642,0.3569764565208428,6,60000,6001
TGCTCCCT,0.4219589,0.1857914484806003,6,60000,6001
TTCATCGT,0.4218658,0.49764977528553167,6,60000,6001
TACGTCAT,0.42164192,0.520585082257865,6,60000,6001
TTCCGTGT,0.4211249,0.5011544963509669,6,60000,6001
TGACTGGT,0.42109147,0.4776522492062838,6,60000,6001
GCAATAGT,0.4209838,0.4595410877004907,6,60000,6001
CCCGACAT,0.42096317,0.45709809095781967,6,60000,6001
GACTGAAT,0.42093796,0.3412670597451861,6,60000,6001
CACCGCCT,0.42069784,0.36750092772028203,6,60000,6001
CCACACTT,0.42068604,0.41513421020079994,6,60000,6001
GGGAGAAT,0.4206727,0.6410547148806334,6,60000,6001
TCCCCACT,0.4205917,0.4305240588793139,6,60000,6001
TTCGGTTT,0.4204768,0.5464581701232837,6,60000,6001
CAGGGAAT,0.42036855,0.39392033975178326,6,60000,6001
ATGCCATT,0.42024294,0.5955036490331093,6,60000,6001
TATGTCCT,0.4202013,0.5256256957902116,6,60000,6001
CAACCAAT,0.42010683,0.5004123201253453,6,60000,6001
CTCCCGTT,0.420069,0.513173628004783,6,60000,6001
GAGAGGCT,0.41996744,0.3466684533872098,6,60000,6001
CAGAATCT,0.41991633,0.45368614192058715,6,60000,6001
CTCTCGTT,0.41977352,0.5280377685234816,6,60000,6001
ACGCAAAT,0.4197489,0.34563765307384653,6,60000,6001
ACATTGGT,0.4197364,0.36469715086793386,6,60000,6001
AATGCGGT,0.41973355,0.3682224879396363,6,60000,6001
AATCGACT,0.41969687,0.24065064115779491,6,60000,6001
AAATTCAT,0.41894042,0.38188059209169994,6,60000,6001
GTACACGT,0.41890994,0.38813754999381517,6,60000,6001
GTAGTTGT,0.4188323,0.3782727909949285,6,60000,6001
AGCTCTTT,0.41877982,0.5102976951304993,6,60000,6001
GACTCTCT,0.4187587,0.3774687667505051,6,60000,6001
CGCGGAGT,0.41858906,0.5443553374840225,6,60000,6001
TACGCGCT,0.41849446,0.4090112563394219,6,60000,6001
CCATCTGT,0.41843203,0.5786397559064859,6,60000,6001
ATGACGCT,0.4184209,0.3980332330021028,6,60000,6001
CTTGAACT,0.418412,0.4095781965117718,6,60000,6001
AGGGCCAT,0.41834205,0.28853131571352,6,60000,6001
GTGGTCTT,0.4182184,0.22459077227559474,6,60000,6001
AGACATGT,0.41811818,0.537912835525502,6,60000,6001
CGGGTCGT,0.41811156,0.39195151115325944,6,60000,6001
ACGTATGT,0.418083,0.4808168061683091,6,60000,6001
CTGTAATT,0.41793734,0.4435739908464932,6,60000,6001
CTAGGAGT,0.4174758,0.348235269863522,6,60000,6001
ATGCGCGT,0.417467,0.5383766956665155,6,60000,6001
TTGAAGGT,0.4174592,0.407856759988455,6,60000,6001
CGTTTCTT,0.41728652,0.41100070094421304,6,60000,6001
GCCTTCAT,0.41716805,0.4215045561373851,6,60000,6001
GGGAATCT,0.41684216,0.49843318352368776,6,60000,6001
ATGAACTT,0.41682345,0.31185832680493136,6,60000,6001
CCTCAGGT,0.4166331,0.3144353275883396,6,60000,6001
GCTACTCT,0.41658178,0.35805879684987424,6,60000,6001
TTCTCGTT,0.4164342,0.4372036449099081,6,60000,6001
TGGCGTGT,0.41639566,0.3797571434461716,6,60000,6001
CGAATCCT,0.4160246,0.3834164845586113,6,60000,6001
GGATCATT,0.9701785,0.9248958891683503,7,70000,7001
GGATCAGT,0.947922,0.8938069517173133,7,70000,7001
AATATCAT,0.9466001,0.9232156846575682,7,70000,7001
ATATCGGT,0.9293543,0.8862305694140932,7,70000,7001
GATACACT,0.9211941,0.9470580959056611,7,70000,7001
TATCACCT,0.9196073,0.9200923597080775,7,70000,7001
ATATCTGT,0.9142647,0.9182884591596916,7,70000,7001
TTGATCCT,0.91200745,0.938162289201336,7,70000,7001
GATAATAT,0.9059104,0.8641405186987177,7,70000,7001
ACAGATAT,0.887867,0.9182884591596916,7,70000,7001
GATTATAT,0.8877611,0.868706964086917,7,70000,7001
TACTATCT,0.88582194,0.817682348575434,7,70000,7001
ATATAAGT,0.87840533,0.7436193460602812,7,70000,7001
ACGATATT,0.87779856,0.853038799323795,7,70000,7001
AGATATCT,0.8763907,0.9677874902073971,7,70000,7001
TGGATTAT,0.87039864,0.7991794829505628,7,70000,7001
AGGAGTAT,0.8620082,0.8210324495938647,7,70000,7001
TGGGATAT,0.8617698,0.9142477219313074,7,70000,7001
TCACGGAT,0.8552542,0.8018080237496393,7,70000,7001
ATATACAT,0.85510087,0.8541520636622274,7,70000,7001
CATATCCT,0.8380641,0.8899105265328,7,70000,7001
GATATGCT,0.83561206,0.9210716200057726,7,70000,7001
TATCTGGT,0.83463717,0.8829629324207314,7,70000,7001
TATTATCT,0.83124924,0.871881829052076,7,70000,7001
GATCGGAT,0.8292545,0.8842720488187028,7,70000,7001
TGTATTAT,0.822477,0.8679338638518947,7,70000,7001
TACGATCT,0.8142228,0.8231765142456604,7,70000,7001
ATACCATT,0.8126514,0.817878200634973,7,70000,7001
GCGATCCT,0.8118439,0.7720282026965737,7,70000,7001
GATACTCT,0.8099426,0.9597369397600297,7,70000,7001
GATCCGGT,0.8045312,0.864831154908671,7,70000,7001
ATATGGGT,0.8040732,0.842452480105554,7,70000,7001
TAGGGTAT,0.8019613,0.9199686636704738,7,70000,7001
TAATACAT,0.8012421,0.7969323382674309,7,70000,7001
CGAGGTAT,0.7982594,0.7710283263926112,7,70000,7001
TTGATTAT,0.7972338,0.6482909330804437,7,70000,7001
ATCCGCGT,0.7921151,0.6320970601575063,7,70000,7001
ATCGTGAT,0.78994083,0.7338988991052653,7,70000,7001
GGATCTTT,0.7899195,0.8046118006019873,7,70000,7001
ATCCTTCT,0.78963506,0.7445986063579764,7,70000,7001
AAAGAGAT,0.7892543,0.7389910526532799,7,70000,7001
CGATCTAT,0.78691006,0.8290623840349647,7,70000,7001
CCCCATAT,0.78503466,0.7341772151898734,7,70000,7001
GGGATGAT,0.77847254,0.8157032119737765,7,70000,7001
ACCTATCT,0.77767205,0.8120438708613367,7,70000,7001
ATCGTTAT,0.776528,0.8133632952624418,7,70000,7001
ATCGAGAT,0.77566886,0.8181668247227147,7,70000,7001
TACAGTAT,0.77482116,0.8836741846369521,7,70000,7001
TATACAAT,0.77228475,0.855595184100936,7,70000,7001
CATGGTAT,0.77141845,0.7878200634972993,7,70000,7001
ATCTCTCT,0.7711096,0.783645322228178,7,70000,7001
GATAGGAT,0.76912665,0.9053622232301158,7,70000,7001
AAGAGGAT,0.7677417,0.6915845462417021,7,70000,7001
ATCCTCGT,0.7652738,0.7052838824063002,7,70000,7001
CACTGTAT,0.7647326,0.7233331958932916,7,70000,7001
ACTCATAT,0.7610121,0.8400197913660166,7,70000,7001
AATGGGAT,0.7592267,0.6771636498577496,7,70000,7001
GGATCGGT,0.75776637,0.8385663629241743,7,70000,7001
CCTATACT,0.75146306,0.6967179318022513,7,70000,7001
TCAATATT,0.74975336,0.6536614027130664,7,70000,7001
ATACGCCT,0.7496927,0.7855110707953656,7,70000,7001
CCCCGTAT,0.7468076,0.7537727291469096,7,70000,7001
ATCGGGGT,0.74658024,0.7909846204593246,7,70000,7001
ATAATCGT,0.7431567,0.6704428318146209,7,70000,7001
CACACGAT,0.74136305,0.6678039830124108,7,70000,7001
TAGATAGT,0.7388909,0.8280006597122006,7,70000,7001
ATACCGGT,0.7385348,0.8217643178163526,7,70000,7001
AAACATAT,0.7381288,0.7614109594689317,7,70000,7001
GGATAATT,0.7373296,0.6907186739784769,7,70000,7001
GTGTCGAT,0.73702085,0.7369809920422217,7,70000,7001
AGTTGTAT,0.73701847,0.7092730796190162,7,70000,7001
GGGATCGT,0.7338079,0.8036634643136931,7,70000,7001
TTATCCAT,0.7315974,0.7131282727909949,7,70000,7001
GATCCACT,0.7306441,0.8189502329608708,7,70000,7001
ATTATCGT,0.72650766,0.7890570238733352,7,70000,7001
CGAGAGAT,0.72321594,0.6608976209128767,7,70000,7001
ATACGGTT,0.72239244,0.8254545829381932,7,70000,7001
TATGGTTT,0.72160363,0.5780315837216015,7,70000,7001
TTATTAGT,0.72128344,0.5936172844596544,7,70000,7001
TAGATCCT,0.7200445,0.7796767410217293,7,70000,7001
ATCGGGTT,0.7195244,0.7144373891889663,7,70000,7001
ATCTGGGT,0.7183987,0.8187646889044654,7,70000,7001
TGGTTGAT,0.71466255,0.7426607017688533,7,70000,7001
ATTACTCT,0.7136245,0.7132313528223313,7,70000,7001
TAATCCGT,0.7120942,0.8095493341029977,7,70000,7001
TCGCAGAT,0.7109642,0.6811322310641982,7,70000,7001
ATACTGGT,0.7102972,0.7562775739083825,7,70000,7001
ATCAGAAT,0.7086661,0.654795283057766,7,70000,7001
GGTGTCGT,0.7079066,0.8420195439739414,7,70000,7001
TTATTCTT,0.7076968,0.611347049849503,7,70000,7001
CTTGTGAT,0.7065226,0.7603080031336329,7,70000,7001
TGTATTGT,0.70260465,0.6592792644208965,7,70000,7001
GTATAAAT,0.7020736,0.8138477714097226,7,70000,7001
GCAAGGAT,0.6956003,0.6069249165051747,7,70000,7001
TCGGCGAT,0.6952412,0.6310147198284749,7,70000,7001
AGATAACT,0.69381475,0.6480847730177709,7,70000,7001
GATCCAGT,0.69146144,0.7971694223395044,7,70000,7001
CAACCTAT,0.69123995,0.5251515276460644,7,70000,7001
ATATGCGT,0.68807507,0.7187255184925577,7,70000,7001
ATCGCATT,0.6875156,0.6459407083659753,7,70000,7001
CATGAGAT,0.6862291,0.6607739248752732,7,70000,7001
GTGGATCT,0.68466747,0.7764091040283676,7,70000,7001
CTGAGGAT,0.68450737,0.7414546654022184,7,70000,7001
CGCATGAT,0.68362594,0.6659279264420896,7,70000,7001
TACCCCGT,0.6817403,0.46078835607966023,7,70000,7001
TACAAAAT,0.67996883,0.4839607471240671,7,70000,7001
CGAGATCT,0.6798441,0.7216117593699749,7,70000,7001
CTTACTAT,0.6791502,0.6941512390219767,7,70000,7001
ATCCTCAT,0.67405707,0.7560611058425762,7,70000,7001
AGGACGAT,0.6728952,0.6793283305158125,7,70000,7001
CCGGAGAT,0.66953576,0.6677318269904754,7,70000,7001
AATTATCT,0.6691382,0.7477219313074671,7,70000,7001
TATTCTCT,0.6680584,0.561951098833134,7,70000,7001
CAAGCGAT,0.66307807,0.6191502082216633,7,70000,7001
ATAGCTTT,0.6629772,0.6829979796313859,7,70000,7001
TTTTTTAT,0.6621816,0.5013297324042386,7,70000,7001
ATCAGGCT,0.6621201,0.6135941945326352,7,70000,7001
CCCCAGAT,0.6620197,0.5977714097225086,7,70000,7001
AATCCCCT,0.65741354,0.6671133468024574,7,70000,7001
GAACCGAT,0.6570956,0.6167175194821259,7,70000,7001
ACCGGGAT,0.654987,0.6984187523193007,7,70000,7001
ACGAGGAT,0.6541625,0.7052838824063002,7,70000,7001
AGGCATAT,0.6532246,0.784511194491403,7,70000,7001
TACACTGT,0.6529401,0.5602812023254855,7,70000,7001
CCCGATCT,0.65282214,0.768142085515194,7,70000,7001
ATTACCCT,0.65086675,0.7077165711458376,7,70000,7001
ACTAGGAT,0.65050364,0.684451408073228,7,70000,7001
GGAAATAT,0.6494951,0.5993382261988208,7,70000,7001
AGCCAGAT,0.6491505,0.6544757349606234,7,70000,7001
TACACCAT,0.64784133,0.7647404444810951,7,70000,7001
ATCTTCCT,0.6473155,0.7258277326516307,7,70000,7001
GACGAGAT,0.646485,0.5511276955428195,7,70000,7001
CACACTAT,0.6461152,0.6116150579309776,7,70000,7001
TAATAGGT,0.64589334,0.5641467035005979,7,70000,7001
GGACATAT,0.6447679,0.7796045849997939,7,70000,7001
ACACCAGT,0.6442195,0.692512266523729,7,70000,7001
CATAAGAT,0.6425616,0.6229641693811074,7,70000,7001
CTTGTTAT,0.6420998,0.7162619057436194,7,70000,7001
GTATTTCT,0.64159703,0.5202139941450542,7,70000,7001
CGTCGGAT,0.6411403,0.5863089102379088,7,70000,7001
CTGGATCT,0.64071923,0.7292706056982642,7,70000,7001
CGTCTTAT,0.6406089,0.6458994763534409,7,70000,7001
TTGTGGAT,0.63981056,0.7431554859192677,7,70000,7001
AGATAATT,0.63799614,0.7477219313074671,7,70000,7001
CCCAGGAT,0.6377115,0.6590318723456893,7,70000,7001
ATACGTCT,0.6374761,0.8005504473673359,7,70000,7001
GGCTTGAT,0.6373997,0.5632086752154373,7,70000,7001
GTGTGATT,0.6342927,0.6358285572918814,7,70000,7001
GCATTAAT,0.63302827,0.5066486620211933,7,70000,7001
CCATATGT,0.6325316,0.5118851276130788,7,70000,7001
ATCCAGCT,0.630538,0.602420319135777,7,70000,7001
GATTGTGT,0.6302712,0.6210984208139199,7,70000,7001
ATCGCGTT,0.63020974,0.5666206242526698,7,70000,7001
TGGGATCT,0.62994933,0.7913557085721354,7,70000,7001
ACTCGGAT,0.629872,0.8429060322434339,7,70000,7001
GTCAGGAT,0.62961495,0.7295076897703378,7,70000,7001
TTCCGTAT,0.6295241,0.6924710345111945,7,70000,7001
AGAATCAT,0.6286142,0.5675792685440977,7,70000,7001
TGACACAT,0.6239961,0.5022986846988001,7,70000,7001
GTGAGATT,0.6234807,0.5894425431905332,7,70000,7001
AGGGGGGT,0.62177074,0.49963921989032284,7,70000,7001
TGGTGTTT,0.6213814,0.6101616294891353,7,70000,7001
TCCAAAAT,0.6200083,0.5992866861831526,7,70000,7001
TTTATAGT,0.6181669,0.5589102379087123,7,70000,7001
CAAGTATT,0.6166314,0.7083968993526574,7,70000,7001
CATCTCCT,0.6164753,0.5059580258112398,7,70000,7001
GGAATAAT,0.6160934,0.6766482497010678,7,70000,7001
TGTTCTAT,0.61607647,0.6640003298561004,7,70000,7001
ATGTATTT,0.6156853,0.6662783985486331,7,70000,7001
CCAATATT,0.6152248,0.6338288046839565,7,70000,7001
AACAGGGT,0.61517024,0.37949944336783076,7,70000,7001
TTACCGAT,0.6141742,0.7768935801756482,7,70000,7001
AGTAGGGT,0.6138232,0.3890549622727085,7,70000,7001
TACCCTTT,0.6110154,0.6781738341648456,7,70000,7001
GTATGTCT,0.60967547,0.520698470292335,7,70000,7001
TAGCCTAT,0.60929894,0.6816888632334145,7,70000,7001
CCTGGGAT,0.60908926,0.6052962520100607,7,70000,7001
CCACCTAT,0.6082286,0.6266235104935471,7,70000,7001
ATTCTCTT,0.60687923,0.45770626314270396,7,70000,7001
ATCTCCAT,0.6066158,0.7853049107326928,7,70000,7001
TACAATCT,0.6060307,0.6874819609945161,7,70000,7001
CCCGCGAT,0.6052285,0.5954211850080402,7,70000,7001
TTTTTGTT,0.60309815,0.6644848060033811,7,70000,7001
GTTGGGAT,0.6025025,0.6627942934894652,7,70000,7001
GGTTTAAT,0.6021776,0.6348183729847854,7,70000,7001
CACCTTGT,0.60037225,0.40566115532099123,7,70000,7001
TCACCCCT,0.6001868,0.4503257328990228,7,70000,7001
AGGCTGAT,0.5968646,0.6954294314105471,7,70000,7001
ACACCATT,0.5961914,0.8265781552797592,7,70000,7001
CTACATCT,0.5929221,0.5063291139240507,7,70000,7001
TACACTCT,0.5929078,0.7629571599389766,7,70000,7001
GATTTGTT,0.591809,0.6491464973405352,7,70000,7001
TGACTATT,0.5910621,0.5174720653115078,7,70000,7001
AACAAGAT,0.5910381,0.7217869954232466,7,70000,7001
ACTCTTGT,0.5907377,0.4465942357646477,7,70000,7001
ACGTTGAT,0.5900805,0.7060982146538574,7,70000,7001
TCCCTTGT,0.5898808,0.3636354265451697,7,70000,7001
AGGGGAAT,0.5895418,0.6800808147445677,7,70000,7001
TGCCTTAT,0.58776414,0.6451985321403538,7,70000,7001
ATCAGGTT,0.586368,0.7638127241990682,7,70000,7001
CCCGCTAT,0.5861579,0.6918216303137756,7,70000,7001
ATAGCCCT,0.5859046,0.6650620541788645,7,70000,7001
ACGACGAT,0.585325,0.6051416319630561,7,70000,7001
TGGTCTAT,0.5845945,0.5510452315177504,7,70000,7001
GATCTCGT,0.582742,0.8017770997402383,7,70000,7001
ACAGGAAT,0.5826769,0.36076980167401973,7,70000,7001
AATAGCTT,0.58214754,0.5596833381437348,7,70000,7001
CCACTTAT,0.5809295,0.5526738960128643,7,70000,7001
CACAATCT,0.5806018,0.5874943305982765,7,70000,7001
TACCGCAT,0.57991827,0.7203232589782708,7,70000,7001
GTATTCCT,0.5797293,0.6046880798251764,7,70000,7001
AACGCTAT,0.5767586,0.6352925411289325,7,70000,7001
ATAACAGT,0.5764283,0.666226858532965,7,70000,7001
CCGCAGAT,0.57537305,0.6047705438502453,7,70000,7001
GCGTAGAT,0.5746397,0.6112130458087659,7,70000,7001
TAACTTCT,0.5740273,0.47123036325403045,7,70000,7001
CCAAAGAT,0.5740062,0.5331299220714963,7,70000,7001
ATAACCGT,0.5736305,0.6028429472642559,7,70000,7001
CAGCTTAT,0.57345617,0.4914649734053519,7,70000,7001
GCGCAGAT,0.5733876,0.5841133055704448,7,70000,7001
TCTTCTTT,0.5733049,0.5144002803776853,7,70000,7001
TCTCACTT,0.5732274,0.617109223601204,7,70000,7001
ATGAGAGT,0.57180524,0.547994062590195,7,70000,7001
ATTTCAAT,0.57134104,0.580711664536346,7,70000,7001
TGATTGGT,0.56900096,0.4483465962973653,7,70000,7001
GGGGTAGT,0.56862265,0.5702284253494413,7,70000,7001
CGGACGAT,0.5675074,0.6917391662887066,7,70000,7001
TGATGAGT,0.56666195,0.4547169422339505,7,70000,7001
TAGACAGT,0.5648487,0.6149960829588093,7,70000,7001
TACGGTTT,0.5648387,0.5254607677400734,7,70000,7001
AGGAGATT,0.563697,0.6233764895064529,7,70000,7001
GAGAGAAT,0.56274337,0.4435946068527605,7,70000,7001
TTTACCAT,0.5626812,0.35986269739826005,7,70000,7001
TAGATGCT,0.5620004,0.6053890240382632,7,70000,7001
CCTCCCAT,0.5617857,0.520698470292335,7,70000,7001
ACCCGCGT,0.5614969,0.40593947140559933,7,70000,7001
GGACTAAT,0.5604445,0.464839401311178,7,70000,7001
TATGACCT,0.5595927,0.6139755906485795,7,70000,7001
GCCCTTAT,0.5578309,0.6225312332494949,7,70000,7001
TCGTGTCT,0.5577526,0.47474539232259927,7,70000,7001
AATCGGGT,0.55618036,0.5295324289778585,7,70000,7001
TCCAACAT,0.5539514,0.6090277491444357,7,70000,7001
ACAGCAAT,0.5525229,0.48983630891023794,7,70000,7001
GCTATTGT,0.55242515,0.5445305735372943,7,70000,7001
TTTACATT,0.5522475,0.497557003257329,7,70000,7001
CATCTTGT,0.55043924,0.6333649445429431,7,70000,7001
ACACACAT,0.5500586,0.4659217416402095,7,70000,7001
GTGCCGAT,0.5497623,0.6326743083329897,7,70000,7001
TCTTACCT,0.5491674,0.6137281985733724,7,70000,7001
AAAACAAT,0.54896367,0.6792458664907434,7,70000,7001
GATTTTGT,0.54851854,0.4112377850162866,7,70000,7001
TAGAGATT,0.54840016,0.6859563765307384,7,70000,7001
GTGCCTAT,0.5483276,0.6244279058260834,7,70000,7001
GATGAGCT,0.5479641,0.5695996371582897,7,70000,7001
CACCATCT,0.5462743,0.432853667587515,7,70000,7001
GGTTTCTT,0.5457603,0.562064486867604,7,70000,7001
CACGGTGT,0.5456363,0.5676101925534985,7,70000,7001
ATAGAGCT,0.54562306,0.56616707211479,7,70000,7001
TCTAGTCT,0.544405,0.5525914319877954,7,70000,7001
CTTACCAT,0.5442047,0.4730651878118171,7,70000,7001
ACCCCCTT,0.5439514,0.7288995175854533,7,70000,7001
GTCTATGT,0.54376996,0.5446645775780317,7,70000,7001
CCCCATGT,0.5436743,0.3744691378386179,7,70000,7001
GATGCGGT,0.54304713,0.5691254690141425,7,70000,7001
CTACGGGT,0.54280305,0.47445676823485755,7,70000,7001
ATCGCCAT,0.541384,0.5159361728445965,7,70000,7001
ATCTTGCT,0.5410433,0.6455593122500309,7,70000,7001
CACCCCCT,0.54098076,0.5788356079660248,7,70000,7001
GCGGCGAT,0.54047984,0.4293489465220798,7,70000,7001
CTCCTCTT,0.53835964,0.3299488723044572,7,70000,7001
TCTCCTTT,0.5383538,0.6535686306848637,7,70000,7001
ACCCACAT,0.53808075,0.39996082958809215,7,70000,7001
GCATTTTT,0.537493,0.45115037314971346,7,70000,7001
TCGCTAAT,0.53700364,0.5876386426421474,7,70000,7001
TTCAATGT,0.53590816,0.521708654599431,7,70000,7001
GTCTCACT,0.535849,0.6033892714303385,7,70000,7001
GGTCCTAT,0.53572553,0.5885766709273079,7,70000,7001
GATTGCAT,0.53546643,0.4262565455819899,7,70000,7001
TCATTTCT,0.53507376,0.32153754174741267,7,70000,7001
ACAACAGT,0.5347005,0.44705809590566115,7,70000,7001
GGTAGGGT,0.5324849,0.5094112068610069,7,70000,7001
GTCCGTAT,0.53244793,0.720230486950068,7,70000,7001
TCTTTACT,0.53236043,0.432431039459036,7,70000,7001
CACTAAAT,0.5322228,0.5952974889704367,7,70000,7001
TAGAGCAT,0.5311682,0.44761472807487734,7,70000,7001
TAACGATT,0.53091633,0.6438584917329815,7,70000,7001
GCCGTATT,0.53045917,0.7215292953449057,7,70000,7001
GCGACGAT,0.5294677,0.539118871892137,7,70000,7001
AGAGTAGT,0.52927923,0.5702181173463077,7,70000,7001
ATCCACCT,0.5287663,0.740032160969777,7,70000,7001
AAATCGGT,0.5285995,0.4438832309405022,7,70000,7001
TTACCTGT,0.528383,0.4512019131653816,7,70000,7001
AGCTTAAT,0.5283691,0.4809095781965118,7,70000,7001
AGCGGTGT,0.5279024,0.4198861996454047,7,70000,7001
ATGCTACT,0.5278516,0.5964932173339381,7,70000,7001
TACAAACT,0.5278051,0.45988125180390055,7,70000,7001
GAAGTAAT,0.5275952,0.45821135529625207,7,70000,7001
TAGGTACT,0.5269567,0.5621778749020739,7,70000,7001
CACAAAAT,0.5269531,0.5060817218488435,7,70000,7001
GCGTCTAT,0.5269115,0.5383251556508474,7,70000,7001
CACCAACT,0.5255362,0.644827444027543,7,70000,7001
TAGCGAAT,0.5254836,0.45232548550694757,7,70000,7001
TGCTTATT,0.52517754,0.6095019172885828,7,70000,7001
TCCGATTT,0.5243412,0.48834164845586114,7,70000,7001
AATCAGCT,0.5242362,0.5465200181420855,7,70000,7001
GCGTGTCT,0.52409947,0.43188471529295347,7,70000,7001
TCCCATTT,0.52289927,0.6014307508349482,7,70000,7001
CTCCAGTT,0.5226178,0.43079206696078837,7,70000,7001
GGCTATTT,0.52245045,0.49078464519853215,7,70000,7001
AGGGGGTT,0.5222393,0.6036778955180802,7,70000,7001
GGATTGCT,0.5221836,0.5789283799942275,7,70000,7001
ATTACGGT,0.5212519,0.5415515606316744,7,70000,7001
CGTGGTGT,0.5209253,0.5947717808106213,7,70000,7001
CACGACAT,0.5199849,0.3769636745969571,7,70000,7001
GGAGCAAT,0.51955545,0.2606790912464437,7,70000,7001
CCGATTGT,0.51924086,0.5705582814497175,7,70000,7001
ATTTACTT,0.5185685,0.635055457056859,7,70000,7001
GTAGCCAT,0.51835334,0.2910980084937946,7,70000,7001
AGTTGTGT,0.5182599,0.4366263967344246,7,70000,7001
ACATCCGT,0.5178354,0.3572960046179854,7,70000,7001
GTCTCCCT,0.51761603,0.49496969447078715,7,70000,7001
TCTACTGT,0.5145261,0.6701954397394138,7,70000,7001
GTGTTGGT,0.5144352,0.4652104894239888,7,70000,7001
CATAGCAT,0.5130069,0.6446212839648704,7,70000,7001
TGCAATCT,0.5122196,0.42232919638807576,7,70000,7001
GTGTCTCT,0.5119724,0.6325609202985197,7,70000,7001
TCTCTAGT,0.51186025,0.5427575969983095,7,70000,7001
TTCACAAT,0.5118012,0.4855584876097802,7,70000,7001
ACCCGCCT,0.51180017,0.30177709974023836,7,70000,7001
TCTTGATT,0.5112384,0.5321815857832021,7,70000,7001
GGCTTATT,0.5105784,0.4495010926483322,7,70000,7001
CTTTAAAT,0.509707,0.639322970354183,7,70000,7001
AATCCAAT,0.508152,0.6752875932874284,7,70000,7001
TCCTTCAT,0.5076448,0.6335814126087495,7,70000,7001
TCTTTGCT,0.5075428,0.41310353358347424,7,70000,7001
CTTCTTTT,0.50697076,0.3697068403908795,7,70000,7001
GCATAGAT,0.5065676,0.7737084072073558,7,70000,7001
GGTACAAT,0.5059951,0.5405723003339793,7,70000,7001
GAGGTGTT,0.50540817,0.685492516389725,7,70000,7001
ATGTGAAT,0.5046617,0.4583350513338556,7,70000,7001
GACTACTT,0.5032915,0.33714385849173295,7,70000,7001
AGAATCGT,0.5030882,0.6102750175236054,7,70000,7001
GGAGGTGT,0.50308394,0.6841318599760855,7,70000,7001
TGATTGCT,0.5028008,0.41389724982476395,7,70000,7001
TCGGAATT,0.5023922,0.43205995134622516,7,70000,7001
CTAGGTCT,0.5022611,0.37720075866903063,7,70000,7001
ACACCGCT,0.50176686,0.4198861996454047,7,70000,7001
GTAAGATT,0.50173485,0.6111099657774296,7,70000,7001
CACTACCT,0.5014699,0.591947387952006,7,70000,7001
CAGGGGTT,0.5013835,0.42948295056281693,7,70000,7001
GGTTTCGT,0.501273,0.5831237372696161,7,70000,7001
GTTACAAT,0.50104606,0.47711623304333484,7,70000,7001
CTACAGTT,0.50104547,0.45672700284500883,7,70000,7001
GGTGGAAT,0.49997255,0.5864119902692451,7,70000,7001
AGGGTGTT,0.49987793,0.592504020121222,7,70000,7001
CCTCCAAT,0.4994645,0.5044839813631303,7,70000,7001
ACCGTGTT,0.49931392,0.5008761802663588,7,70000,7001
TACCCAGT,0.49762622,0.6386632581536306,7,70000,7001
GAGACCGT,0.49743313,0.39835278109924543,7,70000,7001
ACATTACT,0.49678698,0.3174349565002268,7,70000,7001
CTCAGATT,0.49638605,0.6832556797097267,7,70000,7001
CTGGATTT,0.4962348,0.537716983465963,7,70000,7001
ACATCCAT,0.49526608,0.5611058425761762,7,70000,7001
ACCCGATT,0.49519777,0.5295324289778585,7,70000,7001
TGTGGGTT,0.49510276,0.4622624005277698,7,70000,7001
CACCTACT,0.49506637,0.6445800519523358,7,70000,7001
AATCGCAT,0.49416122,0.5756813590071331,7,70000,7001
TGGAGTGT,0.49413413,0.46685976992537004,7,70000,7001
GTTGTTGT,0.49390823,0.4900218529666433,7,70000,7001
ATAGTCGT,0.4930164,0.7172308580381809,7,70000,7001
CAACTAAT,0.4928244,0.6016369108976208,7,70000,7001
AAAATAGT,0.49265397,0.6122747701315301,7,70000,7001
GGCCCGAT,0.49219346,0.47028202696573623,7,70000,7001
ACAGTACT,0.491324,0.581721848843442,7,70000,7001
CCCCAAGT,0.4912245,0.40645487156228094,7,70000,7001
TCCCGAGT,0.4912228,0.4395951016369109,7,70000,7001
GGGTCAAT,0.49039352,0.7814187935513133,7,70000,7001
AACGGGGT,0.49015743,0.33140230074629945,7,70000,7001
CAACGATT,0.48981348,0.5362223230115862,7,70000,7001
ATTAACCT,0.48925215,0.4257205294190409,7,70000,7001
TCCGCTCT,0.48853198,0.48567187564425024,7,70000,7001
CAAATTGT,0.4872056,0.46397352904795286,7,70000,7001
TGACTAGT,0.4866021,0.36320249041355707,7,70000,7001
TAAGTTCT,0.4860954,0.5193893538943636,7,70000,7001
ATGAGCCT,0.48525497,0.6796066466004206,7,70000,7001
GTGATTCT,0.4848154,0.4289160103904672,7,70000,7001
TCTGGCTT,0.4832051,0.39933204139694056,7,70000,7001
TTTCAGGT,0.4831667,0.34458623675421596,7,70000,7001
TCACGGTT,0.48194072,0.45946893167855524,7,70000,7001
AGCCGCAT,0.48152667,0.37454129386055335,7,70000,7001
ACACCTTT,0.48125806,0.6198820764441513,7,70000,7001
CCACGGGT,0.48085082,0.31536304787036656,7,70000,7001
TAGTCATT,0.4806111,0.4747969323382675,7,70000,7001
CTCCCCTT,0.47971544,0.4021255102461551,7,70000,7001
ATAACGTT,0.47962356,0.39597163237537625,7,70000,7001
GTATGCTT,0.47955737,0.5659196800395827,7,70000,7001
TCAAGGTT,0.47950655,0.5879478827361564,7,70000,7001
GGGATTCT,0.47889563,0.6237681936255308,7,70000,7001
CACATTCT,0.47847268,0.23950645280996166,7,70000,7001
TCCGCTGT,0.47829792,0.459139075578279,7,70000,7001
TGATGCGT,0.47823694,0.692625654558199,7,70000,7001
CAGCGTGT,0.47805884,0.5726198820764441,7,70000,7001
TAGCTGGT,0.47744426,0.4176493629654064,7,70000,7001
ACACGGCT,0.4773636,0.6370655176679173,7,70000,7001
ACGGTAGT,0.4771316,0.51134911145013,7,70000,7001
CTAGTCAT,0.47708797,0.3655424071248918,7,70000,7001
CGAAGTGT,0.47670415,0.35782171277780067,7,70000,7001
TCTAACAT,0.47667432,0.5451799777347132,7,70000,7001
CAGTTTCT,0.47440645,0.43349276378180024,7,70000,7001
GTGTGACT,0.47382274,0.5002061600626726,7,70000,7001
GAATACAT,0.47349524,0.5513750876180267,7,70000,7001
CTACTAAT,0.47315323,0.5028965488805508,7,70000,7001
ATTACGCT,0.47289106,0.496938523069311,7,70000,7001
TTTCCCAT,0.47278482,0.3218467818414217,7,70000,7001
AGGAGAGT,0.47267142,0.5606522904382963,7,70000,7001
TTGGTAAT,0.47255063,0.465457881499196,7,70000,7001
GTCTTACT,0.4724968,0.5011441883478333,7,70000,7001
CAGAGGGT,0.47137606,0.4054034552426504,7,70000,7001
GAAATGTT,0.4713429,0.3837978806745557,7,70000,7001
TTCGGGGT,0.47107944,0.44095575805055043,7,70000,7001
ACGGCGAT,0.47071642,0.6318702840885664,7,70000,7001
GAGAGCAT,0.47003937,0.28725312332494946,7,70000,7001
TCCTGCCT,0.46966323,0.4689729105677648,7,70000,7001
ACAAAAAT,0.46929392,0.5742691625778255,7,70000,7001
CACATCAT,0.46903902,0.37776769884138045,7,70000,7001
ACGATTCT,0.4689147,0.6102750175236054,7,70000,7001
TTCTTTGT,0.46879584,0.5302746052034799,7,70000,7001
TGTGTCCT,0.46861157,0.40511483115490865,7,70000,7001
CACAGATT,0.4684375,0.5872778625324702,7,70000,7001
CCCCACAT,0.46836272,0.33244340906279635,7,70000,7001
TTTAAAGT,0.4678976,0.5971323135282233,7,70000,7001
TCCAACGT,0.46666396,0.29770543850245335,7,70000,7001
ACCCCCGT,0.46650222,0.42639054962272704,7,70000,7001
TTGTCATT,0.46633288,0.44276996660206985,7,70000,7001
ATGTTACT,0.46618292,0.42930771450954525,7,70000,7001
TGATTCCT,0.46611896,0.7217869954232466,7,70000,7001
GACTAGCT,0.46603626,0.5079783944254319,7,70000,7001
CACGAAGT,0.46599463,0.25291716488681815,7,70000,7001
CCGCGGGT,0.4655763,0.3713664288953944,7,70000,7001
GATGCTGT,0.4639227,0.25643219395538697,7,70000,7001
GTGATGGT,0.4638855,0.46844720240794957,7,70000,7001
AACATAGT,0.46369419,0.5644868676040078,7,70000,7001
TCGAGACT,0.4633347,0.37281985733723666,7,70000,7001
TCAATGTT,0.46314225,0.570156269327506,7,70000,7001
CTACACCT,0.4629377,0.5818249288747784,7,70000,7001
CGCGGGGT,0.46169588,0.4676225621572589,7,70000,7001
CCATGGGT,0.4616837,0.42039129179895274,7,70000,7001
ACATCTGT,0.4613255,0.44439863109718386,7,70000,7001
TCTATGGT,0.46083388,0.6696903475858658,7,70000,7001
TCGGCATT,0.4603555,0.40931018843029726,7,70000,7001
TTGAGGGT,0.46019724,0.5082876345194409,7,70000,7001
GCGATTGT,0.45978627,0.5786191399002185,7,70000,7001
CAACCCAT,0.459377,0.419288335463654,7,70000,7001
GAGAGAGT,0.45902336,0.4285243062713891,7,70000,7001
CTGTAGGT,0.45893186,0.4903620170700532,7,70000,7001
AATGAGGT,0.4584976,0.5422009648290933,7,70000,7001
TCGCTTGT,0.45835555,0.5362223230115862,7,70000,7001
TTGTTTTT,0.45783615,0.6338700366964911,7,70000,7001
TACTGGGT,0.45782718,0.6374366057807281,7,70000,7001
GGATGAGT,0.45780617,0.4660248216715458,7,70000,7001
CACGGAGT,0.4575161,0.3159815280583846,7,70000,7001
TTACCACT,0.4572479,0.429369562528347,7,70000,7001
TTCCCCCT,0.45701027,0.5278316084608089,7,70000,7001
TCCCCGGT,0.45549607,0.4020533542242197,7,70000,7001
GCGCATGT,0.45535058,0.1882035212138704,7,70000,7001
CAAGCTGT,0.45517382,0.562373726961613,7,70000,7001
AAACCCCT,0.45498258,0.5428606770296458,7,70000,7001
CCCTGACT,0.4548978,0.32871191192842125,7,70000,7001
CCGTCTCT,0.45484608,0.581917700902981,7,70000,7001
ACCGGTTT,0.45458654,0.5705273574403167,7,70000,7001
GTACTCAT,0.45432675,0.6059456562074795,7,70000,7001
CCCCTGTT,0.45412505,0.6080278728404734,7,70000,7001
CTTCTTCT,0.45406246,0.3991052653280006,7,70000,7001
TTACAATT,0.45396638,0.449449552632664,7,70000,7001
GGTCACAT,0.45396543,0.28396487032532053,7,70000,7001
ACCCGAAT,0.45368147,0.5713004576753391,7,70000,7001
AGTAGCAT,0.45354968,0.5964932173339381,7,70000,7001
TTTAGATT,0.45346254,0.5683936007916546,7,70000,7001
GTGTTCAT,0.45324218,0.35932668123531114,7,70000,7001
GTGTCCAT,0.4532274,0.42995711870696407,7,70000,7001
CCCCAAAT,0.45231032,0.5337380942563806,7,70000,7001
CTCCGACT,0.45197228,0.2620397476600833,7,70000,7001
CACATTGT,0.45190722,0.3674287716983466,7,70000,7001
TGAACACT,0.45189205,0.4267513297324042,7,70000,7001
GTGTTTCT,0.45176423,0.5530037521131406,7,70000,7001
GCGCATCT,0.45166937,0.2372902321362306,7,70000,7001
TTGTCAGT,0.45138738,0.433245371706593,7,70000,7001
TACAGGGT,0.45125484,0.6244485218323507,7,70000,7001
GACCATCT,0.450725,0.26462705644662515,7,70000,7001
TTGATGCT,0.45055085,0.478404733435039,7,70000,7001
ACTGGTCT,0.45054185,0.3786644951140065,7,70000,7001
GTCATGTT,0.45040452,0.31355914732198076,7,70000,7001
AGACCGGT,0.44950056,0.3436482084690554,7,70000,7001
CGTATGTT,0.4490568,0.6197893044159485,7,70000,7001
TCAGGCGT,0.44868314,0.4069084237001608,7,70000,7001
TCATGCCT,0.4486745,0.32315589823939306,7,70000,7001
AGTCTTGT,0.44828746,0.34972993031789884,7,70000,7001
ACGCGAAT,0.44802707,0.48703253205788977,7,70000,7001
TAATGCCT,0.44669837,0.5799179482950563,7,70000,7001
GCATCTGT,0.4465912,0.3952088401434874,7,70000,7001
ATGTTTGT,0.44496655,0.5844328536675875,7,70000,7001
GCTATGTT,0.44491103,0.4241124809301942,7,70000,7001
CACTCGGT,0.44487795,0.4021358182492888,7,70000,7001
CAAACCCT,0.443946,0.34535933698923843,7,70000,7001
ATGAATTT,0.4438845,0.38188059209169994,7,70000,7001
TCCGTTCT,0.44372195,0.6041932956747619,7,70000,7001
TGCAGTGT,0.44274795,0.3860450253576877,7,70000,7001
TAACCTTT,0.44244277,0.4143714179689111,7,70000,7001
TTGAGCTT,0.44228363,0.36251185420360366,7,70000,7001
GATGGAAT,0.44225115,0.5841545375829794,7,70000,7001
AGATGTTT,0.44220555,0.3895394384199893,7,70000,7001
CTCCACTT,0.4420832,0.46463324124850536,7,70000,7001
TCCAAACT,0.4412893,0.4389250814332248,7,70000,7001
TAAATTCT,0.4410976,0.4158557704201542,7,70000,7001
ACATTCCT,0.44085342,0.4814352863563271,7,70000,7001
GTTTCGGT,0.44082776,0.3952397641528883,7,70000,7001
TTTAGTCT,0.44078055,0.4630458087659259,7,70000,7001
AGACTACT,0.4401787,0.4841153671710716,7,70000,7001
CTCGGAGT,0.44011068,0.5283882406300251,7,70000,7001
GTCAACTT,0.43998814,0.37345895353152186,7,70000,7001
AAATGAGT,0.43982664,0.5749185667752443,7,70000,7001
GGTTTACT,0.43941197,0.45810827526491565,7,70000,7001
CCTAGAGT,0.4391117,0.3961365604255144,7,70000,7001
TTTCTGCT,0.43881047,0.4199377396610729,7,70000,7001
GTCAATGT,0.43842453,0.5505092153548015,7,70000,7001
TTACAACT,0.43839842,0.41914402341978313,7,70000,7001
TACAGTTT,0.4381354,0.5702284253494413,7,70000,7001
ACACTCGT,0.4378221,0.49321733393806955,7,70000,7001
CTTTGTTT,0.4377365,0.6043066837092318,7,70000,7001
TCGAGCTT,0.4373871,0.32196016987589166,7,70000,7001
CCATCCGT,0.4370614,0.5108543272997155,7,70000,7001
TAGCCGCT,0.43649042,0.3852306931101307,7,70000,7001
GGCATCGT,0.4362368,0.2406815651671958,7,70000,7001
AGAACCAT,0.43595675,0.38675627757390835,7,70000,7001
GGGAGAGT,0.43569994,0.4636127489382757,7,70000,7001
ACTACATT,0.4356687,0.3999711375912258,7,70000,7001
TAATTCCT,0.43559712,0.4898878489259061,7,70000,7001
GACACTCT,0.4352777,0.6543108069104853,7,70000,7001
AGAAGAGT,0.43437958,0.533222694099699,7,70000,7001
ATTCCCGT,0.4339015,0.5255019997526079,7,70000,7001
GATGAATT,0.43377274,0.49525831855852886,7,70000,7001
CGGGATTT,0.43356848,0.4373891889663134,7,70000,7001
CAACCCCT,0.43354478,0.4761369727456397,7,70000,7001
TCAGAATT,0.43330893,0.5145549004246898,7,70000,7001
AATTGGTT,0.43319726,0.3698408444316167,7,70000,7001
AACTACTT,0.43317917,0.3759328742835938,7,70000,7001
AATGGAGT,0.43316528,0.33294850121634434,7,70000,7001
ACCACACT,0.43247595,0.373819733641199,7,70000,7001
TGAAATCT,0.43169883,0.4195460355419948,7,70000,7001
ATGTGAGT,0.43149787,0.35128643879107746,7,70000,7001
TGTCAGGT,0.43100053,0.5624149589741476,7,70000,7001
CTCGGTCT,0.43056083,0.4121345812889127,7,70000,7001
CATAGCCT,0.43009382,0.4488104564383788,7,70000,7001
CTTGCAAT,0.42984694,0.5246155114831155,7,70000,7001
GACCCACT,0.42982048,0.3940234197831196,7,70000,7001
GTTGTAGT,0.4296503,0.5003401641034099,7,70000,7001
GAGACATT,0.42958912,0.5800519523357935,7,70000,7001
GCATAACT,0.4294845,0.35283263926112235,7,70000,7001
GCATTTGT,0.4291439,0.5309446254071661,7,70000,7001
CGGGAGGT,0.42911637,0.40534160722384854,7,70000,7001
TTCATTCT,0.42902744,0.4390384694676947,7,70000,7001
TAGCCCGT,0.42877823,0.3466993773966107,7,70000,7001
TTCGGCAT,0.42866778,0.5246670514987836,7,70000,7001
ACGCATCT,0.42858472,0.6439409557580505,7,70000,7001
CTCCGCTT,0.4281292,0.2930874530985857,7,70000,7001
CGGGTGGT,0.4280247,0.31880592091699994,7,70000,7001
AGCTGTTT,0.42780182,0.5372015833092814,7,70000,7001
CAGATGCT,0.4277906,0.29114954850946273,7,70000,7001
AGAGGGTT,0.42766193,0.3071166453634602,7,70000,7001
AACACAGT,0.42765358,0.48882612460314184,7,70000,7001
CTCCAGGT,0.42738882,0.3851069970725271,7,70000,7001
CAGTTGGT,0.42736953,0.48625943182286724,7,70000,7001
ATTCACTT,0.42717457,0.6589597163237538,7,70000,7001
TTGGGGTT,0.42704394,0.5195645899476354,7,70000,7001
TCGCCCAT,0.42702642,0.5941842246320043,7,70000,7001
ATTTCGGT,0.42693645,0.38737475776192637,7,70000,7001
CGATTCAT,0.42687106,0.5723312579887024,7,70000,7001
CGCCGACT,0.42667818,0.250814332247557,7,70000,7001
TTAACCAT,0.42651922,0.4377293530697233,7,70000,7001
GTCTTTCT,0.4264868,0.3048798086834618,7,70000,7001
AGGTAACT,0.42622802,0.5913701397765225,7,70000,7001
TGGTAGGT,0.42613786,0.37924174328949,7,70000,7001
CTCACGGT,0.426137,0.47013771492186535,7,70000,7001
TGACAGGT,0.4260709,0.3799736115119779,7,70000,7001
TGGAGAGT,0.4256549,0.464952789345648,7,70000,7001
CGAATGGT,0.42557767,0.38179812806663094,7,70000,7001
TACTTGCT,0.42525148,0.3783758710262648,7,70000,7001
CACTATTT,0.42520285,0.4625097926029769,7,70000,7001
TTATGGTT,0.42502874,0.5287387127365686,7,70000,7001
CGAGTGGT,0.42473835,0.5088339586855235,7,70000,7001
GGCTTCGT,0.42448717,0.27149218653362467,7,70000,7001
CACCCTGT,0.4242491,0.2698325980291098,7,70000,7001
CACTCATT,0.4238746,0.4654784975054632,7,70000,7001
AGACCGCT,0.42387128,0.2831299220714963,7,70000,7001
CACGGTCT,0.423599,0.17017482373314638,7,70000,7001
AAACGGCT,0.42356586,0.25276254483981364,7,70000,7001
TAGGGGCT,0.42349714,0.4899496969447079,7,70000,7001
ATTGGACT,0.4231637,0.28138786954191236,7,70000,7001
TGCCACAT,0.42241234,0.3002927472889952,7,70000,7001
TAGCGAGT,0.42216837,0.4266070176885334,7,70000,7001
CTCAGACT,0.4219255,0.41150579309776114,7,70000,7001
TAGTGACT,0.42176062,0.4038057147569373,7,70000,7001
AGCTAGCT,0.42159188,0.5809590566115532,7,70000,7001
CCATGATT,0.42146796,0.3416793798705315,7,70000,7001
GAAACCCT,0.4214233,0.5767121593204965,7,70000,7001
AGGTAGGT,0.4213819,0.2930152970766503,7,70000,7001
TAAATGGT,0.42133656,0.371685976992537,7,70000,7001
GCACCTGT,0.42115247,0.35358512348987753,7,70000,7001
AAATCTCT,0.42084333,0.4475734960623428,7,70000,7001
GTAGGTCT,0.42027932,0.308106213664289,7,70000,7001
CCTTATGT,0.42019737,0.5292644208963839,7,70000,7001
AACGTGTT,0.4201895,0.3479157217663794,7,70000,7001
AGGATGGT,0.42012095,0.48296087082010475,7,70000,7001
CAGCATCT,0.4199648,0.3832206324990723,7,70000,7001
GAATAGTT,0.41986108,0.47483816435080195,7,70000,7001
GAATGTCT,0.41899437,0.5381499195975756,7,70000,7001
CACCGAGT,0.41887975,0.39181750711252217,7,70000,7001
GCAGTTGT,0.41878578,0.21457139322970356,7,70000,7001
GAAGGGGT,0.4184362,0.6510431699171236,7,70000,7001
ATTGCAAT,0.41818562,0.38477714097225085,7,70000,7001
GCCTATGT,0.41791078,0.5812889127118295,7,70000,7001
CCCTCTCT,0.41788274,0.43463695212963344,7,70000,7001
TTCTTCCT,0.4177828,0.344276996660207,7,70000,7001
CCTCCAGT,0.41707557,0.4583762833463902,7,70000,7001
CTCACTGT,0.41693497,0.40004329361316127,7,70000,7001
AACTAGCT,0.4166765,0.41793798705314805,7,70000,7001
CAGCGGGT,0.41633874,0.35765678472766255,7,70000,7001
CGGGTGTT,0.41610846,0.7393209087535563,7,70000,7001
CGGTTTGT,0.41603935,0.40444481095122253,7,70000,7001
TGTCACTT,0.41601574,0.5273162083041274,7,70000,7001
CTTGCATT,0.41573817,0.26651342102008,7,70000,7001
CCGAGAAT,0.4153567,0.3906733187646889,7,70000,7001
CTTTTTCT,0.41534936,0.32149630973487814,7,70000,7001
TCCGACGT,0.41509438,0.35034841050591675,7,70000,7001
TTTTACTT,0.4149134,0.32402177050261827,7,70000,7001
TACATGCT,0.41486484,0.4903001690512514,7,70000,7001
CCCCCCGT,0.41462916,0.45287180967303015,7,70000,7001
ACCGGACT,0.41462797,0.3495134622520925,7,70000,7001
GAGAGGGT,0.41416445,0.6183255679709727,7,70000,7001
CTCCATTT,0.4140261,0.49275347379705603,7,70000,7001
CACGAGGT,0.4140002,0.4775491691749474,7,70000,7001
GAAATGGT,0.41384584,0.3290417680286975,7,70000,7001
CAGTCTAT,0.4137488,0.5300684451408073,7,70000,7001
CGATGACT,0.41355485,0.5413144765596009,7,70000,7001
TCCGCCTT,0.41342026,0.5098750670020203,7,70000,7001
TGGACTCT,0.4133544,0.3978992289613656,7,70000,7001
TCTAACCT,0.41333473,0.24474291840184717,7,70000,7001
CTCGACAT,0.41289973,0.3340308415453758,7,70000,7001
ACCGCTGT,0.41278842,0.4145569620253165,7,70000,7001
CATGAGCT,0.4126287,0.6416628870655177,7,70000,7001
ACGAGACT,0.4120975,0.4632519688285985,7,70000,7001
ACTAAGGT,0.4120668,0.42254566445388203,7,70000,7001
GTGACAAT,0.41168746,0.4286376943058591,7,70000,7001
CCTTCTTT,0.41154912,0.42912217045313983,7,70000,7001
CCTATGCT,0.4110887,0.36898528017152515,7,70000,7001
TAGGGCTT,0.41083992,0.3744072898198161,7,70000,7001
TCGATGCT,0.4102903,0.2779965365109471,7,70000,7001
TGATGCTT,0.41024107,0.5558899929905579,7,70000,7001
TTAATTCT,0.41006717,0.4013936420236672,7,70000,7001
CGATTCGT,0.4100368,0.5421803488228261,7,70000,7001
CCCTTGTT,0.4099905,0.3164866202119326,7,70000,7001
CGGCAGGT,0.40981326,0.39464189997113763,7,70000,7001
ATGCGAGT,0.4094774,0.5570444893415247,7,70000,7001
CATCAGTT,0.40929794,0.4900321609697769,7,70000,7001
CTAGTCCT,0.4092214,0.4343380200387581,7,70000,7001
TTCAACGT,0.40919894,0.23157959840019796,7,70000,7001
GGGTCCAT,0.40886912,0.3241557745433555,7,70000,7001
CTAAACAT,0.4087746,0.5030511689275554,7,70000,7001
ACCGAGCT,0.4087428,0.5142250443244134,7,70000,7001
TGAAGACT,0.40868658,0.336216138209706,7,70000,7001
AGCCTTCT,0.40829945,0.49635096689069397,7,70000,7001
CACGAATT,0.40821946,0.4469137838617903,7,70000,7001
CTCGGACT,0.40817624,0.22110666721642686,7,70000,7001
GAGGAATT,0.40808144,0.36855234403991255,7,70000,7001
GCACGCAT,0.40799263,0.33097967261782046,7,70000,7001
TGTCGCTT,0.4079332,0.426926565785676,7,70000,7001
CCGTCAAT,0.4077996,0.3151362718014266,7,70000,7001
GTTACACT,0.40727115,0.5187399496969447,7,70000,7001
GTTTAATT,0.40725213,0.6599492846245825,7,70000,7001
CCACCTGT,0.40696883,0.372500309240094,7,70000,7001
AGCACCAT,0.4069408,0.4045685069888261,7,70000,7001
AAAATCTT,0.4068066,0.45450047416814415,7,70000,7001
TCGAGGCT,0.40676063,0.275584463777677,7,70000,7001
CTCTCCAT,0.4066534,0.44021358182492887,7,70000,7001
CCGCGATT,0.40663666,0.4176081309528718,7,70000,7001
TCACGACT,0.4065385,0.5247288995175855,7,70000,7001
TTAGGCGT,0.40640253,0.3299488723044572,7,70000,7001
TCCTCAGT,0.4060411,0.5786397559064859,7,70000,7001
ATGTGGGT,0.40597385,0.39996082958809215,7,70000,7001
TTGTGTTT,0.4059252,0.5358821589081764,7,70000,7001
TGTTCTCT,0.40564615,0.4317610192553499,7,70000,7001
TGACCACT,0.40542886,0.29365439327093557,7,70000,7001
CAGTAATT,0.40525168,0.5077825423658929,7,70000,7001
AGCTAAAT,0.405144,0.5477466705149878,7,70000,7001
ATTTTACT,0.40496182,0.430998227023461,7,70000,7001
ATTTGCCT,0.40494895,0.4418628623263101,7,70000,7001
TCGCGAGT,0.404794,0.3326392611223354,7,70000,7001
AGGACCCT,0.4046094,0.4607574320702594,7,70000,7001
CGAAACCT,0.40445244,0.390951634849297,7,70000,7001
TCAATGGT,0.4044,0.4980002473920752,7,70000,7001
ACTCGTGT,0.40416974,0.562765431080691,7,70000,7001
GTGAAATT,0.40414023,0.2911186245000619,7,70000,7001
TCTTGCCT,0.4038918,0.41524759823526985,7,70000,7001
TCCCGAAT,0.40372372,0.3670267595761349,7,70000,7001
CACGTGGT,0.40372103,0.1941718550282439,7,70000,7001
ATGCAGTT,0.40331602,0.2865418711087288,7,70000,7001
GGGAGTGT,0.40330744,0.5887931389931141,7,70000,7001
GAGCTTAT,0.40327612,0.5536531563105596,7,70000,7001
GGTGACAT,0.4029536,0.500587556178617,7,70000,7001
TTTAGACT,0.40294838,0.5008040242444234,7,70000,7001
CTCACACT,0.40290147,0.4979899393889416,7,70000,7001
GCGAGACT,0.40286046,0.48682637199521706,7,70000,7001
GGCTTGGT,0.40285322,0.37288170535603843,7,70000,7001
GGCTTCTT,0.40284938,0.3654908671092236,7,70000,7001
CTTATGGT,0.40269664,0.5313775615387787,7,70000,7001
TCATTCCT,0.402667,0.6557023873335257,7,70000,7001
AGTTGTCT,0.40234005,0.4881870284088567,7,70000,7001
CAGTGTTT,0.40183818,0.5870304704572631,7,70000,7001
GTTGACAT,0.40180448,0.5104316991712365,7,70000,7001
CACTGTCT,0.40169287,0.4510163691089762,7,70000,7001
AACGCATT,0.40148675,0.4624067125716406,7,70000,7001
TTCTGCAT,0.40144154,0.40714550777223435,7,70000,7001
ACTTGTTT,0.40129137,0.5523543479157217,7,70000,7001
CACGTGTT,0.40082148,0.4439244629530367,7,70000,7001
CCCGAGCT,0.40077636,0.4117531851729683,7,70000,7001
CCGATGTT,0.4003743,0.30619923308456687,7,70000,7001
ATGCTCAT,0.40036154,0.3769018265781553,7,70000,7001
TGCTCATT,0.4001379,0.3307322805426133,7,70000,7001
CCTCGCGT,0.39990166,0.3389580670432523,7,70000,7001
CCTCGATT,0.3998652,0.39194120315012576,7,70000,7001
GGTGATGT,0.39973897,0.33985486331587844,7,70000,7001
TACGCCAT,0.39972228,0.5068032820681977,7,70000,7001
ATGGACAT,0.39937133,0.44887230445718057,7,70000,7001
ACACATCT,0.39930224,0.5790108440192965,7,70000,7001
CCCTCAGT,0.3992076,0.39312662351049354,7,70000,7001
CTCGTACT,0.39920002,0.5193068898692945,7,70000,7001
TGAAGTGT,0.39918727,0.3566569084237001,7,70000,7001
GCCCATCT,0.3989566,0.3300313363295262,7,70000,7001
ACATGGCT,0.39881423,0.33898899105265334,7,70000,7001
TGTAAATT,0.39848816,0.3232486702675958,7,70000,7001
ACGGGCAT,0.3984822,0.391765967096854,7,70000,7001
CCTACATT,0.3983572,0.24470168638931267,7,70000,7001
TCCCTACT,0.39833984,0.4997319919185256,7,70000,7001
TGGTAGCT,0.39827487,0.29724157836143983,7,70000,7001
GGAGGAAT,0.39813715,0.5568898692945203,7,70000,7001
TAGCCAGT,0.3980996,0.424370181008535,7,70000,7001
GGTCGAAT,0.39779872,0.25754545829381936,7,70000,7001
GGATGTTT,0.39775354,0.603770667546283,7,70000,7001
AGGCGGGT,0.3976742,0.30177709974023836,7,70000,7001
CGCATCCT,0.39764452,0.47361151197789964,7,70000,7001
TAGTCAGT,0.39750966,0.40079577784191645,7,70000,7001
GGCATGTT,0.3975067,0.348235269863522,7,70000,7001
GTTCCCCT,0.39747655,0.4789510576011215,7,70000,7001
CCTTAACT,0.39731723,0.435296664330186,7,70000,7001
GTGAGGCT,0.39724788,0.32192924586649074,7,70000,7001
GCTCAAAT,0.397134,0.5436750092772028,7,70000,7001
CCAGTAAT,0.3971135,0.5474580464272462,7,70000,7001
TACGTGCT,0.39704442,0.5441697934276172,7,70000,7001
TAAGAGCT,0.39642495,0.3300931843483281,7,70000,7001
GCTCATTT,0.39640692,0.47806456933162905,7,70000,7001
AGAGTGCT,0.39620498,0.4663340617655548,7,70000,7001
AGACCGTT,0.39609525,0.543138993114254,7,70000,7001
TGTGAGGT,0.39597893,0.36222323011586194,7,70000,7001
GTAGGGCT,0.3959537,0.4225868964664165,7,70000,7001
GCATTTCT,0.39571434,0.2844287304663341,7,70000,7001
ATGCTTCT,0.39569363,0.5034016410340989,7,70000,7001
CGAGTCAT,0.39567208,0.4820434585412114,7,70000,7001
CAGCCAAT,0.39560437,0.27152311054302564,7,70000,7001
ATGAACCT,0.39546677,0.5123283717478251,7,70000,7001
TCAGGACT,0.39546472,0.5828557291881417,7,70000,7001
CAATGCAT,0.39542502,0.37668535851234897,7,70000,7001
TACTAATT,0.39501125,0.5433142291675257,7,70000,7001
CTTTGTCT,0.3950037,0.3656454871562281,7,70000,7001
TCGTGACT,0.3948984,0.30897208592751413,7,70000,7001
ACTCCACT,0.39481705,0.5673524924751577,7,70000,7001
GCATCGCT,0.39473665,0.4133406176555478,7,70000,7001
GTCTGAGT,0.39448678,0.5837009854450995,7,70000,7001
CTTAGTCT,0.39447284,0.4285655382839237,7,70000,7001
GCTGTTTT,0.3943578,0.4563971467447326,7,70000,7001
ACATCTTT,0.39406246,0.3726755452933658,7,70000,7001
TTTTGAGT,0.3937946,0.5273780563229291,7,70000,7001
ATGTGACT,0.3937285,0.4121655052983136,7,70000,7001
AAATTGGT,0.39368558,0.3010967715334186,7,70000,7001
AGGCGAAT,0.3935337,0.4458005195233579,7,70000,7001
TCACCGTT,0.39321548,0.3585741970065559,7,70000,7001
AGACAGTT,0.39303422,0.4655918855399332,7,70000,7001
GCGGTAAT,0.39299735,0.49082587721106663,7,70000,7001
TGGGGAGT,0.39291868,0.3736857296004618,7,70000,7001
AGAAACTT,0.39285117,0.3749639219890323,7,70000,7001
GCATCCTT,0.39245206,0.27807900053601614,7,70000,7001
CTGGGGTT,0.3921762,0.49788685935760524,7,70000,7001
GACAGGGT,0.39215368,0.4412546901414258,7,70000,7001
GAACACCT,0.39205998,0.44974848472353934,7,70000,7001
AGTGCAAT,0.39203417,0.37090256875438093,7,70000,7001
CTGTCGGT,0.39200407,0.2703170741763905,7,70000,7001
ATGCTTGT,0.391636,0.3501010184307096,7,70000,7001
CGCTCTAT,0.39143336,0.6058735001855441,7,70000,7001
TTCCCTTT,0.39141053,0.4527687296416938,7,70000,7001
GCCTGTCT,0.3913266,0.22267348369273904,7,70000,7001
CGATGAAT,0.39123535,0.45134622520925244,7,70000,7001
ACTCTAAT,0.39100444,0.5971838535438915,7,70000,7001
CGGATGTT,0.39085513,0.43721395291304166,7,70000,7001
CAACACAT,0.39084896,0.5410670844843938,7,70000,7001
TCCGCAAT,0.39083403,0.6846266441264998,7,70000,7001
GCATTACT,0.39070344,0.30787943759534897,7,70000,7001
CTCCCCCT,0.39045733,0.46923061064610566,7,70000,7001
TACTCACT,0.39043075,0.6756896054096401,7,70000,7001
CTCTTAGT,0.39042765,0.5096379829299469,7,70000,7001
TGACGCAT,0.3903545,0.53577907887684,7,70000,7001
AACCCACT,0.3903394,0.4735290479528306,7,70000,7001
TCGCGACT,0.3901457,0.4319156393023543,7,70000,7001
AGGGGTCT,0.3899669,0.549117634931761,7,70000,7001
GCAGGTCT,0.389902,0.3538634395744856,7,70000,7001
GGTGCAAT,0.38988292,0.4213499360903806,7,70000,7001
GGGTTCTT,0.38977095,0.3492557621737517,7,70000,7001
ACATTGTT,0.38966382,0.42969941862862326,7,70000,7001
CCCGGACT,0.38966322,0.2950150496845751,7,70000,7001
GCCCCATT,0.38957867,0.34551395703624294,7,70000,7001
AGATGGCT,0.38956872,0.546705562198491,7,70000,7001
GTTTCGTT,0.38955808,0.4460479115985651,7,70000,7001
AAGTCAAT,0.38941228,0.5359852389395127,7,70000,7001
GGAACCAT,0.38940874,0.3395456232218695,7,70000,7001
CCTGTTCT,0.38926682,0.33735001855440566,7,70000,7001
GCATCTTT,0.38894486,0.2758730878654187,7,70000,7001
ATGCTGCT,0.38860944,0.3817465880509628,7,70000,7001
ATGCAGCT,0.38849682,0.5368717272090051,7,70000,7001
TCGGTTCT,0.38849,0.514462128396487,7,70000,7001
GCTTTTTT,0.388355,0.3434420484063827,7,70000,7001
TTAGACTT,0.38820022,0.46394260503855195,7,70000,7001
GTTCCATT,0.38807768,0.49115573331134293,7,70000,7001
CTGTTTGT,0.3877901,0.5863089102379088,7,70000,7001
AGGGGCTT,0.38721436,0.39476559600874117,7,70000,7001
GTCAAGGT,0.38721249,0.4901661650105142,7,70000,7001
CTGACTCT,0.3871132,0.424091864923927,7,70000,7001
ACCTGCGT,0.38686484,0.26317362800478294,7,70000,7001
GACACGGT,0.38666907,0.4142477219313075,7,70000,7001
ATGTGCAT,0.38664028,0.37535562610811035,7,70000,7001
CCGCTATT,0.38663474,0.396961200676205,7,70000,7001
CAACCATT,0.38637853,0.39597163237537625,7,70000,7001
CGGTTGGT,0.38629693,0.38759122582773264,7,70000,7001
CTAGCGGT,0.38613638,0.506318805920917,7,70000,7001
ACCTCGGT,0.3860285,0.3721704531398177,7,70000,7001
CCAGCTGT,0.38587803,0.32263019007957777,7,70000,7001
TGGGTTTT,0.38561702,0.5574465014637364,7,70000,7001
AGTCTCCT,0.38551798,0.4746835443037975,7,70000,7001
CTACAGCT,0.3854839,0.41199026924504184,7,70000,7001
GTACCGCT,0.38541406,0.4995052158495856,7,70000,7001
CTAAAAAT,0.3853228,0.37754092277244056,7,70000,7001
TTGCGGGT,0.3852626,0.3454521090174411,7,70000,7001
CCGAGACT,0.3852478,0.477477013153012,7,70000,7001
TTTCCGCT,0.38523537,0.32046550942151486,7,70000,7001
TTCCAGTT,0.3851689,0.38894157423823855,7,70000,7001
CCCGCATT,0.38510233,0.5537974683544304,7,70000,7001
AACCCAGT,0.3849916,0.35604873623881583,7,70000,7001
GAGACGGT,0.384884,0.6794829505628169,7,70000,7001
GTACTTGT,0.38478506,0.3938584917329815,7,70000,7001
AGCGGTTT,0.38473248,0.4133509256586814,7,70000,7001
AGCAGAAT,0.3847254,0.45760318311136766,7,70000,7001
TGAATTCT,0.3846526,0.33836020286150165,7,70000,7001
CCTGGGTT,0.38461915,0.35067826660619306,7,70000,7001
CTACTGCT,0.38455772,0.2864284830742589,7,70000,7001
TTAGAAAT,0.38445288,0.3274646435492516,7,70000,7001
GACCACAT,0.38433802,0.39718797674514494,7,70000,7001
CAACGTGT,0.38431877,0.32038304539644585,7,70000,7001
GCGAGAAT,0.38415903,0.30296252010060615,7,70000,7001
GGTTCATT,0.3839696,0.48245577866655676,7,70000,7001
CTCATGGT,0.383664,0.5875664866202119,7,70000,7001
AGCTGTGT,0.38355416,0.37100564878571723,7,70000,7001
GTCCCCTT,0.38336772,0.26279223188883843,7,70000,7001
TTCAATTT,0.38332516,0.34100935966684537,7,70000,7001
GAGACGTT,0.38331088,0.46893167855523027,7,70000,7001
AGACAAAT,0.3832664,0.5190491897909537,7,70000,7001
GGTCCATT,0.3832401,0.4177112109842081,7,70000,7001
ATTGCTGT,0.38321984,0.48983630891023794,7,70000,7001
GCACTACT,0.38299417,0.33557704201542077,7,70000,7001
TCGCTTTT,0.38293272,0.4946501463736445,7,70000,7001
AATTCGGT,0.38291508,0.4298643466787614,7,70000,7001
AAACAACT,0.3828445,0.581752772852843,7,70000,7001
TTCGAGGT,0.38254845,0.4212468560590443,7,70000,7001
GGCTCTAT,0.382506,0.3383705108646353,7,70000,7001
AGCCCCTT,0.38248393,0.388900342225704,7,70000,7001
CTACGCCT,0.38181618,0.3680575598894982,7,70000,7001
CCCCAGCT,0.38175496,0.3432565043499773,7,70000,7001
TTTCAACT,0.38154793,0.4780542613284955,7,70000,7001
TTGTAGTT,0.38147077,0.45581989856924915,7,70000,7001
GCACTAAT,0.38136542,0.2737290232136231,7,70000,7001
ATTTTCTT,0.380962,0.5293675009277202,7,70000,7001
TCCACACT,0.38074094,0.4336679998350719,7,70000,7001
CATGGTTT,0.3807006,0.5886282109429761,7,70000,7001
TAACAAGT,0.38046512,0.4815383663876634,7,70000,7001
CCTCGCTT,0.38036978,0.43732734094751163,7,70000,7001
ACTTCATT,0.38025528,0.3879932379499443,7,70000,7001
CATTCGTT,0.3801769,0.2833566981404362,7,70000,7001
GATGACCT,0.3800686,0.5012678843854369,7,70000,7001
TTAACTGT,0.37998354,0.40151733806127077,7,70000,7001
GGCTCAAT,0.37993613,0.7356924916505175,7,70000,7001
GACTAAAT,0.3797029,0.37369603760359543,7,70000,7001
TTGCTTCT,0.37969702,0.38151981198202284,7,70000,7001
AACACGGT,0.37966287,0.5008761802663588,7,70000,7001
CGACTGGT,0.37940273,0.3315878448027048,7,70000,7001
AGTTAACT,0.37930736,0.1764936296540634,7,70000,7001
GTAGCGCT,0.37901437,0.3346493217333938,7,70000,7001
CTCCGGCT,0.378775,0.3581103368655424,7,70000,7001
GCACCAAT,0.37835145,0.20687131488887972,7,70000,7001
ACGGTGTT,0.37833875,0.5982765018760566,7,70000,7001
TCCTTGCT,0.37831205,0.4899909289572424,7,70000,7001
AGGGTGGT,0.37825432,0.3455036490331093,7,70000,7001
TGAGTCGT,0.37807018,0.5035047210654352,7,70000,7001
TCCGTCAT,0.37795508,0.30058137137673685,7,70000,7001
CCCTTCAT,0.37791798,0.48157959840019793,7,70000,7001
CTCGCACT,0.3777271,0.360594565620748,7,70000,7001
TAAGGGCT,0.37755677,0.4496041726796685,7,70000,7001
CCGGGGTT,0.37740213,0.4608605121015957,7,70000,7001
AGAAACGT,0.37736416,0.33160846080897205,7,70000,7001
CATTTGGT,0.37707528,0.39973405351915225,7,70000,7001
GTGTGGCT,0.37704885,0.39090009483362886,7,70000,7001
GTCGATTT,0.3769226,0.27428565538283917,7,70000,7001
CTGAGCCT,0.3768066,0.6191089762091287,7,70000,7001
TGAAAACT,0.37642092,0.3008287634519441,7,70000,7001
AGCCCACT,0.37638742,0.45055250896796273,7,70000,7001
GGCCGCAT,0.37636423,0.32464025069063623,7,70000,7001
CCCGCGGT,0.37636283,0.3298354842699872,7,70000,7001
GTAGCAGT,0.37631875,0.40607347544633654,7,70000,7001
AGCCGGCT,0.37616038,0.5455201418381231,7,70000,7001
ACCTGCTT,0.3761289,0.44074959798787783,7,70000,7001
CACCCGTT,0.3757546,0.5142147363212799,7,70000,7001
AGGAGCGT,0.3756499,0.46277780068445146,7,70000,7001
AAGAGGCT,0.37532777,0.2448769224425844,7,70000,7001
CTGAAGGT,0.37528703,0.5285944006926978,7,70000,7001
CGTTGACT,0.37525922,0.32289819816105225,7,70000,7001
TCGCGGCT,0.37514934,0.5122355997196223,7,70000,7001
CGCAGAAT,0.37494192,0.41527852224467077,7,70000,7001
GCTACACT,0.37488797,0.35179153094462545,7,70000,7001
GACTGCTT,0.3748866,0.28151156557951595,7,70000,7001
GCACAACT,0.37478417,0.31896054096400445,7,70000,7001
CAATCTTT,0.3747669,0.5475302024491816,7,70000,7001
CTTGTCTT,0.3747417,0.6518059621490124,7,70000,7001
CTGCTCAT,0.37432003,0.38247845627345073,7,70000,7001
AGTTGGTT,0.3741265,0.33262895311920176,7,70000,7001
TACGACCT,0.3740881,0.371067496804519,7,70000,7001
GTTCGCTT,0.37404937,0.30329237620088234,7,70000,7001
AACCCTTT,0.37399787,0.4540469220302643,7,70000,7001
TCCACAGT,0.37392738,0.4603554199480477,7,70000,7001
CGTTGATT,0.37380666,0.426926565785676,7,70000,7001
GGGTTAGT,0.37372953,0.3610378097554941,7,70000,7001
GCTACAGT,0.37369424,0.47420937615965036,7,70000,7001
TTGCTGCT,0.37334856,0.27541953572753886,7,70000,7001
CCACAGGT,0.37317318,0.42981280666309324,7,70000,7001
GTTTTAGT,0.37293035,0.5310580134416362,7,70000,7001
CCGGAGGT,0.37287027,0.4275553539768276,7,70000,7001
GCACACCT,0.37279242,0.3464313693151363,7,70000,7001
ATTTCGTT,0.37278673,0.37262400527769757,7,70000,7001
TAGGTTCT,0.37255603,0.4377190450665897,7,70000,7001
GTCGCTCT,0.3721858,0.2859336989238445,7,70000,7001
GTCGGGTT,0.37218457,0.40222859027749147,7,70000,7001
GAGAGTCT,0.3721311,0.37698429060322436,7,70000,7001
CCGGTCAT,0.37195963,0.4361006885746093,7,70000,7001
TTGGCGTT,0.37189367,0.3260833711293448,7,70000,7001
CACTCGCT,0.37174293,0.2804807652661527,7,70000,7001
TCTTGCTT,0.3715151,0.46067496804519026,7,70000,7001
TGCTGTTT,0.37148526,0.43525543231765146,7,70000,7001
TTCTCGCT,0.37136862,0.32858821589081766,7,70000,7001
CCTTGAGT,0.37128973,0.3876324578402672,7,70000,7001
TCAATGCT,0.3712705,0.4838885911021317,7,70000,7001
TTGAAGTT,0.3712688,0.49549540263060243,7,70000,7001
ACCGCGCT,0.37117255,0.23200222652867686,7,70000,7001
CTTTCTTT,0.37109864,0.4878468643054467,7,70000,7001
GATGCCGT,0.371084,0.2741001113264338,7,70000,7001
TGAGAAAT,0.37105376,0.2825629818991465,7,70000,7001
CGACGATT,0.37101352,0.37840679503566566,7,70000,7001
TGAGCGCT,0.3709753,0.3099925782377438,7,70000,7001
AGCTCATT,0.37091404,0.6422607512472684,7,70000,7001
AACTACCT,0.37081683,0.3096833381437348,7,70000,7001
TGCATTCT,0.37073755,0.38339586855234403,7,70000,7001
CGTCGGGT,0.3702703,0.18210118335875972,7,70000,7001
ACCGTGGT,0.3701667,0.23133220632499074,7,70000,7001
CGCCGGGT,0.36934018,0.4863625118542036,7,70000,7001
GGAAACTT,0.36896822,0.3501010184307096,7,70000,7001
GAGTCGCT,0.3687932,0.2575660743000866,7,70000,7001
CGTTTACT,0.3687717,0.49746423122912625,7,70000,7001
CACAGCAT,0.36863238,0.32721725147404446,7,70000,7001
GTGAGTGT,0.36848873,0.5549828887147982,7,70000,7001
TTTCTAGT,0.36832815,0.37435574980414793,7,70000,7001
CGCTCGGT,0.36818764,0.3545746917907063,7,70000,7001
GACCGCTT,0.3681202,0.2469075990599101,7,70000,7001
GCTCACGT,0.36809427,0.32751618356491974,7,70000,7001
CGTGGAAT,0.36808845,0.33037150043293617,7,70000,7001
AGCTAACT,0.36784998,0.5009483362882942,7,70000,7001
ACGACTGT,0.36781526,0.4325547354966396,7,70000,7001
ATTTACCT,0.36781275,0.5663938481837298,7,70000,7001
GGCGGTGT,0.36774236,0.6010596627221374,7,70000,7001
GTGCTGCT,0.3677231,0.10590442419494496,7,70000,7001
GGGGCCAT,0.36748344,0.29740650641157795,7,70000,7001
ATGTCGGT,0.36748067,0.47905413763245785,7,70000,7001
CGGTTAAT,0.3674679,0.5251102956335298,7,70000,7001
AGAGACTT,0.3673342,0.26045231517750383,7,70000,7001
CATTCTGT,0.3672194,0.3756854822083866,7,70000,7001
AGGAAGGT,0.36701924,0.45947923968168886,7,70000,7001
ACGGGCCT,0.36695665,0.2719354306683709,7,70000,7001
TCAGCGGT,0.36688945,0.49902073970230487,7,70000,7001
TAATACCT,0.9704467,0.9366367047375582,8,80000,8001
CTGATACT,0.95116115,0.9653548014678596,8,80000,8001
TAATATCT,0.9118668,0.8808085597658022,8,80000,8001
ATACCTTT,0.9017792,0.8981363130334391,8,80000,8001
ATCCCTAT,0.8720535,0.8568424524801056,8,80000,8001
TAGATAAT,0.8692267,0.7191172226116357,8,80000,8001
ATATAGGT,0.8691399,0.779882901084402,8,80000,8001
CCGATACT,0.86565447,0.9145363460190493,8,80000,8001
CGTATCGT,0.8615899,0.8959613243722425,8,80000,8001
TATCCGTT,0.86031985,0.8903125386550117,8,80000,8001
TCTGGTAT,0.85603917,0.8071063373603266,8,80000,8001
CCGGATAT,0.85383844,0.8661608873129096,8,80000,8001
TGATCTCT,0.84844303,0.886684121551973,8,80000,8001
GATCGCTT,0.8470863,0.7856347668329691,8,80000,8001
TCGGTGAT,0.83713984,0.8347317857584629,8,80000,8001
GATATAGT,0.8336865,0.921875644250196,8,80000,8001
TATATACT,0.82725084,0.9302766668041068,8,80000,8001
GTATCTCT,0.8247031,0.8931472395167608,8,80000,8001
CTGATCAT,0.8231132,0.8684904960211107,8,80000,8001
AGGATCCT,0.8198129,0.8525543231765143,8,80000,8001
TGATCGCT,0.8108101,0.7848616665979467,8,80000,8001
TGTCATAT,0.8104124,0.8006947594112068,8,80000,8001
TGATCGTT,0.80687356,0.8003958273203315,8,80000,8001
ATACTCAT,0.80170834,0.8179194326475075,8,80000,8001
TCGATACT,0.79758406,0.9347503401641034,8,80000,8001
TGCATGAT,0.7951319,0.8118480188017977,8,80000,8001
AGATACCT,0.79407966,0.9248134251432814,8,80000,8001
TAATCTAT,0.7876276,0.7483507194986186,8,80000,8001
GGATAGCT,0.78529,0.6530326145219147,8,80000,8001
TAAGCGAT,0.7771352,0.6892343215272337,8,80000,8001
AAGATCGT,0.7739985,0.8157753679957119,8,80000,8001
AAAGGGAT,0.77378786,0.8154970519111038,8,80000,8001
TATCCGGT,0.7691394,0.8104770543850245,8,80000,8001
ATCCGGTT,0.7680681,0.7398878489259061,8,80000,8001
ATACACTT,0.7663102,0.7225807116645364,8,80000,8001
CAGATAAT,0.76525223,0.7225394796520018,8,80000,8001
GACACTAT,0.7633084,0.7870366552591432,8,80000,8001
TCGGAGAT,0.75738627,0.8427823362058302,8,80000,8001
ATCATAAT,0.75476897,0.7895415000206161,8,80000,8001
AGTATAGT,0.75343174,0.7917164886818125,8,80000,8001
AATCCTAT,0.7413597,0.7574011462499484,8,80000,8001
TTCGGTAT,0.7381983,0.7795942769966602,8,80000,8001
GTATTGAT,0.73661023,0.8813239599224838,8,80000,8001
ATAACAAT,0.73630905,0.7041396940584671,8,80000,8001
ATCTCCCT,0.732478,0.8485857419700655,8,80000,8001
GTATAATT,0.731221,0.7016142332907269,8,80000,8001
TATTACAT,0.72480875,0.7960149259885375,8,80000,8001
CACAATAT,0.72404873,0.6677833670061436,8,80000,8001
TTTGAGAT,0.7235609,0.8076526615264091,8,80000,8001
ACGCGGAT,0.7231449,0.6320970601575063,8,80000,8001
CCCAATAT,0.72239697,0.6939553869624375,8,80000,8001
ATTGCTAT,0.71717495,0.7687708737063457,8,80000,8001
TGGATCGT,0.71509874,0.7624211437760277,8,80000,8001
GCTATACT,0.71040773,0.6268915185750217,8,80000,8001
CTGGGTGT,0.7048871,0.6101719374922691,8,80000,8001
TATATGGT,0.7041519,0.845905661155321,8,80000,8001
AGAATATT,0.70300007,0.5950810209046304,8,80000,8001
ATATTGTT,0.70206416,0.8224858780357069,8,80000,8001
ATACTTGT,0.7014618,0.8154867439079702,8,80000,8001
GGACTGAT,0.7003967,0.5909784356574445,8,80000,8001
CGTATTGT,0.6995151,0.6855955964210613,8,80000,8001
CGATAAGT,0.6961883,0.6115429019090421,8,80000,8001
GGAAAGAT,0.6946348,0.7330536428483074,8,80000,8001
GTGCATAT,0.69454813,0.585484269987218,8,80000,8001
ATAGGGCT,0.6945206,0.6921308704077846,8,80000,8001
GTTGAGAT,0.694054,0.7208901991506206,8,80000,8001
GGACGTAT,0.6909221,0.6876056570321197,8,80000,8001
ACTTTGAT,0.690821,0.7266420648991877,8,80000,8001
ACGGAGAT,0.6892762,0.5397888920958233,8,80000,8001
CCCATATT,0.6860518,0.731662062425267,8,80000,8001
AGCTGGAT,0.68459165,0.602420319135777,8,80000,8001
TGCGTGAT,0.67869127,0.6779161340865048,8,80000,8001
TGAGCGAT,0.6768619,0.6500742176225621,8,80000,8001
GGGCAGAT,0.67550385,0.6147383828804683,8,80000,8001
CATCATCT,0.67275643,0.5865769183193831,8,80000,8001
GGGGTTAT,0.6715771,0.817259720446955,8,80000,8001
CCTCCTAT,0.669294,0.5774027955304499,8,80000,8001
AAAAGGAT,0.66886973,0.7787593287428359,8,80000,8001
CAAATATT,0.6683034,0.5643219395538696,8,80000,8001
ATCTGCCT,0.6645005,0.6633509256586814,8,80000,8001
GTGTATTT,0.66286385,0.6191089762091287,8,80000,8001
ATCGCCTT,0.6622348,0.6051003999505216,8,80000,8001
ATAGAACT,0.6620251,0.5596317981280666,8,80000,8001
TACGAGAT,0.65939915,0.7749247515771246,8,80000,8001
TGAATCAT,0.6580175,0.5267492681317775,8,80000,8001
ATCCATGT,0.6547007,0.7152001814208551,8,80000,8001
CCCTTATT,0.653357,0.4782191893786336,8,80000,8001
ACAACAAT,0.65307724,0.6011318187440728,8,80000,8001
AGGGCTAT,0.65275466,0.6650620541788645,8,80000,8001
CGAATCAT,0.64694834,0.48280625077310024,8,80000,8001
GAATATGT,0.64608765,0.6937904589122995,8,80000,8001
CACATTAT,0.64533544,0.5580855976580217,8,80000,8001
CTACCTCT,0.6452193,0.5967199934028781,8,80000,8001
TACTGTGT,0.6451103,0.49458829835484275,8,80000,8001
ACACCCTT,0.64451957,0.7603389271430339,8,80000,8001
AGCCCTAT,0.6441765,0.6921308704077846,8,80000,8001
GGTCCGAT,0.64384604,0.45636622273533173,8,80000,8001
TCACATCT,0.6433836,0.6488063332371253,8,80000,8001
GTGTTTAT,0.64092016,0.6749680451902857,8,80000,8001
ATGCCGAT,0.6381645,0.6742877169834659,8,80000,8001
AAAATTAT,0.637507,0.5715684657568136,8,80000,8001
CGCTGGAT,0.6373162,0.5802993444110007,8,80000,8001
GGTGTAGT,0.6346558,0.7256215725889581,8,80000,8001
TGAAGCAT,0.6338166,0.5079577784191647,8,80000,8001
ATGCAGAT,0.63272333,0.674761885127613,8,80000,8001
TTCCCTAT,0.63269264,0.5363563270523234,8,80000,8001
GATCTGCT,0.6308092,0.7849441306230157,8,80000,8001
TCTCCAAT,0.6301714,0.5386962437636581,8,80000,8001
GGTAATCT,0.62917984,0.6301797715746507,8,80000,8001
TGCATTAT,0.62837887,0.7428359378221251,8,80000,8001
TGCGAGAT,0.623834,0.6260359543149301,8,80000,8001
GTGGTTAT,0.6237987,0.6322929122170453,8,80000,8001
GAGCCGAT,0.6222775,0.7379293283305158,8,80000,8001
ACAGCGAT,0.61932456,0.4936502700696821,8,80000,8001
ATTTCGAT,0.6167855,0.5141425802993445,8,80000,8001
TCCTATTT,0.615919,0.665835154413887,8,80000,8001
ATCAGCTT,0.6146926,0.7750381396115944,8,80000,8001
TACAGATT,0.6130507,0.5557044489341525,8,80000,8001
AACTGATT,0.6124275,0.4619634684368944,8,80000,8001
CTACTTCT,0.6122571,0.4024965983589659,8,80000,8001
TATTCTGT,0.61027765,0.6717210242031914,8,80000,8001
GCTCGGAT,0.610115,0.7040984620459325,8,80000,8001
ACCACTAT,0.60962546,0.512720075866903,8,80000,8001
GGAGATGT,0.6082589,0.5080093184348328,8,80000,8001
TCCTCTCT,0.60516703,0.6137694305859069,8,80000,8001
AGGCTATT,0.60361767,0.6534861666597946,8,80000,8001
AGTCATCT,0.60062337,0.5990702181173463,8,80000,8001
TGGGTAAT,0.60009086,0.6092236012039748,8,80000,8001
TACTTTTT,0.5999925,0.6530429225250484,8,80000,8001
TCACATGT,0.5996629,0.410722384859605,8,80000,8001
GATGTCTT,0.59598446,0.473291963880757,8,80000,8001
GCAATGAT,0.59551334,0.7408568012204676,8,80000,8001
TCGCTCAT,0.59496564,0.4928565538283924,8,80000,8001
TCTTGTTT,0.5944152,0.718096730301406,8,80000,8001
CATCGCAT,0.5938772,0.5721663299385643,8,80000,8001
CTATTACT,0.5934987,0.6494660454376779,8,80000,8001
AAACCAAT,0.5931208,0.6249123819733642,8,80000,8001
TCTAGAAT,0.5929011,0.6311899558817466,8,80000,8001
TGATTCGT,0.58882797,0.557374345441801,8,80000,8001
TACTCAAT,0.5875446,0.7422071496309735,8,80000,8001
AGTGTTTT,0.58564794,0.4945573743454418,8,80000,8001
ATAGACAT,0.58516705,0.6670102667711211,8,80000,8001
AACACTCT,0.5846149,0.45781965117717394,8,80000,8001
TAATCGCT,0.5826469,0.5689090009483363,8,80000,8001
CACATACT,0.5791534,0.502669772811611,8,80000,8001
ATAAATTT,0.57848334,0.4890941326846164,8,80000,8001
ATAAAGGT,0.5780499,0.5047622974477385,8,80000,8001
TACATAGT,0.5772214,0.4643446171607636,8,80000,8001
TACCGTCT,0.5770773,0.5905042675132973,8,80000,8001
TCCGTGTT,0.57538676,0.6266956665154827,8,80000,8001
AGATGAGT,0.5746157,0.5222034387498454,8,80000,8001
CTGGCGAT,0.57444316,0.7463097348781594,8,80000,8001
TCCCACTT,0.57129633,0.5337484022595144,8,80000,8001
GTTATTGT,0.5700927,0.534232878406795,8,80000,8001
TAATAACT,0.56828,0.532099121758133,8,80000,8001
ACAACCAT,0.56825286,0.583968993526574,8,80000,8001
ACTAGGGT,0.56817776,0.4322042633900961,8,80000,8001
GGCCAGAT,0.5674093,0.6513730260173999,8,80000,8001
ATAGCCAT,0.56647426,0.6610110089473467,8,80000,8001
TGCATCAT,0.56642556,0.4985878035706923,8,80000,8001
ATTACCGT,0.56546724,0.5934832804189173,8,80000,8001
TAACCTCT,0.5616654,0.4709108151568878,8,80000,8001
ACCCATCT,0.56106365,0.48886735661567643,8,80000,8001
GTGGATGT,0.5609879,0.5331299220714963,8,80000,8001
TCCTCAAT,0.56046706,0.5350575186574857,8,80000,8001
TAAACTCT,0.5604512,0.4621799365027007,8,80000,8001
TTACCCTT,0.55987775,0.6975528800560756,8,80000,8001
CCGACTAT,0.55819786,0.4948459984331835,8,80000,8001
CATCCCCT,0.55779636,0.6515379540675381,8,80000,8001
GCCATTAT,0.5564559,0.3454624170205748,8,80000,8001
GCTGCGAT,0.555794,0.586051210159568,8,80000,8001
GATTCCTT,0.55568814,0.5609306065229044,8,80000,8001
ATTCGCTT,0.55495524,0.39367294767657607,8,80000,8001
GGTGTTTT,0.5546398,0.6086051210159568,8,80000,8001
AGGAATCT,0.5543456,0.49210406959963715,8,80000,8001
GACACCAT,0.5534209,0.8560075042262814,8,80000,8001
ATGCGCCT,0.5526757,0.44360491485589415,8,80000,8001
CACACCCT,0.5513269,0.5093287428359379,8,80000,8001
TCCCCCCT,0.5505047,0.7761204799406259,8,80000,8001
ATCACGTT,0.5502915,0.735620335628582,8,80000,8001
CTCTGGGT,0.55001664,0.5112769554281944,8,80000,8001
TGTCCCAT,0.55000615,0.5073702222405475,8,80000,8001
AGTGTCCT,0.54866123,0.3141157794911969,8,80000,8001
AGCTGATT,0.5479749,0.5465200181420855,8,80000,8001
GTTGTGTT,0.5474349,0.45628375871026267,8,80000,8001
GGGTAATT,0.5457809,0.6850801962643797,8,80000,8001
TACATCGT,0.54334193,0.545355213787985,8,80000,8001
TAAACCTT,0.5421114,0.5623015709396776,8,80000,8001
ACATTTAT,0.5420791,0.5887312909743124,8,80000,8001
ATAACGGT,0.5414735,0.45941739166288703,8,80000,8001
TGGGGGTT,0.5406691,0.4824660866696904,8,80000,8001
GTTCCGAT,0.5405444,0.5891745351090587,8,80000,8001
CTACCTTT,0.5398885,0.4566445388199398,8,80000,8001
AATCAGTT,0.5388036,0.4619634684368944,8,80000,8001
CTATTGGT,0.5375431,0.4606234280295221,8,80000,8001
AGCCGTGT,0.5374753,0.6370655176679173,8,80000,8001
TTCTTCAT,0.53706485,0.6050282439285861,8,80000,8001
AGCTCACT,0.5368104,0.5430668370923185,8,80000,8001
CTACTCAT,0.5366077,0.5767740073392983,8,80000,8001
CACTGATT,0.5364785,0.5395930400362842,8,80000,8001
CAAAATCT,0.53598,0.46433430915762997,8,80000,8001
TCTGGAGT,0.53597057,0.40242444233703045,8,80000,8001
TAACCCCT,0.53460246,0.5984826619387292,8,80000,8001
TTCAAAAT,0.5328963,0.4459551395703625,8,80000,8001
TTGAGCGT,0.5327996,0.3825712283016534,8,80000,8001
TCCATTCT,0.5317675,0.5262338679750959,8,80000,8001
TACAACCT,0.531644,0.5241825753515029,8,80000,8001
ATGTCAAT,0.5303228,0.49220714963097345,8,80000,8001
ATTACATT,0.5297288,0.6225621572588959,8,80000,8001
TGGTGATT,0.52806735,0.5123489877540923,8,80000,8001
CATCCCGT,0.52787477,0.4278645940708366,8,80000,8001
AATCAAGT,0.5260083,0.3782727909949285,8,80000,8001
CAGGAGGT,0.52352536,0.3740258937038717,8,80000,8001
GTCTGGGT,0.52325726,0.5244711994392447,8,80000,8001
ACCCGCTT,0.5229277,0.40635179153094464,8,80000,8001
TCCCTAGT,0.5228235,0.35782171277780067,8,80000,8001
GCTCTCTT,0.52281815,0.26627633694800645,8,80000,8001
TCGTCATT,0.52268964,0.4892693687378881,8,80000,8001
TCGTGCCT,0.5212385,0.2653795406753804,8,80000,8001
AGATTTTT,0.5202781,0.5838762214983714,8,80000,8001
AATTAGCT,0.518649,0.45772687914897126,8,80000,8001
TCCGTGGT,0.5179312,0.30329237620088234,8,80000,8001
CCGGATGT,0.51525223,0.6006576505999258,8,80000,8001
GTATGCAT,0.51385456,0.5124211437760278,8,80000,8001
GCGGATGT,0.51368916,0.4294314105471488,8,80000,8001
GTATGCCT,0.51319206,0.44521296334474086,8,80000,8001
TAGCACCT,0.5128263,0.3080959056611553,8,80000,8001
GCACCGAT,0.5127679,0.5567970972663175,8,80000,8001
CGCTTAAT,0.51140964,0.5741248505339546,8,80000,8001
TCGAAACT,0.51097083,0.555859068981157,8,80000,8001
GTTACCCT,0.5103471,0.39051869871768446,8,80000,8001
CCTCCCCT,0.51014566,0.47251886364573453,8,80000,8001
TCAGGTCT,0.50987256,0.4815383663876634,8,80000,8001
AGAACACT,0.5089233,0.33177338885911023,8,80000,8001
CTATGCCT,0.5083699,0.27421349936090383,8,80000,8001
TGAGGGGT,0.50646985,0.3317012328371748,8,80000,8001
CAACTTGT,0.5054512,0.43824475322640494,8,80000,8001
GGTAGAAT,0.5044037,0.5919370799488723,8,80000,8001
TGGGGAAT,0.5043677,0.5586731538366388,8,80000,8001
GGTATGGT,0.50393665,0.5337071702469798,8,80000,8001
TGGTTTTT,0.5038669,0.6062858203108894,8,80000,8001
ACACCCGT,0.50337434,0.6712468560590442,8,80000,8001
GTCAATCT,0.5030228,0.49888673566156766,8,80000,8001
TCGTCCTT,0.50230455,0.4692409186492393,8,80000,8001
GGGCTAGT,0.50214446,0.23570279965365112,8,80000,8001
TCAAACCT,0.50188434,0.486548055910609,8,80000,8001
TCTAAACT,0.5016146,0.5954727250237084,8,80000,8001
CCGATTCT,0.5011451,0.45035665690842375,8,80000,8001
GATGTGTT,0.50101256,0.4535727538861172,8,80000,8001
GGGGTTGT,0.49977523,0.4413474621696285,8,80000,8001
TGCCCCAT,0.49910873,0.38762214983713356,8,80000,8001
TCCCAAAT,0.49831128,0.5193687378880963,8,80000,8001
TCGCTCTT,0.49819356,0.4785490454789098,8,80000,8001
GCCCGATT,0.49689743,0.4548303302684204,8,80000,8001
TCAGTCGT,0.49672547,0.4197315795984002,8,80000,8001
TAAAGAGT,0.49603742,0.4680451902857379,8,80000,8001
AAAGTAGT,0.49582356,0.40728981981610524,8,80000,8001
ATCGTTGT,0.49476022,0.6473735208015503,8,80000,8001
ACCTCATT,0.4944761,0.5422009648290933,8,80000,8001
TACGCTGT,0.49429232,0.34395744856306437,8,80000,8001
GCTGGATT,0.49428374,0.45450047416814415,8,80000,8001
CCCATCTT,0.4935429,0.3420916999958768,8,80000,8001
TAGACCCT,0.4923907,0.4204222158083536,8,80000,8001
CTTTTTTT,0.49141976,0.4467591638147858,8,80000,8001
GACGCGAT,0.4904896,0.5991217581330145,8,80000,8001
TCCTCCTT,0.4902336,0.5237084072073558,8,80000,8001
CGTTTCCT,0.48776156,0.4628087246938523,8,80000,8001
CAGTCTCT,0.48643845,0.3667381354883932,8,80000,8001
ATTCCCAT,0.486076,0.5363150950397889,8,80000,8001
CATAAACT,0.48560864,0.46895229456149756,8,80000,8001
ACTCCAAT,0.4855328,0.5235744031666185,8,80000,8001
CAATCAAT,0.48526236,0.5247907475363872,8,80000,8001
AGGGGCAT,0.48271662,0.6345606729064445,8,80000,8001
CCAGTTGT,0.4827103,0.35312126334886407,8,80000,8001
TATGTACT,0.48231506,0.5815156887807694,8,80000,8001
TCAAACAT,0.48223996,0.6869871768441018,8,80000,8001
CCAATCTT,0.48185533,0.5540139364202368,8,80000,8001
GGTGTGTT,0.48030394,0.5380159155568383,8,80000,8001
GTTCGATT,0.47998253,0.6047602358471118,8,80000,8001
CCCCGCAT,0.47907567,0.3548736238815816,8,80000,8001
CACTTACT,0.4788555,0.31575475198944464,8,80000,8001
AGAGGAGT,0.47871646,0.5266049560879067,8,80000,8001
GTGAGCAT,0.4778752,0.36754215973281656,8,80000,8001
TGTGACCT,0.47745997,0.3460602812023255,8,80000,8001
GTTGGGTT,0.4759802,0.6362305694140931,8,80000,8001
GATTTTCT,0.47595534,0.4310806910485301,8,80000,8001
ATAATTGT,0.47564843,0.715035253370717,8,80000,8001
CCTGCTCT,0.474765,0.4398115697027172,8,80000,8001
TAGCGACT,0.4740039,0.3615738259184431,8,80000,8001
AAGGGAGT,0.47378278,0.5355729188141674,8,80000,8001
TTTAAGGT,0.47344142,0.2734713231352822,8,80000,8001
AGTTTCCT,0.47343707,0.27703789221951924,8,80000,8001
AGCATAGT,0.47255445,0.4824248546571558,8,80000,8001
TCGCCAGT,0.4718209,0.3530284913206614,8,80000,8001
TACCGGCT,0.4714505,0.5694037850987508,8,80000,8001
AGGTCAGT,0.47073287,0.30252958396899354,8,80000,8001
CCCAGGGT,0.47068602,0.31230157093967753,8,80000,8001
CCATGTCT,0.4706054,0.40323877458458746,8,80000,8001
CGGTTTCT,0.4703658,0.3812002638848802,8,80000,8001
CTACAGGT,0.46959364,0.33688615841339214,8,80000,8001
CCTAAGGT,0.4695636,0.2074794870737641,8,80000,8001
AATTGGCT,0.4695496,0.5034428730466334,8,80000,8001
CAATCGTT,0.46912414,0.6416525790623839,8,80000,8001
CTGTAGCT,0.46910676,0.34201954397394135,8,80000,8001
CCCACAAT,0.46909893,0.5041335092565868,8,80000,8001
TGTTTCCT,0.46904534,0.4193811074918567,8,80000,8001
TTCTTGTT,0.46791273,0.6263555024120727,8,80000,8001
CGTGTGTT,0.46778774,0.3651816270152146,8,80000,8001
CATCGGGT,0.4677189,0.5559312250030924,8,80000,8001
TCTCCGTT,0.46739084,0.5724549540263061,8,80000,8001
ACGCCCAT,0.46674246,0.4145054220096483,8,80000,8001
CCTTTACT,0.46668768,0.4109800849379458,8,80000,8001
ACCGTTCT,0.46663302,0.2009854450995753,8,80000,8001
ACAGAGGT,0.4665233,0.39717766874201127,8,80000,8001
GGGGTCGT,0.46587405,0.3821486001731745,8,80000,8001
CTCTTGGT,0.4650982,0.48214653857254774,8,80000,8001
CGACATGT,0.46497905,0.418051375087618,8,80000,8001
TCCGGGTT,0.46492904,0.5528594400692698,8,80000,8001
CGGGGTCT,0.46491498,0.5900610233785512,8,80000,8001
TTTAGAGT,0.46481228,0.5008864882694924,8,80000,8001
CCAGATGT,0.4643029,0.5738156104399456,8,80000,8001
TACAACTT,0.46419036,0.5492928709850328,8,80000,8001
CTCCTGTT,0.4635244,0.3963324124850534,8,80000,8001
CTATTCGT,0.4631968,0.5596730301406012,8,80000,8001
CGCATCTT,0.4631741,0.4128870655176679,8,80000,8001
TAAGCAAT,0.46305937,0.6974188760153383,8,80000,8001
GGGGGGTT,0.46298528,0.602647095204717,8,80000,8001
GAATGAAT,0.4627039,0.6686492392693687,8,80000,8001
ACAAGGGT,0.46215326,0.5631983672123037,8,80000,8001
TGTAAGGT,0.4620449,0.4836618150331918,8,80000,8001
AACCCAAT,0.46203005,0.5907310435822373,8,80000,8001
GTGTTTGT,0.4619913,0.5691667010266771,8,80000,8001
TCGCCCCT,0.46159333,0.450882365068239,8,80000,8001
TATGGCAT,0.46148983,0.6032964994021358,8,80000,8001
CTCTTCCT,0.46102363,0.4177215189873418,8,80000,8001
TCTTCCCT,0.46092725,0.3564507483610275,8,80000,8001
TTGTAGGT,0.46082497,0.42131901208097966,8,80000,8001
TTGCACAT,0.4606519,0.440265121840597,8,80000,8001
TAGTAGCT,0.46026137,0.5449635096689069,8,80000,8001
TGTCCCTT,0.45954907,0.4080010720323259,8,80000,8001
ATGGAGCT,0.45790768,0.39575516430957,8,80000,8001
CACTAACT,0.45785147,0.31151816270152144,8,80000,8001
AACCCCAT,0.45732728,0.3329175772069435,8,80000,8001
TCCTGCGT,0.4573123,0.4234527687296417,8,80000,8001
TTCTCTCT,0.457236,0.3956417762751,8,80000,8001
GGAGACCT,0.45693862,0.4120727332701109,8,80000,8001
GGTAGACT,0.45654598,0.4536242939017854,8,80000,8001
AGTAGCGT,0.45610076,0.35593534820434586,8,80000,8001
TCAGTTCT,0.45572746,0.5062981899146497,8,80000,8001
CTCTTCAT,0.45537004,0.6082031088937451,8,80000,8001
TAGCTGTT,0.45502847,0.512668535851235,8,80000,8001
ACTAGGTT,0.45470068,0.6181812559271018,8,80000,8001
ACCAGACT,0.4545504,0.4949903104770544,8,80000,8001
GGATGACT,0.4541406,0.5379540675380365,8,80000,8001
TAGCTTCT,0.45362264,0.48209499855687954,8,80000,8001
AGAGAACT,0.453389,0.5606935224508308,8,80000,8001
CCGGTTCT,0.45290062,0.4715292953449058,8,80000,8001
TCGTAGCT,0.45227185,0.35947099327918197,8,80000,8001
AACGTAAT,0.4520672,0.3190739289984745,8,80000,8001
TGAACCTT,0.45190722,0.5163381849668082,8,80000,8001
TGTTACCT,0.4516418,0.541592792644209,8,80000,8001
GCTGTAAT,0.45164132,0.4813837463406589,8,80000,8001
CCGTTAAT,0.45137453,0.564816723704284,8,80000,8001
AGTAGATT,0.450676,0.5644765596008742,8,80000,8001
TAGACTTT,0.45064926,0.4772296210778048,8,80000,8001
CAGCTCAT,0.45030123,0.6476312208798911,8,80000,8001
ATGCCTTT,0.44948703,0.457087782954686,8,80000,8001
GTTCAACT,0.44944826,0.4869603760359543,8,80000,8001
CCCCGAGT,0.44940913,0.5154104646847812,8,80000,8001
GGGGAGGT,0.4491717,0.4832701109141137,8,80000,8001
TGGAGCAT,0.44891053,0.45918030759081346,8,80000,8001
TAAGGGTT,0.4485929,0.4206902238898281,8,80000,8001
AGCAACAT,0.44856364,0.3470910815156888,8,80000,8001
AGCAGTTT,0.44828582,0.3884880221003587,8,80000,8001
AATTCATT,0.44800103,0.4595720117098916,8,80000,8001
GACATTTT,0.44787353,0.3461530532305282,8,80000,8001
TATGACTT,0.44783747,0.5759390590854739,8,80000,8001
ACACGAGT,0.44770747,0.562765431080691,8,80000,8001
GCCGTGTT,0.44744235,0.5393868799736116,8,80000,8001
GGGTGAAT,0.44737685,0.39650764853832515,8,80000,8001
AGCTATGT,0.44623783,0.48373397105512717,8,80000,8001
TGCGTAAT,0.4461388,0.4835175029893209,8,80000,8001
GTTGCTCT,0.44610968,0.2571537541747413,8,80000,8001
GTACTCTT,0.44602513,0.3044365645487156,8,80000,8001
ATTCCAAT,0.44552463,0.5513441636086257,8,80000,8001
TGTCCGGT,0.4455052,0.38397311672782747,8,80000,8001
TTTGAGGT,0.44531342,0.32129014967220554,8,80000,8001
TTTCACTT,0.44529384,0.4742609161753185,8,80000,8001
CCATTCAT,0.44525158,0.42766874201129756,8,80000,8001
CTCTCCTT,0.445074,0.4726219436770709,8,80000,8001
GTCCTCAT,0.44484696,0.582031088937451,8,80000,8001
TTCGTTCT,0.44481087,0.5412423205376655,8,80000,8001
AAAAAGCT,0.44461626,0.36616088731290974,8,80000,8001
AGCCCCAT,0.44459873,0.35554364408526784,8,80000,8001
TACTTCGT,0.44436187,0.5252752236836681,8,80000,8001
CTCAGTTT,0.4440258,0.3601822454954026,8,80000,8001
ATGACCGT,0.44395357,0.4668185379128355,8,80000,8001
GTAGCTCT,0.44388407,0.31398177545045974,8,80000,8001
TCAACTTT,0.44333723,0.39031253865501175,8,80000,8001
CATTAATT,0.44297418,0.48918690471281906,8,80000,8001
ATTGTCCT,0.4429013,0.5271718962602565,8,80000,8001
TTTTAGCT,0.44281042,0.6092029851977074,8,80000,8001
GCATGAAT,0.4422725,0.39986805755988947,8,80000,8001
CACAGTGT,0.44158515,0.4680039582732033,8,80000,8001
AGCGGGGT,0.44061062,0.610058549457799,8,80000,8001
GTGATTTT,0.44048256,0.5285737846864306,8,80000,8001
TCACAGGT,0.44038177,0.39096194285243063,8,80000,8001
GGGGTCCT,0.43949527,0.4079083000041232,8,80000,8001
GTACCGGT,0.43916428,0.5050509215354801,8,80000,8001
GCTCCCCT,0.43898606,0.21996247886859355,8,80000,8001
ACCCTGGT,0.43859053,0.7160351296746793,8,80000,8001
TAGTGTTT,0.43810487,0.5160598688822001,8,80000,8001
ACCAGGTT,0.43745434,0.4438832309405022,8,80000,8001
AGTGTACT,0.43694967,0.4857852636787202,8,80000,8001
AAGACTTT,0.43678457,0.31839360079165463,8,80000,8001
ACCCTCAT,0.43665054,0.5797736362511854,8,80000,8001
CTATGGGT,0.43633285,0.5007937162412898,8,80000,8001
CCATAATT,0.4362865,0.48106419824351626,8,80000,8001
TCCCCCGT,0.4357619,0.6595163484929699,8,80000,8001
TCCGCGCT,0.4351902,0.5654042798829011,8,80000,8001
GCGTCTCT,0.43498373,0.33129922071496315,8,80000,8001
TCCGTACT,0.43485695,0.40836185214200305,8,80000,8001
GGCAATCT,0.43385857,0.2728940749597988,8,80000,8001
TCCGCGGT,0.43359149,0.5242238073640375,8,80000,8001
AGCCCAAT,0.43339694,0.25166989650764854,8,80000,8001
CCACGCAT,0.43330437,0.3271038634395745,8,80000,8001
TCTGTACT,0.4330489,0.6286748031171402,8,80000,8001
TTAATTGT,0.43248093,0.4831361068733765,8,80000,8001
AGGAGTTT,0.43221748,0.48693976002968703,8,80000,8001
CGGGTTCT,0.4321569,0.4642415371294273,8,80000,8001
TTAGAGGT,0.43193135,0.46807611429513873,8,80000,8001
GAATCCGT,0.43191803,0.5819795489217829,8,80000,8001
ATGGAGTT,0.4318202,0.2959530779697357,8,80000,8001
CCCCCGTT,0.43157482,0.491238197336412,8,80000,8001
AGGTCATT,0.43137088,0.40242444233703045,8,80000,8001
GGGCTCAT,0.43129268,0.6424050632911393,8,80000,8001
CCATTCGT,0.43076748,0.4115573331134293,8,80000,8001
CAGGTAGT,0.43062216,0.2705438502453305,8,80000,8001
ACACTGCT,0.43060842,0.36362511854203605,8,80000,8001
GTGAGGGT,0.43060386,0.47148806333237125,8,80000,8001
GCTAACAT,0.43047822,0.42283428854162375,8,80000,8001
CTTGTCGT,0.43026495,0.6018946109759618,8,80000,8001
GGAAACCT,0.4291653,0.17864800230899272,8,80000,8001
CATCTACT,0.42913955,0.6731229126293654,8,80000,8001
GTAGGGGT,0.4280646,0.5533129922071497,8,80000,8001
AAACGTGT,0.42782605,0.3985280171525172,8,80000,8001
TGACCGCT,0.42757463,0.3967756566197996,8,80000,8001
CTCTCTCT,0.42756772,0.4140931018843029,8,80000,8001
ACCAGGCT,0.42719662,0.5197810580134417,8,80000,8001
CCCTCTTT,0.4270854,0.3890343462664413,8,80000,8001
CTCTTCTT,0.42655456,0.5598998062095412,8,80000,8001
CCTCACGT,0.42649645,0.38366387663381846,8,80000,8001
CCTTTAGT,0.42635626,0.48068280212757186,8,80000,8001
CTGTCTTT,0.42627215,0.35605904424194945,8,80000,8001
ACCGAGTT,0.42564854,0.3622953861377974,8,80000,8001
GAAAGACT,0.42551494,0.28229497381767205,8,80000,8001
GATGATTT,0.4254708,0.5144724363996207,8,80000,8001
TAACCAGT,0.42536342,0.5439636333649446,8,80000,8001
AGGTGACT,0.42484352,0.3315981528058385,8,80000,8001
TAGTGCCT,0.4248137,0.1918628623263101,8,80000,8001
GAGTCTTT,0.42479318,0.26768853337731413,8,80000,8001
TCGACTGT,0.42432415,0.33231971302519275,8,80000,8001
CACTTCAT,0.4242197,0.4611800601987383,8,80000,8001
CGGTTCGT,0.42394522,0.6105739496144807,8,80000,8001
TACGCCTT,0.4237782,0.49258854574691796,8,80000,8001
TGGTTGGT,0.4236366,0.5274708283511318,8,80000,8001
CTCTTTCT,0.423505,0.4850533954562322,8,80000,8001
CGGTTTTT,0.42338514,0.6034511194491404,8,80000,8001
TAAGCCCT,0.42310724,0.3441429926194698,8,80000,8001
GCAGGGTT,0.42302394,0.5064940419741888,8,80000,8001
AGCCGAAT,0.42280078,0.49402135818249293,8,80000,8001
CCTGACAT,0.42279017,0.28100647342596796,8,80000,8001
GTTAAACT,0.4225565,0.4420380983795819,8,80000,8001
TACGTTGT,0.4225117,0.357728940749598,8,80000,8001
TAGTCCCT,0.42239016,0.41782459901867813,8,80000,8001
CTTAAGGT,0.42238995,0.4319156393023543,8,80000,8001
CCTGAAGT,0.4223759,0.4195151115325939,8,80000,8001
CTCTGAGT,0.42207533,0.3582031088937451,8,80000,8001
CGAAAGGT,0.42195594,0.43806951717313325,8,80000,8001
ATGTGGTT,0.42192024,0.2696779779821053,8,80000,8001
TTTGCATT,0.42187247,0.5395518080237496,8,80000,8001
TCGGAGTT,0.42164648,0.5248629035583227,8,80000,8001
AGGTACCT,0.42150903,0.1541871108728817,8,80000,8001
GAAATTGT,0.42142767,0.46108728817053557,8,80000,8001
CCCATAGT,0.42130354,0.36534655506535274,8,80000,8001
AAAATCGT,0.4210288,0.5168020451078218,8,80000,8001
GCTCCTCT,0.4209597,0.26451366841215523,8,80000,8001
TGCAGGGT,0.4206297,0.5434894652207974,8,80000,8001
ACTGGCGT,0.4202056,0.21910691460850207,8,80000,8001
ATTGGCAT,0.4192935,0.47502370840720737,8,80000,8001
TCACGCCT,0.4191365,0.435801756483734,8,80000,8001
AGGGTTTT,0.41834736,0.5524677359501917,8,80000,8001
GTTAGACT,0.41815227,0.35026594648084775,8,80000,8001
AGCGTTCT,0.4181438,0.3789221951923473,8,80000,8001
AAGTGCAT,0.4180041,0.273028079000536,8,80000,8001
TTAGCTGT,0.41791204,0.2750896796272626,8,80000,8001
GCTAGGCT,0.4178961,0.25865872263225165,8,80000,8001
GCCCGACT,0.41779858,0.27153341854615926,8,80000,8001
TTCAAAGT,0.4172488,0.39417803983012406,8,80000,8001
AGAGTCAT,0.41685706,0.5823609450377273,8,80000,8001
ACCGGCTT,0.4168527,0.2766874201129757,8,80000,8001
CCTCACCT,0.4165139,0.30666309322558033,8,80000,8001
TACCGGTT,0.41625392,0.5835875974106296,8,80000,8001
TCCAGACT,0.41616774,0.3581618768812106,8,80000,8001
AAACCTCT,0.4158693,0.6199233084566858,8,80000,8001
TTCCCCGT,0.41549224,0.47135405929163404,8,80000,8001
CTTAGAGT,0.41530213,0.5334803941780398,8,80000,8001
CTGCTATT,0.41528684,0.4794355337484023,8,80000,8001
AGAAAGTT,0.41502482,0.27904795283057765,8,80000,8001
GAAATCTT,0.41464454,0.3005092153548014,8,80000,8001
TCAACGGT,0.4144026,0.5653011998515647,8,80000,8001
AGCCAACT,0.4142569,0.3632437224260916,8,80000,8001
TAGGCAAT,0.41403496,0.5935863604502536,8,80000,8001
CTCTTTGT,0.41348967,0.3501010184307096,8,80000,8001
TCCACGGT,0.41323853,0.29678802622356,8,80000,8001
CATGTTCT,0.41304982,0.5078443903846946,8,80000,8001
AAGCTCAT,0.41289085,0.5572403414010638,8,80000,8001
CCCGGCGT,0.41269684,0.45062466498989817,8,80000,8001
TGGGAGTT,0.41235998,0.556642477219313,8,80000,8001
TGTGGAGT,0.41229862,0.3875396858120645,8,80000,8001
CAATTCCT,0.4120558,0.5911433637075826,8,80000,8001
AGCTGGGT,0.4118443,0.5947099327918196,8,80000,8001
CAGCCCCT,0.41179127,0.37333525749391827,8,80000,8001
CCCAGAAT,0.41119695,0.31866160887312905,8,80000,8001
CCGGAGCT,0.41095364,0.39978559353482046,8,80000,8001
GGCAGATT,0.41089845,0.5597554941656703,8,80000,8001
ACTACCGT,0.4107397,0.51134911145013,8,80000,8001
CTGTCGCT,0.4106378,0.36218199810332746,8,80000,8001
GTACGGGT,0.41052195,0.5004226281284789,8,80000,8001
GGAGAGGT,0.410172,0.42092730796190164,8,80000,8001
CGGTAAGT,0.40993926,0.49025893703871687,8,80000,8001
GCAATCCT,0.4098019,0.499072279717973,8,80000,8001
GCTAAGCT,0.40962988,0.2861604749927844,8,80000,8001
CTTGCTCT,0.40926826,0.42544221333443283,8,80000,8001
AGCAGCAT,0.4087787,0.3817465880509628,8,80000,8001
CAAGTTGT,0.4087325,0.4162165505298314,8,80000,8001
AGGTTAGT,0.40839112,0.39907434131859976,8,80000,8001
AAACCGCT,0.40837842,0.4133509256586814,8,80000,8001
TGCCTCAT,0.408375,0.36362511854203605,8,80000,8001
AGCGTAAT,0.4082219,0.496938523069311,8,80000,8001
CCCGCCGT,0.40757543,0.505586937698429,8,80000,8001
TTCACTGT,0.40724504,0.39463159196800396,8,80000,8001
CCTCTCGT,0.4070421,0.43845091328907765,8,80000,8001
GCTCGAGT,0.40702105,0.3047767286521255,8,80000,8001
CTTTCACT,0.40621442,0.45446955015874324,8,80000,8001
GCGATTCT,0.4062024,0.4127324454706634,8,80000,8001
ATTGGCGT,0.40599927,0.45934523564095164,8,80000,8001
CGTGTTTT,0.40572858,0.5115552715128026,8,80000,8001
GTCTAGTT,0.40536642,0.4851667834907022,8,80000,8001
ACCAAGCT,0.40506893,0.41416525790623837,8,80000,8001
CCAGTACT,0.40499076,0.3677070877829547,8,80000,8001
AGTCGCTT,0.40478662,0.45737640704242777,8,80000,8001
AGGCTCAT,0.40442836,0.6796066466004206,8,80000,8001
CACTCTCT,0.4043463,0.3857048612542778,8,80000,8001
ACCGTGCT,0.40424865,0.36689275553539763,8,80000,8001
GCTAGAAT,0.4041654,0.44340906279635506,8,80000,8001
GGAGTGGT,0.40416208,0.38151981198202284,8,80000,8001
GTCCCCAT,0.40395868,0.4219168762627304,8,80000,8001
ACTGACAT,0.40392366,0.4725600956582691,8,80000,8001
ACTGGCTT,0.40360564,0.3948068280212757,8,80000,8001
TGGGACCT,0.403267,0.287912835525502,8,80000,8001
CGTTTTCT,0.4032219,0.411845957201171,8,80000,8001
TTTTCGGT,0.40308794,0.4122582773265163,8,80000,8001
GAGACTGT,0.40289176,0.3860759493670886,8,80000,8001
TTCTTTCT,0.40283924,0.47741516513421023,8,80000,8001
CATTTAGT,0.40275204,0.6389518822413722,8,80000,8001
ACGGGTCT,0.40254402,0.3485032779449965,8,80000,8001
ACGCTCCT,0.40251213,0.46277780068445146,8,80000,8001
TTGTGAGT,0.40214506,0.4805075660743001,8,80000,8001
GCTTCTCT,0.40201318,0.3016327876963675,8,80000,8001
CCGGTAGT,0.40177435,0.3740877417226735,8,80000,8001
CAGGTGCT,0.40171385,0.3565538283923638,8,80000,8001
TTCGAGTT,0.4015738,0.16416525790623843,8,80000,8001
CAGAGCAT,0.40155742,0.3423597080773512,8,80000,8001
TTGGAGTT,0.40107203,0.2993650270069682,8,80000,8001
GGAGTTTT,0.40081504,0.4525316455696203,8,80000,8001
CCCATTTT,0.40065727,0.19202779037644824,8,80000,8001
CAAGTGGT,0.4005981,0.49748484723539355,8,80000,8001
GACCCTCT,0.4005878,0.40620747948707375,8,80000,8001
TTTCGTCT,0.4004917,0.48077557415577454,8,80000,8001
ATGTCGTT,0.40028128,0.23265163072609577,8,80000,8001
GCTCAGTT,0.399913,0.4960211107904177,8,80000,8001
TGCTCCAT,0.39980167,0.30644662515977406,8,80000,8001
CCGTAGGT,0.39977148,0.280583845297489,8,80000,8001
CTTGATGT,0.39953095,0.4705088030346762,8,80000,8001
GAATGTTT,0.39937028,0.44977940873294026,8,80000,8001
GCCCCTTT,0.39926863,0.29997319919185256,8,80000,8001
AAGACCCT,0.3989245,0.48008493794582113,8,80000,8001
TACGCAAT,0.39888775,0.5941017606069353,8,80000,8001
CCACTCTT,0.3988679,0.3674493877046139,8,80000,8001
AGGATGTT,0.3986289,0.49828887147981693,8,80000,8001
CATCCTGT,0.39853668,0.5403867562775739,8,80000,8001
ACTGTCTT,0.39841175,0.3161052240959882,8,80000,8001
GCTTTTGT,0.39836478,0.26417350430874526,8,80000,8001
ACGCGGGT,0.39825696,0.40593947140559933,8,80000,8001
CTTTAAGT,0.39819434,0.5181111615057932,8,80000,8001
GCTCCGGT,0.39811897,0.3179812806663093,8,80000,8001
CTTTGGCT,0.3976331,0.44211025440151736,8,80000,8001
ACCAGAGT,0.39756936,0.35540964004453063,8,80000,8001
TCGTCCCT,0.39755157,0.34795695377891395,8,80000,8001
ACGTCAAT,0.39748803,0.36863480806498167,8,80000,8001
ACGCCCCT,0.39730084,0.5362017070053189,8,80000,8001
CAGTTCGT,0.39723623,0.31344575928751084,8,80000,8001
CCGAGAGT,0.39717156,0.3579041768028698,8,80000,8001
GAAACATT,0.3971588,0.35417267966849464,8,80000,8001
CCCGACGT,0.39706892,0.33962808724693855,8,80000,8001
CATAGGTT,0.39706457,0.4550674143404939,8,80000,8001
GGAGTCCT,0.3970481,0.4840741351585371,8,80000,8001
ACGTGCAT,0.39700383,0.5486022347750793,8,80000,8001
GGGGAGTT,0.39694273,0.36110996577742954,8,80000,8001
CAAGTACT,0.39683992,0.548530078753144,8,80000,8001
TGGTGAGT,0.3967057,0.5249247515771245,8,80000,8001
CTGCATGT,0.39642528,0.4256792974065064,8,80000,8001
ACGTTTCT,0.3963669,0.33160846080897205,8,80000,8001
CCTGCGGT,0.39606673,0.3668412155197295,8,80000,8001
ACAACCCT,0.39599654,0.40395002680080816,8,80000,8001
ACGACAGT,0.39598256,0.3238980744650146,8,80000,8001
CACATCCT,0.39591533,0.5296664330185956,8,80000,8001
CAAGTAGT,0.39552993,0.5669195563435452,8,80000,8001
GAAGACTT,0.3953687,0.38869418216303137,8,80000,8001
TGCCTAAT,0.39518023,0.5106481672370429,8,80000,8001
TTCCCGGT,0.3947464,0.5682699047540511,8,80000,8001
GAAGATGT,0.39463687,0.6858223724900012,8,80000,8001
CCACCATT,0.39445055,0.25824640250690634,8,80000,8001
TAGAACAT,0.3944308,0.5053292376200882,8,80000,8001
AGGTTTGT,0.39436737,0.5450356656908424,8,80000,8001
CATGACGT,0.3942926,0.36341895847936334,8,80000,8001
GGAGTACT,0.3941968,0.45403661402713064,8,80000,8001
CATGGAGT,0.39417812,0.5299859811157382,8,80000,8001
CTGTAAGT,0.39409703,0.5068651300869995,8,80000,8001
TCCTAATT,0.39403215,0.5879169587267555,8,80000,8001
CCACCCGT,0.39401925,0.5231930070506742,8,80000,8001
CCGTTCTT,0.39391726,0.4462437636581042,8,80000,8001
TAAGGTTT,0.39380568,0.6222941491774214,8,80000,8001
CCTTCATT,0.3936401,0.37961283140230073,8,80000,8001
GGATGGTT,0.3935867,0.45715993897662144,8,80000,8001
GGAAACAT,0.39344847,0.3063126211190368,8,80000,8001
TAGAGACT,0.3931645,0.4074959798787779,8,80000,8001
TGCACAAT,0.39298,0.3890446542695749,8,80000,8001
CCTGACCT,0.39285395,0.383509256586814,8,80000,8001
GACCTTCT,0.3925689,0.36575887519069805,8,80000,8001
GCGGTGTT,0.39237818,0.4671071620005773,8,80000,8001
CCAGAACT,0.3923026,0.41326846163361236,8,80000,8001
GGAATGTT,0.3922432,0.2240650641157795,8,80000,8001
CCGTTTGT,0.3919928,0.38677689358017564,8,80000,8001
TTTGCCAT,0.3917115,0.2689048777470828,8,80000,8001
TGCACCAT,0.39161205,0.3474724776316332,8,80000,8001
CGTAACAT,0.39159125,0.27552261575887516,8,80000,8001
GTCTCCGT,0.39153117,0.5770832474333072,8,80000,8001
TGAGTTGT,0.39105597,0.5065249659835896,8,80000,8001
TTAAGCAT,0.391019,0.7079433472147776,8,80000,8001
TTGATGTT,0.39099362,0.5390157918608007,8,80000,8001
TCATTTGT,0.39078873,0.5246670514987836,8,80000,8001
ACCATCGT,0.39050254,0.2474023832103245,8,80000,8001
CCGTGAAT,0.39014345,0.4128355255019997,8,80000,8001
TTCTGAGT,0.3901302,0.22742547313734382,8,80000,8001
TTCTACGT,0.39009333,0.315548591926772,8,80000,8001
CCAATTGT,0.3900692,0.28193419370799494,8,80000,8001
TTCCAGGT,0.38989666,0.44021358182492887,8,80000,8001
CGTAGCAT,0.38973308,0.3387106749680452,8,80000,8001
GTGTGTGT,0.3895393,0.3472147775532924,8,80000,8001
GATGGGCT,0.3895236,0.3125592710180184,8,80000,8001
ACATGCTT,0.38920528,0.5315837216014514,8,80000,8001
CCGCTAAT,0.3890869,0.37738630272543605,8,80000,8001
GGATGCCT,0.38897443,0.4615511483115491,8,80000,8001
TGACCGGT,0.3886315,0.5683729847853874,8,80000,8001
TTGCTAGT,0.3885682,0.5108543272997155,8,80000,8001
AAGCATTT,0.38849798,0.33340205335422424,8,80000,8001
GGATGGGT,0.388422,0.4929596338597287,8,80000,8001
CATGGGTT,0.38829762,0.6232527934688492,8,80000,8001
CTCACCCT,0.3882504,0.3892817383416485,8,80000,8001
CTCTTGTT,0.38823915,0.5019585205953903,8,80000,8001
TCCCGCCT,0.38818395,0.41753597493093636,8,80000,8001
GTAGCACT,0.38763854,0.4259473054879809,8,80000,8001
CCCATGTT,0.38746274,0.6607430008658723,8,80000,8001
CCAGTTTT,0.38692242,0.39512637611841833,8,80000,8001
AGCGAGTT,0.3868537,0.39490990805261206,8,80000,8001
CCATTGTT,0.38682857,0.41108316496928216,8,80000,8001
CCGCTTGT,0.3867355,0.4248855811652167,8,80000,8001
GGGAAAAT,0.3866216,0.45369644992372077,8,80000,8001
CCCATTGT,0.38644025,0.564394095575805,8,80000,8001
CAGTCTTT,0.38612753,0.4553766544345029,8,80000,8001
AAACCCGT,0.38607424,0.4655300375211314,8,80000,8001
AAAGTGTT,0.3859229,0.4964025069063621,8,80000,8001
CCCGTCTT,0.385645,0.5081330144724364,8,80000,8001
CCCTCGGT,0.38558173,0.3872304457180555,8,80000,8001
GGAATGGT,0.38537884,0.4561806786789263,8,80000,8001
GAGACTCT,0.38515705,0.4696016987589164,8,80000,8001
AGCTGGTT,0.38514578,0.3716344369768689,8,80000,8001
AAAATTTT,0.38420844,0.3414835278109925,8,80000,8001
TCGTGGCT,0.38403895,0.3299694883107245,8,80000,8001
TCCATGCT,0.38395014,0.4176081309528718,8,80000,8001
GCCCATGT,0.38373318,0.1893167855523028,8,80000,8001
CTAGACGT,0.38349757,0.45222240547561127,8,80000,8001
TCCTCCCT,0.38342458,0.5552199727868716,8,80000,8001
GAGTCAAT,0.3828741,0.6367253535645075,8,80000,8001
GAGTACAT,0.38285014,0.5279037644827443,8,80000,8001
AGCTCGCT,0.3827004,0.45285119366676285,8,80000,8001
CCTAGCAT,0.3826473,0.46177792438048904,8,80000,8001
ACGCTTGT,0.3824354,0.43102915103286193,8,80000,8001
CCGTCATT,0.38224888,0.2528243928586154,8,80000,8001
GGGGTTCT,0.3820716,0.3950748361027502,8,80000,8001
GCTTCATT,0.38187355,0.23185791448480597,8,80000,8001
GTTCTGCT,0.38167405,0.49768069929493264,8,80000,8001
CCCGCTGT,0.38156483,0.3274852595555189,8,80000,8001
AGGCACAT,0.38124812,0.31573413598317734,8,80000,8001
CAGTAGCT,0.38119197,0.3906733187646889,8,80000,8001
CCCGCGCT,0.3810531,0.3401641034098874,8,80000,8001
CCAGCAAT,0.3810314,0.2580196264379665,8,80000,8001
CGTTGTCT,0.38070533,0.41188718921370554,8,80000,8001
GAGGTCTT,0.38070154,0.11788232383622646,8,80000,8001
CGGAGAGT,0.38055244,0.5364181750711252,8,80000,8001
GGCCGATT,0.38046968,0.32318682224879397,8,80000,8001
AGGTTCGT,0.38029325,0.5123902197666268,8,80000,8001
GGAGGACT,0.38026014,0.3227229621077805,8,80000,8001
GCGGTCCT,0.3798907,0.2615965035253371,8,80000,8001
CCGTGTGT,0.379867,0.37624211437760274,8,80000,8001
CAGGTTCT,0.3796935,0.383591720611883,8,80000,8001
CACACGGT,0.37918434,0.312064486867604,8,80000,8001
TCCTCGCT,0.37908554,0.6190677441965943,8,80000,8001
AGGTACGT,0.37872657,0.46189131241495895,8,80000,8001
CGCGTGTT,0.37857065,0.3568527604832392,8,80000,8001
ACACTGGT,0.3785522,0.5156887807693893,8,80000,8001
GGTGAATT,0.37830472,0.33393806951717314,8,80000,8001
TTAAGGGT,0.37815675,0.5701356533212386,8,80000,8001
CCCGTAGT,0.37811357,0.46177792438048904,8,80000,8001
GCAATCTT,0.37785947,0.3837978806745557,8,80000,8001
CTTCCTCT,0.37775454,0.5160083288665319,8,80000,8001
GAAGGAGT,0.37772897,0.4521399414505422,8,80000,8001
CGTTAACT,0.37770176,0.48175483445346967,8,80000,8001
CGTGATGT,0.3776831,0.34729724157836145,8,80000,8001
CATAATTT,0.37763867,0.38082917577206943,8,80000,8001
CTGTCGTT,0.37742078,0.3240733105182864,8,80000,8001
ACCTCAGT,0.37737,0.5115243475034017,8,80000,8001
AAACGAGT,0.37716937,0.6182534119490373,8,80000,8001
TGCGATGT,0.37709206,0.5268420401599803,8,80000,8001
GGTACGGT,0.37700728,0.4916092854492228,8,80000,8001
TAGGCCCT,0.37694344,0.37948913536469714,8,80000,8001
AAATTCGT,0.3768372,0.48796025233991674,8,80000,8001
GTCGGGCT,0.3767448,0.09293695625283473,8,80000,8001
GCAAGCAT,0.37668914,0.4568610068857461,8,80000,8001
GATGTCCT,0.3764965,0.35427575969983094,8,80000,8001
AGGCGCGT,0.3763656,0.3689028161464561,8,80000,8001
TCACGCTT,0.3763305,0.438131365191935,8,80000,8001
CTTTCTGT,0.37624556,0.3947346719993403,8,80000,8001
CAAGACCT,0.37601358,0.2843153424318641,8,80000,8001
GGCTTGTT,0.37595195,0.14181750711252214,8,80000,8001
AAAGAGGT,0.3756066,0.465962973652744,8,80000,8001
GACAACCT,0.37529194,0.32733063950851443,8,80000,8001
CTAGTGGT,0.37499106,0.4730651878118171,8,80000,8001
GTAGTTCT,0.3749601,0.452706881622892,8,80000,8001
CAGCTTGT,0.37490663,0.5015977404857132,8,80000,8001
GGTCCAGT,0.3744346,0.3208365975343257,8,80000,8001
GACATGTT,0.37424898,0.4570259349358842,8,80000,8001
CTTAACGT,0.37404525,0.35051333855605493,8,80000,8001
AGCTCAGT,0.37393695,0.49250608172184884,8,80000,8001
AAAGATTT,0.3738967,0.4632313528223313,8,80000,8001
GTTCCCAT,0.37384862,0.5903805714756938,8,80000,8001
CGAGGAAT,0.3735785,0.520585082257865,8,80000,8001
TTGAACCT,0.3735385,0.5937615965035253,8,80000,8001
TAGGACCT,0.3735072,0.4810332742341154,8,80000,8001
TCAAACGT,0.3734705,0.6754215973281656,8,80000,8001
ACGTTTGT,0.37345102,0.2901702882117676,8,80000,8001
CTGCATTT,0.37330076,0.38099410382220755,8,80000,8001
GTACAGGT,0.3732819,0.42065929988042716,8,80000,8001
CACACGCT,0.37307534,0.4054549952583186,8,80000,8001
CAGGGCGT,0.37304553,0.18415247598235274,8,80000,8001
ACCGCACT,0.3727908,0.2928606770296458,8,80000,8001
GTTCACCT,0.37278032,0.3446480847730178,8,80000,8001
CCTTTGGT,0.3727366,0.5198738300416443,8,80000,8001
CACAGGGT,0.37268722,0.6176658557704202,8,80000,8001
ACTCCCGT,0.37246192,0.638312786047087,8,80000,8001
GGTGGCAT,0.37240684,0.2917989527068816,8,80000,8001
TCAGGCCT,0.37209672,0.4652104894239888,8,80000,8001
TAACGTCT,0.37202868,0.3187956129138663,8,80000,8001
GTGGGCAT,0.37199754,0.3320001649280501,8,80000,8001
TGAGTCCT,0.37191522,0.32540304292252503,8,80000,8001
GCCCGTGT,0.37188932,0.5459943099822703,8,80000,8001
AATCGAGT,0.37167674,0.5665484682307343,8,80000,8001
ACGTGGGT,0.37149718,0.47954892178287223,8,80000,8001
CGTAATGT,0.37091842,0.4367500927720282,8,80000,8001
CGCAGGGT,0.37081057,0.49760854327299714,8,80000,8001
GAGTTTGT,0.37078458,0.4885787325279347,8,80000,8001
ACCTGCCT,0.37066603,0.38277738836432607,8,80000,8001
GTAAAAGT,0.37051603,0.4737867480311714,8,80000,8001
TAGGTCGT,0.37009218,0.35000824640250694,8,80000,8001
GTTAAGCT,0.36998934,0.3434008163938482,8,80000,8001
GTCGTCAT,0.36998385,0.39068362676782253,8,80000,8001
TTTAGCAT,0.36976972,0.5290685688368449,8,80000,8001
GATGGCTT,0.36976346,0.476270976786377,8,80000,8001
AGAGTTGT,0.36956897,0.29588092194780025,8,80000,8001
CTCAGGCT,0.36956096,0.3814682719663547,8,80000,8001
AGAAGCGT,0.36952782,0.5192862738630273,8,80000,8001
CCCGTACT,0.36950392,0.36160474992784397,8,80000,8001
AGTTAGTT,0.36940196,0.2873871273656867,8,80000,8001
ACAGTTGT,0.36897588,0.3714798169298643,8,80000,8001
TGGGGCAT,0.3689199,0.4567579268544098,8,80000,8001
GGGTGGTT,0.36874038,0.30518904877747083,8,80000,8001
CCCCGCTT,0.36866158,0.3535232754710758,8,80000,8001
AGCCATTT,0.36858428,0.5471694223395044,8,80000,8001
AATGGCAT,0.36858255,0.5955036490331093,8,80000,8001
AGTCCCAT,0.36847585,0.38259184430792065,8,80000,8001
ATGCGGTT,0.3683838,0.5747124067125717,8,80000,8001
AAACTGTT,0.3682468,0.5084422545664454,8,80000,8001
AACGTGCT,0.36819398,0.28485135859481303,8,80000,8001
GGCTGGGT,0.36798015,0.2966540221828227,8,80000,8001
CAATGGGT,0.36754382,0.524460891436111,8,80000,8001
TGTTCGTT,0.36739546,0.5764544592421557,8,80000,8001
TGCTTTTT,0.3672351,0.4096606605368408,8,80000,8001
GCGCGGGT,0.36715645,0.3254133509256587,8,80000,8001
CGCGGCGT,0.3670332,0.07703170741763901,8,80000,8001
ATTTTCGT,0.36695707,0.4307714509545211,8,80000,8001
CCGGCTCT,0.36688137,0.33779326268915183,8,80000,8001
CATGTCCT,0.36686087,0.6492186533624706,8,80000,8001
CGCATTTT,0.3667513,0.2606893992495774,8,80000,8001
CTAACCGT,0.36668164,0.3402774914443574,8,80000,8001
TAGGACGT,0.36663574,0.46085020409846206,8,80000,8001
CGGGTTTT,0.36655104,0.4729414917742135,8,80000,8001
AAGTAGCT,0.36653042,0.4120727332701109,8,80000,8001
TCGCGCCT,0.3659283,0.4308539149795902,8,80000,8001
CAGGCTCT,0.36582786,0.4068362676782254,8,80000,8001
GCCCGGGT,0.36575377,0.23102296623098173,8,80000,8001
GCGAGGCT,0.36572292,0.5047416814414711,8,80000,8001
TTACATTT,0.36538035,0.5230796190162041,8,80000,8001
GCACCACT,0.36523744,0.2477734713231353,8,80000,8001
CTCGGGTT,0.36514032,0.49184636952129634,8,80000,8001
CAACAGCT,0.36494932,0.47658021688038593,8,80000,8001
TAGGGCGT,0.364888,0.4283696862243846,8,80000,8001
ATTCAGCT,0.3648298,0.3725621572588958,8,80000,8001
AACGACCT,0.3646547,0.39676534861666596,8,80000,8001
ATGTTCGT,0.36418092,0.5850410258524719,8,80000,8001
TGGCTACT,0.3641227,0.2813775615387787,8,80000,8001
AGACCTCT,0.36381313,0.3820249041355709,8,80000,8001
CCTGGCAT,0.36379632,0.4827650187605657,8,80000,8001
ACTCGCCT,0.363721,0.2640498082711417,8,80000,8001
TGAGTGGT,0.36361682,0.4906403331546613,8,80000,8001
CCGTTGTT,0.36319792,0.4526038015915557,8,80000,8001
CCACACAT,0.36309946,0.39231229126293654,8,80000,8001
TCGGCCCT,0.36300024,0.4332350637034594,8,80000,8001
GCACGGGT,0.36282164,0.2777697604420072,8,80000,8001
CGGTTGCT,0.36277068,0.2610914113717891,8,80000,8001
CGAAGAAT,0.36271828,0.46395291304168557,8,80000,8001
CGCCTTCT,0.3623403,0.4634272048818703,8,80000,8001
CTCAAACT,0.36225194,0.48084773017771,8,80000,8001
GCACCTTT,0.36209005,0.42632870160392533,8,80000,8001
TTAAACGT,0.36201534,0.5010308003133633,8,80000,8001
ATGATGTT,0.3618299,0.594081144600668,8,80000,8001
CCTCGGCT,0.36153296,0.3635323465138333,8,80000,8001
GTGGACCT,0.36152944,0.16756689894033727,8,80000,8001
CCAACTCT,0.36146304,0.37286108934977114,8,80000,8001
AACAGCAT,0.36129296,0.37387127365686723,8,80000,8001
CGTTCATT,0.36123502,0.3677070877829547,8,80000,8001
ACCTGGCT,0.36095658,0.5124211437760278,8,80000,8001
AGGCCCAT,0.3608113,0.18768812105718877,8,80000,8001
TCGGCCTT,0.36073887,0.48932090875355627,8,80000,8001
GGGTTGCT,0.3607271,0.22654929287098502,8,80000,8001
GCCTGTTT,0.36068004,0.26541046468478124,8,80000,8001
ACTCTCCT,0.3606365,0.5606522904382963,8,80000,8001
ACGCTCAT,0.36051577,0.3373809425638065,8,80000,8001
CTCGACGT,0.36046702,0.2793571929245866,8,80000,8001
GGGCGTCT,0.360357,0.35281202325485506,8,80000,8001
GCTCTAGT,0.3603418,0.4171236548055911,8,80000,8001
AAAGCCAT,0.3602724,0.40075454582938197,8,80000,8001
CGACTAGT,0.36013043,0.3036325403042923,8,80000,8001
GGCTCGGT,0.36009818,0.39354925163897253,8,80000,8001
TAGAATGT,0.35996485,0.2834494701686389,8,80000,8001
GTAAAGGT,0.35967752,0.400249453675834,8,80000,8001
GTTTGACT,0.35938844,0.2496186038840556,8,80000,8001
GTCGAGCT,0.35917112,0.3371335504885994,8,80000,8001
TAAGTGCT,0.35911995,0.2930049890735167,8,80000,8001
CTTCGGGT,0.35901737,0.5266461881004412,8,80000,8001
CAGTCAGT,0.35892838,0.29374716529913825,8,80000,8001
TAAATGCT,0.358896,0.32895930400362844,8,80000,8001
GGGGGCAT,0.35888398,0.43557498041479403,8,80000,8001
GTTTCAGT,0.35885304,0.6588566362924174,8,80000,8001
CCAGGACT,0.35882527,0.40305323052818204,8,80000,8001
CACGCCGT,0.35880858,0.35844019296581864,8,80000,8001
CCGACACT,0.3585669,0.41768028697480725,8,80000,8001
CAGAGCGT,0.35850042,0.36110996577742954,8,80000,8001
GAGCCCCT,0.35837543,0.39653857254772606,8,80000,8001
CTAATGCT,0.35832977,0.3424937121180885,8,80000,8001
CAGAAAGT,0.35831314,0.3849833010349235,8,80000,8001
GCTTACCT,0.35804123,0.35985238939512637,8,80000,8001
AATGTTCT,0.35802442,0.25997814703335675,8,80000,8001
CCCGGCTT,0.3580148,0.3675318517296829,8,80000,8001
GCACGTGT,0.35782632,0.3674906197171484,8,80000,8001
CCGGTGGT,0.35774595,0.48116727827485256,8,80000,8001
GCCTTCTT,0.35760632,0.4459035995546943,8,80000,8001
TGGTTACT,0.35759398,0.4159897744608914,8,80000,8001
AAGGTGGT,0.3575457,0.5587865418711087,8,80000,8001
TGATGGCT,0.35753608,0.27458458747371456,8,80000,8001
GAGGGCAT,0.3575037,0.5009586442914279,8,80000,8001
AGAATTTT,0.35730374,0.3273512555147817,8,80000,8001
CGGTTAGT,0.35727978,0.34497794087329403,8,80000,8001
CGCGAGCT,0.35720742,0.29566445388199397,8,80000,8001
GGGCCCAT,0.35702676,0.09148352781099245,8,80000,8001
GGTTACAT,0.35699698,0.3557085721354059,8,80000,8001
CAACTCAT,0.35695484,0.36265616624747454,8,80000,8001
GACCTAAT,0.3568765,0.6313548839318847,8,80000,8001
GAGCCGGT,0.35665637,0.4414608502040985,8,80000,8001
TAAGCATT,0.35663837,0.519884138044778,8,80000,8001
ACCACATT,0.35659721,0.44921246856059044,8,80000,8001
CGTAAGGT,0.3565718,0.39006514657980457,8,80000,8001
GACAAACT,0.35651395,0.33884467900878246,8,80000,8001
AAGTTCGT,0.3564772,0.16148517709149385,8,80000,8001
GGCCGGGT,0.35642245,0.4870634560672906,8,80000,8001
CTCCGTCT,0.3564188,0.4214839401311178,8,80000,8001
CGAGTTCT,0.35635668,0.28835607966024823,8,80000,8001
GGCGTTAT,0.35626733,0.39263183936007917,8,80000,8001
TTTAGCCT,0.3560323,0.31628046014925987,8,80000,8001
ATGAGGTT,0.35582998,0.34551395703624294,8,80000,8001
CACGTCCT,0.35576963,0.3398857873252793,8,80000,8001
CCGAAACT,0.35535818,0.3322269409969901,8,80000,8001
CCGCTCGT,0.35533482,0.37286108934977114,8,80000,8001
TTAAGGTT,0.35520786,0.4523770255226157,8,80000,8001
CACTGGCT,0.3548249,0.23149713437512887,8,80000,8001
TTCGTTGT,0.354574,0.5709499855687956,8,80000,8001
ACAAGGTT,0.3544621,0.3633055704448934,8,80000,8001
GCTGAAGT,0.35440752,0.3032408361852142,8,80000,8001
GCGGGGTT,0.35436496,0.3709334927637818,8,80000,8001
AAAGCGCT,0.3541649,0.24539232259926608,8,80000,8001
GCAAGGGT,0.354164,0.3137549993815198,8,80000,8001
CAAGAAAT,0.35409033,0.29940625901950274,8,80000,8001
ACTTGGCT,0.35375923,0.30533336082134166,8,80000,8001
TAGCCGGT,0.35353413,0.5522100358718509,8,80000,8001
CCTGCCTT,0.3534823,0.5184719416154703,8,80000,8001
AGCTACTT,0.35342157,0.4120727332701109,8,80000,8001
CCGAGTCT,0.35338932,0.3941574238238568,8,80000,8001
GTCCTTGT,0.35298678,0.3259287510823403,8,80000,8001
CCCGCCCT,0.3529545,0.31713602440935146,8,80000,8001
GAGCGGCT,0.35294327,0.32475363872510615,8,80000,8001
GGTCAATT,0.35282362,0.3862099534078258,8,80000,8001
GTTCGTCT,0.35281935,0.37710798664082795,8,80000,8001
CAGCGCAT,0.35278022,0.3692223642435987,8,80000,8001
AGGAGGGT,0.3527545,0.5013915804230404,8,80000,8001
CCACAAAT,0.3527189,0.3809631798128067,8,80000,8001
AGTGGCGT,0.35245755,0.40810415206366224,8,80000,8001
ACATCGTT,0.35241482,0.4805694140931019,8,80000,8001
ACGGTTCT,0.35238934,0.2597926029769513,8,80000,8001
ACCTCCAT,0.3522931,0.2388982806250773,8,80000,8001
GCGTGATT,0.3522345,0.24979383993732734,8,80000,8001
CCGAGCAT,0.3522062,0.2444542943141055,8,80000,8001
CTTCAACT,0.35218143,0.46420030511689275,8,80000,8001
GGCGTTCT,0.35216707,0.24300086587226322,8,80000,8001
ACGGGCGT,0.3521195,0.5224920628375871,8,80000,8001
GCGCTAAT,0.35188305,0.39840432111491364,8,80000,8001
TGAGTGCT,0.35179156,0.2617923555848761,8,80000,8001
CTGAGTCT,0.35166097,0.39785799694883106,8,80000,8001
AGCACACT,0.35157087,0.41377355378716035,8,80000,8001
CATGCTCT,0.351555,0.2985506947594112,8,80000,8001
ACTACGCT,0.35151753,0.3773244547066342,8,80000,8001
TGTCCCGT,0.35128915,0.33203108893745104,8,80000,8001
CCGCAGGT,0.3512789,0.3215993897662145,8,80000,8001
CCGGGCGT,0.351071,0.26883272172514744,8,80000,8001
GTAGCAAT,0.3510116,0.4573867150455614,8,80000,8001
AGTTCGCT,0.35095805,0.37074794870737643,8,80000,8001
GCTGTTCT,0.3508434,0.13524100111326437,8,80000,8001
CATTAGCT,0.35078275,0.42829753020244915,8,80000,8001
TGGGACGT,0.3507722,0.35166783490702186,8,80000,8001
CGGGTTGT,0.35067642,0.4688079825176267,8,80000,8001
GGGCATTT,0.35052943,0.31665154826207065,8,80000,8001
AATCTACT,0.35050285,0.5644765596008742,8,80000,8001
TCAAGGCT,0.35049313,0.43317321568465755,8,80000,8001
TCACCGGT,0.35035437,0.5848760978023337,8,80000,8001
CGAGTTGT,0.35025668,0.4484084443161671,8,80000,8001
GCTCGCAT,0.35016143,0.3736857296004618,8,80000,8001
ACCGGAAT,0.35011783,0.46320042881293033,8,80000,8001
ACGTCCAT,0.35004443,0.26156557951593623,8,80000,8001
AATGTGCT,0.34976238,0.2969735702799654,8,80000,8001
CGGTCTTT,0.34973562,0.4155052983136107,8,80000,8001
CGCTCTGT,0.3496891,0.3003030552921288,8,80000,8001
TAGGAAGT,0.3494992,0.4704778790252752,8,80000,8001
CAGGACCT,0.34930903,0.40983589659011255,8,80000,8001
GGAAGAAT,0.34928313,0.40841339215767125,8,80000,8001
ACGAAACT,0.34913233,0.408196924091865,8,80000,8001
CGTGTACT,0.34885615,0.36752154372654927,8,80000,8001
CCTTACGT,0.34867263,0.4285243062713891,8,80000,8001
GCTAAACT,0.3485314,0.28271760194615103,8,80000,8001
CGGCCTAT,0.34824488,0.4478518121469509,8,80000,8001
CGCTAGGT,0.34822047,0.4161340865047623,8,80000,8001
ACAATTGT,0.34820205,0.5280583845297488,8,80000,8001
CCCTGTGT,0.34819758,0.3210839896095328,8,80000,8001
CCCGTTTT,0.34819335,0.5166783490702181,8,80000,8001
GACAGACT,0.34811804,0.2704820022265287,8,80000,8001
TTGGGCTT,0.3481009,0.4308951469921247,8,80000,8001
CTTACTGT,0.3480294,0.39501298808394836,8,80000,8001
CCAGGGCT,0.3480212,0.3955799282562982,8,80000,8001
GTTTCACT,0.34800583,0.5476229744773842,8,80000,8001
GGCGGAAT,0.34794354,0.3374015585700738,8,80000,8001
CTTCCTTT,0.3479287,0.31253865501175115,8,80000,8001
ACGGGACT,0.34789667,0.3712118088483899,8,80000,8001
CGGGGAAT,0.34784234,0.5270482002226529,8,80000,8001
CTTCTCCT,0.3474945,0.5741866985527564,8,80000,8001
GCACTTTT,0.34744924,0.19242980249865999,8,80000,8001
CCAGGCTT,0.34729415,0.37296416938110755,8,80000,8001
GTTGGTCT,0.34727252,0.40095039788892095,8,80000,8001
CGCGTCAT,0.34692478,0.43707994887230445,8,80000,8001
AATGCGCT,0.34678948,0.32949532016657734,8,80000,8001
ACGAACAT,0.34677637,0.5850410258524719,8,80000,8001
CGTTTGCT,0.3464665,0.3917247350843195,8,80000,8001
CGAGATAT,0.90988326,0.8711087288170536,9,90000,9001
TATCGTTT,0.90775377,0.8701294685193585,9,90000,9001
AATATCTT,0.9025877,0.8252793468849214,9,90000,9001
ATATATCT,0.90083843,0.9442955510658475,9,90000,9001
TATACGTT,0.90038794,0.7448769224425845,9,90000,9001
GATCCGTT,0.8876129,0.8721395291304168,9,90000,9001
CGATACTT,0.88227856,0.9094132684616335,9,90000,9001
TATTGGAT,0.87602335,0.7973652743990435,9,90000,9001
CTATCCTT,0.8705516,0.7765637240753721,9,90000,9001
ATACCAGT,0.86904454,0.8308456685770832,9,90000,9001
TGATCAGT,0.8682026,0.8320826289531192,9,90000,9001
GATACTGT,0.84169847,0.9251020492310229,9,90000,9001
ATCAGGGT,0.8397565,0.7628953119201748,9,90000,9001
AAGATACT,0.8315965,0.8800973075495815,9,90000,9001
GATCTTTT,0.8214833,0.7830680740526946,9,90000,9001
GGGTGTAT,0.812119,0.8345359336989239,9,90000,9001
GATCGCCT,0.799317,0.7095617037067579,9,90000,9001
TAATAGAT,0.79330236,0.8375974106296129,9,90000,9001
GTACGGAT,0.78521436,0.7855007627922319,9,90000,9001
GTGATCTT,0.7809212,0.83279388116934,9,90000,9001
TAGATTAT,0.7808659,0.7228177957366099,9,90000,9001
TAATCGAT,0.76968896,0.7074485630643632,9,90000,9001
TATAGTCT,0.7653907,0.7633076320455201,9,90000,9001
ATACGATT,0.7612781,0.6128004782913453,9,90000,9001
TTACGTAT,0.76048934,0.7114583762833464,9,90000,9001
ATCCGACT,0.7579315,0.7377644002803777,9,90000,9001
ATCCTCCT,0.7572386,0.8236197583804066,9,90000,9001
TCTGCGAT,0.7536093,0.689059085473962,9,90000,9001
TCAACGAT,0.7520691,0.7977879025275224,9,90000,9001
GGTCTTAT,0.74732304,0.4256174493877046,9,90000,9001
ATCAAAGT,0.74573827,0.7266420648991877,9,90000,9001
ATCCAAGT,0.74502254,0.696388075701975,9,90000,9001
ACACATAT,0.7444235,0.8192903970642808,9,90000,9001
AATACACT,0.7436905,0.6865748567187564,9,90000,9001
TTTGTGAT,0.74136233,0.7525048447614728,9,90000,9001
ATCACTTT,0.73834467,0.8370923184760647,9,90000,9001
TCATACCT,0.7354133,0.7664721890075455,9,90000,9001
GGGACGAT,0.7289604,0.7184472024079495,9,90000,9001
GCAGGGAT,0.72759163,0.7007071290149672,9,90000,9001
CGTGTCAT,0.7267597,0.7969117222611636,9,90000,9001
TGTGGGAT,0.7262684,0.7151074093926525,9,90000,9001
GATTACAT,0.7216666,0.770842782336206,9,90000,9001
GTTATCCT,0.72148037,0.7568651300869996,9,90000,9001
TGAAAGAT,0.7192624,0.6937389188966313,9,90000,9001
GACACCCT,0.7184256,0.9149692821506618,9,90000,9001
AGTATACT,0.7170733,0.701779161340865,9,90000,9001
CCCCCTAT,0.71590734,0.7033872098297118,9,90000,9001
CACATGAT,0.71588254,0.8646868428648004,9,90000,9001
AGTATGAT,0.71131486,0.8060755370469632,9,90000,9001
CGATCGTT,0.7017218,0.6791530944625407,9,90000,9001
GCGGAGAT,0.7016531,0.6949655712695337,9,90000,9001
CGCAGGAT,0.6934396,0.5828248051787408,9,90000,9001
ATCGGAGT,0.6908859,0.6186038840555808,9,90000,9001
TGCCGGAT,0.69045854,0.7395064528099616,9,90000,9001
CTGTAGAT,0.69042337,0.6551560631674432,9,90000,9001
TTCGATCT,0.69025594,0.7072630190079578,9,90000,9001
ACTCTGAT,0.68908584,0.695460355419948,9,90000,9001
TTGTAGAT,0.6890265,0.7069331629076816,9,90000,9001
AGTACTAT,0.68850917,0.6405186987176845,9,90000,9001
TGCCTGAT,0.6882814,0.5864635302849133,9,90000,9001
TGTCATCT,0.68505275,0.5930297282810374,9,90000,9001
TGGAATAT,0.68420064,0.7013462252092525,9,90000,9001
GATAGTTT,0.6797118,0.8112913866325816,9,90000,9001
CGTTATAT,0.67905414,0.7384138044777966,9,90000,9001
TCAGCTAT,0.6751881,0.6665154826207067,9,90000,9001
CCATCGAT,0.6718341,0.6490331093060652,9,90000,9001
CCCGAGAT,0.6711108,0.5907928916010391,9,90000,9001
ATTCTTCT,0.669575,0.4877025522615759,9,90000,9001
GATTCTGT,0.66708803,0.5069475941120687,9,90000,9001
CATACCGT,0.6667439,0.5542922525048448,9,90000,9001
CCATGGAT,0.66595805,0.5879375747330228,9,90000,9001
TCAATCCT,0.6641167,0.6314785799694883,9,90000,9001
CGTGAGAT,0.66348577,0.5319135777017276,9,90000,9001
TTAGCGAT,0.66210496,0.734383375252546,9,90000,9001
TGACGGAT,0.66104794,0.6485383251556508,9,90000,9001
AAACACCT,0.66060996,0.6023584711169753,9,90000,9001
CGACACCT,0.66014314,0.8002308992701934,9,90000,9001
AGTGCGAT,0.65902066,0.710963592132932,9,90000,9001
AAGCCTAT,0.65842116,0.7257246526202944,9,90000,9001
GGGACTAT,0.652401,0.5684142167979219,9,90000,9001
AAAAGTGT,0.6468818,0.48659959592627716,9,90000,9001
TGCCATAT,0.6445128,0.7556797097266319,9,90000,9001
ATGTAGAT,0.6440256,0.5810518286397559,9,90000,9001
ATCACCTT,0.64321476,0.68669855275636,9,90000,9001
CAAATTAT,0.6429131,0.7002741928833547,9,90000,9001
GTTACTAT,0.6426695,0.5184100935966685,9,90000,9001
ATTACTTT,0.64172053,0.5778048076526616,9,90000,9001
GGGGGATT,0.6406038,0.7422380736403744,9,90000,9001
CCGATCTT,0.6391577,0.7220446955015875,9,90000,9001
TTCCTTAT,0.6346209,0.6072650806085845,9,90000,9001
CTCCCGAT,0.63384974,0.5766193872922938,9,90000,9001
TGCACTAT,0.6337245,0.6564445635591474,9,90000,9001
CTACCCTT,0.6282394,0.4657465055869377,9,90000,9001
GGGTCTAT,0.62816715,0.6658660784232878,9,90000,9001
CCGTATGT,0.6266223,0.5563950851441058,9,90000,9001
CGTCAGAT,0.6262521,0.577928503690265,9,90000,9001
TATTAGGT,0.62511575,0.7993237949944336,9,90000,9001
CATATTTT,0.6250211,0.6973879520059374,9,90000,9001
TCTAATTT,0.6231346,0.44884138044777966,9,90000,9001
GTGAAGAT,0.6221966,0.7252814084855482,9,90000,9001
AAATCAGT,0.6211455,0.41368078175895767,9,90000,9001
TAATCTGT,0.6210964,0.5254401517338061,9,90000,9001
ACCCCAGT,0.60995305,0.5299756731126046,9,90000,9001
CGAATATT,0.60556364,0.5810621366428895,9,90000,9001
GAATCCCT,0.60429096,0.4704366470127407,9,90000,9001
GTTACGAT,0.60366786,0.5910608996825135,9,90000,9001
CTACCGGT,0.60273445,0.49725807116645365,9,90000,9001
TTCTTAAT,0.5979568,0.5808044365645487,9,90000,9001
TACTCCTT,0.593928,0.513173628004783,9,90000,9001
TCGACAAT,0.5910573,0.5395621160268833,9,90000,9001
ATAAAGCT,0.5896472,0.5320578897455984,9,90000,9001
TACAGTCT,0.58926034,0.463829217004082,9,90000,9001
TAGATGGT,0.5860461,0.5651775038139611,9,90000,9001
AATCCGCT,0.5857878,0.6340452727497629,9,90000,9001
TAGGTGGT,0.58521914,0.5548385766709273,9,90000,9001
GGTAGATT,0.5848645,0.6408073228054262,9,90000,9001
CTCTCATT,0.5839079,0.5417474126912135,9,90000,9001
GTGTCTTT,0.5816486,0.6484043211149136,9,90000,9001
TCAAGCAT,0.57820696,0.46568465756813593,9,90000,9001
GATTGGCT,0.57154655,0.47392075207190865,9,90000,9001
ATCGCCGT,0.5699283,0.6318702840885664,9,90000,9001
TGAGGTGT,0.5688306,0.7296726178204759,9,90000,9001
GCATATTT,0.56882906,0.6891930895146992,9,90000,9001
TACTGAAT,0.5681626,0.47204469550158745,9,90000,9001
AATCCACT,0.56738114,0.4846513833340205,9,90000,9001
CCTCTCAT,0.56719273,0.5216571145837628,9,90000,9001
CCTGTAAT,0.5663525,0.4268337937574733,9,90000,9001
AAACACAT,0.564185,0.5023811487238692,9,90000,9001
GACGCTAT,0.5641122,0.619717148394013,9,90000,9001
CATAGGGT,0.56313705,0.489609532841298,9,90000,9001
CAATCAGT,0.5614532,0.40811446006679586,9,90000,9001
AATCGCTT,0.5582784,0.6672885828557292,9,90000,9001
CCTCTAAT,0.5568687,0.5702593493588423,9,90000,9001
GAGTAGGT,0.55499244,0.4217931802251268,9,90000,9001
GTCAAGAT,0.55489707,0.6565682595967509,9,90000,9001
ATTCAACT,0.5533643,0.33109306065229044,9,90000,9001
TTGATTTT,0.5529289,0.5768255473549665,9,90000,9001
ACACCGGT,0.55263,0.7379499443367831,9,90000,9001
TAACCACT,0.5492754,0.6403537706675463,9,90000,9001
TACTGTTT,0.5470902,0.5806188925081432,9,90000,9001
TACTCATT,0.54536295,0.6379416979342761,9,90000,9001
CCATTTCT,0.5435989,0.4414505422009648,9,90000,9001
ATTACAGT,0.54319525,0.5598998062095412,9,90000,9001
GGACACAT,0.53972137,0.34475116480435414,9,90000,9001
GGGTTTGT,0.5388771,0.49727868717272095,9,90000,9001
GTAGATGT,0.5385161,0.5811652166742258,9,90000,9001
AGATGCGT,0.5383346,0.6439409557580505,9,90000,9001
CTACACTT,0.5382312,0.4831670308827774,9,90000,9001
ACGACACT,0.53812915,0.5259555518904878,9,90000,9001
TATGATTT,0.5374851,0.6636292417432894,9,90000,9001
CACCCATT,0.53710955,0.34035995546942643,9,90000,9001
AACTCTAT,0.53619087,0.6263348864058055,9,90000,9001
ACACTTGT,0.5361214,0.4272976538984868,9,90000,9001
TCCATGTT,0.5336287,0.4459654475734961,9,90000,9001
AGAAACAT,0.5319044,0.47700284500886486,9,90000,9001
CATACGTT,0.53155124,0.3163010761555271,9,90000,9001
AGTGTCGT,0.53085464,0.5259555518904878,9,90000,9001
ACCATTTT,0.5302931,0.6640415618686348,9,90000,9001
CGCTATTT,0.5302329,0.45460355419948045,9,90000,9001
CCACTTGT,0.5271704,0.4782604213911681,9,90000,9001
ACCTATTT,0.52674913,0.5423040448604297,9,90000,9001
GCCACGAT,0.5266192,0.5888652950150496,9,90000,9001
GTGTTGTT,0.5253839,0.6059971962231477,9,90000,9001
TCTACGTT,0.5244703,0.4684781264173504,9,90000,9001
ACCCCATT,0.5244378,0.5039995052158496,9,90000,9001
TCCATTTT,0.5241906,0.5585700738053024,9,90000,9001
TACGAATT,0.5240082,0.3693976002968705,9,90000,9001
TATTGCGT,0.5230533,0.589700243268874,9,90000,9001
AGTGTTCT,0.52160263,0.33177338885911023,9,90000,9001
AGACGCAT,0.5216016,0.5143281243557498,9,90000,9001
GAAGGATT,0.5213234,0.5700428812930359,9,90000,9001
ATGACCCT,0.5194689,0.5027006968210118,9,90000,9001
GACGTATT,0.51855266,0.6250051540015669,9,90000,9001
TCTCCCGT,0.51648295,0.40754751989444604,9,90000,9001
CTACGAAT,0.51631343,0.4635921329320084,9,90000,9001
CCGAATCT,0.516286,0.483991671133468,9,90000,9001
GTTTCTTT,0.51617956,0.5214200305116893,9,90000,9001
TCCACCTT,0.51582235,0.4550983383498949,9,90000,9001
TCGATTGT,0.51306105,0.36128520183070134,9,90000,9001
CGCATAGT,0.51092136,0.5051643095699502,9,90000,9001
ATGACAGT,0.5107311,0.5077619263596256,9,90000,9001
TCGAAGTT,0.5095954,0.38040654764359055,9,90000,9001
TATTCGCT,0.50925994,0.5714860017317445,9,90000,9001
ACGGATTT,0.50918967,0.5417783367006144,9,90000,9001
CGCTTCAT,0.5081788,0.3262998391951511,9,90000,9001
TCACCTGT,0.5070694,0.6043582237249001,9,90000,9001
TAGCAACT,0.5064931,0.4466045437677813,9,90000,9001
CTCGGTTT,0.50392056,0.3329381932132107,9,90000,9001
CCTTCTGT,0.5025385,0.41266028944872796,9,90000,9001
TAATGTTT,0.50228393,0.46704531398177546,9,90000,9001
GTACGTGT,0.50222564,0.4893724487692244,9,90000,9001
TTCAGAGT,0.5005486,0.49118665732074385,9,90000,9001
TGAACCGT,0.5003603,0.4096812765431081,9,90000,9001
CGCATACT,0.49849176,0.43102915103286193,9,90000,9001
ACCAAGGT,0.49847865,0.27252298684698795,9,90000,9001
TATGGCGT,0.49845305,0.5284603966519605,9,90000,9001
GGCCTGAT,0.49773416,0.4647157052735744,9,90000,9001
AACCGCAT,0.4970817,0.5747124067125717,9,90000,9001
TGGTTCTT,0.49450898,0.49673236300663837,9,90000,9001
CAAACACT,0.494408,0.4376881210571888,9,90000,9001
TGTTCATT,0.49364045,0.41021729270605695,9,90000,9001
CTCTTACT,0.4933621,0.40769183193831693,9,90000,9001
ATGGGCTT,0.49210346,0.4005174617573084,9,90000,9001
GTCTCGCT,0.4916488,0.30776604956087905,9,90000,9001
TAGCAAGT,0.49145812,0.42264874448521833,9,90000,9001
GATGCCCT,0.49133748,0.4367191687626273,9,90000,9001
CATCCGTT,0.49103385,0.3415453758297942,9,90000,9001
TCGGAACT,0.49001822,0.4680864222982724,9,90000,9001
GATGCGTT,0.48968172,0.470343874984538,9,90000,9001
CTTCTCGT,0.4894942,0.5098441429926195,9,90000,9001
ATTTAACT,0.48875916,0.5334082381561044,9,90000,9001
AGGGGCGT,0.48841262,0.5362017070053189,9,90000,9001
TCTCGGTT,0.48787612,0.633900960705892,9,90000,9001
AATGGGTT,0.48769733,0.5271718962602565,9,90000,9001
GCATGTCT,0.48629838,0.23137343833752524,9,90000,9001
AGGGACAT,0.4859459,0.49517585453345975,9,90000,9001
CTTTTCTT,0.48479742,0.3880138539562116,9,90000,9001
TGGGGTCT,0.4847462,0.629097431245619,9,90000,9001
ATTCCATT,0.48468822,0.47026141095946894,9,90000,9001
GCAGGAAT,0.4836458,0.41511359419453264,9,90000,9001
TCTACCTT,0.48300692,0.6449717560714138,9,90000,9001
TCCTAGCT,0.48212457,0.42032944378015086,9,90000,9001
GAGTACGT,0.48163998,0.4503463489052901,9,90000,9001
TCCAACTT,0.48110604,0.5287490207397023,9,90000,9001
CCAGGGTT,0.47858706,0.4422854904547891,9,90000,9001
TCAACCGT,0.47819582,0.49321733393806955,9,90000,9001
GTGTGAGT,0.47788933,0.4560363666350554,9,90000,9001
TTACACAT,0.47736976,0.5562920051127695,9,90000,9001
AGTCTCGT,0.47735515,0.4632519688285985,9,90000,9001
GGGTTCGT,0.47729707,0.3102812023254855,9,90000,9001
ATAGAGGT,0.47656214,0.5734651383334021,9,90000,9001
CATCGCCT,0.4764371,0.38727167773059,9,90000,9001
GACATCGT,0.47630787,0.36666597946645774,9,90000,9001
AAACCAGT,0.47432297,0.4659114336370758,9,90000,9001
TCAAAGCT,0.47403097,0.5299550571063374,9,90000,9001
CAGTACAT,0.47321334,0.4203088277738837,9,90000,9001
TAAACATT,0.4731331,0.5938956005442625,9,90000,9001
GAAAAAAT,0.4728839,0.47658021688038593,9,90000,9001
GTTACCTT,0.472489,0.5092462788108687,9,90000,9001
AAACCACT,0.4713185,0.5136477961489301,9,90000,9001
ACCTAGCT,0.47082362,0.5511276955428195,9,90000,9001
TCTTCACT,0.47080785,0.7266832969117223,9,90000,9001
ATGCGACT,0.46993637,0.29957118706964087,9,90000,9001
TTTAACTT,0.46976218,0.500814332247557,9,90000,9001
ACCACCAT,0.46962777,0.40351709066919556,9,90000,9001
GAGGGTCT,0.46887687,0.35663629241743283,9,90000,9001
AAAGCAAT,0.46856925,0.6174287716983465,9,90000,9001
AGACGAGT,0.46837503,0.3541314476559601,9,90000,9001
AGGTCAAT,0.46802658,0.6530944625407167,9,90000,9001
CGATGAGT,0.46712947,0.44790335216261906,9,90000,9001
CTACCACT,0.46555895,0.5648888797262195,9,90000,9001
CTCCTCCT,0.46498692,0.3983630891023791,9,90000,9001
TACCGTTT,0.46429473,0.5813095287180967,9,90000,9001
CTGACACT,0.4639809,0.6316332000164928,9,90000,9001
AGACAGCT,0.46379033,0.31044613037562363,9,90000,9001
TGTGAGCT,0.46373874,0.5569001772976538,9,90000,9001
TAGAGAGT,0.46262714,0.480342638024162,9,90000,9001
CCACCCTT,0.46226156,0.39417803983012406,9,90000,9001
CTACTCGT,0.46161014,0.4533562858203109,9,90000,9001
GTCTTAGT,0.46087587,0.5309240094008988,9,90000,9001
TACCCGGT,0.46009225,0.6359831773388859,9,90000,9001
CATACATT,0.45919567,0.5274914443573991,9,90000,9001
AAGAGGGT,0.4583085,0.5230899270193379,9,90000,9001
TTCCTCAT,0.45829025,0.4880530243681194,9,90000,9001
CCTCATGT,0.45809546,0.4638601410134829,9,90000,9001
GAGTGTTT,0.45785835,0.5257184678184141,9,90000,9001
AGAACAAT,0.45761415,0.5310270894322352,9,90000,9001
TTATGCGT,0.45720443,0.37100564878571723,9,90000,9001
CGCGGTGT,0.4565053,0.5234919391415496,9,90000,9001
CTTTAGCT,0.45626387,0.4108563889003422,9,90000,9001
CCGAGTGT,0.4560324,0.4183915391910279,9,90000,9001
CAACGCAT,0.45576495,0.44181132231064196,9,90000,9001
CGGATGGT,0.45571965,0.6509400898857873,9,90000,9001
GTAGCCCT,0.45506352,0.35459530779697357,9,90000,9001
TTGATTGT,0.45491815,0.3451841009359667,9,90000,9001
CGGTCTCT,0.45472488,0.33350513338556054,9,90000,9001
TTAACCGT,0.45453268,0.40552715128025396,9,90000,9001
AACCTCAT,0.45376456,0.34551395703624294,9,90000,9001
AACCAAAT,0.4529169,0.4684884344204841,9,90000,9001
GCTCCAAT,0.4524669,0.49988661196553,9,90000,9001
ACTCTGGT,0.45146602,0.35540964004453063,9,90000,9001
CCCTAGCT,0.4512348,0.448635220385107,9,90000,9001
TACTGGTT,0.45056164,0.5226157588751907,9,90000,9001
TGGCTCAT,0.4503639,0.6534140106378593,9,90000,9001
GAGCCCAT,0.45001245,0.4124747453923226,9,90000,9001
CGATGCCT,0.44998184,0.5193893538943636,9,90000,9001
AAACACGT,0.44989872,0.41081515688780773,9,90000,9001
ACATGCGT,0.4498181,0.3668412155197295,9,90000,9001
CCCGGTTT,0.4495329,0.39826000907104275,9,90000,9001
AATAACTT,0.44898057,0.4404197418876015,9,90000,9001
GGCTAAAT,0.44838393,0.5026491568053437,9,90000,9001
TACCAGTT,0.4479892,0.4719313074671175,9,90000,9001
ATTGGTCT,0.44730207,0.44768688409681273,9,90000,9001
CACGGTTT,0.4471699,0.44131653816022764,9,90000,9001
TGTCGAGT,0.4469782,0.4171648868181256,9,90000,9001
TTCTCCAT,0.44688752,0.4002082216632994,9,90000,9001
GGGTGTGT,0.44650042,0.39249783531934196,9,90000,9001
CGTGAAAT,0.44639924,0.3951779161340865,9,90000,9001
AAAATGGT,0.44555864,0.6640415618686348,9,90000,9001
TGAAACGT,0.44540143,0.4765389848678514,9,90000,9001
TCCTGACT,0.44516224,0.5009483362882942,9,90000,9001
GTTTTGGT,0.44472048,0.49517585453345975,9,90000,9001
TAGGAAAT,0.444382,0.5788252999628912,9,90000,9001
TGACAAGT,0.44426778,0.3774481507442378,9,90000,9001
AACTGTCT,0.44290015,0.4655918855399332,9,90000,9001
CACAAACT,0.4425497,0.41999958767987466,9,90000,9001
TTTAGCTT,0.44248497,0.4167216426833794,9,90000,9001
GCGAGTGT,0.44108766,0.5133797880674555,9,90000,9001
AGGTAGCT,0.44083002,0.5349853626355503,9,90000,9001
TCTCAGGT,0.44075742,0.6498783655630231,9,90000,9001
CGTTAAAT,0.44024706,0.2905929163402466,9,90000,9001
TTTGTAGT,0.43975252,0.5856595060404899,9,90000,9001
CTTACCTT,0.4396489,0.6361996454046922,9,90000,9001
CTCCCGCT,0.4391929,0.3635838865295015,9,90000,9001
CGGCTAGT,0.43887162,0.4258751494660455,9,90000,9001
GAATCTTT,0.43862832,0.548839318847153,9,90000,9001
AAACAGGT,0.4382359,0.470962355172556,9,90000,9001
TGAGCACT,0.43790373,0.37730383870036693,9,90000,9001
GTTTTCTT,0.4373087,0.4939698181668247,9,90000,9001
ATGCCACT,0.43705717,0.40771244794458417,9,90000,9001
CCTGGAGT,0.436564,0.2679874654681895,9,90000,9001
GTGGGAGT,0.43592107,0.551560631674432,9,90000,9001
TTGGGCAT,0.43574065,0.3108481424978353,9,90000,9001
CTTGGAGT,0.43545246,0.41864923926936876,9,90000,9001
AGCGTGTT,0.43541333,0.4993712118088484,9,90000,9001
CGGGGAGT,0.43541062,0.25624664989898155,9,90000,9001
CCCGGGTT,0.43531993,0.3745928338762215,9,90000,9001
GGCGTAAT,0.4350834,0.45354182987671626,9,90000,9001
TCTTCGTT,0.4345376,0.595678885086381,9,90000,9001
TAAGCAGT,0.43320334,0.3632437224260916,9,90000,9001
GAATAGCT,0.43315002,0.5152867686471777,9,90000,9001
CATCGGCT,0.43303293,0.3647899228961366,9,90000,9001
TCAACTCT,0.43253917,0.6813177751206037,9,90000,9001
TGCGGGTT,0.43188703,0.42782336205830207,9,90000,9001
GCGGGTTT,0.43142304,0.4383890652702758,9,90000,9001
AAAACGGT,0.430755,0.5123799117634932,9,90000,9001
CCTGTTTT,0.43061075,0.42127778006844513,9,90000,9001
GAGCAACT,0.43055207,0.4288335463653981,9,90000,9001
TTGTTGCT,0.430358,0.3898589865171319,9,90000,9001
TCAACTGT,0.4303342,0.35170906691955633,9,90000,9001
TGGTGCTT,0.42977482,0.46072650806085846,9,90000,9001
AAGAACAT,0.42913944,0.327959427699666,9,90000,9001
GGAGGGGT,0.42867148,0.6164804354100524,9,90000,9001
TTTTTTGT,0.42713594,0.42312291262936547,9,90000,9001
CGACTTGT,0.4271095,0.29076815239351833,9,90000,9001
CACTTCGT,0.4270309,0.27758421638560177,9,90000,9001
GCTAAGGT,0.426801,0.358852513091164,9,90000,9001
AGTTACCT,0.4265564,0.5913701397765225,9,90000,9001
CAAGGGCT,0.42593324,0.47610604873623885,9,90000,9001
GTGCGGGT,0.42592573,0.4980002473920752,9,90000,9001
GGCTTTCT,0.42590794,0.2853358347420938,9,90000,9001
CGACAGGT,0.42587623,0.46247886859357606,9,90000,9001
GGAGTAGT,0.42579657,0.4203397517832846,9,90000,9001
GCCTCATT,0.42439356,0.33483486578979915,9,90000,9001
GCTGGAAT,0.42396462,0.41753597493093636,9,90000,9001
ACCTCACT,0.4231355,0.5562920051127695,9,90000,9001
CCTTTCTT,0.42311665,0.5754133509256586,9,90000,9001
CCCTTACT,0.42284423,0.4622417845215025,9,90000,9001
ACGCGCAT,0.42279097,0.5383766956665155,9,90000,9001
GATGTACT,0.42278495,0.39737352080155036,9,90000,9001
ATGCCCTT,0.4227391,0.3327526491568054,9,90000,9001
TTCTAAGT,0.42269462,0.4318640992866862,9,90000,9001
ACCGTCTT,0.42234352,0.3817259720446955,9,90000,9001
CAGGACAT,0.42222488,0.3275780315837216,9,90000,9001
CCCTAAGT,0.42219016,0.4802601739990929,9,90000,9001
CGGCTAAT,0.42187488,0.6067290644456356,9,90000,9001
GTTGGAGT,0.42020005,0.33205170494371833,9,90000,9001
CAAGAGGT,0.42004466,0.4592627716158826,9,90000,9001
CTCCGCAT,0.41959673,0.30434379252051297,9,90000,9001
ACTAAGTT,0.4188289,0.31340452727497625,9,90000,9001
GGATGCGT,0.41867658,0.45668577083247436,9,90000,9001
GACGGTTT,0.4186275,0.2752236836679999,9,90000,9001
GTCTTCGT,0.41824484,0.24099080526120478,9,90000,9001
TGTCGCGT,0.41819036,0.3307735125551478,9,90000,9001
TGCGGTTT,0.41802347,0.2306724941244382,9,90000,9001
TACTGAGT,0.41764647,0.5129674679421102,9,90000,9001
AGTGATTT,0.41734335,0.5002680080814744,9,90000,9001
GTCAAGCT,0.41547567,0.2509277202820269,9,90000,9001
CCAGAAAT,0.41518214,0.5092462788108687,9,90000,9001
ACGAGGGT,0.41515234,0.4279779821053066,9,90000,9001
CGGTGAGT,0.4148444,0.45828351131818745,9,90000,9001
CGTGTTCT,0.41418684,0.6328495443862615,9,90000,9001
TCGCCCGT,0.41414508,0.5567558652537831,9,90000,9001
AGCTGGCT,0.4139104,0.44509957531027095,9,90000,9001
ACCATTCT,0.4136582,0.5021749886611966,9,90000,9001
GTGAGCCT,0.41329768,0.43227641941203154,9,90000,9001
GGAGAACT,0.4131673,0.33384529748897046,9,90000,9001
CTGTTCGT,0.41276428,0.3759431822867274,9,90000,9001
GAGCCTTT,0.4124151,0.5041747412691213,9,90000,9001
CCAGGTTT,0.41197234,0.3672329196388076,9,90000,9001
AGTACCAT,0.4118703,0.3848183729847854,9,90000,9001
TCGTCGGT,0.4116899,0.38852925411289324,9,90000,9001
TCTGACTT,0.4116534,0.41430956995010926,9,90000,9001
GTCAGGGT,0.41135094,0.3887766461881004,9,90000,9001
CCCTTCCT,0.4112103,0.21406630107615554,9,90000,9001
CCTAGTCT,0.41120973,0.39807446501463734,9,90000,9001
CCCCTGGT,0.41113892,0.5029687049024862,9,90000,9001
TGGTGACT,0.4103732,0.18604914855894114,9,90000,9001
CCGTAGCT,0.41025907,0.5284810126582279,9,90000,9001
GAAACTGT,0.41019672,0.4821980785882159,9,90000,9001
AGGACCAT,0.4100188,0.5464169381107491,9,90000,9001
TAGGAGGT,0.40963382,0.44746010802787284,9,90000,9001
GATGCCAT,0.40871167,0.6043994557374345,9,90000,9001
AACCATGT,0.4082778,0.4130313775615388,9,90000,9001
CAGTTAGT,0.408197,0.3731600214406465,9,90000,9001
AGATGTGT,0.40726236,0.5790108440192965,9,90000,9001
CTAGCAGT,0.4070415,0.47267348369273904,9,90000,9001
GGGTTGGT,0.40690657,0.29126293654393276,9,90000,9001
AACCGGCT,0.40684563,0.43992495773718715,9,90000,9001
CGAGAGGT,0.40605387,0.4999896919968664,9,90000,9001
GGCTCACT,0.40577674,0.6546715870201625,9,90000,9001
TTCCATGT,0.40571007,0.40208427823362064,9,90000,9001
ACTCGTTT,0.40565225,0.6182534119490373,9,90000,9001
GGGCAAAT,0.40562817,0.36484146291180475,9,90000,9001
CCTAGCGT,0.40558213,0.38181874407289823,9,90000,9001
AAGCGTGT,0.40543482,0.29890116686595475,9,90000,9001
TGAAGAGT,0.40440905,0.49493877046138623,9,90000,9001
GACTCCCT,0.40438983,0.4431101307054797,9,90000,9001
TGGTGGGT,0.40424502,0.48297117882323837,9,90000,9001
TGTCCTCT,0.40403202,0.5184925576217375,9,90000,9001
CCGCTCCT,0.4038806,0.23220838659134949,9,90000,9001
CAACCTGT,0.40320635,0.4382859852389395,9,90000,9001
CGACCCGT,0.40258592,0.3323609450377273,9,90000,9001
GAGGGGTT,0.4025511,0.5083907145507772,9,90000,9001
AAAACCGT,0.40251666,0.37264462128396486,9,90000,9001
CTGCGGGT,0.4020683,0.4230301406011628,9,90000,9001
CTTACGTT,0.40193602,0.33127860470869586,9,90000,9001
GAGGCATT,0.4018968,0.4227621325196883,9,90000,9001
TTCTTGGT,0.401683,0.19364614686842868,9,90000,9001
TAGTGCAT,0.40166676,0.6260462623180637,9,90000,9001
TCGACTTT,0.40163195,0.37111903682018715,9,90000,9001
CAAGTGTT,0.40160996,0.34376159650352534,9,90000,9001
GCCCGCAT,0.40137425,0.53050138127242,9,90000,9001
CAAGTTTT,0.40089124,0.43336906774419665,9,90000,9001
TCTCGTCT,0.400532,0.4193501834824558,9,90000,9001
ACCAGCAT,0.40041646,0.3298045602605863,9,90000,9001
GAAAGGGT,0.40021628,0.652774914443574,9,90000,9001
GTTCCCGT,0.4001907,0.2422793056529089,9,90000,9001
TCAGACGT,0.40007493,0.46043788397311675,9,90000,9001
ACTCAAAT,0.3997218,0.4699727868717272,9,90000,9001
AAGCGCAT,0.39923906,0.411959345235641,9,90000,9001
AAACTGCT,0.3977459,0.3884880221003587,9,90000,9001
CGCTTAGT,0.3976463,0.4711685152352286,9,90000,9001
CATTCACT,0.39690918,0.5598688822001402,9,90000,9001
GGAGCCCT,0.3968561,0.2316311384158661,9,90000,9001
AGCATCGT,0.39683715,0.3059724570156269,9,90000,9001
CATTTCCT,0.396474,0.3102915103286191,9,90000,9001
GGAGTTGT,0.39639547,0.508060858450501,9,90000,9001
ACACGTCT,0.3958563,0.6082752649156805,9,90000,9001
CTAGCAAT,0.39541727,0.3360821341689688,9,90000,9001
CAGTAAGT,0.39515805,0.5140498082711417,9,90000,9001
GCGGTTCT,0.39510125,0.2954273698099204,9,90000,9001
TAACTACT,0.39498705,0.5052570815981527,9,90000,9001
TCAGCGTT,0.3949179,0.2502680080814744,9,90000,9001
GGGCGGGT,0.3947625,0.4432544427493506,9,90000,9001
GATTCACT,0.394489,0.542572052941904,9,90000,9001
TCCGTCGT,0.39443588,0.39737352080155036,9,90000,9001
CCAACACT,0.39443523,0.468323506370346,9,90000,9001
ACCGTAAT,0.394383,0.5415515606316744,9,90000,9001
CGGCTCAT,0.39412162,0.6229435533748403,9,90000,9001
AAATCCTT,0.39378548,0.45313981775450457,9,90000,9001
AGCCGCGT,0.3937323,0.2937059332866037,9,90000,9001
AGACCTGT,0.39346164,0.4084030841545376,9,90000,9001
TTTAAGCT,0.39341947,0.3847359089597163,9,90000,9001
CATTGGCT,0.39325115,0.4346266441264998,9,90000,9001
AGCAGGTT,0.3927008,0.4580876592586484,9,90000,9001
GACCCCGT,0.391909,0.5109883313404527,9,90000,9001
GAGTGGGT,0.391493,0.4340287799447491,9,90000,9001
GGCTCATT,0.39109492,0.6405805467364862,9,90000,9001
AGGCATCT,0.3906687,0.5264606440440358,9,90000,9001
AGCCCGGT,0.39058042,0.3923741392817383,9,90000,9001
GGCTTTGT,0.39021277,0.28792314352863563,9,90000,9001
ACTCCTTT,0.3901614,0.48373397105512717,9,90000,9001
AAATTCCT,0.39003932,0.23416690718673977,9,90000,9001
AACTGGGT,0.3899328,0.5119675916381479,9,90000,9001
ACTGCAAT,0.38987413,0.3065909372036449,9,90000,9001
GTCCAAGT,0.38986507,0.3496474662928298,9,90000,9001
CAAGTGCT,0.38971412,0.22363212798416696,9,90000,9001
CCGCTCAT,0.38967395,0.26317362800478294,9,90000,9001
CTTGTCCT,0.38947922,0.35176060693522454,9,90000,9001
GGAAGTGT,0.38944426,0.5210592504020122,9,90000,9001
CTCCCAAT,0.38937885,0.37969529542736985,9,90000,9001
CTTGTTCT,0.38925576,0.5885663629241744,9,90000,9001
AGCTGTCT,0.389152,0.31044613037562363,9,90000,9001
GGGGTCTT,0.38904622,0.45987094380076693,9,90000,9001
CAGACACT,0.38864678,0.5657032119737764,9,90000,9001
TTACGGTT,0.38851085,0.30895146992124684,9,90000,9001
ACAGGGCT,0.3884655,0.2859440069269781,9,90000,9001
ACGATGCT,0.38756728,0.3059724570156269,9,90000,9001
GGACAACT,0.38751704,0.30624046509710134,9,90000,9001
AACCCCCT,0.38738337,0.6036778955180802,9,90000,9001
GTTGTACT,0.3871446,0.3757988702428566,9,90000,9001
CCAAACCT,0.38708246,0.32771203562445883,9,90000,9001
AGAAGACT,0.38697284,0.4233290726920381,9,90000,9001
GACCAACT,0.38687268,0.2458046427246114,9,90000,9001
CCCCCTTT,0.3867398,0.5539314723951676,9,90000,9001
CGCTCATT,0.38652277,0.3212179936502701,9,90000,9001
GACCACGT,0.38652152,0.2936853172803365,9,90000,9001
ACAGAAGT,0.38650075,0.36644951140065146,9,90000,9001
GGAGAGCT,0.38624513,0.2873871273656867,9,90000,9001
CTGCCTGT,0.38620284,0.42534944130623015,9,90000,9001
ATGCTCTT,0.38606027,0.5375417474126911,9,90000,9001
GCGTCATT,0.3858931,0.5709190615593948,9,90000,9001
CTCGCCTT,0.38562497,0.33975178328454214,9,90000,9001
ACAACTCT,0.38509452,0.29588092194780025,9,90000,9001
AGACGGCT,0.38500285,0.3133529872593081,9,90000,9001
TTTCCCGT,0.3849288,0.3598111573825919,9,90000,9001
CTTTCAGT,0.3847447,0.4128458335051334,9,90000,9001
GTCATTCT,0.3843347,0.4323073434214324,9,90000,9001
CGCTGGGT,0.38429534,0.33784480270482004,9,90000,9001
CGCAGTGT,0.38411668,0.4189172473508432,9,90000,9001
AACTGTGT,0.3839767,0.4376159650352534,9,90000,9001
ACGCACAT,0.38384935,0.45501587432482576,9,90000,9001
AGGGGGCT,0.38371035,0.38640580546736486,9,90000,9001
GCGAGTCT,0.38370714,0.2696470539727044,9,90000,9001
GACCCGGT,0.38316044,0.5070094421308704,9,90000,9001
AGCCGAGT,0.38309184,0.14388941574238237,9,90000,9001
AGAGCCTT,0.3828108,0.32227971797303423,9,90000,9001
CCTGTACT,0.38266572,0.3610171937492269,9,90000,9001
TAGGTCCT,0.3824897,0.4565929988042717,9,90000,9001
CAGACTGT,0.38245097,0.31560013194244013,9,90000,9001
CGGCTTTT,0.38216308,0.26015338308662844,9,90000,9001
TGTACATT,0.38204494,0.5768358553581,9,90000,9001
TGAAAGCT,0.3819258,0.5497567311260463,9,90000,9001
TACATGGT,0.38162398,0.5289757968086423,9,90000,9001
GGCGGGTT,0.38158756,0.3190533129922072,9,90000,9001
TCAGCACT,0.38132936,0.37373726961612996,9,90000,9001
TCAAGACT,0.3811857,0.3474930936379005,9,90000,9001
TGTCGCCT,0.3810364,0.3877664618810044,9,90000,9001
ATGACCTT,0.3809109,0.48533171154084026,9,90000,9001
CCTTCCCT,0.38084853,0.3551622479693234,9,90000,9001
ATGGACTT,0.38067,0.26150373149713435,9,90000,9001
CTCCCTGT,0.3804095,0.36647012740691876,9,90000,9001
AGTGTGGT,0.38021523,0.373819733641199,9,90000,9001
CGAGCAAT,0.38008308,0.43207025934935883,9,90000,9001
ACTGCTTT,0.38007084,0.4236589287923143,9,90000,9001
CCTCTCCT,0.3798936,0.5683936007916546,9,90000,9001
CCGGGCTT,0.37982628,0.39800230899270195,9,90000,9001
GTCAACGT,0.37958908,0.2757596998309487,9,90000,9001
CGTTGAGT,0.37947297,0.43119407908300006,9,90000,9001
ACTCCGGT,0.37941056,0.41606193048282686,9,90000,9001
GTAGGCTT,0.3792323,0.3056941409310189,9,90000,9001
TGGTCGCT,0.37891936,0.24957737187152104,9,90000,9001
CTGTAACT,0.37890112,0.28054261328495445,9,90000,9001
GCGAGGGT,0.3787637,0.44004865377479074,9,90000,9001
TGTTCCAT,0.37852347,0.31064198243516267,9,90000,9001
AGAGAGCT,0.37841228,0.39848678513998265,9,90000,9001
AGTTAGCT,0.3780781,0.5009483362882942,9,90000,9001
CATGCGCT,0.37789425,0.46010802787284044,9,90000,9001
GCGAGAGT,0.37760806,0.40574361934606024,9,90000,9001
GACTGTCT,0.37719083,0.27720282026965737,9,90000,9001
CGTTCTCT,0.37717965,0.42205088030346766,9,90000,9001
ACGGGGTT,0.37702248,0.5445821135529625,9,90000,9001
TCGTGCGT,0.37696075,0.4575207190862986,9,90000,9001
GAAGGACT,0.37694567,0.2959943099822703,9,90000,9001
GGTAGTTT,0.37669605,0.37132519688285986,9,90000,9001
GACCCAGT,0.37660787,0.35055457056858946,9,90000,9001
ACTGAAAT,0.3764106,0.3053127448150744,9,90000,9001
GGTCCCAT,0.37639207,0.27028615016698965,9,90000,9001
TAGTGCGT,0.37629205,0.3093947140559931,9,90000,9001
CTTTCGGT,0.37601522,0.3727167773059003,9,90000,9001
ATGGTGGT,0.37578207,0.40351709066919556,9,90000,9001
GAGTGGTT,0.37575924,0.4373479569537789,9,90000,9001
AACCTTGT,0.37560642,0.3633055704448934,9,90000,9001
TACGCCGT,0.3754242,0.4823217746258195,9,90000,9001
AGTGGTCT,0.37537798,0.3888797262194368,9,90000,9001
CCTGCACT,0.3750799,0.39772399290809385,9,90000,9001
AGTTACTT,0.37469563,0.35585288417927674,9,90000,9001
CAAGTCAT,0.37460464,0.21668453387209832,9,90000,9001
GAGGCGTT,0.37458885,0.2432482579474704,9,90000,9001
ACGGACAT,0.37454033,0.4243289489960005,9,90000,9001
GTCGATGT,0.3744133,0.32959840019791364,9,90000,9001
TTCCACGT,0.37405634,0.2714406465179565,9,90000,9001
TGGAGGTT,0.3739969,0.3142600915350678,9,90000,9001
CCAGGCAT,0.37395617,0.4660248216715458,9,90000,9001
AGGGGACT,0.3739483,0.2125304086092442,9,90000,9001
TGAAAGGT,0.37390125,0.41740197089019915,9,90000,9001
CCAATTCT,0.37388146,0.5109677153341854,9,90000,9001
CTGGCTCT,0.3738241,0.2282191893786336,9,90000,9001
TCCTAACT,0.37382144,0.6155836391374263,9,90000,9001
TTGAATGT,0.3737294,0.3143425555601369,9,90000,9001
GGCAGTTT,0.37371144,0.40592916340246565,9,90000,9001
GGTTGCAT,0.373591,0.4669113099410382,9,90000,9001
CTTAAGCT,0.37350255,0.48265163072609574,9,90000,9001
TACAGGCT,0.3733015,0.45689193089514696,9,90000,9001
AAAAGGCT,0.37329608,0.5365212551024615,9,90000,9001
CACCGGTT,0.3730881,0.45206778542860676,9,90000,9001
CACCACTT,0.37292895,0.539850740114625,9,90000,9001
TTAGCACT,0.37286994,0.2962004700449429,9,90000,9001
GGCCTCAT,0.37259495,0.30318929616954604,9,90000,9001
CAGGAGTT,0.37247056,0.3833443285366759,9,90000,9001
AGCCTACT,0.37233672,0.43548220838659135,9,90000,9001
CGAGTCGT,0.37227112,0.3957345483033027,9,90000,9001
CTGGTTGT,0.37189525,0.31519811982022844,9,90000,9001
CGCTGTCT,0.37188548,0.1359728693357523,9,90000,9001
ACAAGTGT,0.37153807,0.4272976538984868,9,90000,9001
ATTGCGTT,0.3715231,0.3317218488434421,9,90000,9001
TCTGCGGT,0.3714051,0.44519234733847357,9,90000,9001
GCGCGATT,0.3709007,0.2949016616501052,9,90000,9001
GTCGCCTT,0.37087432,0.35562610811033685,9,90000,9001
CACCACAT,0.37047678,0.5786500639096194,9,90000,9001
CTAGCCGT,0.37035802,0.34647260132767077,9,90000,9001
ATGGGACT,0.37021258,0.38259184430792065,9,90000,9001
CAGCGTTT,0.37017024,0.20520141838123115,9,90000,9001
GAGCCAGT,0.36936146,0.28027460520348,9,90000,9001
ACAGGTCT,0.36896455,0.4084030841545376,9,90000,9001
CAACGGGT,0.3688442,0.40701150373149714,9,90000,9001
TGCTCGCT,0.3683813,0.3628726343132808,9,90000,9001
GACCGGTT,0.36824805,0.3593679132478456,9,90000,9001
ACTTGAAT,0.36820793,0.5382736156351792,9,90000,9001
CGCTCCAT,0.36816165,0.5259967839030223,9,90000,9001
TAGAAGTT,0.36809605,0.30813713767368983,9,90000,9001
GATGCTCT,0.3679538,0.5556941409310188,9,90000,9001
AGCCAAGT,0.36758274,0.30533336082134166,9,90000,9001
CACTTCCT,0.36751965,0.5857832020780934,9,90000,9001
TCGCACGT,0.36701292,0.4403166618562652,9,90000,9001
CGTTTTTT,0.36665186,0.43119407908300006,9,90000,9001
CGGGAGTT,0.36648458,0.47493093637900463,9,90000,9001
CCACGGTT,0.36642978,0.4357089844555313,9,90000,9001
GAAGAGCT,0.36635333,0.45184100935966687,9,90000,9001
GGGAGGGT,0.36633646,0.3601513214860017,9,90000,9001
TTGCGTGT,0.36630666,0.4462643796643714,9,90000,9001
CCAAGGGT,0.36621934,0.4710242031913578,9,90000,9001
ACTGTGGT,0.36597952,0.37445882983548423,9,90000,9001
CGTCGAGT,0.36576375,0.4421824104234528,9,90000,9001
TTACTGTT,0.36545286,0.4117841091823692,9,90000,9001
TCGACCCT,0.36537045,0.6741021729270605,9,90000,9001
CCCTCCAT,0.3653688,0.5038242691625778,9,90000,9001
TAAAGACT,0.36535886,0.25211314064239476,9,90000,9001
CCTTCGCT,0.36526865,0.34583350513338557,9,90000,9001
CCCAGGTT,0.3652199,0.41769059497794087,9,90000,9001
AACCCCGT,0.36472586,0.5445821135529625,9,90000,9001
AGCGAGCT,0.36471596,0.45285119366676285,9,90000,9001
CTCCAAAT,0.3645665,0.4332247557003257,9,90000,9001
TAAGGCGT,0.3644722,0.45450047416814415,9,90000,9001
GCATAAGT,0.36395267,0.5353255267389601,9,90000,9001
ACAGTCAT,0.36392644,0.4013111779985981,9,90000,9001
CGTCTACT,0.3638431,0.4730342638024162,9,90000,9001
AAGGAGGT,0.36376315,0.3346390137302602,9,90000,9001
CGCCATTT,0.36363825,0.3491526821424154,9,90000,9001
CCCGTCCT,0.36362866,0.36261493423494,9,90000,9001
CGGATGCT,0.36315495,0.47211685152352284,9,90000,9001
TAGGGACT,0.36303824,0.5568177132725849,9,90000,9001
CCTCCGCT,0.36297163,0.18764688904465426,9,90000,9001
TAGGCGTT,0.36288288,0.3502556384777141,9,90000,9001
TGAGTTTT,0.3628475,0.437121180884839,9,90000,9001
AGAACCTT,0.36261708,0.5619304828268668,9,90000,9001
TAACAGCT,0.36250034,0.5080402424442337,9,90000,9001
CATTCGCT,0.36246124,0.33369067744196595,9,90000,9001
TGTTCGCT,0.3624433,0.44921246856059044,9,90000,9001
GGCTAACT,0.36232698,0.23915598070341812,9,90000,9001
GGTTCGCT,0.3622659,0.3587597410629613,9,90000,9001
AATGCTCT,0.36215934,0.2699047540510452,9,90000,9001
TCGTCGTT,0.3614584,0.40801138003545956,9,90000,9001
GGTGGAGT,0.3611127,0.5184204015998021,9,90000,9001
CCCGCGTT,0.3610463,0.4811260462623181,9,90000,9001
AGCAAGCT,0.36094624,0.14679627262606687,9,90000,9001
CCGCCTGT,0.3608476,0.3499360903805715,9,90000,9001
CACGGCTT,0.36065716,0.43336906774419665,9,90000,9001
TTACTGGT,0.36047572,0.5879478827361564,9,90000,9001
AACTCTTT,0.3602913,0.3754174741269121,9,90000,9001
GCCCATTT,0.3600615,0.2575042262812848,9,90000,9001
CACATGTT,0.35986745,0.42175194821259226,9,90000,9001
GCTCCTGT,0.35984737,0.34422545664453885,9,90000,9001
CGTCCCAT,0.35980126,0.2567208180431287,9,90000,9001
CACTTTGT,0.35973445,0.5371397352904796,9,90000,9001
CTTCTGCT,0.35960758,0.4125159774048571,9,90000,9001
TTGCGTTT,0.3593022,0.3317115408403084,9,90000,9001
AGTTCGTT,0.35926786,0.5809384406052859,9,90000,9001
CCCATCGT,0.35923058,0.2901702882117676,9,90000,9001
GCTACAAT,0.35906467,0.501041108316497,9,90000,9001
GGGTGGGT,0.35903397,0.4632210448191976,9,90000,9001
TAACGGGT,0.35891992,0.3956417762751,9,90000,9001
CACAGGTT,0.35850537,0.283727786253247,9,90000,9001
TGGTTCCT,0.35848075,0.33330928132602156,9,90000,9001
GGAGGTTT,0.35831812,0.5869170824227931,9,90000,9001
AGTTGGCT,0.3582654,0.3632437224260916,9,90000,9001
AAGCACAT,0.358236,0.26395703624293904,9,90000,9001
TAGTGGGT,0.35813686,0.5918649239269369,9,90000,9001
CTCGCCGT,0.35785037,0.3333711293448233,9,90000,9001
CAGGGCAT,0.35784143,0.5453036737723168,9,90000,9001
CTTCACCT,0.35748804,0.31665154826207065,9,90000,9001
CGACCCAT,0.35702193,0.3920855151939966,9,90000,9001
GAAACGGT,0.35632578,0.3030037521131406,9,90000,9001
ACGACCTT,0.35607392,0.26433843235888344,9,90000,9001
GTCCGTTT,0.35577872,0.24839195151115326,9,90000,9001
AAGCTCCT,0.35571456,0.32891807199109385,9,90000,9001
TAGCACTT,0.35567036,0.44238857048612545,9,90000,9001
GTCAGGTT,0.35544142,0.3708097967261782,9,90000,9001
TGAAGCCT,0.35543662,0.38783861790293983,9,90000,9001
GCACACAT,0.3554298,0.43113223106419823,9,90000,9001
AAGGGGCT,0.3553411,0.388900342225704,9,90000,9001
CTTTGGTT,0.35484967,0.41874201129757144,9,90000,9001
CGACCTCT,0.35469747,0.33999917535974933,9,90000,9001
CAACGGCT,0.3546675,0.4664165257906238,9,90000,9001
GGTCGACT,0.35452345,0.24264008576258606,9,90000,9001
GTTTTACT,0.35422754,0.4687049024862904,9,90000,9001
AGACGCCT,0.35413966,0.35242031913577704,9,90000,9001
GCTCAGCT,0.35402128,0.4193295674761885,9,90000,9001
CGTTACTT,0.35380068,0.3687997361151198,9,90000,9001
AATTCTGT,0.35373768,0.39012699459860634,9,90000,9001
CGAAGGGT,0.35371083,0.2837690182657816,9,90000,9001
TCGTCGCT,0.3536866,0.2899022801302932,9,90000,9001
CTGCGTTT,0.35365,0.3441120686100688,9,90000,9001
CATTTCGT,0.35342014,0.4668082299097019,9,90000,9001
GACCCGTT,0.3533205,0.22134375128850037,9,90000,9001
CACCCTTT,0.35325912,0.772832226940997,9,90000,9001
TGACAGCT,0.35292,0.4193811074918567,9,90000,9001
GGTTCGTT,0.3527536,0.4336164598194038,9,90000,9001
AGCATTGT,0.35252297,0.35312126334886407,9,90000,9001
CACGCGCT,0.35241592,0.2032738217952418,9,90000,9001
TGAATGTT,0.35230124,0.38777676988413806,9,90000,9001
CCACTGTT,0.35222346,0.3641508267018513,9,90000,9001
ACAACCTT,0.35213685,0.32690801138003545,9,90000,9001
GGTAAAGT,0.35182235,0.44894446047911596,9,90000,9001
GCATACAT,0.3516562,0.40057930977611017,9,90000,9001
CTGTGGGT,0.3516137,0.5323568218364738,9,90000,9001
AAAAAGGT,0.35134363,0.4409660660536841,9,90000,9001
CTGCCAAT,0.35106584,0.2073764070424277,9,90000,9001
GTCCCGGT,0.35105404,0.21574650558693775,9,90000,9001
CACCGGCT,0.35094947,0.40410464684781267,9,90000,9001
CCGTACCT,0.3508684,0.4248958891683503,9,90000,9001
TGGGAATT,0.35075274,0.3713664288953944,9,90000,9001
GCAGTCAT,0.3507038,0.3068898692945203,9,90000,9001
CATGAACT,0.35063928,0.43820352121387046,9,90000,9001
GCTACATT,0.35043368,0.32035212138704483,9,90000,9001
CCGTTCGT,0.3504095,0.4906506411577949,9,90000,9001
CGAGGACT,0.3503272,0.37055209664783734,9,90000,9001
CAACAAGT,0.35030645,0.463324124850534,9,90000,9001
GGAGGTCT,0.35029748,0.31331175524677357,9,90000,9001
GACAGAGT,0.34986737,0.3753865501175112,9,90000,9001
CGCCTCTT,0.34983087,0.24322764194120317,9,90000,9001
CGCTACTT,0.3497961,0.40660949160928544,9,90000,9001
CCGAGGTT,0.34970212,0.40198119820228423,9,90000,9001
CTCCCCGT,0.34969488,0.34062796355090097,9,90000,9001
GGGAATGT,0.34968123,0.3012513915804231,9,90000,9001
AACGATGT,0.34962836,0.4805694140931019,9,90000,9001
ACGCTAAT,0.34912875,0.44231641446419,9,90000,9001
CCGAGGGT,0.3486649,0.5079680864222983,9,90000,9001
CGGAGCGT,0.34851554,0.21584958561827405,9,90000,9001
TGCTCAGT,0.34832233,0.4249268131777512,9,90000,9001
AGGAGCCT,0.3482023,0.20762379911763493,9,90000,9001
CAGTGGTT,0.3480135,0.38090133179400487,9,90000,9001
CTAGCCCT,0.3479898,0.3039417803983013,9,90000,9001
GGACTCTT,0.34782106,0.18118377107986638,9,90000,9001
GCCGACAT,0.34780273,0.2731002350224714,9,90000,9001
ACAAAGTT,0.347696,0.40611470745887107,9,90000,9001
CCCACCCT,0.34765857,0.34611182121799366,9,90000,9001
AACGGTCT,0.3475988,0.543138993114254,9,90000,9001
TGGTCAGT,0.34747705,0.21175730837422174,9,90000,9001
TACAAGGT,0.34743023,0.5542200964829094,9,90000,9001
CGACCCTT,0.34736916,0.3220014018884262,9,90000,9001
GCGTGGTT,0.34736314,0.2655238527192512,9,90000,9001
CACTTGCT,0.34695256,0.44830536428483075,9,90000,9001
GCGGAGGT,0.34687188,0.4566754628293407,9,90000,9001
GAACGTGT,0.34669575,0.41740197089019915,9,90000,9001
TCCCGTCT,0.34661108,0.5957716571145838,9,90000,9001
CGTCGATT,0.34610394,0.41419618191563934,9,90000,9001
GACAGCGT,0.34607297,0.2843153424318641,9,90000,9001
GACACGTT,0.3457202,0.3841380447779656,9,90000,9001
GTCACCCT,0.3450495,0.3010452315177504,9,90000,9001
CCGTGGTT,0.34497067,0.26547231270358307,9,90000,9001
AAAGGGCT,0.34496313,0.22168391539191032,9,90000,9001
GACTCGGT,0.3448861,0.22243639962066547,9,90000,9001
CTGCTTCT,0.34482598,0.45087205706510536,9,90000,9001
AGAGGCGT,0.34399214,0.448748608419577,9,90000,9001
GAAGACCT,0.34398332,0.30833298973322887,9,90000,9001
AGCCTCAT,0.34377262,0.4674370181008535,9,90000,9001
CCTCAACT,0.3436931,0.3453181049767039,9,90000,9001
CACACGTT,0.34367374,0.3520801550323671,9,90000,9001
CGACAACT,0.34365106,0.29456149754669525,9,90000,9001
GAGTTTCT,0.34346732,0.3145487156228096,9,90000,9001
GGTTCACT,0.343454,0.5237084072073558,9,90000,9001
AGCCCGTT,0.34319142,0.33944254319053313,9,90000,9001
AGTCTAGT,0.34318382,0.37358264956912546,9,90000,9001
TCGACCTT,0.34312385,0.4180926071001525,9,90000,9001
CTGCTGGT,0.34273228,0.3286397559064858,9,90000,9001
CACAGTTT,0.34260076,0.3967756566197996,9,90000,9001
TTAAGCTT,0.3425931,0.3967344246072651,9,90000,9001
AACGCTTT,0.34231657,0.14061147074588715,9,90000,9001
CCTCCTTT,0.3422815,0.2699356780604461,9,90000,9001
AAAGCTCT,0.34179273,0.325516430956995,9,90000,9001
AGGAAAGT,0.34164336,0.43264750752484227,9,90000,9001
AGAAGCCT,0.34155193,0.6032037273739331,9,90000,9001
TGCGGTCT,0.3414296,0.3273924875273162,9,90000,9001
CAGCCCAT,0.34134036,0.3988784892590607,9,90000,9001
AACCAATT,0.3413247,0.3698408444316167,9,90000,9001
GGGCTGTT,0.34119067,0.16150579309776109,9,90000,9001
ACAATTTT,0.34117946,0.30766296952954275,9,90000,9001
GTTTTCGT,0.34100845,0.5842576176143157,9,90000,9001
CGATGCGT,0.3408278,0.5095349028986105,9,90000,9001
GTACTGCT,0.34064114,0.35524471199439245,9,90000,9001
CGCAAAGT,0.340589,0.4553044984125675,9,90000,9001
GACGACAT,0.3404797,0.29702511029563355,9,90000,9001
CCGCCCCT,0.34039897,0.5045355213787985,9,90000,9001
AATTTGGT,0.34030017,0.3763451944089391,9,90000,9001
AAGGTTGT,0.3401726,0.32690801138003545,9,90000,9001
CGGAGTCT,0.34012252,0.29025275223683666,9,90000,9001
GTGTTCCT,0.3394531,0.4780336453222282,9,90000,9001
CCACGCCT,0.33920595,0.2848101265822785,9,90000,9001
CCGCTCTT,0.33899823,0.434368944048159,9,90000,9001
TGAGCGGT,0.33879623,0.36459407083659756,9,90000,9001
CCTTTCCT,0.33875024,0.40701150373149714,9,90000,9001
TGCATCCT,0.33840597,0.30199356780604464,9,90000,9001
CCTCGGTT,0.3382277,0.3214653857254773,9,90000,9001
GCCCGTTT,0.33786374,0.41715457881499196,9,90000,9001
GTTAGTTT,0.33784714,0.46072650806085846,9,90000,9001
GCTACGTT,0.33782476,0.14504391209334927,9,90000,9001
CGCCAGTT,0.33760303,0.26310147198284745,9,90000,9001
CCACTGGT,0.33759683,0.4483569043004989,9,90000,9001
CGGGGCTT,0.33753574,0.3074465014637364,9,90000,9001
AGTTCTCT,0.33660963,0.5606935224508308,9,90000,9001
CTACGAGT,0.33647054,0.4288953943841999,9,90000,9001
AAGCCTTT,0.33629867,0.3108378344947017,9,90000,9001
GGGAGCGT,0.3360267,0.26650311301694635,9,90000,9001
CCCTACGT,0.335704,0.5776398796025234,9,90000,9001
CGCTTCCT,0.33569598,0.2754298437306725,9,90000,9001
CGCTCAGT,0.33567014,0.4248855811652167,9,90000,9001
CACTCCAT,0.33565333,0.47131282727909946,9,90000,9001
CTGCGGTT,0.33560756,0.33180431286851114,9,90000,9001
CAAAAGTT,0.3355286,0.26676081309528715,9,90000,9001
GTCTGGCT,0.33550107,0.23454830330268417,9,90000,9001
GCTTTACT,0.33540142,0.509689522945615,9,90000,9001
GGACCCAT,0.3353847,0.37065517667917375,9,90000,9001
CAGCCCGT,0.3352894,0.41924710345111943,9,90000,9001
AGTCGCCT,0.33499444,0.4696841627839855,9,90000,9001
GGGCTGGT,0.33485729,0.26612171690100195,9,90000,9001
TGTTACGT,0.33481342,0.4935574980414794,9,90000,9001
CCTAACCT,0.33474633,0.4621180884838989,9,90000,9001
ATTGTACT,0.33470038,0.5296870490248629,9,90000,9001
GTTGTCCT,0.33466002,0.578382055828145,9,90000,9001
AACGAGGT,0.33459023,0.45352121387044897,9,90000,9001
GACACATT,0.3345706,0.3457819651177174,9,90000,9001
CCAGTCTT,0.33435628,0.33746340658887564,9,90000,9001
GAGCTGCT,0.33424255,0.32791819568713143,9,90000,9001
GGTCCCCT,0.33406076,0.29395332536181096,9,90000,9001
CGCTCGTT,0.33405384,0.5022162206737311,9,90000,9001
TCGCCTCT,0.33398175,0.4451408073228054,9,90000,9001
CGAAGCAT,0.33388007,0.27418257535150287,9,90000,9001
TAACGGCT,0.3337977,0.4854554075784439,9,90000,9001
AAGAATTT,0.33356827,0.3241763905496227,9,90000,9001
CCCTCCGT,0.33343214,0.6636395497464231,9,90000,9001
TGTAGACT,0.33342898,0.3792623592957572,9,90000,9001
ATGGTCTT,0.33335495,0.35668783243310104,9,90000,9001
GAGGGCTT,0.33292997,0.3182389807446501,9,90000,9001
CAAGGCTT,0.33264056,0.3347420937615965,9,90000,9001
CCAGTCAT,0.33246,0.2240444481095122,9,90000,9001
ACCTTCGT,0.3322739,0.37900465921741644,9,90000,9001
CGAAACGT,0.33224025,0.41627839854863313,9,90000,9001
TGACGGGT,0.33214903,0.3536160474992784,9,90000,9001
CGCTCGCT,0.33213618,0.21280872469385234,9,90000,9001
CAGAGAGT,0.332053,0.5208943223518739,9,90000,9001
CGCCTCCT,0.3318898,0.22325073186822247,9,90000,9001
CGCTCACT,0.33179417,0.4671380860099782,9,90000,9001
ACTACGGT,0.33177543,0.362192306106461,9,90000,9001
GCCTCCCT,0.33175603,0.39423988784892594,9,90000,9001
GTTCGTTT,0.33170623,0.45293365769183197,9,90000,9001
TTAAGGCT,0.3314858,0.33204139694058465,9,90000,9001
TGGCACAT,0.33146235,0.34549334102997564,9,90000,9001
GCCGGGTT,0.3314314,0.4177215189873418,9,90000,9001
CAGAGTCT,0.33109963,0.489805384900837,9,90000,9001
GCAAATGT,0.3310683,0.29277821300457674,9,90000,9001
GAATTGCT,0.3310298,0.3059106089968251,9,90000,9001
ACGGAGCT,0.3309116,0.295551065847524,9,90000,9001
CCGGTCGT,0.33078796,0.2862944790335216,9,90000,9001
GGAATTTT,0.33057216,0.2650599925782377,9,90000,9001
TCTACGGT,0.330337,0.4553251144188348,9,90000,9001
CACCTTTT,0.3302317,0.5554261328495445,9,90000,9001
AACTCCCT,0.3300935,0.3008390714550777,9,90000,9001
ACGCCTCT,0.32985985,0.448748608419577,9,90000,9001
GGGGCATT,0.3296705,0.3962396404568507,9,90000,9001
CTCGCGGT,0.3295118,0.23365150703005813,9,90000,9001
CCTTAGCT,0.3294431,0.33381437347956955,9,90000,9001
CCAGAGGT,0.32926226,0.5038758091782459,9,90000,9001
CCCGCCTT,0.32918647,0.26860594565620743,9,90000,9001
TCTAGCGT,0.3290068,0.525244299674267,9,90000,9001
CTCGCCCT,0.32896104,0.2683173215684657,9,90000,9001
TGACCTTT,0.32875648,0.42573083742217455,9,90000,9001
TGCTCGGT,0.32844102,0.22582773265163072,9,90000,9001
CCCTCCCT,0.32824332,0.34583350513338557,9,90000,9001
CAAGAAGT,0.32807997,0.356100276254484,9,90000,9001
TACAGACT,0.32799914,0.298107450624665,9,90000,9001
GCACCCAT,0.32788336,0.3243310105966273,9,90000,9001
TCGCCGTT,0.32748732,0.5263163320001649,9,90000,9001
AGCGCAAT,0.327481,0.4490372325073187,9,90000,9001
TGCCAGTT,0.32742262,0.3322475570032573,9,90000,9001
GAGCTCTT,0.3273563,0.4285139982682555,9,90000,9001
GAATGGTT,0.3273368,0.27930565290891846,9,90000,9001
GCTACTTT,0.32725933,0.4509132890776399,9,90000,9001
CCCAACCT,0.32721284,0.20236671751948213,9,90000,9001
TTCGCCAT,0.32699296,0.3248773347627098,9,90000,9001
GCGAGTTT,0.3269564,0.30509627674926815,9,90000,9001
TCCTGGCT,0.32679343,0.432039335339958,9,90000,9001
CTCGCTGT,0.3265722,0.3637694305859069,9,90000,9001
GGTGGTCT,0.3264592,0.2724508308250526,9,90000,9001
TAACTGGT,0.3264576,0.4769513049931967,9,90000,9001
CGATGTGT,0.32644296,0.3167340122871397,9,90000,9001
GCAAGATT,0.3264272,0.5182863975590649,9,90000,9001
CCGACTGT,0.3264035,0.336834618397724,9,90000,9001
GATGTGGT,0.32630068,0.395332536181091,9,90000,9001
TGCAATTT,0.32625955,0.28178988166412405,9,90000,9001
CCGGGCCT,0.32625252,0.18720364490990804,9,90000,9001
GACTCTTT,0.32615396,0.3383705108646353,9,90000,9001
CCCTTGGT,0.3260305,0.5433039211643921,9,90000,9001
GAGAGCGT,0.32598847,0.4000329856100276,9,90000,9001
GACCATGT,0.3256749,0.5390467158702016,9,90000,9001
GCGTCTGT,0.32556608,0.4146291180472519,9,90000,9001
TTGTGCCT,0.32545763,0.5151630726095741,9,90000,9001
CCTTTCGT,0.3254099,0.5299756731126046,9,90000,9001
TTAGGACT,0.32535663,0.20908753556261078,9,90000,9001
TGACGCCT,0.32531595,0.3386075949367089,9,90000,9001
GCGACTCT,0.32518122,0.18893538943635835,9,90000,9001
TACGAAGT,0.3251057,0.32116645363460194,9,90000,9001
GGCTGTGT,0.32485092,0.2937780893085392,9,90000,9001
AAGGAGCT,0.32446033,0.44453263513792113,9,90000,9001
GGCAGGTT,0.32442555,0.1822042633900961,9,90000,9001
GTCCAAAT,0.3243116,0.34826619387292296,9,90000,9001
TGGGGCCT,0.32421133,0.17767905001443124,9,90000,9001
CGAGACAT,0.3241422,0.46200470044942893,9,90000,9001
AAGCAGTT,0.32406518,0.35111120273780566,9,90000,9001
AACTCTGT,0.32395276,0.3624396981816682,9,90000,9001
TGACTCCT,0.32393724,0.5798251762668536,9,90000,9001
TCGAGCCT,0.32389966,0.4196697315795984,9,90000,9001
CCAGACGT,0.32357103,0.33168061683090755,9,90000,9001
GCCGAGTT,0.3234773,0.14064239475528795,9,90000,9001
CAGTAACT,0.32334927,0.41618562652043045,9,90000,9001
CGGGGGCT,0.32322043,0.35176060693522454,9,90000,9001
TGGCTCTT,0.3231989,0.3623366181503319,9,90000,9001
GGGGAGCT,0.32298943,0.30463241660825463,9,90000,9001
TGTGTACT,0.32281956,0.5579206696078836,9,90000,9001
GCCTGGGT,0.3228049,0.3295365521791119,9,90000,9001
GCTACGCT,0.3226784,0.36865542407124896,9,90000,9001
GCAAACTT,0.32266703,0.370139776522492,9,90000,9001
GTGGAGTT,0.32226056,0.39041561868634805,9,90000,9001
CACGGCGT,0.32225326,0.47970354182987673,9,90000,9001
CGCCCCAT,0.32180542,0.5582299097018926,9,90000,9001
GTGAAGGT,0.32174337,0.5186574856718758,9,90000,9001
CGCAATCT,0.32167992,0.463715828969612,9,90000,9001
AAGCCGGT,0.32166463,0.2766874201129757,9,90000,9001
AAGCGGGT,0.3214452,0.40635179153094464,9,90000,9001
CGCCGGTT,0.32116425,0.5799385643013236,9,90000,9001
GGAGTCGT,0.32104176,0.4059807034181338,9,90000,9001
AGAATGCT,0.32100102,0.43279181956871315,9,90000,9001
AGGTGCGT,0.3209424,0.3129818991464973,9,90000,9001
GCGCGCAT,0.3208304,0.38423081680616833,9,90000,9001
GGCTGTTT,0.3208258,0.32265080608584507,9,90000,9001
GTACGAGT,0.32074833,0.2618954356162124,9,90000,9001
TAACGCCT,0.32071206,0.4213911681029151,9,90000,9001
CCGCCTTT,0.320651,0.26838947759040116,9,90000,9001
TGGAGCCT,0.3205151,0.3199088772522987,9,90000,9001
GTTACGCT,0.32050782,0.35865666103162497,9,90000,9001
CGAATTGT,0.32046312,0.5422112728322269,9,90000,9001
ACAGACCT,0.32031173,0.26341071207685646,9,90000,9001
GCCTCAAT,0.32018468,0.41457757803158374,9,90000,9001
ACAGCCCT,0.32014194,0.3062095410877005,9,90000,9001
GTCACAGT,0.31981897,0.3670164515730013,9,90000,9001
CGAGTCTT,0.31979713,0.28867562775739086,9,90000,9001
CTTTGCCT,0.31940576,0.29672617820475816,9,90000,9001
CGTTGGCT,0.31936175,0.20085144105883812,9,90000,9001
AGCGAACT,0.31928363,0.37074794870737643,9,90000,9001
CCGCGCTT,0.31921577,0.30403455242650396,9,90000,9001
AGAGCGGT,0.31919622,0.3535129674679421,9,90000,9001
CGAGGTTT,0.31917974,0.3014472436399621,9,90000,9001
TGGGCATT,0.31899488,0.31542489588916833,9,90000,9001
GGGAGGTT,0.31886476,0.5068342060775987,9,90000,9001
CCTGCCGT,0.31874895,0.3245474786624335,9,90000,9001
CGAAGCCT,0.31867644,0.294118253411949,9,90000,9001
TAGCAGGT,0.31860226,0.525357687708737,9,90000,9001
ATTTCCTT,0.3185214,0.2694512019131654,9,90000,9001
CCCCAGGT,0.31845355,0.4295241825753515,9,90000,9001
TGGGCCCT,0.31843802,0.14157011503731493,9,90000,9001
AGCGCTTT,0.31764805,0.24539232259926608,9,90000,9001
CGTGCAAT,0.31753886,0.4436667628746959,9,90000,9001
TACGTCCT,0.3173471,0.33196924091864927,9,90000,9001
TGCCCGCT,0.3171793,0.29334515317692655,9,90000,9001
CGGACTCT,0.31705478,0.28857254772605456,9,90000,9001
ACTCTAGT,0.31702933,0.4668700779285037,9,90000,9001
CCTGCTGT,0.31624734,0.45262441759782296,9,90000,9001
CTCGGGCT,0.31617296,0.1953881993980126,9,90000,9001
CCGGTCTT,0.3161451,0.2521234486455284,9,90000,9001
TTCGCGGT,0.31605676,0.37224260916175317,9,90000,9001
TAGGCTGT,0.31595978,0.3697171483940131,9,90000,9001
GGGAGTCT,0.31593487,0.38884880221003587,9,90000,9001
CCGGACCT,0.3159185,0.14225044324413477,9,90000,9001
ACGCGGCT,0.31590018,0.2937059332866037,9,90000,9001
GGCTCTCT,0.3153704,0.23503277944996495,9,90000,9001
GCGTTGTT,0.31521884,0.5170700531892961,9,90000,9001
ACGGCTCT,0.3151594,0.38490083700985445,9,90000,9001
CGCGGTTT,0.31511486,0.1783696862243846,9,90000,9001
CACGTCTT,0.31505674,0.4033418546159238,9,90000,9001
GCTCTACT,0.31499404,0.3995691254690142,9,90000,9001
CCGAATGT,0.3148092,0.5377582154784974,9,90000,9001
CCGCGCAT,0.3147151,0.23399167113346805,9,90000,9001
TGTAAAGT,0.31466395,0.5094112068610069,9,90000,9001
GGAATTCT,0.314096,0.24798993938894157,9,90000,9001
TCCGCCCT,0.3140909,0.3189296169546036,9,90000,9001
CATGCACT,0.31407908,0.5968230734342144,9,90000,9001
CCCCATTT,0.31406856,0.3155382839236383,9,90000,9001
CTGGGCCT,0.31371242,0.28253205788974556,9,90000,9001
GCTCCACT,0.31363875,0.3275780315837216,9,90000,9001
ATATCTAT,0.9101525,0.9426153465550654,10,100000,10001
CGATCCGT,0.8959471,0.8413598317733888,10,100000,10001
GGGATTAT,0.8694042,0.8523997031295097,10,100000,10001
GATCCGCT,0.8578011,0.8281140477466704,10,100000,10001
CGATACAT,0.8557815,0.9130107615552714,10,100000,10001
TGTATGAT,0.8401687,0.8891992743165794,10,100000,10001
TCATGTAT,0.79837215,0.810404898363089,10,100000,10001
ATCATAGT,0.79327285,0.689285861542902,10,100000,10001
GATTATCT,0.78570044,0.7604626231806374,10,100000,10001
TATCCCAT,0.78549457,0.7995505710633737,10,100000,10001
TCAGGGAT,0.78295475,0.736548055910609,10,100000,10001
CTATCCCT,0.76507866,0.7872221993155486,10,100000,10001
CACGGTAT,0.7619108,0.7927163649857749,10,100000,10001
CACGTGAT,0.7561637,0.6188203521213871,10,100000,10001
CTATCTCT,0.74888015,0.8015812476806994,10,100000,10001
TGACACGT,0.74674237,0.6149960829588093,10,100000,10001
ACTATCTT,0.73764825,0.7378984043211149,10,100000,10001
TGAGACCT,0.7325319,0.6697521956046675,10,100000,10001
ATCAGATT,0.727862,0.8021688038593164,10,100000,10001
ACCGTGAT,0.721357,0.725652496598359,10,100000,10001
GAGTGGAT,0.7209086,0.6835236877912011,10,100000,10001
GTATAGTT,0.71027815,0.751123572341566,10,100000,10001
AACCCTAT,0.7099521,0.7343215272337443,10,100000,10001
CTGTGGAT,0.70985126,0.726858532964994,10,100000,10001
GCTTATCT,0.7096198,0.44158454624170207,10,100000,10001
ATATTCTT,0.7086272,0.7031810497670391,10,100000,10001
CCTATATT,0.7075744,0.7062425266977281,10,100000,10001
CAGATCCT,0.7068114,0.7575763823032201,10,100000,10001
AATCCCGT,0.6953045,0.5833608213416898,10,100000,10001
ACTTGGAT,0.6898823,0.696388075701975,10,100000,10001
CAAGAGAT,0.689801,0.7393518327629571,10,100000,10001
GTTATACT,0.68935335,0.7448769224425845,10,100000,10001
CGTGTAAT,0.68435013,0.5250896796272626,10,100000,10001
ATCACCCT,0.68030655,0.8735311095534573,10,100000,10001
GATAGCTT,0.680092,0.8674596957077475,10,100000,10001
GATGGGAT,0.6773232,0.7092936956252835,10,100000,10001
GGTGCGAT,0.6741599,0.5974003216096978,10,100000,10001
GAACGTAT,0.6726244,0.7850678266606194,10,100000,10001
ACCCCTGT,0.67133796,0.6831835236877912,10,100000,10001
TACATCCT,0.6696131,0.5243165793922402,10,100000,10001
TTTCGTAT,0.6686941,0.724920628375871,10,100000,10001
TGGACGAT,0.66444504,0.6478064569331629,10,100000,10001
AACACGAT,0.6583066,0.6723085803818085,10,100000,10001
TGGGCGAT,0.65734816,0.7259720446955016,10,100000,10001
AAGGTAAT,0.65553105,0.666927802746052,10,100000,10001
TCCCTATT,0.64608777,0.5041850492722549,10,100000,10001
GTCTTATT,0.6456916,0.6066981404362347,10,100000,10001
ATTGCGAT,0.6422767,0.6912134581288913,10,100000,10001
TATAGCAT,0.63509643,0.6544551189543562,10,100000,10001
ACTAATCT,0.63260186,0.7757700078340823,10,100000,10001
TCGTTTTT,0.6326,0.5470972663175689,10,100000,10001
CGCCTATT,0.6313131,0.47807487733476267,10,100000,10001
CGGTGTCT,0.62978244,0.6423225992660702,10,100000,10001
TTTTTATT,0.6277336,0.57717601946151,10,100000,10001
TCGTATTT,0.62735415,0.6754319053312993,10,100000,10001
CATGCGAT,0.62178385,0.7092421556096153,10,100000,10001
TAGGTGCT,0.6216713,0.3307941285614151,10,100000,10001
GAGATGGT,0.6186044,0.48156929039706425,10,100000,10001
CCAACGAT,0.61623955,0.6418071991093885,10,100000,10001
ATCGCTCT,0.6112088,0.8023440399125882,10,100000,10001
CCGACGAT,0.61079127,0.41042345276872966,10,100000,10001
AAACCTGT,0.608134,0.4094132684616336,10,100000,10001
ATCTAGGT,0.6071049,0.7792747288995175,10,100000,10001
ATAATGTT,0.60631764,0.6310044118253412,10,100000,10001
TGTGTCAT,0.6048449,0.436080072568342,10,100000,10001
CACATAAT,0.59633666,0.6466622685853297,10,100000,10001
ACCCGCAT,0.5953264,0.5607656784727663,10,100000,10001
TAATAAAT,0.5939577,0.6486723291963881,10,100000,10001
ACCAATCT,0.5931375,0.5243990434173093,10,100000,10001
TAACCATT,0.5916723,0.3092710180183895,10,100000,10001
AAGAGTGT,0.5844347,0.5894734671999341,10,100000,10001
TCGATTTT,0.58354646,0.588432358883437,10,100000,10001
TGAGTTAT,0.5835018,0.6401166865954728,10,100000,10001
ATAAGCTT,0.5828515,0.5412010885251309,10,100000,10001
ACACCACT,0.58175373,0.812538655011751,10,100000,10001
GAGACAAT,0.5803666,0.44139900218529665,10,100000,10001
TCTATTGT,0.57891876,0.48027048200222655,10,100000,10001
TCATACTT,0.5776239,0.6828433595843814,10,100000,10001
ACACGCAT,0.5759572,0.4049395951016369,10,100000,10001
GGGTTGTT,0.57555825,0.47214777553292375,10,100000,10001
AACGGTGT,0.57395,0.5699191852554323,10,100000,10001
GAGACAGT,0.5731282,0.5320888137549994,10,100000,10001
ACTGGTTT,0.57022166,0.4659114336370758,10,100000,10001
GACTCGAT,0.56922865,0.5246464354925164,10,100000,10001
AGAGGGGT,0.5691897,0.6290046592174164,10,100000,10001
ATGAGCGT,0.56909966,0.3373809425638065,10,100000,10001
GAAGGAAT,0.56844574,0.5188533377314146,10,100000,10001
TCGGCTCT,0.5683536,0.5455304498412568,10,100000,10001
TTTGTGTT,0.5655636,0.5850822578650064,10,100000,10001
GTAGGATT,0.56511146,0.4262771615882571,10,100000,10001
TCTCGTTT,0.5640309,0.503762421143776,10,100000,10001
CAATCCTT,0.56386995,0.5401496722055004,10,100000,10001
CACTTTAT,0.56256396,0.7184368944048158,10,100000,10001
TCGGGATT,0.5605999,0.541087700490661,10,100000,10001
TGGGTTGT,0.5561719,0.48323918690471285,10,100000,10001
TTACACCT,0.5541232,0.8013132395992248,10,100000,10001
GTTGATTT,0.55386436,0.4517688533377314,10,100000,10001
TCTAACTT,0.5520047,0.5282954686018225,10,100000,10001
TCTACCCT,0.5507309,0.4971549911351173,10,100000,10001
CTCAAAGT,0.5507045,0.5663010761555272,10,100000,10001
ATTCCTCT,0.54968894,0.6018430709602937,10,100000,10001
AAGACCAT,0.5462775,0.35668783243310104,10,100000,10001
AATGTGTT,0.546238,0.5110192553498537,10,100000,10001
ATTTTTCT,0.5459081,0.4666742258689647,10,100000,10001
CGCAAGAT,0.54234445,0.5606935224508308,10,100000,10001
CATCCTCT,0.5421731,0.6600626726590525,10,100000,10001
CTTCTATT,0.5418941,0.46448892920463447,10,100000,10001
CTACGTGT,0.54073507,0.5571681853791284,10,100000,10001
AAATCGCT,0.5384143,0.30747742547313733,10,100000,10001
CTTACTCT,0.5360838,0.40754751989444604,10,100000,10001
TGGATTTT,0.53419274,0.638116933987548,10,100000,10001
CCTAATGT,0.53316367,0.5102152311054303,10,100000,10001
ACCTTTCT,0.53294384,0.6032037273739331,10,100000,10001
CTCAATGT,0.5321847,0.41110378097554945,10,100000,10001
TAAAGCTT,0.53132045,0.4035273986723292,10,100000,10001
GGGTAAGT,0.53049904,0.6068733764895065,10,100000,10001
ATTCTGCT,0.5293031,0.45760318311136766,10,100000,10001
TGTGTTTT,0.5289161,0.5469632622768317,10,100000,10001
CTTTTTGT,0.5275122,0.6615985651259638,10,100000,10001
CTGGTTTT,0.5274866,0.6534552426503938,10,100000,10001
GACAAGAT,0.52544737,0.7229930317898816,10,100000,10001
TCGTACCT,0.5246058,0.6313445759287512,10,100000,10001
CGCACTAT,0.52263093,0.5624046509710139,10,100000,10001
CAGCTATT,0.5215625,0.3803550076279223,10,100000,10001
CGAAATGT,0.5209456,0.23064157011503733,10,100000,10001
CGCCTAAT,0.51767623,0.32815527975920505,10,100000,10001
GACATACT,0.5172341,0.4177112109842081,10,100000,10001
CCCTATGT,0.5169911,0.396456108522657,10,100000,10001
TTCGTCTT,0.51601857,0.30106584752401766,10,100000,10001
TTCGTCAT,0.5159224,0.4659217416402095,10,100000,10001
TGTCAACT,0.51441073,0.5407578443903847,10,100000,10001
GAGACACT,0.51428425,0.6873788809631798,10,100000,10001
CCCTGGAT,0.5136499,0.7025522615758875,10,100000,10001
GTAGTACT,0.5130284,0.4815177503813961,10,100000,10001
CCCTTTTT,0.5115353,0.6695151115325939,10,100000,10001
ATTAGACT,0.51134115,0.5046179854038676,10,100000,10001
GACCTCAT,0.5112555,0.43228672741516516,10,100000,10001
TACACAGT,0.5090705,0.4520162454129386,10,100000,10001
AACTCATT,0.50867605,0.2760173999092896,10,100000,10001
GATTAACT,0.50850457,0.672318888384942,10,100000,10001
TCCATCTT,0.5064921,0.6628458335051335,10,100000,10001
GCAGGATT,0.5056318,0.367696779779821,10,100000,10001
GATTACGT,0.5051776,0.5077310023502247,10,100000,10001
TAGCTAGT,0.50363725,0.5420772687914898,10,100000,10001
CTTAGAAT,0.5027855,0.4588504514905372,10,100000,10001
CATAGAGT,0.502018,0.3788500391704119,10,100000,10001
CGTCATCT,0.50069124,0.5623221869459448,10,100000,10001
TGCGGTGT,0.5004392,0.6595575805055045,10,100000,10001
GTCTGAAT,0.5000559,0.5616109347297242,10,100000,10001
TTACTCAT,0.49942476,0.615398095081021,10,100000,10001
CAGTTAAT,0.49845904,0.5602605863192183,10,100000,10001
TATTGACT,0.4983049,0.6809466870077928,10,100000,10001
CCTCGCAT,0.4982856,0.5101121510740939,10,100000,10001
TGTGTCGT,0.49609488,0.41268090545499525,10,100000,10001
CTCCGGTT,0.4960227,0.2329196388075702,10,100000,10001
CATGTACT,0.49524197,0.6856780604461303,10,100000,10001
TAAAAGTT,0.49510887,0.40922772440522825,10,100000,10001
AGTGACAT,0.49415696,0.2257246526202944,10,100000,10001
TGTTGGTT,0.4902731,0.6002040984620459,10,100000,10001
TCCGCCAT,0.490094,0.48036325403042923,10,100000,10001
TGCATCTT,0.48991382,0.4941553622232301,10,100000,10001
ACAGCCAT,0.4894911,0.427854286067703,10,100000,10001
TTTTAGGT,0.4890463,0.570238733352575,10,100000,10001
TACCACGT,0.48881876,0.33113429266482497,10,100000,10001
TCATGCGT,0.4886545,0.29142786459407083,10,100000,10001
TACTGCGT,0.48809993,0.46220055250896797,10,100000,10001
CCCTCATT,0.48778018,0.5461901620418093,10,100000,10001
CTGTTTCT,0.48762468,0.30765266152640913,10,100000,10001
TTAACACT,0.48665053,0.6342308168061683,10,100000,10001
TACGACTT,0.48504612,0.549035170906692,10,100000,10001
GACACACT,0.48463994,0.42400940089885786,10,100000,10001
GAGCCGTT,0.48380178,0.4377808930853915,10,100000,10001
TGGGTTCT,0.4835695,0.39341524759823526,10,100000,10001
GCATGTTT,0.4831774,0.37502577000783405,10,100000,10001
CGTCTCCT,0.48303574,0.4886611965530037,10,100000,10001
GCTCTTAT,0.48303154,0.6172019956294066,10,100000,10001
ACTCCCTT,0.48115477,0.5355729188141674,10,100000,10001
TCCGAGCT,0.48036915,0.3889518822413722,10,100000,10001
CCCTTCGT,0.4801779,0.2983239186904713,10,100000,10001
CTCTCTGT,0.47981113,0.3574815486743908,10,100000,10001
AGCCGTCT,0.47707626,0.3133529872593081,10,100000,10001
CGTTTAGT,0.47568756,0.49979383993732734,10,100000,10001
GTTCGGGT,0.47562307,0.49954644786212016,10,100000,10001
CCAGTGGT,0.4744237,0.37023254855069476,10,100000,10001
TTCATACT,0.4737298,0.6411784109182369,10,100000,10001
CTCAAAAT,0.47367346,0.5707541335092565,10,100000,10001
TGGTTTGT,0.47350386,0.34933822619882077,10,100000,10001
AGGGTTCT,0.47346526,0.5663938481837298,10,100000,10001
GTCTCGGT,0.47274336,0.47769348121881827,10,100000,10001
CCCCTTGT,0.4727065,0.6588154042798829,10,100000,10001
TGCATGTT,0.47137395,0.5435203892301983,10,100000,10001
TGGTTGTT,0.4712321,0.4940728981981611,10,100000,10001
CGTCTTCT,0.47098494,0.45007834082381565,10,100000,10001
AACACATT,0.47076613,0.5110192553498537,10,100000,10001
GAAACCGT,0.47022292,0.43205995134622516,10,100000,10001
TACCGAAT,0.4695207,0.6026058631921825,10,100000,10001
GGTTCCAT,0.4689628,0.4244526450336041,10,100000,10001
ACTACTCT,0.46890247,0.5702181173463077,10,100000,10001
CCTAAACT,0.46726283,0.39850740114624994,10,100000,10001
TAGTTGGT,0.4672106,0.5684451408073228,10,100000,10001
ATGTTCCT,0.467198,0.37959221539603344,10,100000,10001
CCCCGAAT,0.46670938,0.5645693316290767,10,100000,10001
TTTGCTCT,0.46638665,0.2286727415165134,10,100000,10001
CCGTCTTT,0.46627045,0.35969776934812187,10,100000,10001
CTACCCAT,0.46571305,0.59323588834371,10,100000,10001
TCAGTGTT,0.46529144,0.6056879561291387,10,100000,10001
CAGTACCT,0.4647936,0.4791262936543933,10,100000,10001
TTCAGCAT,0.46475244,0.34627674926813173,10,100000,10001
GTCCGTGT,0.46405858,0.3820455201418381,10,100000,10001
GGCTTAAT,0.4639529,0.611295509833835,10,100000,10001
AGGCGCAT,0.46393389,0.44360491485589415,10,100000,10001
TTGGAATT,0.46392322,0.30023089927019336,10,100000,10001
TTACTTGT,0.461719,0.4715602193543067,10,100000,10001
AACACCCT,0.46103126,0.592504020121222,10,100000,10001
CACCATGT,0.4602395,0.6630519935678061,10,100000,10001
TTGGGTTT,0.4599695,0.4671999340287799,10,100000,10001
AGTTGCCT,0.4597981,0.4337092318476065,10,100000,10001
GTTGCGTT,0.4597538,0.3119304828268668,10,100000,10001
CAGAAACT,0.45945224,0.3668102915103286,10,100000,10001
ACTAATTT,0.45924476,0.37666474250608173,10,100000,10001
ATGGGCAT,0.4590426,0.5455098338349894,10,100000,10001
CATGGCAT,0.4584477,0.3637075825671051,10,100000,10001
TTGTTACT,0.45776814,0.30230280790005365,10,100000,10001
CCCTTAGT,0.45773676,0.4087638642642147,10,100000,10001
CTTCGTGT,0.45720693,0.5319238857048613,10,100000,10001
ACGACTCT,0.45687565,0.5584566857708324,10,100000,10001
GCGCTTAT,0.45568353,0.32038304539644585,10,100000,10001
CCTCTGGT,0.455061,0.3131365191935018,10,100000,10001
AATAGCCT,0.45435846,0.6534861666597946,10,100000,10001
CCCCTGCT,0.45274863,0.4438419989279677,10,100000,10001
ATCGCGGT,0.45233375,0.8024161959345236,10,100000,10001
TTACTCGT,0.451815,0.4173298148682637,10,100000,10001
GCCAGATT,0.4517396,0.6036057394961448,10,100000,10001
TGCAACAT,0.4516755,0.4101863686966561,10,100000,10001
TGCGTCAT,0.45122364,0.502329608708201,10,100000,10001
CCACGATT,0.45090988,0.41496928215066176,10,100000,10001
TACGCCCT,0.45007014,0.4851564754875686,10,100000,10001
GAACCCAT,0.45006102,0.3895806704325238,10,100000,10001
TAGTAACT,0.44984967,0.5286047086958314,10,100000,10001
GGGTCTTT,0.4495196,0.4131344575928751,10,100000,10001
CGCTTTCT,0.44867924,0.34071042757597,10,100000,10001
TGGATGGT,0.44792783,0.3179709726631757,10,100000,10001
CAACAGGT,0.44776547,0.36344988248876425,10,100000,10001
CTACTACT,0.4470097,0.3992392693687379,10,100000,10001
AGAGGTCT,0.44668058,0.3820249041355709,10,100000,10001
GGAGGAGT,0.44663325,0.40576423535232753,10,100000,10001
ATGCGTCT,0.44663054,0.5143281243557498,10,100000,10001
ATTGAGGT,0.4456499,0.45173792932833057,10,100000,10001
TTGTCGTT,0.44558385,0.5446851935842989,10,100000,10001
GACACTTT,0.44545344,0.6595678885086381,10,100000,10001
CTTTGACT,0.4453312,0.42913247845627345,10,100000,10001
ACTTTAGT,0.44442952,0.3160743000865872,10,100000,10001
CATTAGTT,0.44323316,0.42227765637240755,10,100000,10001
AGAGAGTT,0.44199985,0.3585123489877541,10,100000,10001
CTACCGCT,0.44172722,0.36968622438461224,10,100000,10001
AAACCGTT,0.44140434,0.37086133674184635,10,100000,10001
CTCACCGT,0.4413845,0.4824660866696904,10,100000,10001
CATGCATT,0.44111297,0.4800230899270193,10,100000,10001
CGGTAATT,0.44108334,0.3577598647589989,10,100000,10001
CCAGTAGT,0.44105822,0.4781573413598318,10,100000,10001
AAGACACT,0.4398548,0.6421061312002639,10,100000,10001
TAGGCGCT,0.4392631,0.45563435451284373,10,100000,10001
CCAGGTCT,0.43924934,0.3784789510576011,10,100000,10001
AAATTGCT,0.43876,0.3454624170205748,10,100000,10001
TAGTCACT,0.43869868,0.4802601739990929,10,100000,10001
CCTACTGT,0.4368139,0.4381829052076032,10,100000,10001
AGCCGGTT,0.43671107,0.43992495773718715,10,100000,10001
GTAGCGGT,0.4365226,0.25345318104976705,10,100000,10001
GTTTGGTT,0.4364926,0.42780274605203483,10,100000,10001
GCCGTTTT,0.43611354,0.31439409557580505,10,100000,10001
CGACCCCT,0.43493503,0.41717519482125925,10,100000,10001
GTCTACGT,0.43484744,0.2594008988578733,10,100000,10001
CCCAGTCT,0.43474203,0.2977363625118542,10,100000,10001
GTACGGTT,0.4337889,0.3712324248546572,10,100000,10001
GACCCTTT,0.43364927,0.44417185502824397,10,100000,10001
GCGTCGAT,0.4334384,0.5108234032903146,10,100000,10001
AACGGTTT,0.43303895,0.37086133674184635,10,100000,10001
TGTGGCAT,0.4330216,0.5016389724982476,10,100000,10001
TTGTCGGT,0.43217012,0.28615016698965073,10,100000,10001
GGCGTCAT,0.43180668,0.47877582154784976,10,100000,10001
CAACATCT,0.43177763,0.5139776522492063,10,100000,10001
ACGAGTCT,0.43124294,0.4562940667133963,10,100000,10001
AGACTCCT,0.43088025,0.3406795035665691,10,100000,10001
GATTTGCT,0.43069595,0.4723436275924628,10,100000,10001
CGCTAAGT,0.43059748,0.6706489918772935,10,100000,10001
CCGGTTTT,0.43020558,0.46735455407578447,10,100000,10001
GTCCTAAT,0.43010545,0.5869789304415948,10,100000,10001
CTTCTGTT,0.42911273,0.40928957242402997,10,100000,10001
TTTGTGCT,0.4289069,0.3667484434915268,10,100000,10001
TGGGTCGT,0.42825735,0.3271244794458418,10,100000,10001
TCTTTCGT,0.42817816,0.376571970477879,10,100000,10001
AGAAGGGT,0.42805368,0.6718241042345278,10,100000,10001
CATGGCTT,0.4280514,0.42194780027213125,10,100000,10001
ACCTTGGT,0.42796266,0.27252298684698795,10,100000,10001
GCAGGAGT,0.42704755,0.4876407042427741,10,100000,10001
CGAGATTT,0.4266052,0.43116315507359915,10,100000,10001
CCTTACCT,0.4265455,0.47502370840720737,10,100000,10001
AGGGAGTT,0.42606735,0.3008390714550777,10,100000,10001
CGCTGAAT,0.4250643,0.3017977157465056,10,100000,10001
TAAGAATT,0.42482775,0.39939388941574244,10,100000,10001
GTTTTTCT,0.4247136,0.44705809590566115,10,100000,10001
GTTGTGCT,0.42359424,0.3840968127654311,10,100000,10001
CTTTGGGT,0.423569,0.40134210200799897,10,100000,10001
ATTCCGGT,0.42305213,0.46320042881293033,10,100000,10001
GAGCTGGT,0.4229318,0.5264503360409021,10,100000,10001
AGTGCCAT,0.4220185,0.35213169504803526,10,100000,10001
ACACGTTT,0.4219011,0.3985280171525172,10,100000,10001
TGTGAATT,0.42148834,0.4540778460396652,10,100000,10001
TTTCAATT,0.42145497,0.4165464066301076,10,100000,10001
ATTGGGCT,0.42126432,0.25166989650764854,10,100000,10001
CGCGTTTT,0.42079815,0.15513544716117597,10,100000,10001
CATCGCGT,0.42070553,0.4782810373974354,10,100000,10001
TAGGAATT,0.41999707,0.4268337937574733,10,100000,10001
CAAATCTT,0.41940776,0.41199026924504184,10,100000,10001
GTACCCCT,0.41937992,0.5791242320537665,10,100000,10001
AACCTGGT,0.4193035,0.4438832309405022,10,100000,10001
TTCTCTTT,0.41647437,0.6684327712035625,10,100000,10001
TGAATGCT,0.41629404,0.41397971384983306,10,100000,10001
GGCTGAAT,0.4162867,0.41587638642642144,10,100000,10001
AACTTCTT,0.41623482,0.2252504844761473,10,100000,10001
TGCCGGGT,0.4161467,0.2506700202036861,10,100000,10001
CAGTACGT,0.41596955,0.4236486207891807,10,100000,10001
GAAGGTCT,0.41590944,0.38548839318847156,10,100000,10001
CGATGGGT,0.41579887,0.5511276955428195,10,100000,10001
GCTTATGT,0.41576445,0.35915144518203934,10,100000,10001
GAAGCGCT,0.41491058,0.5478806745557251,10,100000,10001
CCTTTGTT,0.41449735,0.48199191852554324,10,100000,10001
CGTTACCT,0.4137376,0.35470869583144354,10,100000,10001
ACACGACT,0.4136559,0.6370861336741847,10,100000,10001
TAAAGTCT,0.41335115,0.4488001484352451,10,100000,10001
CCGACAGT,0.41243955,0.2732342390632087,10,100000,10001
GGTTTTTT,0.4116706,0.5261101719374923,10,100000,10001
GATGGCAT,0.41084749,0.5285737846864306,10,100000,10001
TTAAGACT,0.41073292,0.48304333484517376,10,100000,10001
CGTTCAAT,0.41050518,0.3651610110089474,10,100000,10001
TTGGCTCT,0.41041926,0.23764070424277406,10,100000,10001
CTCTAATT,0.41011015,0.5058343297736363,10,100000,10001
AAGAGGTT,0.4100482,0.5374180513750877,10,100000,10001
ACAAGGCT,0.40996805,0.3395250072156022,10,100000,10001
GGGACAAT,0.4096373,0.37712860264709525,10,100000,10001
AGGACAAT,0.40903375,0.5271718962602565,10,100000,10001
TGACGATT,0.40901518,0.5177091493835815,10,100000,10001
GCAAGTGT,0.40826026,0.4104646847812642,10,100000,10001
CTAGTTCT,0.40804607,0.3911577949119696,10,100000,10001
GAGCCTGT,0.4078533,0.4003937657197048,10,100000,10001
GACGATGT,0.40758657,0.47108605121015956,10,100000,10001
TCAATTGT,0.40740374,0.6370861336741847,10,100000,10001
ACTTCCAT,0.40677106,0.5271512802539892,10,100000,10001
CCCGTAAT,0.406657,0.5216674225868965,10,100000,10001
GTTGGCAT,0.40643412,0.33125798870242856,10,100000,10001
GCGTAATT,0.40623283,0.3923638312786047,10,100000,10001
GAAGCGGT,0.40591514,0.4619840844431617,10,100000,10001
CTCCAAGT,0.40471607,0.5260277079124233,10,100000,10001
GTGGGAAT,0.40466306,0.5757019750134004,10,100000,10001
CAGCGATT,0.40376347,0.22922937368572957,10,100000,10001
CACTAGCT,0.40356886,0.4686945944831567,10,100000,10001
TCAAGTTT,0.40340996,0.5868449264008576,10,100000,10001
TGGCTTCT,0.40308496,0.3496268502865625,10,100000,10001
CGCTGTGT,0.40282533,0.4032078505751866,10,100000,10001
GGACACGT,0.40215892,0.29984950315424896,10,100000,10001
CGCATTGT,0.40196028,0.4706221910691461,10,100000,10001
AGAGAAGT,0.4019151,0.6801735867727704,10,100000,10001
CTGGGCTT,0.40135315,0.21461262524223806,10,100000,10001
GTGGCGGT,0.4003888,0.4019708901991506,10,100000,10001
AACGGGTT,0.39992392,0.2919432647507525,10,100000,10001
CCACACGT,0.39992237,0.23957860883189708,10,100000,10001
GTACAGCT,0.39940146,0.46589081763080853,10,100000,10001
TCTGTGCT,0.399041,0.5587968498742424,10,100000,10001
GGTAATGT,0.39818585,0.43448233208262893,10,100000,10001
GAGGTGCT,0.39814878,0.1969034758586567,10,100000,10001
CCACGTCT,0.3974358,0.49617573083742217,10,100000,10001
CCTAACGT,0.39735875,0.36238815816600006,10,100000,10001
AACGGCAT,0.39733115,0.5476229744773842,10,100000,10001
CTGGTCAT,0.39668253,0.3540695996371583,10,100000,10001
TTGTCCTT,0.39654067,0.4510163691089762,10,100000,10001
GCCCCCAT,0.3962263,0.1988207644415124,10,100000,10001
TCGGCTGT,0.39565498,0.5371603512967468,10,100000,10001
ACCTGGGT,0.3955534,0.42876139034346267,10,100000,10001
AGCCTGTT,0.3955306,0.49422751824516553,10,100000,10001
ACTCGTCT,0.39536306,0.3541314476559601,10,100000,10001
GTCGTTGT,0.39524627,0.37085102873871273,10,100000,10001
TGCACCCT,0.39505786,0.3575949367088608,10,100000,10001
AAGTGAGT,0.39432114,0.5624974229992166,10,100000,10001
CTGTCAGT,0.39420754,0.3615738259184431,10,100000,10001
GTAGTCGT,0.3941972,0.26827608955593124,10,100000,10001
GCCCTACT,0.3940412,0.4383169092483404,10,100000,10001
AAGACTGT,0.39397383,0.2387333525749392,10,100000,10001
GTTCTGGT,0.39392415,0.3685008040242444,10,100000,10001
TGGAAATT,0.39382735,0.25032985610027625,10,100000,10001
GGTACAGT,0.39344242,0.5048963014884756,10,100000,10001
GGAAGGGT,0.39335105,0.47001401888426175,10,100000,10001
TAGAGGCT,0.3931786,0.3099204222158084,10,100000,10001
ACGCATTT,0.39285427,0.5397476600832887,10,100000,10001
GGAAGAGT,0.39253625,0.3933843235888344,10,100000,10001
CGGTTGTT,0.39213806,0.5120191316538161,10,100000,10001
TGGTTTCT,0.39172032,0.5457881499195976,10,100000,10001
CTAAGCAT,0.39134774,0.40663010761555274,10,100000,10001
CCTCCGGT,0.39109483,0.37473714592009233,10,100000,10001
AAAGAGCT,0.39099166,0.5102976951304993,10,100000,10001
CCACTAAT,0.3907468,0.5072671422092112,10,100000,10001
GTTCGTGT,0.39047208,0.2867274151651342,10,100000,10001
TTCGTGGT,0.39022228,0.41101100894734677,10,100000,10001
AGGCGTCT,0.3900835,0.35242031913577704,10,100000,10001
AAGACGGT,0.39008307,0.3817259720446955,10,100000,10001
AAAGGCGT,0.39006102,0.34725600956582686,10,100000,10001
GAGGTTGT,0.38939273,0.2934070011957284,10,100000,10001
GTGAACAT,0.38914934,0.41270152146126254,10,100000,10001
CTACCGTT,0.38869828,0.3767472065311508,10,100000,10001
TGGGGGCT,0.38868088,0.1817404032490826,10,100000,10001
ACTCCAGT,0.38867477,0.4647981692986434,10,100000,10001
CCCATGGT,0.38867226,0.35801756483733965,10,100000,10001
GGACGGGT,0.38851866,0.43010143075083496,10,100000,10001
ACAACGTT,0.3884777,0.3258153630478704,10,100000,10001
AATTCTTT,0.38825437,0.30870407784603965,10,100000,10001
GTCAGACT,0.3882476,0.3567599884550365,10,100000,10001
AACACCTT,0.38803178,0.41852554323176516,10,100000,10001
AGTTCATT,0.3880263,0.3087762338679751,10,100000,10001
TACGGCTT,0.3878491,0.6123469261534655,10,100000,10001
AACCTCGT,0.38772184,0.5129674679421102,10,100000,10001
GAAGCTCT,0.3876383,0.44131653816022764,10,100000,10001
CCTAGCTT,0.3874797,0.3827876963674597,10,100000,10001
GACTCTGT,0.38744682,0.5182039335339957,10,100000,10001
TGACAATT,0.38737833,0.4820125345318105,10,100000,10001
CGCCTTTT,0.38737243,0.3536675875149466,10,100000,10001
TGGGGCGT,0.38735706,0.4578093431740404,10,100000,10001
CAAGGGTT,0.38683683,0.4750752484228755,10,100000,10001
AGCTCGTT,0.38652876,0.4779408732940255,10,100000,10001
GACTACAT,0.3864092,0.41600008246402503,10,100000,10001
CACGCTCT,0.3863121,0.5589720859275141,10,100000,10001
CTCCCCAT,0.38626736,0.37563394219271845,10,100000,10001
GGAGACAT,0.3859961,0.613851894610976,10,100000,10001
AGGAGGTT,0.3854912,0.42589576547231267,10,100000,10001
ACGGAGGT,0.3849628,0.43692532882529994,10,100000,10001
CTTGTGGT,0.38450226,0.3008493794582114,10,100000,10001
CCTCACTT,0.3844407,0.4859708077351255,10,100000,10001
GCTTGTGT,0.38437125,0.3830453964458005,10,100000,10001
CCCACACT,0.38414314,0.6081412608749434,10,100000,10001
CATGACCT,0.38339233,0.33000041232012534,10,100000,10001
GTGTCCCT,0.382968,0.3978992289613656,10,100000,10001
CCGGGGCT,0.3828409,0.3135385313157135,10,100000,10001
CTAAGCGT,0.3827646,0.4297303426380242,10,100000,10001
AGCCTCCT,0.3826895,0.3460293571929246,10,100000,10001
CACCGTTT,0.38256592,0.47968292582360944,10,100000,10001
GTCGAACT,0.38236582,0.09566857708324744,10,100000,10001
GAAAGCGT,0.38196602,0.2378262482991795,10,100000,10001
AACTCCTT,0.38189217,0.4580464272461139,10,100000,10001
TGGTCTTT,0.3817543,0.25385519317197874,10,100000,10001
TTCTCAGT,0.38171577,0.4768173009524595,10,100000,10001
ACGCGTCT,0.381386,0.46677730590030103,10,100000,10001
AGCCAGTT,0.38114423,0.3409887436605781,10,100000,10001
TTGCCGGT,0.3808957,0.26232837174782503,10,100000,10001
AGTACACT,0.380715,0.4857852636787202,10,100000,10001
ACTGCCAT,0.38049704,0.31769265657856766,10,100000,10001
GAGGACTT,0.38045752,0.3459675091741228,10,100000,10001
GTAAGGCT,0.3798161,0.21668453387209832,10,100000,10001
GGAAATGT,0.37865907,0.31321898321857095,10,100000,10001
TGAATTTT,0.37848917,0.28361439821877704,10,100000,10001
AGTCCCTT,0.3784023,0.41091823691914403,10,100000,10001
GATGCAGT,0.37827307,0.48217746258194866,10,100000,10001
TGGAAACT,0.3781669,0.38743660578072814,10,100000,10001
ACCGTCAT,0.37796864,0.39945573743454416,10,100000,10001
CCCGTGCT,0.37790817,0.19802704820022266,10,100000,10001
GGAGAAGT,0.37782595,0.4733641199026925,10,100000,10001
CCCGTCGT,0.37759063,0.3453490289861048,10,100000,10001
ACGTAGGT,0.37709212,0.442625654558199,10,100000,10001
AACTTGGT,0.37708014,0.5429019090421804,10,100000,10001
CGCCTGGT,0.3770153,0.3114872386921206,10,100000,10001
GTAATGGT,0.37687054,0.5027831608460809,10,100000,10001
GCACCTCT,0.37621978,0.29123201253453174,10,100000,10001
AGGGTTGT,0.37613705,0.40395002680080816,10,100000,10001
CGCGTGCT,0.37562177,0.36689275553539763,10,100000,10001
GCTTAGCT,0.37525284,0.259071042757597,10,100000,10001
CCTCCACT,0.37521258,0.3015193996618975,10,100000,10001
GAAGCTGT,0.37440848,0.4407083659753433,10,100000,10001
TGTGAGTT,0.3743484,0.3600276254483981,10,100000,10001
ACCTCTGT,0.37422344,0.39717766874201127,10,100000,10001
CGACTCCT,0.37338582,0.38256092029851974,10,100000,10001
TTGGCACT,0.3729179,0.21187069640869172,10,100000,10001
AACTGGCT,0.37265182,0.3409887436605781,10,100000,10001
CCCCGGCT,0.3725704,0.32462994268750256,10,100000,10001
CATGCGTT,0.37250406,0.3981466210365728,10,100000,10001
GCCATTGT,0.3724886,0.2531130169463572,10,100000,10001
CCTTGGGT,0.37147284,0.4656434255556014,10,100000,10001
GACTGTTT,0.3713749,0.45342844184224634,10,100000,10001
TGTAGCCT,0.37114662,0.3054158248464108,10,100000,10001
TTTCGAGT,0.3711182,0.3840349647466293,10,100000,10001
CTACGCGT,0.37094498,0.37604626231806376,10,100000,10001
ATGCAACT,0.3705495,0.514379664371418,10,100000,10001
CTCAACGT,0.37053555,0.40554776728652125,10,100000,10001
CAGAACCT,0.3704768,0.43995588174658806,10,100000,10001
GGTTGCTT,0.3696719,0.3281346637529378,10,100000,10001
TCGACATT,0.3695667,0.36090380571475694,10,100000,10001
CGGGTCTT,0.36928472,0.2610914113717891,10,100000,10001
CCAGAAGT,0.3689708,0.3559456562074795,10,100000,10001
ATGTACCT,0.3684291,0.5196882859852389,10,100000,10001
CGACGTGT,0.36825073,0.19689316785552305,10,100000,10001
TGCTAGTT,0.36810678,0.3944151239021977,10,100000,10001
AGTGGCTT,0.3680072,0.2544633653568631,10,100000,10001
TGCTGTCT,0.36778942,0.497051911103781,10,100000,10001
CGACGCAT,0.3677866,0.46694223395043916,10,100000,10001
CCCACGGT,0.36744353,0.45341813383911267,10,100000,10001
AAGGCTCT,0.36744246,0.32227971797303423,10,100000,10001
TGTCCACT,0.36741924,0.4571083989609533,10,100000,10001
GCCCGGTT,0.36670372,0.3792211272832227,10,100000,10001
TTCGACTT,0.3665579,0.30128231558982393,10,100000,10001
GTGGCATT,0.3664599,0.29173710468807984,10,100000,10001
TGCACACT,0.3664055,0.3230425102049231,10,100000,10001
TGGACAAT,0.36639163,0.44708901991506206,10,100000,10001
GTCCAACT,0.36638308,0.31906362099534075,10,100000,10001
ATGCATGT,0.3662658,0.5134210200799901,10,100000,10001
ACTTCGGT,0.36617708,0.32354760235847113,10,100000,10001
ACGCGCCT,0.36599755,0.3689028161464561,10,100000,10001
ACTTTGCT,0.36592162,0.320011957283635,10,100000,10001
GCCTTCGT,0.36571357,0.16255720941739168,10,100000,10001
GCCTGAGT,0.3655499,0.27216220673731084,10,100000,10001
GCACCGGT,0.3654511,0.2983033026842041,10,100000,10001
AACGCGCT,0.36532056,0.18794582113552963,10,100000,10001
CGAGTGTT,0.3653046,0.3190533129922072,10,100000,10001
GCGAGATT,0.36529493,0.43244134746216967,10,100000,10001
CAAGTCCT,0.36521435,0.34956500226776066,10,100000,10001
GGTACATT,0.36521238,0.6000804024244423,10,100000,10001
TGTACGGT,0.36501795,0.42255597245701565,10,100000,10001
TGCTACCT,0.3649758,0.468911062548963,10,100000,10001
CGTGGTTT,0.36474657,0.5073392982311467,10,100000,10001
CCTTCGGT,0.36465734,0.46732363006638356,10,100000,10001
ACTTGCAT,0.36460912,0.25944213087040774,10,100000,10001
ACCCAATT,0.3645313,0.6248402259514287,10,100000,10001
AGCACGGT,0.36411226,0.36689275553539763,10,100000,10001
CCAATGGT,0.36372694,0.5782892837999423,10,100000,10001
TGAAGGGT,0.3635649,0.530975549416567,10,100000,10001
CTGAGCGT,0.36343625,0.40639302354347917,10,100000,10001
CTAGAATT,0.36343428,0.4909495732486703,10,100000,10001
GTGGACAT,0.36340287,0.5836391374262978,10,100000,10001
CGTAGTCT,0.36336613,0.30956995010926486,10,100000,10001
CGCTTCGT,0.3633555,0.39144641899971133,10,100000,10001
CGAGACTT,0.3631879,0.3031583721601452,10,100000,10001
TTAGTGCT,0.3631077,0.32205294190409434,10,100000,10001
TTCACACT,0.36295918,0.5890508390714551,10,100000,10001
AGCACTCT,0.3627631,0.4663340617655548,10,100000,10001
CGCGATTT,0.3624344,0.46378798499154744,10,100000,10001
ACTTTCGT,0.36240217,0.28083123737269616,10,100000,10001
ATGCACTT,0.3622486,0.273028079000536,10,100000,10001
CTGTCACT,0.36190078,0.38145796396322107,10,100000,10001
GACTCAGT,0.3617624,0.5128850039170412,10,100000,10001
CAGTTCTT,0.3616014,0.3980229249989692,10,100000,10001
GGTACCGT,0.361457,0.3734795695377891,10,100000,10001
CCGAAGGT,0.36144587,0.5033191770090298,10,100000,10001
CCATCCCT,0.36119443,0.4214014761060488,10,100000,10001
TGAGGCCT,0.3610822,0.3651610110089474,10,100000,10001
TCGCCACT,0.3610649,0.5073599142374139,10,100000,10001
AGTTCAGT,0.36096254,0.42237042840061023,10,100000,10001
TAGCATGT,0.36037287,0.22146744732610404,10,100000,10001
AACGAACT,0.3601949,0.5809384406052859,10,100000,10001
GTTTCCTT,0.3597376,0.39589947635344086,10,100000,10001
AGGGAATT,0.35951218,0.4621593204964335,10,100000,10001
GAGAAAGT,0.35950264,0.19973817672040572,10,100000,10001
GAGTCGGT,0.35948968,0.41561868634808063,10,100000,10001
CGAAAAGT,0.35943276,0.41192842122624,10,100000,10001
GCCAGGTT,0.35940602,0.2594008988578733,10,100000,10001
TAGACTGT,0.3593268,0.48753762421143776,10,100000,10001
ACCAAACT,0.35916886,0.3898383705108647,10,100000,10001
AACCTTTT,0.3591365,0.45842782336205834,10,100000,10001
TACAGAGT,0.35862932,0.6377870778872717,10,100000,10001
CTTAACCT,0.35821253,0.4183090751659589,10,100000,10001
CGGAATGT,0.35772133,0.3531934193707995,10,100000,10001
CTGTGGTT,0.35751048,0.4112377850162866,10,100000,10001
CGCAAACT,0.35736957,0.4001154496350967,10,100000,10001
GTACCCGT,0.35707554,0.3152805838452975,10,100000,10001
GCGGAGTT,0.3566464,0.2783470086174906,10,100000,10001
GCCTACAT,0.35656443,0.38382880468395664,10,100000,10001
GAATTAGT,0.3563456,0.42130870407784604,10,100000,10001
ACCTTCAT,0.35615677,0.5354595307796974,10,100000,10001
GTTACCGT,0.35609552,0.3836329526244176,10,100000,10001
CGTGACAT,0.3558485,0.34589535315218733,10,100000,10001
ACCAAGTT,0.3557489,0.5429019090421804,10,100000,10001
TTCTACTT,0.35532677,0.4916711334680246,10,100000,10001
AGCGTCAT,0.3552782,0.3980332330021028,10,100000,10001
CAGAGCCT,0.35476017,0.379860223477508,10,100000,10001
GCACGACT,0.3546552,0.22230239557992829,10,100000,10001
CCCGATGT,0.3546435,0.3506885746093267,10,100000,10001
TGTCCTTT,0.35402593,0.4865274399043418,10,100000,10001
ACGCGCGT,0.35401595,0.3317012328371748,10,100000,10001
TGCCTACT,0.35385364,0.4791262936543933,10,100000,10001
AAAACATT,0.35357776,0.4846410753308869,10,100000,10001
AAAGTGGT,0.35352048,0.4581804312868511,10,100000,10001
TGCCCACT,0.35349548,0.32561951098833136,10,100000,10001
AACTGACT,0.35323817,0.24838164350801964,10,100000,10001
CAGCTGCT,0.35322648,0.1864408526780192,10,100000,10001
AGCGGGCT,0.35306853,0.19748072403414008,10,100000,10001
AACTAATT,0.35271236,0.4491815445511895,10,100000,10001
GGTCTTGT,0.35266185,0.4221642683379376,10,100000,10001
CTGAGGCT,0.3523659,0.2727806869253288,10,100000,10001
CTTCGCTT,0.35231507,0.4333896837504638,10,100000,10001
CAAGCGGT,0.3520958,0.23000247392075207,10,100000,10001
AGTCTGGT,0.35202697,0.4949903104770544,10,100000,10001
GGTCCACT,0.35186163,0.1791840184719416,10,100000,10001
GACGACCT,0.35175025,0.2535974930936379,10,100000,10001
GTCGCGTT,0.35171533,0.2757081598152806,10,100000,10001
CGCCACTT,0.35168,0.4736836679998351,10,100000,10001
AGACGCGT,0.35148156,0.46677730590030103,10,100000,10001
ACGAGGCT,0.35139027,0.4914031253865501,10,100000,10001
CCGTACGT,0.3513329,0.40661979961241906,10,100000,10001
ATTGCGCT,0.35120702,0.4490372325073187,10,100000,10001
TATGGACT,0.35118678,0.5001649280501381,10,100000,10001
CGGTGGTT,0.35118577,0.5612913866325816,10,100000,10001
AAGAGTCT,0.35114238,0.454026306023997,10,100000,10001
CCGGAAAT,0.35083917,0.23797056034305036,10,100000,10001
CAGGCTGT,0.35083765,0.45772687914897126,10,100000,10001
GATGGCGT,0.35065416,0.3544716117593699,10,100000,10001
CCAGTGCT,0.350562,0.5810724446460231,10,100000,10001
AGTAAACT,0.3505409,0.4889395126376118,10,100000,10001
TAACGACT,0.35046145,0.3806951717313322,10,100000,10001
GACGCCCT,0.3504139,0.37522162206737314,10,100000,10001
CGGTAGCT,0.35040742,0.2384550364903311,10,100000,10001
CGCTTCTT,0.3500588,0.27737805632292906,10,100000,10001
TAGAGCGT,0.34991112,0.44708901991506206,10,100000,10001
AGACTGCT,0.3498093,0.24800024739207518,10,100000,10001
GCAGTAGT,0.34977725,0.297097266317569,10,100000,10001
AGTGAATT,0.3495025,0.3287222199315548,10,100000,10001
GCCCCTGT,0.3493248,0.23905290067208182,10,100000,10001
GCATAGCT,0.34889558,0.29799406259019506,10,100000,10001
GTGGAGCT,0.34868228,0.3118789428111986,10,100000,10001
AGCTCTGT,0.34858522,0.4578608831897085,10,100000,10001
CATGCCCT,0.34831867,0.3358038180843607,10,100000,10001
AGTTCCCT,0.3482017,0.22462169628499568,10,100000,10001
GTACCCTT,0.34812012,0.46582896961200676,10,100000,10001
GTGTGCTT,0.34792542,0.13816847400321608,10,100000,10001
AGCGTGCT,0.34735346,0.3504617985403868,10,100000,10001
TGCGAGCT,0.3472956,0.405331299220715,10,100000,10001
CCATGCAT,0.34725904,0.4094338844679009,10,100000,10001
ATGTACGT,0.34723872,0.289149795901538,10,100000,10001
ACTTCACT,0.34699765,0.37976745144930524,10,100000,10001
GTTGGGCT,0.34693927,0.2380530243681194,10,100000,10001
ATTGACTT,0.346749,0.5359852389395127,10,100000,10001
AGACGTCT,0.3467001,0.45311920174823733,10,100000,10001
CTACCAGT,0.34642366,0.5086381066259844,10,100000,10001
CGTTGCGT,0.34628007,0.24366057807281571,10,100000,10001
CGTACAAT,0.34593764,0.411536717107162,10,100000,10001
CTTACATT,0.34589756,0.6360450253576877,10,100000,10001
TGTAACGT,0.34589258,0.2458046427246114,10,100000,10001
GTTGCTTT,0.34586033,0.18794582113552963,10,100000,10001
GCAAACCT,0.34565148,0.43723456891930895,10,100000,10001
GTAAGTCT,0.345456,0.5252133756648661,10,100000,10001
AAGTAGGT,0.3452969,0.36735661567641115,10,100000,10001
TACGCGGT,0.34515116,0.43035913082917576,10,100000,10001
GCTCTGCT,0.34445897,0.17238073640374385,10,100000,10001
CGGAAACT,0.34443477,0.3884880221003587,10,100000,10001
AGCGTGGT,0.34420586,0.33866944295551066,10,100000,10001
CCCGAACT,0.34404442,0.38881787820063496,10,100000,10001
CGGTGAAT,0.34392923,0.42855523028079,10,100000,10001
GCTCAACT,0.34360534,0.34159691584546237,10,100000,10001
AAACGTTT,0.34352067,0.5362944790335217,10,100000,10001
CAATTGCT,0.34340477,0.44140931018843027,10,100000,10001
CGCGAGGT,0.34327313,0.5138024161959346,10,100000,10001
CGGCTACT,0.34296817,0.3386282109429761,10,100000,10001
ACCTACCT,0.3429106,0.2930152970766503,10,100000,10001
GATGGACT,0.34274325,0.36192429802498666,10,100000,10001
CGGACAAT,0.34261003,0.30924009400898855,10,100000,10001
CACAAGCT,0.3425975,0.4708695831443533,10,100000,10001
AGAAATCT,0.3425465,0.5464478621201502,10,100000,10001
CTTCGCGT,0.34223136,0.2508040242444234,10,100000,10001
CGCATGGT,0.34207994,0.5548076526615264,10,100000,10001
CCTTACTT,0.34193963,0.6036160474992784,10,100000,10001
CTACGTTT,0.34161627,0.4197728116109347,10,100000,10001
CCTGAGGT,0.34157094,0.2649672205500351,10,100000,10001
TTTTCCCT,0.3413666,0.3494000742176226,10,100000,10001
CGTGGAGT,0.3413655,0.3362986022347751,10,100000,10001
CCGACCCT,0.34115013,0.40880509627674927,10,100000,10001
CACCCCGT,0.34081113,0.549509339050839,10,100000,10001
ACGCTAGT,0.3407604,0.3685832680493135,10,100000,10001
GGGAAACT,0.34063414,0.4101863686966561,10,100000,10001
GACCTTGT,0.34063104,0.4621283964870325,10,100000,10001
TGAAAAGT,0.34052852,0.23908382468148268,10,100000,10001
CAGGACTT,0.34046227,0.3606357976332825,10,100000,10001
GCGTCACT,0.3403495,0.227786253247021,10,100000,10001
GGACTAGT,0.3401373,0.29965365109470987,10,100000,10001
CGGTTACT,0.3400947,0.38128272790994927,10,100000,10001
CACGCCTT,0.33993396,0.43399785593534823,10,100000,10001
GCAAACGT,0.33956754,0.3788500391704119,10,100000,10001
CTTCATGT,0.33950529,0.4580773512555148,10,100000,10001
GACGTGGT,0.33930355,0.40820723209499854,10,100000,10001
CAGGAAGT,0.3391959,0.35913082917577205,10,100000,10001
GCTCGTTT,0.33894414,0.4917329814868264,10,100000,10001
ACTTCCCT,0.3386763,0.40392941079454087,10,100000,10001
TAGCGTTT,0.3384838,0.44608914361109964,10,100000,10001
ACCGGAGT,0.33830243,0.41606193048282686,10,100000,10001
TGTGCCAT,0.33827445,0.21734424607265085,10,100000,10001
GGTGCGTT,0.338156,0.3918484311219231,10,100000,10001
ACTTACCT,0.33813113,0.5479837545870614,10,100000,10001
GACTCGCT,0.33807448,0.29937533501010183,10,100000,10001
CGCTGCGT,0.33800113,0.3604605615800107,10,100000,10001
GCTCTGGT,0.33793548,0.35354389147734294,10,100000,10001
AACGCTCT,0.33783454,0.2525666927802746,10,100000,10001
TGCCCCCT,0.33766603,0.349781470333567,10,100000,10001
CACCGCGT,0.33736554,0.473601203974766,10,100000,10001
ACTCAATT,0.33732712,0.4378324331010596,10,100000,10001
GGGGGCGT,0.33729112,0.331917700902981,10,100000,10001
ACGTAACT,0.3370843,0.5073908382468149,10,100000,10001
GTTGACCT,0.33706427,0.39578608831897083,10,100000,10001
AGGAAGTT,0.33690464,0.2767698841380448,10,100000,10001
CCCGGAAT,0.33683547,0.5535603842823569,10,100000,10001
AGGTTGGT,0.3364349,0.3035603842823569,10,100000,10001
ACGACATT,0.3363762,0.3441739166288707,10,100000,10001
GGGCGCAT,0.33630696,0.30845668577083246,10,100000,10001
AGGCTTCT,0.33628157,0.6032037273739331,10,100000,10001
GAGTTGGT,0.3361717,0.22619882076444148,10,100000,10001
CGGTAAAT,0.3360615,0.526202943965695,10,100000,10001
AGTCACTT,0.33604056,0.43682224879396364,10,100000,10001
GACCACCT,0.3359209,0.5015874324825794,10,100000,10001
ACTTACTT,0.33575672,0.2642250443244134,10,100000,10001
CCATTCCT,0.33562082,0.28443903846946766,10,100000,10001
CGAGCGGT,0.33559552,0.3889724982476394,10,100000,10001
TTTACGCT,0.33530527,0.41824722714715706,10,100000,10001
TGCCGGTT,0.33518213,0.34536964499237205,10,100000,10001
GAGCGAGT,0.33500928,0.30331299220714963,10,100000,10001
TAGTCTGT,0.33492827,0.39403372778625323,10,100000,10001
GAGCGTGT,0.33488798,0.4098049725807117,10,100000,10001
TGCTTCCT,0.33466977,0.3653053230528182,10,100000,10001
CGCTAACT,0.33460188,0.3482249618603884,10,100000,10001
GCATTGCT,0.33454767,0.3287531439409557,10,100000,10001
CTTGCTGT,0.33447033,0.5593019420277904,10,100000,10001
TGGTCCGT,0.33438957,0.3218261658351544,10,100000,10001
CCAAGGCT,0.33435664,0.3551828639755906,10,100000,10001
CACTGTTT,0.33432105,0.5599925782377437,10,100000,10001
CCGACGTT,0.33429432,0.3111058425761762,10,100000,10001
GGGAAATT,0.33420718,0.3047045726301901,10,100000,10001
CGACGCCT,0.3341702,0.3012513915804231,10,100000,10001
GACGGCAT,0.33409232,0.4147837380942564,10,100000,10001
AGTCCACT,0.3340529,0.3384942069022389,10,100000,10001
GGAGCGGT,0.33402845,0.21310765678472765,10,100000,10001
GAAGGGCT,0.334019,0.30215849585618276,10,100000,10001
CAGCCTTT,0.3338447,0.4092586484146291,10,100000,10001
TCGGCGCT,0.33380136,0.13515853708819528,10,100000,10001
CCTACGGT,0.33370867,0.228291345400569,10,100000,10001
GCCTGCAT,0.33370784,0.2581123984661691,10,100000,10001
AGTGAGGT,0.33368063,0.5562920051127695,10,100000,10001
GCAAGACT,0.33362386,0.34483362882942314,10,100000,10001
CAGAGGCT,0.33332038,0.2214159073104358,10,100000,10001
GGCTCGTT,0.3330046,0.3670164515730013,10,100000,10001
GCCAGCAT,0.3326902,0.29580876592586486,10,100000,10001
TAGGCCGT,0.3323584,0.5667340122871397,10,100000,10001
GCAGTGTT,0.3320249,0.3006535273986723,10,100000,10001
CAGCGGTT,0.33176968,0.42222611635673934,10,100000,10001
TAGAGCTT,0.33167088,0.4146394260503855,10,100000,10001
GTGTGCGT,0.3313312,0.32284665814538405,10,100000,10001
TGACTTCT,0.33115378,0.41649486661443946,10,100000,10001
GTCAGTTT,0.33100405,0.24087741722673484,10,100000,10001
GCACACGT,0.3308335,0.22146744732610404,10,100000,10001
CACGCCCT,0.33055428,0.2355481796066466,10,100000,10001
ACCGCCGT,0.33047968,0.314620871644745,10,100000,10001
TTGGCGCT,0.33045927,0.3023337319094545,10,100000,10001
CCCTCGCT,0.33036655,0.31279635509009196,10,100000,10001
CTTTCTCT,0.33033,0.3529872593081268,10,100000,10001
CCTGCCAT,0.33031523,0.27621325196882857,10,100000,10001
CCGGCGGT,0.32995814,0.2675957613491115,10,100000,10001
GGCTTCAT,0.329884,0.4559126705974519,10,100000,10001
GTCGGAGT,0.32981378,0.3903022306518781,10,100000,10001
CGAAACTT,0.3295775,0.316868016327877,10,100000,10001
TCCGTCCT,0.3295474,0.3371026264791984,10,100000,10001
GAGCCTCT,0.3294462,0.22550818455448812,10,100000,10001
TCTGGCGT,0.32941282,0.5124314517791614,10,100000,10001
GCCGCGTT,0.3290981,0.2639879602523399,10,100000,10001
CGTAAGCT,0.3290893,0.42903970642807077,10,100000,10001
TTCTTGCT,0.32886982,0.30776604956087905,10,100000,10001
GCGCAAGT,0.3286938,0.45218117346307674,10,100000,10001
CGTCGCGT,0.32868534,0.2995814950727745,10,100000,10001
TCGTCCGT,0.32851237,0.36501669896507655,10,100000,10001
GCACCCTT,0.32778198,0.244299674267101,10,100000,10001
AAAAACCT,0.3276681,0.4261740815569208,10,100000,10001
AACCTGTT,0.3274423,0.504885993485342,10,100000,10001
TGCACCTT,0.32741106,0.4064857955716819,10,100000,10001
GAGAATGT,0.32716963,0.43535851234898776,10,100000,10001
CGTTCTGT,0.32689255,0.488176720405723,10,100000,10001
CAACGTCT,0.3268736,0.3672947676576093,10,100000,10001
ACCGAAAT,0.3267647,0.38737475776192637,10,100000,10001
TGGCGTTT,0.32663146,0.22314765183688617,10,100000,10001
ACGTCACT,0.32659176,0.2938605533336082,10,100000,10001
CGCTTGCT,0.32653776,0.35257493918278154,10,100000,10001
CCCTGGCT,0.32653096,0.3934770956170371,10,100000,10001
GCCCTAGT,0.3264538,0.386766585577042,10,100000,10001
AACGGCCT,0.3264424,0.3406588875603018,10,100000,10001
GTACACCT,0.3263076,0.4688182905207603,10,100000,10001
GGGAACAT,0.32629007,0.43118377107986644,10,100000,10001
GTCATCGT,0.32599503,0.4049705191110378,10,100000,10001
AAGTCCAT,0.32594806,0.26150373149713435,10,100000,10001
AAGCATGT,0.3258998,0.5315837216014514,10,100000,10001
GGTCACTT,0.32579184,0.5345318104976704,10,100000,10001
CCGTCGGT,0.3257895,0.37910773924875274,10,100000,10001
GTAACGGT,0.3255532,0.4502432688739538,10,100000,10001
TGCGTCGT,0.32550812,0.4186904712819033,10,100000,10001
ACCGCCCT,0.32550526,0.499185667752443,10,100000,10001
CTAAGTCT,0.32531333,0.44195563435451285,10,100000,10001
CGACTTCT,0.32530788,0.3130128231558983,10,100000,10001
ACGTCTGT,0.32501888,0.3774378427411042,10,100000,10001
TCGGACGT,0.32496685,0.37061394466663916,10,100000,10001
GTTGCGGT,0.32495037,0.33784480270482004,10,100000,10001
CAGGTCGT,0.32486245,0.3795819073928999,10,100000,10001
AGCTTCCT,0.32476604,0.4041871108728817,10,100000,10001
CCACTGCT,0.32474163,0.27760483239186906,10,100000,10001
AACGAATT,0.32463947,0.46770502618232795,10,100000,10001
CCCTCCTT,0.32461613,0.5497051911103781,10,100000,10001
CGGGAAAT,0.32460827,0.5368820352121387,10,100000,10001
CGGAAAGT,0.32457757,0.3946522079742712,10,100000,10001
CTGTGACT,0.32453477,0.44888261246031425,10,100000,10001
TTCCGTCT,0.32437307,0.6301488475652497,10,100000,10001
CGTGTGGT,0.3242699,0.5626108110336865,10,100000,10001
CAGTGGGT,0.32400858,0.3776233867975096,10,100000,10001
AAGTTTTT,0.32376704,0.32080567352492473,10,100000,10001
GGGCAATT,0.32376674,0.6001113264338432,10,100000,10001
AGCAGAGT,0.3235545,0.28291345400569007,10,100000,10001
TTCCCAGT,0.32298982,0.2255803405764235,10,100000,10001
AACGACGT,0.32296968,0.4266070176885334,10,100000,10001
GCTTCTGT,0.322573,0.4674164020945863,10,100000,10001
CTCCGCCT,0.32215074,0.4244732610398714,10,100000,10001
ACGTGCTT,0.3213987,0.48077557415577454,10,100000,10001
GTTCGGTT,0.32138762,0.3452253329485013,10,100000,10001
CTTGCAGT,0.32131293,0.3635838865295015,10,100000,10001
GCCCTTCT,0.32122174,0.3035397682760896,10,100000,10001
CCAAGCGT,0.32110626,0.2839957943347215,10,100000,10001
GTCGCCGT,0.32069764,0.259689522945615,10,100000,10001
TAGGGCCT,0.32066762,0.3748608419576959,10,100000,10001
TGTGCCCT,0.32053325,0.48104358223724897,10,100000,10001
CGAAGATT,0.32049882,0.4883313404527275,10,100000,10001
CTTCGTCT,0.32036626,0.24917535974930938,10,100000,10001
GGTAGCCT,0.3196857,0.26707005318929616,10,100000,10001
TGCTGTGT,0.31952715,0.3779532428977858,10,100000,10001
GTGCAGTT,0.3194831,0.3971261287263431,10,100000,10001
AAGCCCTT,0.319467,0.3777573908382468,10,100000,10001
ACGCCCGT,0.31937462,0.5224920628375871,10,100000,10001
TGCCCTTT,0.3192597,0.6503216096977693,10,100000,10001
CTGCAGTT,0.3189701,0.2678637694305859,10,100000,10001
CATTCCCT,0.3188548,0.4748793963633365,10,100000,10001
CAGGTCCT,0.31829527,0.3490702181173463,10,100000,10001
CGAATTTT,0.31796473,0.47185915144518203,10,100000,10001
GCCGGCTT,0.3179151,0.30444687255184927,10,100000,10001
AGTCCCCT,0.31781745,0.2125304086092442,10,100000,10001
ACGTCTCT,0.3174014,0.37275800931843484,10,100000,10001
CAGACTTT,0.31729203,0.2895311920174824,10,100000,10001
ACGCTTTT,0.3170557,0.3329381932132107,10,100000,10001
ACGTGCGT,0.31696975,0.2950150496845751,10,100000,10001
CCCAGGCT,0.31691632,0.33717478250113386,10,100000,10001
CTGAACGT,0.31681263,0.23604296375706096,10,100000,10001
CCAAGAGT,0.3166826,0.4247721931307467,10,100000,10001
AGGCTCGT,0.3162412,0.43696656083783453,10,100000,10001
TTGGAGCT,0.31613025,0.4474498000247392,10,100000,10001
GCTAACCT,0.31596005,0.2567002020368614,10,100000,10001
GAATTCTT,0.31592518,0.24583556673401227,10,100000,10001
CTGCCTCT,0.31555468,0.3528738712736569,10,100000,10001
CTCGCTTT,0.31469262,0.3661196553003752,10,100000,10001
GGTTGCCT,0.31440383,0.32446501463736444,10,100000,10001
ACAGCGGT,0.31433776,0.4145569620253165,10,100000,10001
GCCTCCTT,0.31418997,0.20191316538160228,10,100000,10001
AAAGTCTT,0.31400824,0.31839360079165463,10,100000,10001
TCTGTCCT,0.31397474,0.5320888137549994,10,100000,10001
CGCCTGCT,0.31382263,0.2970869583144353,10,100000,10001
GCACCGCT,0.31369382,0.2501855440564054,10,100000,10001
CGAGGCGT,0.31353605,0.19255349853626358,10,100000,10001
CCTGTCCT,0.3135175,0.3346080897208593,10,100000,10001
GTGTGCAT,0.31350002,0.40811446006679586,10,100000,10001
TGTGGGCT,0.3132401,0.4524801055539521,10,100000,10001
CCGGACAT,0.3128476,0.2775945243887354,10,100000,10001
CTGCTTTT,0.3127939,0.3182699047540511,10,100000,10001
GTGCGTGT,0.3126902,0.3813651919350184,10,100000,10001
CTTCGTTT,0.31258053,0.4574897950768977,10,100000,10001
AAGACGCT,0.3124119,0.34968869830536425,10,100000,10001
GGTGACCT,0.31209016,0.1627839854863316,10,100000,10001
ACTGTTCT,0.3120158,0.4540056900177298,10,100000,10001
CGTAACGT,0.3119575,0.27673896012864385,10,100000,10001
GGTCGCCT,0.31188637,0.25714344617160767,10,100000,10001
TTGCCCCT,0.31179622,0.3830453964458005,10,100000,10001
CCGGAACT,0.31170693,0.4713952913041686,10,100000,10001
GATTTCCT,0.31170055,0.3879932379499443,10,100000,10001
CGCCATCT,0.31153846,0.3917350430874531,10,100000,10001
GTCCGCCT,0.31139427,0.1943780150909166,10,100000,10001
CCGAACGT,0.31136644,0.3666247474539232,10,100000,10001
CTTCGCAT,0.31109646,0.3400300993691502,10,100000,10001
GCGCTAGT,0.3104754,0.4023729023213623,10,100000,10001
TTCCTGCT,0.31007615,0.18275058755617862,10,100000,10001
CCACCGGT,0.31005973,0.3212592256628046,10,100000,10001
CGCTACGT,0.30972797,0.41202119325444275,10,100000,10001
AGTCAGCT,0.30961752,0.3476683296911723,10,100000,10001
GCGCCTTT,0.30940276,0.3332474333072197,10,100000,10001
GTCATGCT,0.30924457,0.4027852224467076,10,100000,10001
TAGGCCTT,0.3090505,0.2768111161505793,10,100000,10001
CGGTGCGT,0.30899787,0.2490310477054385,10,100000,10001
ACGCGGTT,0.3089588,0.3426586401682266,10,100000,10001
CCCGGCAT,0.30863997,0.39073516678349074,10,100000,10001
TGACGAGT,0.3086144,0.3569558405145755,10,100000,10001
TGGCGCAT,0.3086133,0.3810250278316084,10,100000,10001
GGCGGCAT,0.30840153,0.21096359213293203,10,100000,10001
AAGTGCTT,0.30813086,0.13702428565538283,10,100000,10001
TCGGGACT,0.30791256,0.2899125881334268,10,100000,10001
CCGAGGCT,0.30789143,0.3614501298808395,10,100000,10001
CTAAGGCT,0.30783117,0.4213808600997815,10,100000,10001
GCCATGGT,0.3077532,0.46357151692574117,10,100000,10001
ACCAGCCT,0.3076624,0.4785387374757762,10,100000,10001
GGGCCAAT,0.30713952,0.24825794747041602,10,100000,10001
AGGTCCTT,0.30710018,0.2173854780851853,10,100000,10001
CACATTTT,0.30672705,0.3747680699294933,10,100000,10001
TCCGGACT,0.30653828,0.43913124149589744,10,100000,10001
ACATGCCT,0.3063609,0.4628396487032532,10,100000,10001
GACGCTCT,0.30617213,0.26449305240588794,10,100000,10001
ATGTGCTT,0.30586687,0.26395703624293904,10,100000,10001
TTCTGGCT,0.3058304,0.32084690553745926,10,100000,10001
AAGCCCCT,0.30549508,0.39476559600874117,10,100000,10001
ACTTACGT,0.3052849,0.37845833505133386,10,100000,10001
GGGGTGCT,0.30527818,0.43292582360945037,10,100000,10001
CCCGGCCT,0.3051849,0.24548509462746876,10,100000,10001
CGACTCGT,0.3050214,0.4287304663340618,10,100000,10001
GCTGATTT,0.30495772,0.37022224054756114,10,100000,10001
GAAGGCTT,0.30469716,0.43655424071248916,10,100000,10001
AAGCGACT,0.30455655,0.45737640704242777,10,100000,10001
CGCGTCGT,0.30445653,0.20351090586731538,10,100000,10001
ATGGCACT,0.3044095,0.35213169504803526,10,100000,10001
AACTCTCT,0.30424964,0.3585123489877541,10,100000,10001
GTGCATCT,0.30410016,0.5485094627468767,10,100000,10001
TCAGTGCT,0.30401635,0.35283263926112235,10,100000,10001
ATGACGTT,0.30395988,0.40918649239269367,10,100000,10001
GAAAGCCT,0.30385873,0.3437100564878572,10,100000,10001
CTTTCCTT,0.30367103,0.5502618232795943,10,100000,10001
GCTTTAGT,0.3036548,0.4263493176101925,10,100000,10001
GCCTCCGT,0.30356032,0.25492722549787655,10,100000,10001
GCCTGACT,0.3031702,0.4611800601987383,10,100000,10001
ATGGACCT,0.30314058,0.40016698965076486,10,100000,10001
GAGCTCCT,0.30285382,0.2705232342390632,10,100000,10001
GGCTGTCT,0.302811,0.26277161588257125,10,100000,10001
AGTAACCT,0.30277252,0.5088545746917907,10,100000,10001
GCCAGGCT,0.30275333,0.18518327629571604,10,100000,10001
AGCGGACT,0.30266288,0.463829217004082,10,100000,10001
TTCACCTT,0.30263424,0.31476518368861583,10,100000,10001
GGAAAGCT,0.3026263,0.1909763740568177,10,100000,10001
TTCCCACT,0.30255938,0.3795303673772317,10,100000,10001
AGCCCCCT,0.3025555,0.38640580546736486,10,100000,10001
GTACCTTT,0.30253488,0.4010225539108564,10,100000,10001
TGCATGCT,0.30237305,0.42081391992743167,10,100000,10001
ACGGAACT,0.30231273,0.3745825258730879,10,100000,10001
TGCACTTT,0.302261,0.2819857337236631,10,100000,10001
CGGTCCGT,0.30218035,0.2819445017111285,10,100000,10001
GCGGGACT,0.30209765,0.18293613161258404,10,100000,10001
TGCCAGGT,0.3019886,0.3332062012946852,10,100000,10001
AAAGACCT,0.30194378,0.30904424194944957,10,100000,10001
GTTACGTT,0.30185196,0.4671793180225127,10,100000,10001
GTCGCCCT,0.30168593,0.4691378386179029,10,100000,10001
GCAGGCAT,0.30153844,0.3970230486950068,10,100000,10001
CTTCCACT,0.30125186,0.4177215189873418,10,100000,10001
GCCTCGCT,0.3011509,0.3857976332824805,10,100000,10001
GGCTAGTT,0.3010713,0.24478415041438173,10,100000,10001
AGAGCACT,0.3010544,0.5067826660619306,10,100000,10001
CGTAGTTT,0.3010013,0.3645219148146621,10,100000,10001
GACTGCGT,0.30088124,0.27127571846781845,10,100000,10001
TCGAACGT,0.30069065,0.34967839030223064,10,100000,10001
CTTCAATT,0.30056554,0.4517070053189296,10,100000,10001
CTTCGCCT,0.30045635,0.43754380901331796,10,100000,10001
GCTGCGGT,0.3002209,0.39973405351915225,10,100000,10001
GAGGGACT,0.30018878,0.3624809301942028,10,100000,10001
CTCATGCT,0.30007595,0.4853007875314394,10,100000,10001
GGCGCAAT,0.30001104,0.4113820970601575,10,100000,10001
CGAGGTCT,0.29979777,0.36108934977116236,10,100000,10001
CCGTCCCT,0.2996415,0.3501010184307096,10,100000,10001
GACGCTTT,0.29958856,0.19331629076815238,10,100000,10001
TGCACAGT,0.29947102,0.2671009771986971,10,100000,10001
CCACGCTT,0.29946464,0.18528635632705234,10,100000,10001
TCCACCCT,0.29937127,0.5846080897208593,10,100000,10001
ATGTCCTT,0.29936433,0.42712241784521504,10,100000,10001
GGGGAACT,0.29915607,0.3164350801962644,10,100000,10001
GGGGCGGT,0.2991191,0.47308580381808435,10,100000,10001
TGCGGCGT,0.29905054,0.2656269327505875,10,100000,10001
GCGAATGT,0.2989854,0.2680183894775904,10,100000,10001
TGCGACCT,0.2988779,0.29592215396033483,10,100000,10001
ATGCAAGT,0.29874337,0.25944213087040774,10,100000,10001
AGCGGCCT,0.29870158,0.17159732816558776,10,100000,10001
TCAGCGCT,0.29866153,0.30960087411866577,10,100000,10001
AGTTGAGT,0.29859725,0.5170288211767616,10,100000,10001
AGCACATT,0.2985304,0.2969735702799654,10,100000,10001
GCTGCGTT,0.29850656,0.5095245948954769,10,100000,10001
TTCGCGCT,0.29839152,0.20522203438749845,10,100000,10001
ACCGACTT,0.29828894,0.4006308497917784,10,100000,10001
TCGGCACT,0.2982025,0.20370675792685444,10,100000,10001
AGGCTGTT,0.29804337,0.23798086834618398,10,100000,10001
CCAATCGT,0.29782715,0.5733414422957984,10,100000,10001
CGGGCTCT,0.2978125,0.19484187523193008,10,100000,10001
GCGCAACT,0.29741037,0.2775017523605327,10,100000,10001
CAAAGTTT,0.2974096,0.39419865583639135,10,100000,10001
GCAGTCGT,0.2971388,0.292097884797757,10,100000,10001
GTACGCTT,0.29693002,0.32669154331422917,10,100000,10001
GCATTCGT,0.29681093,0.35635797633282484,10,100000,10001
CGAGGGCT,0.29672813,0.2791201088525131,10,100000,10001
TTTGTCCT,0.29663932,0.34567888508638106,10,100000,10001
CCGCACCT,0.29640496,0.43535851234898776,10,100000,10001
TTCCGAAT,0.29637828,0.4070630437471653,10,100000,10001
CGTTGCCT,0.2960586,0.34360697645652083,10,100000,10001
CCTCGTCT,0.29592252,0.4287923143528636,10,100000,10001
CGCTGTTT,0.29588765,0.5073599142374139,10,100000,10001
GCTCTCGT,0.29566053,0.33074258854574695,10,100000,10001
CCCATGCT,0.29565752,0.6481672370428401,10,100000,10001
CGCGCCGT,0.2956239,0.31300251515276456,10,100000,10001
CCCAAGTT,0.29539582,0.26567847276625567,10,100000,10001
CGTTAGGT,0.29536837,0.4706221910691461,10,100000,10001
TGCTTACT,0.29529923,0.33944254319053313,10,100000,10001
CGCACGGT,0.29487997,0.37493299797963137,10,100000,10001
