{"run_id": "08:43:32-01/09/2025", "exp_name": "Adalead_mu=1_threshold=0.05", "model_name": "NAMb_ss1", "landscape_name": "TF_Binding", "rounds": 5, "sequences_batch_size": 1000, "model_queries_per_batch": 10000}
sequence,model_score,true_score,round,model_cost,measurement_cost
GCTCGAGC,,0.5502102832639261,0,0,1
GGTATCAC,0.9939079701480229,0.9939079701480229,1,10673,1000
GATACCCT,0.9812497422999217,0.9812497422999217,1,10673,1000
GCGATATC,0.9771574650558693,0.9771574650558693,1,10673,1000
GATATCGC,0.9771574650558693,0.9771574650558693,1,10673,1000
GATATCCT,0.9755081845544881,0.9755081845544881,1,10673,1000
GTTGATAC,0.9746835443037974,0.9746835443037974,1,10673,1000
GTATGATA,0.9734362759246279,0.9734362759246279,1,10673,1000
AAGATATC,0.973209499855688,0.973209499855688,1,10673,1000
GATATATC,0.9725188636457345,0.9725188636457345,1,10673,1000
GATACACC,0.9676947181791944,0.9676947181791944,1,10673,1000
GGTGTATC,0.9676947181791944,0.9676947181791944,1,10673,1000
GATATACC,0.9673236300663836,0.9673236300663836,1,10673,1000
GATGATAT,0.9670350059786418,0.9670350059786418,1,10673,1000
TATCGTAT,0.9657155815775369,0.9657155815775369,1,10673,1000
CGGGTATC,0.9653032614521915,0.9653032614521915,1,10673,1000
TATCACCC,0.9641693811074918,0.9641693811074918,1,10673,1000
CAGGTATC,0.9586752154372655,0.9586752154372655,1,10673,1000
TATCCCCC,0.9563146827196636,0.9563146827196636,1,10673,1000
CCGATATC,0.9528305776604956,0.9528305776604956,1,10673,1000
GATCCCCC,0.9528305776604956,0.9528305776604956,1,10673,1000
GATACATA,0.9525522615758875,0.9525522615758875,1,10673,1000
GATATGGG,0.9523461015132149,0.9523461015132149,1,10673,1000
GTGTGATA,0.9519956294066715,0.9519956294066715,1,10673,1000
GCGATACC,0.9493361645981941,0.9493361645981941,1,10673,1000
GGTATCGC,0.9493361645981941,0.9493361645981941,1,10673,1000
GGGATATA,0.9485733723663053,0.9485733723663053,1,10673,1000
CATATCGT,0.943130746711747,0.943130746711747,1,10673,1000
CCCGTATC,0.9411000700944213,0.9411000700944213,1,10673,1000
GATACGGG,0.9411000700944213,0.9411000700944213,1,10673,1000
TCGATATA,0.940966066053684,0.940966066053684,1,10673,1000
TCGATATC,0.9400486537747906,0.9400486537747906,1,10673,1000
ATGTGATA,0.9387086133674185,0.9387086133674185,1,10673,1000
GGGAGATA,0.9374407289819816,0.9374407289819816,1,10673,1000
GGAGTATC,0.9356574444398631,0.9356574444398631,1,10673,1000
GGATCACC,0.9323279594276996,0.9323279594276996,1,10673,1000
GATCGATA,0.9319774873211563,0.9319774873211563,1,10673,1000
TATCGATC,0.9319774873211563,0.9319774873211563,1,10673,1000
TATCAACA,0.9309466870077928,0.9309466870077928,1,10673,1000
TATATACC,0.9296994186286234,0.9296994186286234,1,10673,1000
GATATAGG,0.929596338597287,0.929596338597287,1,10673,1000
GATACATC,0.9289881664124026,0.9289881664124026,1,10673,1000
ATAGGATA,0.9287098503277945,0.9287098503277945,1,10673,1000
ACAGTATC,0.9251020492310229,0.9251020492310229,1,10673,1000
GCTGATAC,0.9250814332247558,0.9250814332247558,1,10673,1000
GGATTATA,0.9247000371088113,0.9247000371088113,1,10673,1000
GATATAGA,0.9246072650806088,0.9246072650806088,1,10673,1000
TCTATATC,0.9246072650806088,0.9246072650806088,1,10673,1000
TATAGATA,0.923947552880056,0.923947552880056,1,10673,1000
TATCTATC,0.9238135488393188,0.9238135488393188,1,10673,1000
GCATGATA,0.9233084566857709,0.9233084566857709,1,10673,1000
CCGGTATC,0.9221642683379375,0.9221642683379375,1,10673,1000
GATATAGT,0.921875644250196,0.921875644250196,1,10673,1000
TATCATGA,0.9206180678678926,0.9206180678678926,1,10673,1000
TCATGATA,0.9206180678678926,0.9206180678678926,1,10673,1000
GCTATATC,0.9194223395043912,0.9194223395043912,1,10673,1000
GATATAGC,0.9194223395043912,0.9194223395043912,1,10673,1000
GATACTCA,0.9193192594730549,0.9193192594730549,1,10673,1000
TCAGTATC,0.9182266111408898,0.9182266111408898,1,10673,1000
GATACTGA,0.9182266111408898,0.9182266111408898,1,10673,1000
GCGGTATC,0.9176390549622727,0.9176390549622727,1,10673,1000
GTGGTATC,0.9176184389560055,0.9176184389560055,1,10673,1000
TCCCTATC,0.9140827938811694,0.9140827938811694,1,10673,1000
GATAGGGA,0.9140827938811694,0.9140827938811694,1,10673,1000
AAGCGATA,0.9130416855646725,0.9130416855646725,1,10673,1000
CATTGATA,0.9128355255019998,0.9128355255019998,1,10673,1000
GTACGATA,0.9126602894487279,0.9126602894487279,1,10673,1000
GATCAATA,0.9107945408815404,0.9107945408815404,1,10673,1000
GATTGATA,0.9094751164804356,0.9094751164804356,1,10673,1000
TATCAAGC,0.9089081763080856,0.9089081763080856,1,10673,1000
GCTTGATA,0.9089081763080856,0.9089081763080856,1,10673,1000
TATCTCAC,0.9081763080855977,0.9081763080855977,1,10673,1000
GAACGATA,0.9060940914526039,0.9060940914526039,1,10673,1000
GATACGGA,0.9055786912959222,0.9055786912959222,1,10673,1000
TATCACGC,0.904599430998227,0.904599430998227,1,10673,1000
GCGTGATA,0.904599430998227,0.904599430998227,1,10673,1000
GAGAGATA,0.9031047705438503,0.9031047705438503,1,10673,1000
TATCGATA,0.903001690512514,0.903001690512514,1,10673,1000
TATCAACT,0.9025996783903022,0.9025996783903022,1,10673,1000
GATACTAA,0.9022285902774915,0.9022285902774915,1,10673,1000
AATATAGA,0.9019502741928833,0.9019502741928833,1,10673,1000
GATACGGC,0.9013111779985981,0.9013111779985981,1,10673,1000
GCCGTATC,0.9013111779985981,0.9013111779985981,1,10673,1000
ATTGGATC,0.9010534779202573,0.9010534779202573,1,10673,1000
GGTATCTC,0.9001772976538985,0.9001772976538985,1,10673,1000
GGTTGATA,0.8999814455943594,0.8999814455943594,1,10673,1000
ACTGTATC,0.8987444852183236,0.8987444852183236,1,10673,1000
GATACAGT,0.8987444852183236,0.8987444852183236,1,10673,1000
CCTTGATA,0.8977961489300293,0.8977961489300293,1,10673,1000
TATCAAGG,0.8977961489300293,0.8977961489300293,1,10673,1000
ACTTGATA,0.8977652249206285,0.8977652249206285,1,10673,1000
TATCAAGT,0.8977652249206285,0.8977652249206285,1,10673,1000
TATATACG,0.8974766008328866,0.8974766008328866,1,10673,1000
TATCCGAG,0.8967962726260669,0.8967962726260669,1,10673,1000
ATCGTATA,0.8967756566197996,0.8967756566197996,1,10673,1000
GATCACCC,0.8962808724693851,0.8962808724693851,1,10673,1000
AATATACC,0.8960334803941781,0.8960334803941781,1,10673,1000
ATCAGTAT,0.8953325361810909,0.8953325361810909,1,10673,1000
GGATAATA,0.8951469921246857,0.8951469921246857,1,10673,1000
GATCATAC,0.8940234197831196,0.8940234197831196,1,10673,1000
TATCGGTT,0.8930956995010927,0.8930956995010927,1,10673,1000
GATACGTG,0.8919721271595267,0.8919721271595267,1,10673,1000
TATCAGGT,0.8918587391250568,0.8918587391250568,1,10673,1000
GTGTGATC,0.8910340988743661,0.8910340988743661,1,10673,1000
GATCACAC,0.8910340988743661,0.8910340988743661,1,10673,1000
GATACATG,0.8900857625860719,0.8900857625860719,1,10673,1000
GATCCCTT,0.8883643260627552,0.8883643260627552,1,10673,1000
AAGGGATC,0.8883643260627552,0.8883643260627552,1,10673,1000
TATCGAAG,0.8870139776522492,0.8870139776522492,1,10673,1000
GATACGTT,0.8869727456397147,0.8869727456397147,1,10673,1000
TATCTAAG,0.8843957448563065,0.8843957448563065,1,10673,1000
CTTAGATA,0.8843957448563065,0.8843957448563065,1,10673,1000
GATACAGC,0.8837875726714222,0.8837875726714222,1,10673,1000
GCTGTATC,0.8837875726714222,0.8837875726714222,1,10673,1000
GATCGTAT,0.8832824805178741,0.8832824805178741,1,10673,1000
ATACGATC,0.8832824805178741,0.8832824805178741,1,10673,1000
TATCGAAA,0.8825815363047871,0.8825815363047871,1,10673,1000
GGATATGC,0.8792623592957571,0.8792623592957571,1,10673,1000
TATATAGC,0.8788809631798128,0.8788809631798128,1,10673,1000
GCTATATA,0.8788809631798128,0.8788809631798128,1,10673,1000
AATAGATC,0.8787675751453429,0.8787675751453429,1,10673,1000
ACATGATC,0.8787675751453429,0.8787675751453429,1,10673,1000
GATCATGT,0.8787675751453429,0.8787675751453429,1,10673,1000
GATCTATT,0.8787675751453429,0.8787675751453429,1,10673,1000
TATCAGGG,0.8778398548633158,0.8778398548633158,1,10673,1000
GATCCGGC,0.8777264668288459,0.8777264668288459,1,10673,1000
GCCGGATC,0.8777264668288459,0.8777264668288459,1,10673,1000
ACCCTATC,0.8768193625530861,0.8768193625530861,1,10673,1000
GATAGGGT,0.8768193625530861,0.8768193625530861,1,10673,1000
GATCAAAA,0.8754999381519812,0.8754999381519812,1,10673,1000
GGTATACC,0.8749329979796313,0.8749329979796313,1,10673,1000
TACCTATC,0.87373726961613,0.87373726961613,1,10673,1000
GATCTCCT,0.87339710551272,0.87339710551272,1,10673,1000
CATCGATA,0.8720158330928133,0.8720158330928133,1,10673,1000
TATCGATG,0.8720158330928133,0.8720158330928133,1,10673,1000
ATTAGATA,0.8712221168515235,0.8712221168515235,1,10673,1000
GATATTCC,0.8710056487857173,0.8710056487857173,1,10673,1000
GATTATAC,0.8709438007669155,0.8709438007669155,1,10673,1000
GATAGGGG,0.8704902486290356,0.8704902486290356,1,10673,1000
TATCAGCC,0.8703356285820312,0.8703356285820312,1,10673,1000
TATCGGGG,0.8687791201088525,0.8687791201088525,1,10673,1000
CCCCGATA,0.8687791201088525,0.8687791201088525,1,10673,1000
AATATACA,0.8685214200305117,0.8685214200305117,1,10673,1000
AATGGATC,0.8683667999835072,0.8683667999835072,1,10673,1000
GGTAGATA,0.8682534119490373,0.8682534119490373,1,10673,1000
GATCTTAC,0.8680060198738301,0.8680060198738301,1,10673,1000
GATATAAC,0.8678823238362264,0.8678823238362264,1,10673,1000
GATCCCTA,0.8678720158330927,0.8678720158330927,1,10673,1000
TTTATACC,0.8669855275636005,0.8669855275636005,1,10673,1000
GATACAGG,0.866294891353647,0.866294891353647,1,10673,1000
CCTGTATC,0.866294891353647,0.866294891353647,1,10673,1000
GTTGTATC,0.86548055910609,0.86548055910609,1,10673,1000
TATAGATC,0.8654290190904217,0.8654290190904217,1,10673,1000
GATCCGGT,0.864831154908671,0.864831154908671,1,10673,1000
TATCAGGA,0.8646765348616666,0.8646765348616666,1,10673,1000
GCGATCGC,0.8645940708365975,0.8645940708365975,1,10673,1000
ACTAGATA,0.8645528388240631,0.8645528388240631,1,10673,1000
TATCTAGT,0.8645528388240631,0.8645528388240631,1,10673,1000
GATCCTTT,0.8642332907269203,0.8642332907269203,1,10673,1000
GGATGTAT,0.8612542778213005,0.8612542778213005,1,10673,1000
TATGGATC,0.8607801096771533,0.8607801096771533,1,10673,1000
GATCCATA,0.8607801096771533,0.8607801096771533,1,10673,1000
AGAGGATC,0.860058549457799,0.860058549457799,1,10673,1000
GATCCCTC,0.8593576052447119,0.8593576052447119,1,10673,1000
GATCAATC,0.8586257370222241,0.8586257370222241,1,10673,1000
GATTGATC,0.8586257370222241,0.8586257370222241,1,10673,1000
TATCGCAT,0.8577701727621325,0.8577701727621325,1,10673,1000
TCCGGATC,0.8571826165835154,0.8571826165835154,1,10673,1000
GATCCGGA,0.8571826165835154,0.8571826165835154,1,10673,1000
TATCATGG,0.8570176885333773,0.8570176885333773,1,10673,1000
GATCCGAA,0.8568218364738384,0.8568218364738384,1,10673,1000
GATCTACT,0.8567909124644374,0.8567909124644374,1,10673,1000
TCTTGATA,0.8567290644456356,0.8567290644456356,1,10673,1000
TATCAAGA,0.8567290644456356,0.8567290644456356,1,10673,1000
GATATTGA,0.855708572135406,0.855708572135406,1,10673,1000
TCAATATC,0.855708572135406,0.855708572135406,1,10673,1000
GCGCGATA,0.8551210159567888,0.8551210159567888,1,10673,1000
TATCGCGC,0.8551210159567888,0.8551210159567888,1,10673,1000
TATATTAA,0.8543582237249,0.8543582237249,1,10673,1000
TATCCAAT,0.8540695996371583,0.8540695996371583,1,10673,1000
ATTGGATA,0.8540695996371583,0.8540695996371583,1,10673,1000
TATCGCGA,0.8537294355337484,0.8537294355337484,1,10673,1000
TCGCGATA,0.8537294355337484,0.8537294355337484,1,10673,1000
GATCCTGC,0.8535541994804766,0.8535541994804766,1,10673,1000
GCAGGATC,0.8535541994804766,0.8535541994804766,1,10673,1000
GCCCTATC,0.8535129674679421,0.8535129674679421,1,10673,1000
GATAGGGC,0.8535129674679421,0.8535129674679421,1,10673,1000
GCCATATC,0.8531109553457304,0.8531109553457304,1,10673,1000
TATCTAAC,0.853038799323795,0.853038799323795,1,10673,1000
GTTAGATA,0.853038799323795,0.853038799323795,1,10673,1000
TAGAGATA,0.8527192512266524,0.8527192512266524,1,10673,1000
TATCTCTA,0.8527192512266524,0.8527192512266524,1,10673,1000
GATAGATC,0.8524203191357771,0.8524203191357771,1,10673,1000
GATCTATC,0.8524203191357771,0.8524203191357771,1,10673,1000
GTTATCCC,0.8519770750010307,0.8519770750010307,1,10673,1000
CAGATACT,0.8504205665278523,0.8504205665278523,1,10673,1000
TATCCCCA,0.8495031542489588,0.8495031542489588,1,10673,1000
TATCGGGT,0.8492763781800191,0.8492763781800191,1,10673,1000
ACCCGATA,0.8492763781800191,0.8492763781800191,1,10673,1000
GTAGATAC,0.8490186781016782,0.8490186781016782,1,10673,1000
GGACGATA,0.8490083700985445,0.8490083700985445,1,10673,1000
TATCGCCA,0.8488743660578073,0.8488743660578073,1,10673,1000
TGCGTATC,0.8483692739042592,0.8483692739042592,1,10673,1000
GATCAAAG,0.8482765018760565,0.8482765018760565,1,10673,1000
CTTTGATC,0.8482765018760565,0.8482765018760565,1,10673,1000
GGTGGATC,0.8482146538572548,0.8482146538572548,1,10673,1000
GATCCACC,0.8482146538572548,0.8482146538572548,1,10673,1000
GATACAGA,0.8474930936379006,0.8474930936379006,1,10673,1000
TCTGTATC,0.8474930936379006,0.8474930936379006,1,10673,1000
GATCCCCT,0.8472147775532924,0.8472147775532924,1,10673,1000
ACACTATC,0.8464829093308044,0.8464829093308044,1,10673,1000
GATAGTGT,0.8464829093308044,0.8464829093308044,1,10673,1000
TATCGTGG,0.8459778171772564,0.8459778171772564,1,10673,1000
GATCCTTC,0.8457819651177175,0.8457819651177175,1,10673,1000
GAAGGATC,0.8457819651177175,0.8457819651177175,1,10673,1000
GATCGGCT,0.8444522327134788,0.8444522327134788,1,10673,1000
AGCCGATC,0.8444522327134788,0.8444522327134788,1,10673,1000
GGGCGATC,0.8439883725724653,0.8439883725724653,1,10673,1000
GATCGCCC,0.8439883725724653,0.8439883725724653,1,10673,1000
GGATACTA,0.8437822125097927,0.8437822125097927,1,10673,1000
ACTTGATC,0.8437203644909909,0.8437203644909909,1,10673,1000
GATCAAGT,0.8437203644909909,0.8437203644909909,1,10673,1000
GATCGGGT,0.8435966684533872,0.8435966684533872,1,10673,1000
ACCCGATC,0.8435966684533872,0.8435966684533872,1,10673,1000
TATCTAGG,0.8435038964251845,0.8435038964251845,1,10673,1000
CCTAGATA,0.8435038964251845,0.8435038964251845,1,10673,1000
GATAGTTC,0.8434832804189173,0.8434832804189173,1,10673,1000
ACTCGGAT,0.8429060322434339,0.8429060322434339,1,10673,1000
TATCGAAT,0.8419061559394715,0.8419061559394715,1,10673,1000
ATTCGATA,0.8419061559394715,0.8419061559394715,1,10673,1000
GATATTTA,0.8418546159238033,0.8418546159238033,1,10673,1000
CGCAGATA,0.8410505916793799,0.8410505916793799,1,10673,1000
TATCGTAG,0.8402465674349565,0.8402465674349565,1,10673,1000
ATCTGAGA,0.8396899352657403,0.8396899352657403,1,10673,1000
GATCACTC,0.8390611470745887,0.8390611470745887,1,10673,1000
GTGCGATA,0.8386488269492435,0.8386488269492435,1,10673,1000
TATCGCAC,0.8386488269492435,0.8386488269492435,1,10673,1000
TATCCAAC,0.838236506823898,0.838236506823898,1,10673,1000
GTCTGATC,0.8382158908176308,0.8382158908176308,1,10673,1000
GATCAGAC,0.8382158908176308,0.8382158908176308,1,10673,1000
TATAGCTA,0.8381643508019627,0.8381643508019627,1,10673,1000
ATGGGATC,0.8379169587267555,0.8379169587267555,1,10673,1000
TATCAGCA,0.8367830783820558,0.8367830783820558,1,10673,1000
TCAAGATC,0.8363089102379088,0.8363089102379088,1,10673,1000
GATCTTGA,0.8363089102379088,0.8363089102379088,1,10673,1000
TCTAAGAT,0.8361645981940379,0.8361645981940379,1,10673,1000
GATCCGCC,0.8359275141219644,0.8359275141219644,1,10673,1000
AATGTATA,0.8349791778336701,0.8349791778336701,1,10673,1000
TATCCTAG,0.834587473714592,0.834587473714592,1,10673,1000
GGGTGTAT,0.8345359336989239,0.8345359336989239,1,10673,1000
GATCCGAC,0.8344843936832557,0.8344843936832557,1,10673,1000
TATCGCGG,0.8344637776769884,0.8344637776769884,1,10673,1000
ATCCGTGT,0.8342988496268502,0.8342988496268502,1,10673,1000
GAAAGATA,0.8339277615140395,0.8339277615140395,1,10673,1000
TATCCCAC,0.8337731414670351,0.8337731414670351,1,10673,1000
GATCACCG,0.8334535933698924,0.8334535933698924,1,10673,1000
TACCGATC,0.8333402053354225,0.8333402053354225,1,10673,1000
AATGGATA,0.8322063249907228,0.8322063249907228,1,10673,1000
GTTATACC,0.8321547849750546,0.8321547849750546,1,10673,1000
GGTATAAC,0.8321547849750546,0.8321547849750546,1,10673,1000
GTCTGATA,0.8317836968622437,0.8317836968622437,1,10673,1000
GATCTAGA,0.8317424648497094,0.8317424648497094,1,10673,1000
TCTAGATC,0.8317424648497094,0.8317424648497094,1,10673,1000
CGGAGATA,0.8316600008246403,0.8316600008246403,1,10673,1000
CCGCTATC,0.8314229167525666,0.8314229167525666,1,10673,1000
GATAGCGG,0.8314229167525666,0.8314229167525666,1,10673,1000
GATCATGA,0.8310415206366223,0.8310415206366223,1,10673,1000
GACCGATA,0.8296808642229827,0.8296808642229827,1,10673,1000
TATCGGTC,0.8296808642229827,0.8296808642229827,1,10673,1000
TCCAGATA,0.82958809219478,0.82958809219478,1,10673,1000
TATCCAGA,0.8285263678720158,0.8285263678720158,1,10673,1000
TCTGGATA,0.8285263678720158,0.8285263678720158,1,10673,1000
GATCCGCT,0.8281140477466704,0.8281140477466704,1,10673,1000
GATCAAGA,0.8278460396651961,0.8278460396651961,1,10673,1000
TCTTGATC,0.8278460396651961,0.8278460396651961,1,10673,1000
TATCCTGG,0.8265266152640911,0.8265266152640911,1,10673,1000
AACCGATC,0.8264853832515565,0.8264853832515565,1,10673,1000
GATCGGTT,0.8264853832515565,0.8264853832515565,1,10673,1000
CAAGGATC,0.8260421391168103,0.8260421391168103,1,10673,1000
GATCTCCC,0.8251865748567188,0.8251865748567188,1,10673,1000
GTCCTATC,0.8242588545746918,0.8242588545746918,1,10673,1000
GATAGGAC,0.8242588545746918,0.8242588545746918,1,10673,1000
AAGAGATC,0.8239908464932173,0.8239908464932173,1,10673,1000
GATCAGTC,0.8238774584587475,0.8238774584587475,1,10673,1000
CGGAGATC,0.823578526367872,0.823578526367872,1,10673,1000
GATCTCCG,0.823578526367872,0.823578526367872,1,10673,1000
GATCCCTG,0.823413598317734,0.823413598317734,1,10673,1000
CTGATCTT,0.8223827980043706,0.8223827980043706,1,10673,1000
GATCTATG,0.8221354059291635,0.8221354059291635,1,10673,1000
GATCCACA,0.8219601698758916,0.8219601698758916,1,10673,1000
TGTGGATC,0.8219601698758916,0.8219601698758916,1,10673,1000
GTGGGATC,0.8215993897662145,0.8215993897662145,1,10673,1000
GATATTGC,0.821083989609533,0.821083989609533,1,10673,1000
GCAATATC,0.821083989609533,0.821083989609533,1,10673,1000
TATACAAG,0.8200841133055704,0.8200841133055704,1,10673,1000
GATAGCAA,0.8199604172679669,0.8199604172679669,1,10673,1000
TGGCTATC,0.819898569249165,0.819898569249165,1,10673,1000
CCGATATT,0.8192903970642808,0.8192903970642808,1,10673,1000
GGATACAA,0.8190945450047417,0.8190945450047417,1,10673,1000
GATCCACT,0.8189502329608708,0.8189502329608708,1,10673,1000
AGTGGATC,0.8189502329608708,0.8189502329608708,1,10673,1000
TATCCAGT,0.8181771327258485,0.8181771327258485,1,10673,1000
ACTGGATA,0.8181771327258485,0.8181771327258485,1,10673,1000
GATAGGTC,0.8166824722714716,0.8166824722714716,1,10673,1000
GCGTGATC,0.8160743000865872,0.8160743000865872,1,10673,1000
GATCACGC,0.8160743000865872,0.8160743000865872,1,10673,1000
TACGGGAT,0.8154661279017029,0.8154661279017029,1,10673,1000
GAATGATC,0.8154455118954357,0.8154455118954357,1,10673,1000
TATCGCCC,0.8153424318640993,0.8153424318640993,1,10673,1000
GCTATCGA,0.8144353275883396,0.8144353275883396,1,10673,1000
TCGATAGC,0.8144353275883396,0.8144353275883396,1,10673,1000
ATACAACA,0.8142394755288006,0.8142394755288006,1,10673,1000
CCGATAGC,0.8141673195068652,0.8141673195068652,1,10673,1000
ATCGTTAT,0.8133632952624418,0.8133632952624418,1,10673,1000
GGTAGATC,0.812796355090092,0.812796355090092,1,10673,1000
GATCTACC,0.812796355090092,0.812796355090092,1,10673,1000
GGACTATC,0.812796355090092,0.812796355090092,1,10673,1000
ACACCACT,0.812538655011751,0.812538655011751,1,10673,1000
ACTATACC,0.8123428029522122,0.8123428029522122,1,10673,1000
CCTGGTAT,0.8122397229208759,0.8122397229208759,1,10673,1000
GATCCATG,0.8117964787861295,0.8117964787861295,1,10673,1000
CATGGATC,0.8117964787861295,0.8117964787861295,1,10673,1000
TATCCGGG,0.8116212427328579,0.8116212427328579,1,10673,1000
TCTGTATA,0.8109099905166371,0.8109099905166371,1,10673,1000
GTCCGATA,0.810745062466499,0.810745062466499,1,10673,1000
TATCGGAC,0.810745062466499,0.810745062466499,1,10673,1000
GATCACGG,0.8100853502659464,0.8100853502659464,1,10673,1000
GATCAAGC,0.8098585741970066,0.8098585741970066,1,10673,1000
GCTTGATC,0.8098585741970066,0.8098585741970066,1,10673,1000
TATTATTC,0.8095287180967302,0.8095287180967302,1,10673,1000
GGTATAGA,0.8074465014637364,0.8074465014637364,1,10673,1000
TCTATACC,0.8074465014637364,0.8074465014637364,1,10673,1000
GATCCGTC,0.806199233084567,0.806199233084567,1,10673,1000
GATTAATC,0.8060343050344287,0.8060343050344287,1,10673,1000
CCTATACC,0.8058590689811569,0.8058590689811569,1,10673,1000
GATCGCTA,0.8055601368902816,0.8055601368902816,1,10673,1000
TAGCGATC,0.8055601368902816,0.8055601368902816,1,10673,1000
GAGCGATC,0.8055395208840144,0.8055395208840144,1,10673,1000
GATCGCTC,0.8055395208840144,0.8055395208840144,1,10673,1000
GATCGTGT,0.8040139364202367,0.8040139364202367,1,10673,1000
ACACGATC,0.8040139364202367,0.8040139364202367,1,10673,1000
TATCGAGT,0.8031686801632787,0.8031686801632787,1,10673,1000
ACTCGATA,0.8031686801632787,0.8031686801632787,1,10673,1000
GCGATCGG,0.8031480641570116,0.8031480641570116,1,10673,1000
TATCCGGC,0.8026223559971962,0.8026223559971962,1,10673,1000
CCATGATC,0.8021997278687173,0.8021997278687173,1,10673,1000
GATCCATC,0.8020863398342473,0.8020863398342473,1,10673,1000
GATGGATC,0.8020863398342473,0.8020863398342473,1,10673,1000
AATTGATC,0.8019214117841091,0.8019214117841091,1,10673,1000
GATCAGGT,0.801869871768441,0.801869871768441,1,10673,1000
ACGAGATC,0.8017770997402383,0.8017770997402383,1,10673,1000
GATCTCGT,0.8017770997402383,0.8017770997402383,1,10673,1000
TCGCGATC,0.8011998515647549,0.8011998515647549,1,10673,1000
GATCGCGA,0.8011998515647549,0.8011998515647549,1,10673,1000
GCGGGATA,0.800942151486414,0.800942151486414,1,10673,1000
GATAGCAC,0.8007875314394096,0.8007875314394096,1,10673,1000
GTGCTATC,0.8007875314394096,0.8007875314394096,1,10673,1000
TACCGATA,0.8007566074300085,0.8007566074300085,1,10673,1000
TTACGATC,0.8007256834206077,0.8007256834206077,1,10673,1000
GATCGTAA,0.8007256834206077,0.8007256834206077,1,10673,1000
TATGAGTA,0.7999422751824516,0.7999422751824516,1,10673,1000
TGTCTATA,0.7998701191605163,0.7998701191605163,1,10673,1000
TCTAGGAT,0.7998288871479817,0.7998288871479817,1,10673,1000
TATCGACT,0.7985713107656784,0.7985713107656784,1,10673,1000
AGTCGATA,0.7985713107656784,0.7985713107656784,1,10673,1000
GATCGTAC,0.7983136106873376,0.7983136106873376,1,10673,1000
GTACGATC,0.7983136106873376,0.7983136106873376,1,10673,1000
CAGATACA,0.7973961984084443,0.7973961984084443,1,10673,1000
GATCCAGT,0.7971694223395044,0.7971694223395044,1,10673,1000
ACTGGATC,0.7971694223395044,0.7971694223395044,1,10673,1000
TATACGGC,0.7970560343050344,0.7970560343050344,1,10673,1000
TCGGGATC,0.7963138580794129,0.7963138580794129,1,10673,1000
GATCCCGA,0.7963138580794129,0.7963138580794129,1,10673,1000
CATTGATC,0.7955922978600585,0.7955922978600585,1,10673,1000
TATATAGG,0.7946130375623633,0.7946130375623633,1,10673,1000
TATCGTAA,0.7944790335216262,0.7944790335216262,1,10673,1000
TATTGAGA,0.7938914773430091,0.7938914773430091,1,10673,1000
ATGAGATA,0.7936028532552674,0.7936028532552674,1,10673,1000
GATCGATC,0.7932523811487239,0.7932523811487239,1,10673,1000
GATAGCCC,0.7924174328948996,0.7924174328948996,1,10673,1000
GGGCTATC,0.7924174328948996,0.7924174328948996,1,10673,1000
GATAGGAG,0.7923143528635632,0.7923143528635632,1,10673,1000
TATCCTTC,0.792293736857296,0.792293736857296,1,10673,1000
TATCGAAC,0.792293736857296,0.792293736857296,1,10673,1000
GTTCGATA,0.792293736857296,0.792293736857296,1,10673,1000
TATCGTGC,0.7922215808353607,0.7922215808353607,1,10673,1000
GCACGATA,0.7922215808353607,0.7922215808353607,1,10673,1000
TAAAGATC,0.7922009648290933,0.7922009648290933,1,10673,1000
GAGCTATC,0.7918504927225497,0.7918504927225497,1,10673,1000
GCCCGATC,0.7908196924091866,0.7908196924091866,1,10673,1000
GATCGGGC,0.7908196924091866,0.7908196924091866,1,10673,1000
ATACAAGA,0.7905001443120439,0.7905001443120439,1,10673,1000
TATCAGGC,0.7901393642023666,0.7901393642023666,1,10673,1000
GCCTGATA,0.7901393642023666,0.7901393642023666,1,10673,1000
TCTGGATC,0.7899435121428278,0.7899435121428278,1,10673,1000
GATCCAGA,0.7899435121428278,0.7899435121428278,1,10673,1000
GCCGGTAT,0.7899125881334269,0.7899125881334269,1,10673,1000
GCGAGATA,0.7888920958231972,0.7888920958231972,1,10673,1000
TGGGGATC,0.7886550117511236,0.7886550117511236,1,10673,1000
TTATCTCC,0.7881705356038429,0.7881705356038429,1,10673,1000
CATGGTAT,0.7878200634972993,0.7878200634972993,1,10673,1000
TAGCTATC,0.7874386673813549,0.7874386673813549,1,10673,1000
GATCTAAT,0.7868923432152723,0.7868923432152723,1,10673,1000
ATTAGATC,0.7868923432152723,0.7868923432152723,1,10673,1000
GTTATACA,0.7868098791902034,0.7868098791902034,1,10673,1000
TGTATAAC,0.7868098791902034,0.7868098791902034,1,10673,1000
GATCGCTT,0.7856347668329691,0.7856347668329691,1,10673,1000
AAGCGATC,0.7856347668329691,0.7856347668329691,1,10673,1000
CCCCGATC,0.7852533707170247,0.7852533707170247,1,10673,1000
GATCGGGG,0.7852533707170247,0.7852533707170247,1,10673,1000
GATCTGCT,0.7849441306230157,0.7849441306230157,1,10673,1000
AATACCGC,0.7848925906073474,0.7848925906073474,1,10673,1000
TCAGGATC,0.7840988743660577,0.7840988743660577,1,10673,1000
TATCTGTA,0.7840988743660577,0.7840988743660577,1,10673,1000
GATCTGAG,0.7839957943347214,0.7839957943347214,1,10673,1000
GATAGTAC,0.78314023007463,0.78314023007463,1,10673,1000
GATCTAAG,0.7829237620088237,0.7829237620088237,1,10673,1000
CTTAGATC,0.7829237620088237,0.7829237620088237,1,10673,1000
TGTTTGAT,0.7828000659712201,0.7828000659712201,1,10673,1000
GATCGTCT,0.7827382179524183,0.7827382179524183,1,10673,1000
TCTAAAAT,0.7821403537706675,0.7821403537706675,1,10673,1000
GCTATAAT,0.7819135777017276,0.7819135777017276,1,10673,1000
ATTATAGC,0.7819135777017276,0.7819135777017276,1,10673,1000
GATAGTGG,0.7812332494949078,0.7812332494949078,1,10673,1000
ATACGCGA,0.7811920174823733,0.7811920174823733,1,10673,1000
ATACGAGA,0.7804807652661527,0.7804807652661527,1,10673,1000
GCGCGGAT,0.7803158372160145,0.7803158372160145,1,10673,1000
TCTATACT,0.7797592050467984,0.7797592050467984,1,10673,1000
GGTATTTA,0.7787902527522368,0.7787902527522368,1,10673,1000
GGTGTATT,0.7783573166206242,0.7783573166206242,1,10673,1000
TTCAGATA,0.7781511565579516,0.7781511565579516,1,10673,1000
CATATACA,0.778027460520348,0.778027460520348,1,10673,1000
TAACGATC,0.7776769884138045,0.7776769884138045,1,10673,1000
GATCGTTA,0.7776769884138045,0.7776769884138045,1,10673,1000
TATCGACA,0.7765224920628376,0.7765224920628376,1,10673,1000
TATGAATA,0.7762441759782295,0.7762441759782295,1,10673,1000
GATCGATT,0.7759246278810868,0.7759246278810868,1,10673,1000
AATCGATC,0.7759246278810868,0.7759246278810868,1,10673,1000
GATCCCGG,0.7750793716241289,0.7750793716241289,1,10673,1000
CCGGGATC,0.7750793716241289,0.7750793716241289,1,10673,1000
TTTAGATC,0.7729249989691998,0.7729249989691998,1,10673,1000
GATCTAGT,0.7714612625242239,0.7714612625242239,1,10673,1000
ACTAGATC,0.7714612625242239,0.7714612625242239,1,10673,1000
TATCTGGG,0.7713684904960211,0.7713684904960211,1,10673,1000
CCCAGATA,0.7713684904960211,0.7713684904960211,1,10673,1000
CACTTATC,0.7705335422421968,0.7705335422421968,1,10673,1000
GGCTGATC,0.7705026182327959,0.7705026182327959,1,10673,1000
GATCAGCC,0.7705026182327959,0.7705026182327959,1,10673,1000
GATATTTC,0.7691625778254237,0.7691625778254237,1,10673,1000
GATCGACT,0.7682142415371295,0.7682142415371295,1,10673,1000
AGTCGATC,0.7682142415371295,0.7682142415371295,1,10673,1000
TATCTAGC,0.7679977734713231,0.7679977734713231,1,10673,1000
GCTAGATA,0.7679977734713231,0.7679977734713231,1,10673,1000
CCTATAGA,0.7679256174493877,0.7679256174493877,1,10673,1000
ACAGGATC,0.7674411413021069,0.7674411413021069,1,10673,1000
TATCTAGA,0.7674205252958397,0.7674205252958397,1,10673,1000
CCGCGATC,0.7671731332206326,0.7671731332206326,1,10673,1000
GATCGCGG,0.7671731332206326,0.7671731332206326,1,10673,1000
CGTTGATC,0.7669154331422917,0.7669154331422917,1,10673,1000
ACGCGATC,0.7664206489918772,0.7664206489918772,1,10673,1000
GATCGCGT,0.7664206489918772,0.7664206489918772,1,10673,1000
GGTTGATC,0.7657712447944585,0.7657712447944585,1,10673,1000
GATCAACC,0.7657712447944585,0.7657712447944585,1,10673,1000
CCTAGATC,0.7653486166659795,0.7653486166659795,1,10673,1000
GATCTAGG,0.7653486166659795,0.7653486166659795,1,10673,1000
GCACGATC,0.7648332165092978,0.7648332165092978,1,10673,1000
GATCGTGC,0.7648332165092978,0.7648332165092978,1,10673,1000
GCGGGATC,0.7647919844967633,0.7647919844967633,1,10673,1000
GATCCCGC,0.7647919844967633,0.7647919844967633,1,10673,1000
GATCTGGC,0.7646167484434916,0.7646167484434916,1,10673,1000
GCCAGATC,0.7646167484434916,0.7646167484434916,1,10673,1000
ACGGGATC,0.7644415123902198,0.7644415123902198,1,10673,1000
TGATTATA,0.7642868923432152,0.7642868923432152,1,10673,1000
GATCCTAA,0.7642868923432152,0.7642868923432152,1,10673,1000
ACAAGATA,0.7640085762586072,0.7640085762586072,1,10673,1000
GATCTGCC,0.7635447161175937,0.7635447161175937,1,10673,1000
CCAAGATC,0.7635447161175937,0.7635447161175937,1,10673,1000
GGCAGATC,0.7635447161175937,0.7635447161175937,1,10673,1000
CATCCTAT,0.7624623757885622,0.7624623757885622,1,10673,1000
TGACTATC,0.7618954356162125,0.7618954356162125,1,10673,1000
TCATAATA,0.7614418834783325,0.7614418834783325,1,10673,1000
GCGATAAT,0.7600915350678266,0.7600915350678266,1,10673,1000
CCGAGATC,0.7597616789675504,0.7597616789675504,1,10673,1000
GGTATTGC,0.7592978188265369,0.7592978188265369,1,10673,1000
ATGATAAG,0.7583597905413764,0.7583597905413764,1,10673,1000
TCTCGATA,0.7579680864222983,0.7579680864222983,1,10673,1000
TATCGAGA,0.7579680864222983,0.7579680864222983,1,10673,1000
ATACGTGC,0.7579577784191647,0.7579577784191647,1,10673,1000
GCTGTATA,0.7577825423658928,0.7577825423658928,1,10673,1000
TATACAGC,0.7577825423658928,0.7577825423658928,1,10673,1000
TTATCCAC,0.7576485383251556,0.7576485383251556,1,10673,1000
GATCGCTG,0.7568032820681977,0.7568032820681977,1,10673,1000
TTTCTATA,0.7564115779491198,0.7564115779491198,1,10673,1000
GATAGTGC,0.7563188059209169,0.7563188059209169,1,10673,1000
GCACTATC,0.7563188059209169,0.7563188059209169,1,10673,1000
GCTATACC,0.756205417886447,0.756205417886447,1,10673,1000
GGTATAGC,0.756205417886447,0.756205417886447,1,10673,1000
TATAGCCC,0.7561538778707789,0.7561538778707789,1,10673,1000
ATTTGATC,0.7559477178081062,0.7559477178081062,1,10673,1000
CGGTTATC,0.7549478415041438,0.7549478415041438,1,10673,1000
GTTGGATC,0.7547210654352039,0.7547210654352039,1,10673,1000
GATCCAAC,0.7547210654352039,0.7547210654352039,1,10673,1000
TATGGGTT,0.7536078010967716,0.7536078010967716,1,10673,1000
GATCAACT,0.7529274728899517,0.7529274728899517,1,10673,1000
GGTGTCGC,0.7525563847771409,0.7525563847771409,1,10673,1000
GTGAGATC,0.7525048447614728,0.7525048447614728,1,10673,1000
GATCTCAC,0.7525048447614728,0.7525048447614728,1,10673,1000
AATACGAG,0.7522986846988001,0.7522986846988001,1,10673,1000
GATCGTAG,0.7519791366016575,0.7519791366016575,1,10673,1000
CTACGATC,0.7519791366016575,0.7519791366016575,1,10673,1000
TATCTGCA,0.7517111285201831,0.7517111285201831,1,10673,1000
TGCAGATA,0.7517111285201831,0.7517111285201831,1,10673,1000
TAACAATA,0.7513297324042386,0.7513297324042386,1,10673,1000
GATCAGGC,0.7512369603760359,0.7512369603760359,1,10673,1000
GCCTGATC,0.7512369603760359,0.7512369603760359,1,10673,1000
GTGCGATC,0.7508658722632252,0.7508658722632252,1,10673,1000
GATCGCAC,0.7508658722632252,0.7508658722632252,1,10673,1000
GCTATCGC,0.7507627922318888,0.7507627922318888,1,10673,1000
GCGATAGC,0.7507627922318888,0.7507627922318888,1,10673,1000
CAGTTATC,0.7507524842287552,0.7507524842287552,1,10673,1000
GATCTTAG,0.7501340040407373,0.7501340040407373,1,10673,1000
GATCGAGA,0.7499381519811982,0.7499381519811982,1,10673,1000
TCTCGATC,0.7499381519811982,0.7499381519811982,1,10673,1000
CTGCGATC,0.7496701438997238,0.7496701438997238,1,10673,1000
GATAGCGA,0.7495464478621201,0.7495464478621201,1,10673,1000
TATCGAGG,0.747670391291799,0.747670391291799,1,10673,1000
CCTCGATA,0.747670391291799,0.747670391291799,1,10673,1000
ACCCGGGA,0.7475260792479281,0.7475260792479281,1,10673,1000
TCCCGGGT,0.7475260792479281,0.7475260792479281,1,10673,1000
GATCGGTC,0.7470622191069145,0.7470622191069145,1,10673,1000
GACCGATC,0.7470622191069145,0.7470622191069145,1,10673,1000
ATCCCGGG,0.746660206984703,0.746660206984703,1,10673,1000
ACTCTATC,0.7463406588875603,0.7463406588875603,1,10673,1000
GATAGAGT,0.7463406588875603,0.7463406588875603,1,10673,1000
GATAGTAA,0.7449284624582526,0.7449284624582526,1,10673,1000
TTAAGTGA,0.7449078464519854,0.7449078464519854,1,10673,1000
GAAGGAGA,0.7448047664206491,0.7448047664206491,1,10673,1000
TCTCCTTC,0.7448047664206491,0.7448047664206491,1,10673,1000
TTATCAAC,0.7446398383705108,0.7446398383705108,1,10673,1000
TATCGACC,0.7441141302106956,0.7441141302106956,1,10673,1000
GGTCGATA,0.7441141302106956,0.7441141302106956,1,10673,1000
TTCAGGAT,0.7438667381354883,0.7438667381354883,1,10673,1000
ATACGACC,0.7438667381354883,0.7438667381354883,1,10673,1000
GGTCGTAT,0.7438667381354883,0.7438667381354883,1,10673,1000
ACAGGATA,0.7425370057312498,0.7425370057312498,1,10673,1000
GTATATGC,0.7418876015338309,0.7418876015338309,1,10673,1000
TATTGAGC,0.7418463695212963,0.7418463695212963,1,10673,1000
GCTCAATA,0.7418463695212963,0.7418463695212963,1,10673,1000
GGCCGATC,0.7415165134210201,0.7415165134210201,1,10673,1000
GATCGGCC,0.7415165134210201,0.7415165134210201,1,10673,1000
GCATGATC,0.7414134333896838,0.7414134333896838,1,10673,1000
GATCATGC,0.7414134333896838,0.7414134333896838,1,10673,1000
TTCCGATC,0.7404754051045233,0.7404754051045233,1,10673,1000
GATCGGAA,0.7404754051045233,0.7404754051045233,1,10673,1000
GATTGTAT,0.7400218529666434,0.7400218529666434,1,10673,1000
CTTATATG,0.7394446047911599,0.7394446047911599,1,10673,1000
ACTATAGT,0.7391869047128191,0.7391869047128191,1,10673,1000
GTAGATAG,0.7387333525749391,0.7387333525749391,1,10673,1000
ATCGGCGA,0.7375479322145714,0.7375479322145714,1,10673,1000
GATCTTGC,0.7374654681895023,0.7374654681895023,1,10673,1000
GCAAGATC,0.7374654681895023,0.7374654681895023,1,10673,1000
TCTCCAAA,0.7359089597163238,0.7359089597163238,1,10673,1000
TTTGGAGA,0.7359089597163238,0.7359089597163238,1,10673,1000
GAGATAGC,0.7354863315878448,0.7354863315878448,1,10673,1000
GATAAGAG,0.7349090834123614,0.7349090834123614,1,10673,1000
GACAGATC,0.734888467406094,0.734888467406094,1,10673,1000
ATAGTTAT,0.7343936832556798,0.7343936832556798,1,10673,1000
ATTCAATC,0.7339916711334681,0.7339916711334681,1,10673,1000
GATTGAAT,0.7339916711334681,0.7339916711334681,1,10673,1000
GATAAAGA,0.7337339710551273,0.7337339710551273,1,10673,1000
TCTTTATC,0.7337339710551273,0.7337339710551273,1,10673,1000
TACCAATA,0.7324351626602895,0.7324351626602895,1,10673,1000
GTATTATG,0.7319197625036079,0.7319197625036079,1,10673,1000
ATCCGCAC,0.7309198861996453,0.7309198861996453,1,10673,1000
GATCTTAA,0.7304560260586319,0.7304560260586319,1,10673,1000
GATCGTCC,0.7296726178204759,0.7296726178204759,1,10673,1000
GGACGATC,0.7296726178204759,0.7296726178204759,1,10673,1000
TATCGGCC,0.7294561497546695,0.7294561497546695,1,10673,1000
GGCCGATA,0.7294561497546695,0.7294561497546695,1,10673,1000
TCTCTATA,0.7286624335133798,0.7286624335133798,1,10673,1000
CCTCGGAT,0.7286521255102462,0.7286521255102462,1,10673,1000
ATCCGAGG,0.7286521255102462,0.7286521255102462,1,10673,1000
TCTTAATA,0.7283016534037026,0.7283016534037026,1,10673,1000
GAAAGATC,0.7278584092689564,0.7278584092689564,1,10673,1000
ATCAGTGT,0.7278377932626892,0.7278377932626892,1,10673,1000
GAACGATC,0.7276419412031501,0.7276419412031501,1,10673,1000
GATCGTTC,0.7276419412031501,0.7276419412031501,1,10673,1000
GCCCGATA,0.7269306889869295,0.7269306889869295,1,10673,1000
TATCGGGC,0.7269306889869295,0.7269306889869295,1,10673,1000
CCTGGTGT,0.7268069929493258,0.7268069929493258,1,10673,1000
GGTGTAGT,0.7256215725889581,0.7256215725889581,1,10673,1000
ACTACACC,0.7256215725889581,0.7256215725889581,1,10673,1000
ACAAGATC,0.7242815321815858,0.7242815321815858,1,10673,1000
GATCTACA,0.7239619840844432,0.7239619840844432,1,10673,1000
GATCGGTG,0.7235599719622315,0.7235599719622315,1,10673,1000
TACAAGTA,0.7233847359089597,0.7233847359089597,1,10673,1000
CCTTCTCA,0.7225188636457346,0.7225188636457346,1,10673,1000
ATTCGATC,0.7222508555642602,0.7222508555642602,1,10673,1000
GATCGAAT,0.7222508555642602,0.7222508555642602,1,10673,1000
CCGATCTT,0.7220446955015875,0.7220446955015875,1,10673,1000
ACGCGATA,0.7216736073887766,0.7216736073887766,1,10673,1000
GTTATATG,0.7215292953449057,0.7215292953449057,1,10673,1000
GTTTGATC,0.7215086793386386,0.7215086793386386,1,10673,1000
GATCAAAC,0.7215086793386386,0.7215086793386386,1,10673,1000
ATCCGAAC,0.7207149630973488,0.7207149630973488,1,10673,1000
ATAGTTAC,0.7199624788685937,0.7199624788685937,1,10673,1000
GATAAGCA,0.7195501587432483,0.7195501587432483,1,10673,1000
TGTCTATC,0.7190759905991011,0.7190759905991011,1,10673,1000
CGTCGATA,0.7186842864800231,0.7186842864800231,1,10673,1000
GATAAGGA,0.7183131983672123,0.7183131983672123,1,10673,1000
TCGTTATA,0.7181585783202078,0.7181585783202078,1,10673,1000
TATCCAGC,0.7173545540757844,0.7173545540757844,1,10673,1000
GCTGGATA,0.7173545540757844,0.7173545540757844,1,10673,1000
GGTAGTAT,0.7173236300663836,0.7173236300663836,1,10673,1000
TATTAATG,0.7173236300663836,0.7173236300663836,1,10673,1000
CATCGATC,0.7170762379911764,0.7170762379911764,1,10673,1000
GATCGATG,0.7170762379911764,0.7170762379911764,1,10673,1000
CGTATAGC,0.7166433018595638,0.7166433018595638,1,10673,1000
GATGAATA,0.7160248216715458,0.7160248216715458,1,10673,1000
GATCGCCA,0.715344493464726,0.715344493464726,1,10673,1000
GGTCGGAT,0.7152104894239888,0.7152104894239888,1,10673,1000
GGGATAGC,0.7148187853049107,0.7148187853049107,1,10673,1000
GGCCTATC,0.713097348781594,0.713097348781594,1,10673,1000
GCCTATTA,0.7117366923679546,0.7117366923679546,1,10673,1000
AATCCCTT,0.7114274522739454,0.7114274522739454,1,10673,1000
ACTCATAC,0.7104069599637158,0.7104069599637158,1,10673,1000
TTATCAGC,0.7100564878571723,0.7100564878571723,1,10673,1000
ATAATAGC,0.7097163237537624,0.7097163237537624,1,10673,1000
GATCGCCT,0.7095617037067579,0.7095617037067579,1,10673,1000
TATGCGGG,0.7092318476064817,0.7092318476064817,1,10673,1000
TCCAGATC,0.709139075578279,0.709139075578279,1,10673,1000
GTTATAGA,0.7084484393683256,0.7084484393683256,1,10673,1000
TCTATAAC,0.7084484393683256,0.7084484393683256,1,10673,1000
GTTGGATT,0.7078505751865748,0.7078505751865748,1,10673,1000
AATCCAAC,0.7078505751865748,0.7078505751865748,1,10673,1000
GATCCAGC,0.7077990351709067,0.7077990351709067,1,10673,1000
GCTGGATC,0.7077990351709067,0.7077990351709067,1,10673,1000
TCCCGATC,0.7070156269327506,0.7070156269327506,1,10673,1000
GATCGGGA,0.7070156269327506,0.7070156269327506,1,10673,1000
TGCTTATA,0.7060982146538574,0.7060982146538574,1,10673,1000
GATAACGA,0.7060569826413228,0.7060569826413228,1,10673,1000
CTTAGATG,0.7058302065723828,0.7058302065723828,1,10673,1000
GATCGAAA,0.7050364903310931,0.7050364903310931,1,10673,1000
TTTCGATC,0.7050364903310931,0.7050364903310931,1,10673,1000
TATCTTGC,0.7048303302684205,0.7048303302684205,1,10673,1000
CCCCTACT,0.7044901661650106,0.7044901661650106,1,10673,1000
CGTGGTAT,0.7042015420772688,0.7042015420772688,1,10673,1000
GTCCGATC,0.704170618067868,0.704170618067868,1,10673,1000
GATCGGAC,0.704170618067868,0.704170618067868,1,10673,1000
GCTCGGAT,0.7040984620459325,0.7040984620459325,1,10673,1000
ATCCGAGC,0.7040984620459325,0.7040984620459325,1,10673,1000
ACTATAGG,0.7040469220302643,0.7040469220302643,1,10673,1000
TCGCTATA,0.7037170659299881,0.7037170659299881,1,10673,1000
ACGATAAC,0.7030779697357028,0.7030779697357028,1,10673,1000
GATCGCGC,0.7022224054756113,0.7022224054756113,1,10673,1000
GCGCGATC,0.7022224054756113,0.7022224054756113,1,10673,1000
GGGCGTAT,0.7018822413722015,0.7018822413722015,1,10673,1000
TATTAAGG,0.7017997773471324,0.7017997773471324,1,10673,1000
CCTTAATA,0.7017997773471324,0.7017997773471324,1,10673,1000
TATAGAGT,0.6997484847235393,0.6997484847235393,1,10673,1000
CCTGGATC,0.6994907846451985,0.6994907846451985,1,10673,1000
GATCCAGG,0.6994907846451985,0.6994907846451985,1,10673,1000
GTATAAGC,0.6989856924916504,0.6989856924916504,1,10673,1000
TGGTTATC,0.6989341524759825,0.6989341524759825,1,10673,1000
ATCCCAGA,0.6982950562816971,0.6982950562816971,1,10673,1000
TATCGTGA,0.6982538242691625,0.6982538242691625,1,10673,1000
CCTATACG,0.698212592256628,0.698212592256628,1,10673,1000
CATAATAA,0.6977693481218818,0.6977693481218818,1,10673,1000
CCTATAAT,0.6976044200717437,0.6976044200717437,1,10673,1000
GTAGATAA,0.697429184018472,0.697429184018472,1,10673,1000
GTATTACT,0.6969240918649239,0.6969240918649239,1,10673,1000
TCTCCTAA,0.6966045437677814,0.6966045437677814,1,10673,1000
GATAATGC,0.696418999711376,0.696418999711376,1,10673,1000
CATCAACC,0.6959860635797633,0.6959860635797633,1,10673,1000
TATTGAGT,0.6958108275264915,0.6958108275264915,1,10673,1000
TGTCCAAC,0.6957695955139571,0.6957695955139571,1,10673,1000
GTTGGACA,0.6957695955139571,0.6957695955139571,1,10673,1000
ATTAGTGT,0.6955943594606853,0.6955943594606853,1,10673,1000
GCTTCTCA,0.6954294314105471,0.6954294314105471,1,10673,1000
TCGATAGA,0.6953057353729435,0.6953057353729435,1,10673,1000
TATAGGGC,0.69472848719746,0.69472848719746,1,10673,1000
GATCCACG,0.6940172349812395,0.6940172349812395,1,10673,1000
CGTGGATC,0.6940172349812395,0.6940172349812395,1,10673,1000
CGTCCTAT,0.6932853667587515,0.6932853667587515,1,10673,1000
CCTTGATC,0.6931410547148806,0.6931410547148806,1,10673,1000
GATCAAGG,0.6931410547148806,0.6931410547148806,1,10673,1000
TGTATAGG,0.6929864346678761,0.6929864346678761,1,10673,1000
ACACCAGT,0.692512266523729,0.692512266523729,1,10673,1000
CATACTCA,0.6918834783325774,0.6918834783325774,1,10673,1000
TCTTAAAG,0.6916360862573702,0.6916360862573702,1,10673,1000
TATGAATC,0.6914711582072322,0.6914711582072322,1,10673,1000
GCGTAATC,0.690996990063085,0.690996990063085,1,10673,1000
GATTACGC,0.690996990063085,0.690996990063085,1,10673,1000
TCTCCCCC,0.6901723498123943,0.6901723498123943,1,10673,1000
ACACCCGC,0.690151733806127,0.690151733806127,1,10673,1000
ACAACATA,0.6899455737434544,0.6899455737434544,1,10673,1000
AATACGTG,0.6897084896713809,0.6897084896713809,1,10673,1000
GGACTATA,0.689285861542902,0.689285861542902,1,10673,1000
CCTTAATC,0.6888013853956212,0.6888013853956212,1,10673,1000
GATTAAGG,0.6888013853956212,0.6888013853956212,1,10673,1000
ACACCATC,0.6884509132890777,0.6884509132890777,1,10673,1000
GATGGTGT,0.6884509132890777,0.6884509132890777,1,10673,1000
GATCGCAA,0.6884199892796768,0.6884199892796768,1,10673,1000
TTGCGATC,0.6884199892796768,0.6884199892796768,1,10673,1000
GATCGGAG,0.6873479569537789,0.6873479569537789,1,10673,1000
GCTGGAGG,0.687007792850369,0.687007792850369,1,10673,1000
CCTCCAGC,0.687007792850369,0.687007792850369,1,10673,1000
GTTCTAAT,0.6864923926936874,0.6864923926936874,1,10673,1000
ATTAGAAC,0.6864923926936874,0.6864923926936874,1,10673,1000
CGCATATA,0.686306848637282,0.686306848637282,1,10673,1000
ACTATACG,0.686080072568342,0.686080072568342,1,10673,1000
CCTCGAGG,0.6860079165464067,0.6860079165464067,1,10673,1000
CTTCTACA,0.684451408073228,0.684451408073228,1,10673,1000
GCCCGTAT,0.6843998680575599,0.6843998680575599,1,10673,1000
ATACGGGC,0.6843998680575599,0.6843998680575599,1,10673,1000
GCTCATAA,0.6843070960293572,0.6843070960293572,1,10673,1000
TAGGATGA,0.6841524759823527,0.6841524759823527,1,10673,1000
GATTAAGA,0.6838432358883437,0.6838432358883437,1,10673,1000
TCTTAATC,0.6838432358883437,0.6838432358883437,1,10673,1000
GTTATCGA,0.6833999917535976,0.6833999917535976,1,10673,1000
ATTAGATG,0.6822351873994971,0.6822351873994971,1,10673,1000
GCTGGTAT,0.6819362553086217,0.6819362553086217,1,10673,1000
ATACCAGC,0.6819362553086217,0.6819362553086217,1,10673,1000
CATATAGC,0.6814517791613408,0.6814517791613408,1,10673,1000
TCTGGGTC,0.6803178988166412,0.6803178988166412,1,10673,1000
TCTGAATA,0.6801735867727704,0.6801735867727704,1,10673,1000
TTTTAAAA,0.6796169546035543,0.6796169546035543,1,10673,1000
TCTCAAAA,0.678472766255721,0.678472766255721,1,10673,1000
TATCGAGC,0.6783181462087164,0.6783181462087164,1,10673,1000
GCTCGATA,0.6783181462087164,0.6783181462087164,1,10673,1000
GATCGTCG,0.6781841421679793,0.6781841421679793,1,10673,1000
CGACGATC,0.6781841421679793,0.6781841421679793,1,10673,1000
GTTAGGTA,0.6781635261617119,0.6781635261617119,1,10673,1000
TTATTACC,0.6779058260833711,0.6779058260833711,1,10673,1000
GATTATGC,0.6777615140395004,0.6777615140395004,1,10673,1000
GAACTATA,0.6776996660206984,0.6776996660206984,1,10673,1000
GATAAGGG,0.6769471817919432,0.6769471817919432,1,10673,1000
ATACGAAC,0.6767204057230033,0.6767204057230033,1,10673,1000
GATGTGGA,0.676699789716736,0.676699789716736,1,10673,1000
CGCCGATC,0.6763699336164598,0.6763699336164598,1,10673,1000
GATCGGCG,0.6763699336164598,0.6763699336164598,1,10673,1000
GCATATGA,0.6762153135694553,0.6762153135694553,1,10673,1000
ATTTGTGA,0.675524677359502,0.675524677359502,1,10673,1000
ATTGGATT,0.6752875932874284,0.6752875932874284,1,10673,1000
AATCCAAT,0.6752875932874284,0.6752875932874284,1,10673,1000
TCTATAGT,0.6745866490743413,0.6745866490743413,1,10673,1000
GGGCAATA,0.6743495650022677,0.6743495650022677,1,10673,1000
TTTCTATC,0.6740300169051251,0.6740300169051251,1,10673,1000
GAGCTATA,0.6736589287923143,0.6736589287923143,1,10673,1000
CATCTACT,0.6731229126293654,0.6731229126293654,1,10673,1000
TATAGGCT,0.6724425844225457,0.6724425844225457,1,10673,1000
AAGGGGGA,0.671308704077846,0.671308704077846,1,10673,1000
ACGGGTGT,0.6712468560590442,0.6712468560590442,1,10673,1000
GATGGATT,0.6711747000371089,0.6711747000371089,1,10673,1000
AATCCATC,0.6711747000371089,0.6711747000371089,1,10673,1000
GATAGCGC,0.6710613120026389,0.6710613120026389,1,10673,1000
GCGCTATC,0.6710613120026389,0.6710613120026389,1,10673,1000
GATCGTGA,0.6706386838741598,0.6706386838741598,1,10673,1000
TCACGATC,0.6706386838741598,0.6706386838741598,1,10673,1000
GTATGATT,0.6701129757143447,0.6701129757143447,1,10673,1000
ACTGAATA,0.6682369191440235,0.6682369191440235,1,10673,1000
GCACGGAT,0.6679998350719498,0.6679998350719498,1,10673,1000
CCTATAGC,0.6679379870531481,0.6679379870531481,1,10673,1000
GCTATAGG,0.6679379870531481,0.6679379870531481,1,10673,1000
TACCATAA,0.6672885828557292,0.6672885828557292,1,10673,1000
AATCCCCT,0.6671133468024574,0.6671133468024574,1,10673,1000
TATCTGGC,0.6669174947429184,0.6669174947429184,1,10673,1000
GCCAGATA,0.6669174947429184,0.6669174947429184,1,10673,1000
GGTCTATA,0.6666804106708448,0.6666804106708448,1,10673,1000
GATCTAAC,0.6662371665360985,0.6662371665360985,1,10673,1000
GTTAGATC,0.6662371665360985,0.6662371665360985,1,10673,1000
CAGGCATC,0.6662165505298313,0.6662165505298313,1,10673,1000
GATGCCTG,0.6662165505298313,0.6662165505298313,1,10673,1000
CCTCTAGA,0.6651135941945326,0.6651135941945326,1,10673,1000
TCTAGAGG,0.6651135941945326,0.6651135941945326,1,10673,1000
TATGTACG,0.6650929781882654,0.6650929781882654,1,10673,1000
CATACACC,0.66445388199398,0.66445388199398,1,10673,1000
TTCAGTAT,0.6643817259720447,0.6643817259720447,1,10673,1000
TTTCAAAC,0.6638869418216303,0.6638869418216303,1,10673,1000
CGGCGATC,0.6636601657526904,0.6636601657526904,1,10673,1000
GATCGCCG,0.6636601657526904,0.6636601657526904,1,10673,1000
CATCTCTG,0.6631859976085432,0.6631859976085432,1,10673,1000
GGATTGTA,0.6631756896054097,0.6631756896054097,1,10673,1000
GATTAAGT,0.6628767575145343,0.6628767575145343,1,10673,1000
ATCCCAAC,0.6627942934894652,0.6627942934894652,1,10673,1000
ATTCTATC,0.662660289448728,0.662660289448728,1,10673,1000
ATCCGGAC,0.6624953613985899,0.6624953613985899,1,10673,1000
GTGTGAGA,0.6624541293860553,0.6624541293860553,1,10673,1000
TATCCAGG,0.662351049354719,0.662351049354719,1,10673,1000
AGGTGGTA,0.6612687090256876,0.6612687090256876,1,10673,1000
ACTCTAGA,0.6610522409598812,0.6610522409598812,1,10673,1000
TCTAGAGT,0.6610522409598812,0.6610522409598812,1,10673,1000
CATCCGGA,0.6593926524553664,0.6593926524553664,1,10673,1000
GATAGAAC,0.6592586484146291,0.6592586484146291,1,10673,1000
GTTCTATC,0.6592586484146291,0.6592586484146291,1,10673,1000
TCATGGGT,0.659207108398961,0.659207108398961,1,10673,1000
GTTTCAGT,0.6588566362924174,0.6588566362924174,1,10673,1000
GATAAACT,0.6587947882736157,0.6587947882736157,1,10673,1000
TATAAGTA,0.6585989362140765,0.6585989362140765,1,10673,1000
ACCCCACT,0.6583721601451368,0.6583721601451368,1,10673,1000
TATTAGTC,0.6579289160103905,0.6579289160103905,1,10673,1000
TCTCATGT,0.6578979920009896,0.6578979920009896,1,10673,1000
GCTAAATA,0.6578670679915887,0.6578670679915887,1,10673,1000
CCTTTATC,0.6577846039665196,0.6577846039665196,1,10673,1000
GATAAAGG,0.6577846039665196,0.6577846039665196,1,10673,1000
TACGGGGT,0.6577433719539851,0.6577433719539851,1,10673,1000
GAATAGGG,0.6573413598317733,0.6573413598317733,1,10673,1000
GTTATCGC,0.6572279717973034,0.6572279717973034,1,10673,1000
GCGATAAC,0.6572279717973034,0.6572279717973034,1,10673,1000
GGGGTCGC,0.6571867397847688,0.6571867397847688,1,10673,1000
GGCTCAGC,0.6567434956500227,0.6567434956500227,1,10673,1000
ATACGCGC,0.6558260833711294,0.6558260833711294,1,10673,1000
GCGCGTAT,0.6558260833711294,0.6558260833711294,1,10673,1000
ACTCGATC,0.6555993073021894,0.6555993073021894,1,10673,1000
GATCGAGT,0.6555993073021894,0.6555993073021894,1,10673,1000
AATCTATC,0.6554549952583185,0.6554549952583185,1,10673,1000
CCACGATC,0.6553003752113141,0.6553003752113141,1,10673,1000
GATCGTGG,0.6553003752113141,0.6553003752113141,1,10673,1000
ATCAGAAT,0.654795283057766,0.654795283057766,1,10673,1000
GCAGGATA,0.6547540510452315,0.6547540510452315,1,10673,1000
TATCCTGC,0.6547540510452315,0.6547540510452315,1,10673,1000
GCCATGAT,0.6541458788603473,0.6541458788603473,1,10673,1000
ACACCAGA,0.6541252628540798,0.6541252628540798,1,10673,1000
TCTGGTGT,0.6541252628540798,0.6541252628540798,1,10673,1000
TCTTTACC,0.6539191027914072,0.6539191027914072,1,10673,1000
GCTAGATC,0.6526821424153713,0.6526821424153713,1,10673,1000
GATCTAGC,0.6526821424153713,0.6526821424153713,1,10673,1000
CCTCTATC,0.6524553663464313,0.6524553663464313,1,10673,1000
GATAGAGG,0.6524553663464313,0.6524553663464313,1,10673,1000
GAATCATC,0.6519502741928833,0.6519502741928833,1,10673,1000
AAACAAAT,0.6518678101678144,0.6518678101678144,1,10673,1000
TCATAACA,0.6511874819609945,0.6511874819609945,1,10673,1000
TCTCAAGG,0.6511462499484599,0.6511462499484599,1,10673,1000
CCTTGAGA,0.6511462499484599,0.6511462499484599,1,10673,1000
CCTCTATG,0.6510947099327918,0.6510947099327918,1,10673,1000
AAAGGATT,0.650837009854451,0.650837009854451,1,10673,1000
AATCCTTT,0.650837009854451,0.650837009854451,1,10673,1000
ACCTGAGA,0.6498783655630231,0.6498783655630231,1,10673,1000
TCTCATTG,0.649713437512885,0.649713437512885,1,10673,1000
GATCTCGC,0.6493835814126088,0.6493835814126088,1,10673,1000
GCGAGATC,0.6493835814126088,0.6493835814126088,1,10673,1000
TCTCATGA,0.6488784892590608,0.6488784892590608,1,10673,1000
TCTGTGTA,0.6487960252339917,0.6487960252339917,1,10673,1000
ACTCCATC,0.6487341772151899,0.6487341772151899,1,10673,1000
GATGGAGT,0.6487341772151899,0.6487341772151899,1,10673,1000
GCTAGGAT,0.6485795571681854,0.6485795571681854,1,10673,1000
ATCCGATG,0.6484455531274482,0.6484455531274482,1,10673,1000
TATTCGGC,0.6482084690553747,0.6482084690553747,1,10673,1000
ATACGAGT,0.6476930688986929,0.6476930688986929,1,10673,1000
ACACTAGT,0.6474353688203521,0.6474353688203521,1,10673,1000
ACTAGTGT,0.6474353688203521,0.6474353688203521,1,10673,1000
GATTACAC,0.6473941368078175,0.6473941368078175,1,10673,1000
ATCGTTGT,0.6473735208015503,0.6473735208015503,1,10673,1000
GCTCATTA,0.6472910567764812,0.6472910567764812,1,10673,1000
CGGCTATA,0.6460231723910443,0.6460231723910443,1,10673,1000
GTTGGTGT,0.6458067043252381,0.6458067043252381,1,10673,1000
GCTAATAC,0.6455902362594318,0.6455902362594318,1,10673,1000
TCTGGAGA,0.6452397641528884,0.6452397641528884,1,10673,1000
TCTCCAGA,0.6452397641528884,0.6452397641528884,1,10673,1000
ACTATAAG,0.6450026800808147,0.6450026800808147,1,10673,1000
TTCATACG,0.6447449800024739,0.6447449800024739,1,10673,1000
ACCCCAAC,0.6442295798457922,0.6442295798457922,1,10673,1000
GTTGGGGT,0.6442295798457922,0.6442295798457922,1,10673,1000
TCTCCTCC,0.6438378757267142,0.6438378757267142,1,10673,1000
TGTCAAAC,0.64288953943842,0.64288953943842,1,10673,1000
GTTTGACA,0.64288953943842,0.64288953943842,1,10673,1000
GATCGAGC,0.6426112233538119,0.6426112233538119,1,10673,1000
GCTCGATC,0.6426112233538119,0.6426112233538119,1,10673,1000
TCACCATA,0.6421679792190657,0.6421679792190657,1,10673,1000
AATCAATC,0.6421164392033976,0.6421164392033976,1,10673,1000
GATTGATT,0.6421164392033976,0.6421164392033976,1,10673,1000
GTGGAATC,0.6418587391250568,0.6418587391250568,1,10673,1000
TTATTACT,0.6418071991093885,0.6418071991093885,1,10673,1000
ATACGAGC,0.6417144270811859,0.6417144270811859,1,10673,1000
GCTCGTAT,0.6417144270811859,0.6417144270811859,1,10673,1000
ACTAAACC,0.6409722508555643,0.6409722508555643,1,10673,1000
GGTAGATT,0.6408073228054262,0.6408073228054262,1,10673,1000
AATCTACC,0.6408073228054262,0.6408073228054262,1,10673,1000
AAGCTATA,0.6407867067991588,0.6407867067991588,1,10673,1000
ACTACAGA,0.6407660907928917,0.6407660907928917,1,10673,1000
TCTGGATG,0.6398796025233991,0.6398796025233991,1,10673,1000
GGGATGTA,0.6394260503855194,0.6394260503855194,1,10673,1000
TATGTACA,0.6392095823197129,0.6392095823197129,1,10673,1000
ACGGGAGT,0.638312786047087,0.638312786047087,1,10673,1000
ACACGACA,0.6376530738465345,0.6376530738465345,1,10673,1000
ATCCCAGT,0.6372613697274564,0.6372613697274564,1,10673,1000
AGTCGTGT,0.6370861336741847,0.6370861336741847,1,10673,1000
CTTCTAGG,0.6367150455613738,0.6367150455613738,1,10673,1000
TATAAATC,0.6364882694924339,0.6364882694924339,1,10673,1000
TCTCAATG,0.6361377973858904,0.6361377973858904,1,10673,1000
TCGTACTA,0.6358594813012823,0.6358594813012823,1,10673,1000
GATTTAGA,0.6358079412856141,0.6358079412856141,1,10673,1000
TCTAAATC,0.6358079412856141,0.6358079412856141,1,10673,1000
TCTTCAAC,0.6352513091163979,0.6352513091163979,1,10673,1000
GATCGTCA,0.635168845091329,0.635168845091329,1,10673,1000
TGACGATC,0.635168845091329,0.635168845091329,1,10673,1000
CTACTAGC,0.6348905290067208,0.6348905290067208,1,10673,1000
GGGACATA,0.6347049849503154,0.6347049849503154,1,10673,1000
ACTTGACA,0.6342308168061683,0.6342308168061683,1,10673,1000
TCTCGGTT,0.633900960705892,0.633900960705892,1,10673,1000
GTCTCAGC,0.6334989485836805,0.6334989485836805,1,10673,1000
GCTGAGAC,0.6334989485836805,0.6334989485836805,1,10673,1000
CGTTGAGA,0.6329320084113306,0.6329320084113306,1,10673,1000
TCGCGATT,0.632664000329856,0.632664000329856,1,10673,1000
GCGGGGGA,0.6325918443079207,0.6325918443079207,1,10673,1000
TTAATAGC,0.6324887642765843,0.6324887642765843,1,10673,1000
GCTATTAC,0.6322619882076443,0.6322619882076443,1,10673,1000
GTAATAGC,0.6322619882076443,0.6322619882076443,1,10673,1000
ATGTGGTA,0.6318290520760318,0.6318290520760318,1,10673,1000
CCGGGTGA,0.63176720405723,0.63176720405723,1,10673,1000
CATATAGT,0.6314476559600875,0.6314476559600875,1,10673,1000
TCTAGAAT,0.6311899558817466,0.6311899558817466,1,10673,1000
ATTCTAGA,0.6311899558817466,0.6311899558817466,1,10673,1000
GAACTTAT,0.631066259844143,0.631066259844143,1,10673,1000
TCTCTATT,0.630561167690595,0.630561167690595,1,10673,1000
TCACCGGA,0.6304271636498577,0.6304271636498577,1,10673,1000
CATCCTAC,0.6300354595307798,0.6300354595307798,1,10673,1000
TATAGTGG,0.629550983383499,0.629550983383499,1,10673,1000
GGATGAGA,0.6291077392487527,0.6291077392487527,1,10673,1000
TGCCGATC,0.6289943512142827,0.6289943512142827,1,10673,1000
GATGGTTA,0.6287881911516101,0.6287881911516101,1,10673,1000
TTTCGGGA,0.6285201830701356,0.6285201830701356,1,10673,1000
TCTCTAAG,0.6283449470168638,0.6283449470168638,1,10673,1000
GATTCAGG,0.627303838700367,0.627303838700367,1,10673,1000
GATTGAGA,0.6272213746752979,0.6272213746752979,1,10673,1000
TCTCAATC,0.6272213746752979,0.6272213746752979,1,10673,1000
TTTAGACA,0.6260050303055291,0.6260050303055291,1,10673,1000
TAGAAGGA,0.625448398136313,0.625448398136313,1,10673,1000
GTTATAAA,0.6253143940955758,0.6253143940955758,1,10673,1000
AATTGGGT,0.6248402259514287,0.6248402259514287,1,10673,1000
GGACACCC,0.6248093019420278,0.6248093019420278,1,10673,1000
TATGGCGG,0.624324825794747,0.624324825794747,1,10673,1000
AGTCTAGA,0.6241495897414752,0.6241495897414752,1,10673,1000
TCTAGACT,0.6241495897414752,0.6241495897414752,1,10673,1000
TCTGGATT,0.6238815816600009,0.6238815816600009,1,10673,1000
TATGTTAA,0.6236960376035955,0.6236960376035955,1,10673,1000
TCATGAGT,0.6218302890364078,0.6218302890364078,1,10673,1000
GCTTTATA,0.6215210489423989,0.6215210489423989,1,10673,1000
GATAAACC,0.6212633488640581,0.6212633488640581,1,10673,1000
GGTTTATC,0.6212633488640581,0.6212633488640581,1,10673,1000
GATTGTGT,0.6210984208139199,0.6210984208139199,1,10673,1000
GTAGTAGC,0.6208097967261782,0.6208097967261782,1,10673,1000
GCTACTAC,0.6208097967261782,0.6208097967261782,1,10673,1000
TGTCTATT,0.6205417886447038,0.6205417886447038,1,10673,1000
GCAGGAGA,0.6200676205005566,0.6200676205005566,1,10673,1000
TCTCCTGC,0.6200676205005566,0.6200676205005566,1,10673,1000
CTTCTATC,0.6195934523564095,0.6195934523564095,1,10673,1000
GATAGAAG,0.6195934523564095,0.6195934523564095,1,10673,1000
TTTCTTGG,0.6191502082216633,0.6191502082216633,1,10673,1000
GAGTGGGG,0.6189955881746588,0.6189955881746588,1,10673,1000
TCAAGAGA,0.6188615841339216,0.6188615841339216,1,10673,1000
TCTCTTGA,0.6188615841339216,0.6188615841339216,1,10673,1000
AATAAAGC,0.6188512761307879,0.6188512761307879,1,10673,1000
TCTCATGG,0.6188203521213871,0.6188203521213871,1,10673,1000
CCATGAGA,0.6188203521213871,0.6188203521213871,1,10673,1000
GATCGACG,0.6187585041025853,0.6187585041025853,1,10673,1000
CGTCGATC,0.6187585041025853,0.6187585041025853,1,10673,1000
AAACGAGT,0.6182534119490373,0.6182534119490373,1,10673,1000
ACTCGTTT,0.6182534119490373,0.6182534119490373,1,10673,1000
AAGTGAGA,0.617109223601204,0.617109223601204,1,10673,1000
CATCTAGT,0.6170473755824022,0.6170473755824022,1,10673,1000
GAGCGAGG,0.6163670473755823,0.6163670473755823,1,10673,1000
CCTCGCTC,0.6163670473755823,0.6163670473755823,1,10673,1000
ACCCCAGC,0.6158413392157671,0.6158413392157671,1,10673,1000
GCTGGGGT,0.6158413392157671,0.6158413392157671,1,10673,1000
ATTAAAAT,0.6157485671875644,0.6157485671875644,1,10673,1000
CAACAATC,0.6155836391374263,0.6155836391374263,1,10673,1000
GGTAGACA,0.6155217911186245,0.6155217911186245,1,10673,1000
ACAAGAGA,0.6155011751123572,0.6155011751123572,1,10673,1000
GCCCCATA,0.6153259390590855,0.6153259390590855,1,10673,1000
GAGAAGGG,0.6145116068115284,0.6145116068115284,1,10673,1000
TGTCGATC,0.6145012988083949,0.6145012988083949,1,10673,1000
GATCGACA,0.6145012988083949,0.6145012988083949,1,10673,1000
GCCCGGAT,0.6141817507112523,0.6141817507112523,1,10673,1000
TCGAGATC,0.6141508267018513,0.6141508267018513,1,10673,1000
GCACAGAT,0.6139652826454459,0.6139652826454459,1,10673,1000
ACTTCTCA,0.6139240506329114,0.6139240506329114,1,10673,1000
AGATGAGA,0.6138415866078424,0.6138415866078424,1,10673,1000
GCTATAGT,0.6138415866078424,0.6138415866078424,1,10673,1000
ACTATAGC,0.6138415866078424,0.6138415866078424,1,10673,1000
CTATAAGC,0.6138003545953078,0.6138003545953078,1,10673,1000
CATTCTCA,0.6135735785263678,0.6135735785263678,1,10673,1000
GATCTGCG,0.6132952624417598,0.6132952624417598,1,10673,1000
TATTGGGT,0.6131303343916217,0.6131303343916217,1,10673,1000
ATCCCAGC,0.6129138663258153,0.6129138663258153,1,10673,1000
TATGGGGT,0.6128623263101473,0.6128623263101473,1,10673,1000
GCTGTATT,0.6127489382756772,0.6127489382756772,1,10673,1000
TACGACCC,0.6121613820970602,0.6121613820970602,1,10673,1000
TCAATAGC,0.6116975219560467,0.6116975219560467,1,10673,1000
TAACCGAG,0.6114398218777058,0.6114398218777058,1,10673,1000
AGTCTCAA,0.6113161258401022,0.6113161258401022,1,10673,1000
CCTTGATT,0.6110790417680287,0.6110790417680287,1,10673,1000
ATTTGTTC,0.6110687337648951,0.6110687337648951,1,10673,1000
TCTCCTGG,0.6107285696614851,0.6107285696614851,1,10673,1000
TATTGCTC,0.6105945656207479,0.6105945656207479,1,10673,1000
AATAAACC,0.60974930936379,0.60974930936379,1,10673,1000
CATCAATC,0.6094194532635138,0.6094194532635138,1,10673,1000
GCTGTTAT,0.6090895971632376,0.6090895971632376,1,10673,1000
AATAGATT,0.6090174411413022,0.6090174411413022,1,10673,1000
CCTCAACA,0.6089040531068322,0.6089040531068322,1,10673,1000
ATTGATAC,0.9944852183235064,0.9944852183235064,2,20709,1999
GTGATATC,0.9942172102420319,0.9942172102420319,2,20709,1999
GATATCAC,0.9942172102420319,0.9942172102420319,2,20709,1999
GTGATACC,0.9939079701480229,0.9939079701480229,2,20709,1999
TTGATATC,0.9935059580258113,0.9935059580258113,2,20709,1999
GATATCAA,0.9935059580258113,0.9935059580258113,2,20709,1999
GGTATCAA,0.9929802498659959,0.9929802498659959,2,20709,1999
GGGGTATC,0.9909186492392693,0.9909186492392693,2,20709,1999
GATACCCC,0.9909186492392693,0.9909186492392693,2,20709,1999
ATGATACC,0.989691996866367,0.989691996866367,2,20709,1999
GGTATCAT,0.989691996866367,0.989691996866367,2,20709,1999
TTTGATAC,0.9884550364903311,0.9884550364903311,2,20709,1999
GGTGATAC,0.9883519564589948,0.9883519564589948,2,20709,1999
GTATCATC,0.9861872758009319,0.9861872758009319,2,20709,1999
GATGATAC,0.9861872758009319,0.9861872758009319,2,20709,1999
CATATCAT,0.9850946274687667,0.9850946274687667,2,20709,1999
CGTATCAT,0.9847338473590895,0.9847338473590895,2,20709,1999
GGGATATC,0.9840638271554034,0.9840638271554034,2,20709,1999
GATATCCC,0.9840638271554034,0.9840638271554034,2,20709,1999
TATGATAC,0.9827031707417639,0.9827031707417639,2,20709,1999
GTATCATA,0.9827031707417639,0.9827031707417639,2,20709,1999
CGTATCAA,0.982589782707294,0.982589782707294,2,20709,1999
ACGATATC,0.9820228425349441,0.9820228425349441,2,20709,1999
GATATCGT,0.9820228425349441,0.9820228425349441,2,20709,1999
GTATCACA,0.9817651424566034,0.9817651424566034,2,20709,1999
TGTGATAC,0.9817651424566034,0.9817651424566034,2,20709,1999
AGGGTATC,0.9812497422999217,0.9812497422999217,2,20709,1999
AGTATCAT,0.9804354100523647,0.9804354100523647,2,20709,1999
ATGATACT,0.9804354100523647,0.9804354100523647,2,20709,1999
TAGGTATC,0.979724157836144,0.979724157836144,2,20709,1999
GATACCTA,0.979724157836144,0.979724157836144,2,20709,1999
ATATCATA,0.9794870737640705,0.9794870737640705,2,20709,1999
TATGATAT,0.9794870737640705,0.9794870737640705,2,20709,1999
ATGATATC,0.9794561497546695,0.9794561497546695,2,20709,1999
GATATCAT,0.9794561497546695,0.9794561497546695,2,20709,1999
AATGATAC,0.9794149177421351,0.9794149177421351,2,20709,1999
GTATCATT,0.9794149177421351,0.9794149177421351,2,20709,1999
ATTGATAT,0.9782604213911682,0.9782604213911682,2,20709,1999
AGTATCAA,0.9781985733723663,0.9781985733723663,2,20709,1999
TGTGATAT,0.9771986970684039,0.9771986970684039,2,20709,1999
ATATGATA,0.9761988207644415,0.9761988207644415,2,20709,1999
TATCATAT,0.9761988207644415,0.9761988207644415,2,20709,1999
TGTATCAT,0.9761163567393725,0.9761163567393725,2,20709,1999
AGGATATC,0.9755081845544881,0.9755081845544881,2,20709,1999
GTGATACG,0.9751680204510783,0.9751680204510783,2,20709,1999
CGTATCAC,0.9751680204510783,0.9751680204510783,2,20709,1999
GATATCAG,0.9750546324166083,0.9750546324166083,2,20709,1999
CTGATATC,0.9750546324166083,0.9750546324166083,2,20709,1999
GATATCCG,0.9737352080155032,0.9737352080155032,2,20709,1999
CGGATATC,0.9737352080155032,0.9737352080155032,2,20709,1999
TATCATAC,0.9734362759246279,0.9734362759246279,2,20709,1999
GATATCTT,0.973209499855688,0.973209499855688,2,20709,1999
TATATATC,0.9730445718055498,0.9730445718055498,2,20709,1999
GATATATA,0.9730445718055498,0.9730445718055498,2,20709,1999
TAGATATC,0.9729827237867481,0.9729827237867481,2,20709,1999
GATATCTA,0.9729827237867481,0.9729827237867481,2,20709,1999
ATGATAGC,0.9723333195893292,0.9723333195893292,2,20709,1999
GCTATCAT,0.9723333195893292,0.9723333195893292,2,20709,1999
AATGATAT,0.9719106914608502,0.9719106914608502,2,20709,1999
CATGATAC,0.9717045313981776,0.9717045313981776,2,20709,1999
TGTATCAC,0.9714674473261039,0.9714674473261039,2,20709,1999
GTGATACA,0.9714674473261039,0.9714674473261039,2,20709,1999
GGTGATAT,0.9714055993073022,0.9714055993073022,2,20709,1999
GTATCAGA,0.9707458871067497,0.9707458871067497,2,20709,1999
TCTGATAC,0.9707458871067497,0.9707458871067497,2,20709,1999
AAGGTATC,0.9706634230816805,0.9706634230816805,2,20709,1999
GATACCTT,0.9706634230816805,0.9706634230816805,2,20709,1999
GATATGAT,0.9700243268873954,0.9700243268873954,2,20709,1999
GTGATACT,0.9694780027213128,0.9694780027213128,2,20709,1999
AGTATCAC,0.9694780027213128,0.9694780027213128,2,20709,1999
TATCAAAT,0.9692615346555066,0.9692615346555066,2,20709,1999
ATTTGATA,0.9692615346555066,0.9692615346555066,2,20709,1999
CGTGATAT,0.9684059703954151,0.9684059703954151,2,20709,1999
GATATCTG,0.9682719663546777,0.9682719663546777,2,20709,1999
CAGATATC,0.9682719663546777,0.9682719663546777,2,20709,1999
ACTGATAT,0.9681585783202078,0.9681585783202078,2,20709,1999
TATCAGAT,0.9677874902073971,0.9677874902073971,2,20709,1999
ATCTGATA,0.9677874902073971,0.9677874902073971,2,20709,1999
GGTATATC,0.9673236300663836,0.9673236300663836,2,20709,1999
AGTATCAG,0.9653548014678596,0.9653548014678596,2,20709,1999
GATACCCG,0.9653032614521915,0.9653032614521915,2,20709,1999
GAGATATC,0.965035253370717,0.965035253370717,2,20709,1999
GATATCTC,0.965035253370717,0.965035253370717,2,20709,1999
GGGTGATA,0.9641693811074918,0.9641693811074918,2,20709,1999
TGTATCAA,0.9631695048035296,0.9631695048035296,2,20709,1999
CTTGATAT,0.9631591968003959,0.9631591968003959,2,20709,1999
TATCGGAT,0.9627674926813178,0.9627674926813178,2,20709,1999
AGTGATAT,0.9626953366593825,0.9626953366593825,2,20709,1999
TGGATATC,0.9623242485465716,0.9623242485465716,2,20709,1999
GATATCCA,0.9623242485465716,0.9623242485465716,2,20709,1999
GGTATCTA,0.9621490124932999,0.9621490124932999,2,20709,1999
TAGATACC,0.9621490124932999,0.9621490124932999,2,20709,1999
GTGATATA,0.961973776440028,0.961973776440028,2,20709,1999
TATATCAC,0.961973776440028,0.961973776440028,2,20709,1999
TTTGATAT,0.9616026883272173,0.9616026883272173,2,20709,1999
GGTGTCAT,0.961272832226941,0.961272832226941,2,20709,1999
GATACTCT,0.9597369397600297,0.9597369397600297,2,20709,1999
AGAGTATC,0.9597369397600297,0.9597369397600297,2,20709,1999
CTGATATG,0.9595513957036244,0.9595513957036244,2,20709,1999
GATACCTG,0.9586752154372655,0.9586752154372655,2,20709,1999
ACGATACC,0.9577578031583721,0.9577578031583721,2,20709,1999
GGTATCGT,0.9577578031583721,0.9577578031583721,2,20709,1999
CATATCAC,0.9574897950768978,0.9574897950768978,2,20709,1999
GTGATATG,0.9574897950768978,0.9574897950768978,2,20709,1999
TATATCAT,0.9571908629860224,0.9571908629860224,2,20709,1999
ATGATATA,0.9571908629860224,0.9571908629860224,2,20709,1999
AAATGATA,0.9565414587886034,0.9565414587886034,2,20709,1999
TATACCCC,0.9564074547478663,0.9564074547478663,2,20709,1999
GGGGTATA,0.9564074547478663,0.9564074547478663,2,20709,1999
GGGGGATA,0.9563146827196636,0.9563146827196636,2,20709,1999
GATACCTC,0.9544386261493425,0.9544386261493425,2,20709,1999
GAGGTATC,0.9544386261493425,0.9544386261493425,2,20709,1999
TCGATACC,0.9541500020616006,0.9541500020616006,2,20709,1999
GGTATCGA,0.9541500020616006,0.9541500020616006,2,20709,1999
AACGATAT,0.9541293860553334,0.9541293860553334,2,20709,1999
ATCGATAC,0.9539541500020616,0.9539541500020616,2,20709,1999
CTGATACC,0.9533975178328453,0.9533975178328453,2,20709,1999
GGTATCAG,0.9533975178328453,0.9533975178328453,2,20709,1999
TCTGATAT,0.9529645817012329,0.9529645817012329,2,20709,1999
ACTGATAC,0.9528821176761637,0.9528821176761637,2,20709,1999
GATATCGG,0.9528305776604956,0.9528305776604956,2,20709,1999
GGGGGATC,0.9528305776604956,0.9528305776604956,2,20709,1999
AAAGTATC,0.952593493588422,0.952593493588422,2,20709,1999
GATACTTT,0.952593493588422,0.952593493588422,2,20709,1999
TATGTATC,0.9525522615758875,0.9525522615758875,2,20709,1999
CCCATATC,0.9523461015132149,0.9523461015132149,2,20709,1999
GGGGATAT,0.9522120974724776,0.9522120974724776,2,20709,1999
CATGATAT,0.9521193254442749,0.9521193254442749,2,20709,1999
TATCACAC,0.9519956294066715,0.9519956294066715,2,20709,1999
GAGGGTAT,0.9518513173628005,0.9518513173628005,2,20709,1999
CTTGATAC,0.9517276213251968,0.9517276213251968,2,20709,1999
TCGGATAT,0.9509854450995753,0.9509854450995753,2,20709,1999
TATCATCT,0.9501298808394838,0.9501298808394838,2,20709,1999
AGATGATA,0.9501298808394838,0.9501298808394838,2,20709,1999
GGATCATA,0.9501092648332166,0.9501092648332166,2,20709,1999
GTTGATAT,0.9491609285449224,0.9491609285449224,2,20709,1999
TATATATA,0.9487692244258442,0.9487692244258442,2,20709,1999
TATATCCC,0.9485733723663053,0.9485733723663053,2,20709,1999
GATATGCC,0.9485527563600379,0.9485527563600379,2,20709,1999
GGCATATC,0.9485527563600379,0.9485527563600379,2,20709,1999
GAGTGATA,0.9481816682472273,0.9481816682472273,2,20709,1999
TATCACTC,0.9481816682472273,0.9481816682472273,2,20709,1999
CGATGATA,0.94793427617202,0.94793427617202,2,20709,1999
TATCATCG,0.94793427617202,0.94793427617202,2,20709,1999
GAGGATAT,0.947398260009071,0.947398260009071,2,20709,1999
GATACACT,0.9470580959056611,0.9470580959056611,2,20709,1999
AGTGTATC,0.9470580959056611,0.9470580959056611,2,20709,1999
GACGATAC,0.9469137838617903,0.9469137838617903,2,20709,1999
TATCATGT,0.9466663917865831,0.9466663917865831,2,20709,1999
GATACTAT,0.9461509916299015,0.9461509916299015,2,20709,1999
ATAGATAC,0.9460891436110996,0.9460891436110996,2,20709,1999
ATGGTATC,0.94563559147322,0.94563559147322,2,20709,1999
GATACCAT,0.94563559147322,0.94563559147322,2,20709,1999
TATCATCC,0.9454912794293491,0.9454912794293491,2,20709,1999
GGATGATA,0.9454912794293491,0.9454912794293491,2,20709,1999
GTGATATT,0.9453057353729436,0.9453057353729436,2,20709,1999
AATATCAC,0.9453057353729436,0.9453057353729436,2,20709,1999
GATGATCC,0.9452438873541418,0.9452438873541418,2,20709,1999
CTGATATA,0.9452026553416072,0.9452026553416072,2,20709,1999
GATATGTA,0.9446975631880592,0.9446975631880592,2,20709,1999
TACATATC,0.9446975631880592,0.9446975631880592,2,20709,1999
TGGGTATC,0.9444501711128521,0.9444501711128521,2,20709,1999
GATACCCA,0.9444501711128521,0.9444501711128521,2,20709,1999
GGAGATAT,0.9440275429843732,0.9440275429843732,2,20709,1999
TATCACCA,0.9434812188182905,0.9434812188182905,2,20709,1999
TGGTGATA,0.9434812188182905,0.9434812188182905,2,20709,1999
TACCGTAT,0.9431719787242815,0.9431719787242815,2,20709,1999
ACGATATG,0.943130746711747,0.943130746711747,2,20709,1999
GGTATCGG,0.9428421226240052,0.9428421226240052,2,20709,1999
CCGATACC,0.9428421226240052,0.9428421226240052,2,20709,1999
TTAGATAC,0.9415330062260339,0.9415330062260339,2,20709,1999
TATCATTC,0.9412340741351586,0.9412340741351586,2,20709,1999
GAATGATA,0.9412340741351586,0.9412340741351586,2,20709,1999
TATATCGA,0.940966066053684,0.940966066053684,2,20709,1999
GTAGTATC,0.9406155939471406,0.9406155939471406,2,20709,1999
GATACTAC,0.9406155939471406,0.9406155939471406,2,20709,1999
CGGATCAC,0.9404197418876016,0.9404197418876016,2,20709,1999
CTGATACA,0.9403888178782007,0.9403888178782007,2,20709,1999
TGTATCAG,0.9403888178782007,0.9403888178782007,2,20709,1999
GGGATCAC,0.9401311177998598,0.9401311177998598,2,20709,1999
GATATCGA,0.9400486537747906,0.9400486537747906,2,20709,1999
GTGATCCT,0.9393477095617038,0.9393477095617038,2,20709,1999
GAAGATAT,0.9388116933987548,0.9388116933987548,2,20709,1999
ATTGATCC,0.938471529295345,0.938471529295345,2,20709,1999
GATATACT,0.937770585082258,0.937770585082258,2,20709,1999
AGTATATC,0.937770585082258,0.937770585082258,2,20709,1999
GAGATATA,0.9376984290603225,0.9376984290603225,2,20709,1999
TATATCTC,0.9376984290603225,0.9376984290603225,2,20709,1999
TATCTCCC,0.9374407289819816,0.9374407289819816,2,20709,1999
GATACGGT,0.9359769925370057,0.9359769925370057,2,20709,1999
GATACTCC,0.9356574444398631,0.9356574444398631,2,20709,1999
GTATCGTA,0.9355440564053931,0.9355440564053931,2,20709,1999
TCGATACT,0.9347503401641034,0.9347503401641034,2,20709,1999
AGTATCGA,0.9347503401641034,0.9347503401641034,2,20709,1999
TATCAAAG,0.9340390879478828,0.9340390879478828,2,20709,1999
GTGATAGC,0.9339669319259473,0.9339669319259473,2,20709,1999
GCTATCAC,0.9339669319259473,0.9339669319259473,2,20709,1999
TTGATATA,0.933667999835072,0.933667999835072,2,20709,1999
GGTATTAT,0.9329258236094504,0.9329258236094504,2,20709,1999
TTCGATAC,0.9326062755123078,0.9326062755123078,2,20709,1999
TTTGATCC,0.9326062755123078,0.9326062755123078,2,20709,1999
TATATATG,0.9319774873211563,0.9319774873211563,2,20709,1999
CATATATA,0.9319774873211563,0.9319774873211563,2,20709,1999
TATATCTA,0.931925947305488,0.931925947305488,2,20709,1999
TAGATATA,0.931925947305488,0.931925947305488,2,20709,1999
GATATAAT,0.9310806910485301,0.9310806910485301,2,20709,1999
ATTATATC,0.9310806910485301,0.9310806910485301,2,20709,1999
GATACCGT,0.9306271389106502,0.9306271389106502,2,20709,1999
ACGGTATC,0.9306271389106502,0.9306271389106502,2,20709,1999
TATAGTAT,0.9304519028573784,0.9304519028573784,2,20709,1999
AGTATATA,0.9302766668041068,0.9302766668041068,2,20709,1999
TATATACT,0.9302766668041068,0.9302766668041068,2,20709,1999
ATATGATC,0.9301220467571023,0.9301220467571023,2,20709,1999
GATCATAT,0.9301220467571023,0.9301220467571023,2,20709,1999
GGTATATA,0.9296994186286234,0.9296994186286234,2,20709,1999
CCTATATC,0.929596338597287,0.929596338597287,2,20709,1999
TATCACTG,0.929534490578485,0.929534490578485,2,20709,1999
GATACGAT,0.9294726425596833,0.9294726425596833,2,20709,1999
GACATATC,0.929256174493877,0.929256174493877,2,20709,1999
GATATGTC,0.929256174493877,0.929256174493877,2,20709,1999
AAGTGATA,0.9290706304374716,0.9290706304374716,2,20709,1999
TATCACTT,0.9290706304374716,0.9290706304374716,2,20709,1999
GATGTATC,0.9289881664124026,0.9289881664124026,2,20709,1999
TATCCTAT,0.9287098503277945,0.9287098503277945,2,20709,1999
CTGATACG,0.9283284542118501,0.9283284542118501,2,20709,1999
CGTATCAG,0.9283284542118501,0.9283284542118501,2,20709,1999
TATCCCCT,0.9282666061930483,0.9282666061930483,2,20709,1999
GCGATATA,0.9281841421679792,0.9281841421679792,2,20709,1999
TATATCGC,0.9281841421679792,0.9281841421679792,2,20709,1999
GGTATCTT,0.9268544097637406,0.9268544097637406,2,20709,1999
AAGATACC,0.9268544097637406,0.9268544097637406,2,20709,1999
GAAGTATC,0.9264317816352615,0.9264317816352615,2,20709,1999
GATACTTC,0.9264317816352615,0.9264317816352615,2,20709,1999
GGCGATAT,0.9260297695130499,0.9260297695130499,2,20709,1999
GCTATCAA,0.9257617614315755,0.9257617614315755,2,20709,1999
TACGTATC,0.9254834453469675,0.9254834453469675,2,20709,1999
GATACGTA,0.9254834453469675,0.9254834453469675,2,20709,1999
CATATATC,0.9251948212592257,0.9251948212592257,2,20709,1999
GATATATG,0.9251948212592257,0.9251948212592257,2,20709,1999
GATACTGT,0.9251020492310229,0.9251020492310229,2,20709,1999
AGTATCGC,0.9248958891683503,0.9248958891683503,2,20709,1999
GCGATACT,0.9248958891683503,0.9248958891683503,2,20709,1999
TAATGATA,0.9248546571558158,0.9248546571558158,2,20709,1999
TATAATCC,0.9247000371088113,0.9247000371088113,2,20709,1999
GATATGTG,0.9244011050179359,0.9244011050179359,2,20709,1999
CACATATC,0.9244011050179359,0.9244011050179359,2,20709,1999
TATGATAG,0.9243804890116687,0.9243804890116687,2,20709,1999
TATCATCA,0.9240506329113923,0.9240506329113923,2,20709,1999
TGATGATA,0.9240506329113923,0.9240506329113923,2,20709,1999
GATATGGA,0.9239887848925906,0.9239887848925906,2,20709,1999
TCCATATC,0.9239887848925906,0.9239887848925906,2,20709,1999
GATAGATA,0.9238135488393188,0.9238135488393188,2,20709,1999
TATCATGC,0.9233084566857709,0.9233084566857709,2,20709,1999
CTATGATA,0.923246608666969,0.923246608666969,2,20709,1999
TATCATAG,0.923246608666969,0.923246608666969,2,20709,1999
CAAGTATC,0.9232156846575682,0.9232156846575682,2,20709,1999
AATATCAT,0.9232156846575682,0.9232156846575682,2,20709,1999
GATCAGAT,0.9227312085102873,0.9227312085102873,2,20709,1999
GTATTATA,0.9227105925040202,0.9227105925040202,2,20709,1999
TATAATAC,0.9227105925040202,0.9227105925040202,2,20709,1999
TATCTGAT,0.9222261163567395,0.9222261163567395,2,20709,1999
GATACCGG,0.9221642683379375,0.9221642683379375,2,20709,1999
ACTATATC,0.921875644250196,0.921875644250196,2,20709,1999
ATGATAGT,0.9216901001937905,0.9216901001937905,2,20709,1999
TAAGATAT,0.9215767121593205,0.9215767121593205,2,20709,1999
GATATGCT,0.9210716200057726,0.9210716200057726,2,20709,1999
AGCATATC,0.9210716200057726,0.9210716200057726,2,20709,1999
GATACCAG,0.9206592998804272,0.9206592998804272,2,20709,1999
CTGGTATC,0.9206592998804272,0.9206592998804272,2,20709,1999
GATACGCC,0.9204531398177546,0.9204531398177546,2,20709,1999
GGCGTATC,0.9204531398177546,0.9204531398177546,2,20709,1999
AGGTGATA,0.9200923597080775,0.9200923597080775,2,20709,1999
TATCACCT,0.9200923597080775,0.9200923597080775,2,20709,1999
CCTATCAC,0.9200408196924091,0.9200408196924091,2,20709,1999
TATCAACG,0.9195048035294604,0.9195048035294604,2,20709,1999
ACAGATAT,0.9182884591596916,0.9182884591596916,2,20709,1999
GTATCTTA,0.9181956871314889,0.9181956871314889,2,20709,1999
GATATGCG,0.9181132231064199,0.9181132231064199,2,20709,1999
CGCATATC,0.9181132231064199,0.9181132231064199,2,20709,1999
TATCGATT,0.9179173710468809,0.9179173710468809,2,20709,1999
TATCATAA,0.9177215189873419,0.9177215189873419,2,20709,1999
TTATGATA,0.9177215189873419,0.9177215189873419,2,20709,1999
GATACCGC,0.9176390549622727,0.9176390549622727,2,20709,1999
GATACCAC,0.9176184389560055,0.9176184389560055,2,20709,1999
GTATATAC,0.9175875149466046,0.9175875149466046,2,20709,1999
TATATCCG,0.9175153589246692,0.9175153589246692,2,20709,1999
CGGATATA,0.9175153589246692,0.9175153589246692,2,20709,1999
TTTTGATA,0.9173091988619965,0.9173091988619965,2,20709,1999
ATATCCTA,0.9165464066301076,0.9165464066301076,2,20709,1999
TAGGATAT,0.9165464066301076,0.9165464066301076,2,20709,1999
GTGGATAT,0.9162680905454995,0.9162680905454995,2,20709,1999
ATGATCTA,0.9150826701851317,0.9150826701851317,2,20709,1999
GGTATTAA,0.91502082216633,0.91502082216633,2,20709,1999
GACACCCT,0.9149692821506618,0.9149692821506618,2,20709,1999
AGGGTGTC,0.9149692821506618,0.9149692821506618,2,20709,1999
TCTATGAT,0.9149280501381273,0.9149280501381273,2,20709,1999
CCGATACT,0.9145363460190493,0.9145363460190493,2,20709,1999
AGTATCGG,0.9145363460190493,0.9145363460190493,2,20709,1999
GGGATCAA,0.9142271059250403,0.9142271059250403,2,20709,1999
GACTGATA,0.9137632457840268,0.9137632457840268,2,20709,1999
TATCACAG,0.9134436976868842,0.9134436976868842,2,20709,1999
CTGTGATA,0.9134436976868842,0.9134436976868842,2,20709,1999
GTGACACC,0.9134333896837504,0.9134333896837504,2,20709,1999
GGTGTCAC,0.9134333896837504,0.9134333896837504,2,20709,1999
TATCGCTT,0.9130416855646725,0.9130416855646725,2,20709,1999
TATCGTAC,0.9126602894487279,0.9126602894487279,2,20709,1999
TATCACCG,0.9123407413515854,0.9123407413515854,2,20709,1999
GGAGATAC,0.9121964293077146,0.9121964293077146,2,20709,1999
GATAGTAT,0.9121448892920463,0.9121448892920463,2,20709,1999
TGTATATC,0.9114336370758258,0.9114336370758258,2,20709,1999
GTATTATC,0.9114336370758258,0.9114336370758258,2,20709,1999
GATATACA,0.9114336370758258,0.9114336370758258,2,20709,1999
GATAATAC,0.9114336370758258,0.9114336370758258,2,20709,1999
ACGATACA,0.9111553209912175,0.9111553209912175,2,20709,1999
GGTGATAG,0.9111140889786831,0.9111140889786831,2,20709,1999
AAGTGATC,0.9092792644208963,0.9092792644208963,2,20709,1999
GATATATT,0.9091452603801592,0.9091452603801592,2,20709,1999
AATATATC,0.9091452603801592,0.9091452603801592,2,20709,1999
AGGGTATA,0.9090112563394219,0.9090112563394219,2,20709,1999
TATACCCT,0.9090112563394219,0.9090112563394219,2,20709,1999
ATTAATAC,0.9081866160887313,0.9081866160887313,2,20709,1999
ACTATCAC,0.9081866160887313,0.9081866160887313,2,20709,1999
GTGAGATA,0.9081763080855977,0.9081763080855977,2,20709,1999
TTGTGATA,0.907743371953985,0.907743371953985,2,20709,1999
TATCACAA,0.907743371953985,0.907743371953985,2,20709,1999
TAGGTATA,0.9075062878819116,0.9075062878819116,2,20709,1999
GTTTGATA,0.9073001278192389,0.9073001278192389,2,20709,1999
CCGATATG,0.9072073557910362,0.9072073557910362,2,20709,1999
CATATCGG,0.9072073557910362,0.9072073557910362,2,20709,1999
GATACTTA,0.9067125716406219,0.9067125716406219,2,20709,1999
AATGTATC,0.906454871562281,0.906454871562281,2,20709,1999
GATACATT,0.906454871562281,0.906454871562281,2,20709,1999
TATCGTTC,0.9060940914526039,0.9060940914526039,2,20709,1999
GGTATCTG,0.905918855399332,0.905918855399332,2,20709,1999
CAGATACC,0.905918855399332,0.905918855399332,2,20709,1999
GGTATCCA,0.9057848513585948,0.9057848513585948,2,20709,1999
TGGATACC,0.9057848513585948,0.9057848513585948,2,20709,1999
AATATCAA,0.9055683832927885,0.9055683832927885,2,20709,1999
GTTGATAG,0.9051663711705769,0.9051663711705769,2,20709,1999
GCTGATAT,0.904857131076568,0.904857131076568,2,20709,1999
GATAGCCG,0.9045066589700244,0.9045066589700244,2,20709,1999
CGGCTATC,0.9045066589700244,0.9045066589700244,2,20709,1999
TGCATATC,0.9039294107945408,0.9039294107945408,2,20709,1999
GATATGCA,0.9039294107945408,0.9039294107945408,2,20709,1999
TATCTCTC,0.9031047705438503,0.9031047705438503,2,20709,1999
CTTGATCC,0.9028161464561085,0.9028161464561085,2,20709,1999
TATATCCA,0.9024553663464314,0.9024553663464314,2,20709,1999
TGGATATA,0.9024553663464314,0.9024553663464314,2,20709,1999
ATTATACC,0.9022595142868923,0.9022595142868923,2,20709,1999
GGTATAAT,0.9022595142868923,0.9022595142868923,2,20709,1999
TAGTGATA,0.9022492062837586,0.9022492062837586,2,20709,1999
TATCACTA,0.9022492062837586,0.9022492062837586,2,20709,1999
TTAGTATC,0.9022285902774915,0.9022285902774915,2,20709,1999
AACATATC,0.9020018142085515,0.9020018142085515,2,20709,1999
GATATGTT,0.9020018142085515,0.9020018142085515,2,20709,1999
TATCTATG,0.9019399661897497,0.9019399661897497,2,20709,1999
GATCCAAT,0.9010534779202573,0.9010534779202573,2,20709,1999
TATTATAT,0.9008988578732527,0.9008988578732527,2,20709,1999
ATATAATA,0.9008988578732527,0.9008988578732527,2,20709,1999
TTGAGATA,0.9006514657980456,0.9006514657980456,2,20709,1999
GAGATACC,0.9001772976538985,0.9001772976538985,2,20709,1999
TATCAACC,0.8999814455943594,0.8999814455943594,2,20709,1999
TATATCTT,0.8998989815692905,0.8998989815692905,2,20709,1999
AAGATATA,0.8998989815692905,0.8998989815692905,2,20709,1999
TATCCTCC,0.8997752855316867,0.8997752855316867,2,20709,1999
GTTGATCC,0.8994969694470787,0.8994969694470787,2,20709,1999
TGTATCGG,0.8994866614439451,0.8994866614439451,2,20709,1999
CCGATACA,0.8994866614439451,0.8994866614439451,2,20709,1999
AGGATATA,0.8994454294314106,0.8994454294314106,2,20709,1999
TATATCCT,0.8994454294314106,0.8994454294314106,2,20709,1999
CAGTGATC,0.8977343009112275,0.8977343009112275,2,20709,1999
GAGGGATA,0.8976827608955593,0.8976827608955593,2,20709,1999
TATCCCTC,0.8976827608955593,0.8976827608955593,2,20709,1999
TTGGTATC,0.8976209128767576,0.8976209128767576,2,20709,1999
GTGATCGG,0.8976209128767576,0.8976209128767576,2,20709,1999
CCGATCAC,0.8976209128767576,0.8976209128767576,2,20709,1999
GATACCAA,0.8976209128767576,0.8976209128767576,2,20709,1999
TCGTGATA,0.8974147528140849,0.8974147528140849,2,20709,1999
TATCACGA,0.8974147528140849,0.8974147528140849,2,20709,1999
CGAGTATC,0.8971673607388777,0.8971673607388777,2,20709,1999
GATACTCG,0.8971673607388777,0.8971673607388777,2,20709,1999
TTCTGATA,0.8970024326887397,0.8970024326887397,2,20709,1999
TATACGAT,0.8967756566197996,0.8967756566197996,2,20709,1999
CGCGTATC,0.8965179565414588,0.8965179565414588,2,20709,1999
GATACGCG,0.8965179565414588,0.8965179565414588,2,20709,1999
GAGATACA,0.8964148765101225,0.8964148765101225,2,20709,1999
TGTATCTC,0.8964148765101225,0.8964148765101225,2,20709,1999
TATATCGT,0.8963427204881871,0.8963427204881871,2,20709,1999
ACGATATA,0.8963427204881871,0.8963427204881871,2,20709,1999
GGTATATT,0.8960334803941781,0.8960334803941781,2,20709,1999
CGTATCGT,0.8959613243722425,0.8959613243722425,2,20709,1999
TGGATCAC,0.8957448563064363,0.8957448563064363,2,20709,1999
CGGATATG,0.8956314682719664,0.8956314682719664,2,20709,1999
CATATCCG,0.8956314682719664,0.8956314682719664,2,20709,1999
GCAGTATC,0.8951882241372201,0.8951882241372201,2,20709,1999
GATACTGC,0.8951882241372201,0.8951882241372201,2,20709,1999
CTGATAGC,0.8950129880839484,0.8950129880839484,2,20709,1999
AGGCTATC,0.8948377520306767,0.8948377520306767,2,20709,1999
GATAGCCT,0.8948377520306767,0.8948377520306767,2,20709,1999
GATCCGAT,0.8946625159774049,0.8946625159774049,2,20709,1999
ATAATATC,0.8941986558363915,0.8941986558363915,2,20709,1999
GATATTAT,0.8941986558363915,0.8941986558363915,2,20709,1999
GCGATACG,0.8940234197831196,0.8940234197831196,2,20709,1999
CGTATCGC,0.8940234197831196,0.8940234197831196,2,20709,1999
GTATGATC,0.8940234197831196,0.8940234197831196,2,20709,1999
TATCCCTA,0.8932297035418298,0.8932297035418298,2,20709,1999
TATCTTAT,0.8930956995010927,0.8930956995010927,2,20709,1999
ATAAGATA,0.8930956995010927,0.8930956995010927,2,20709,1999
GAGATACT,0.8924256792974066,0.8924256792974066,2,20709,1999
AGTATCTC,0.8924256792974066,0.8924256792974066,2,20709,1999
GATCCGTA,0.8923019832598029,0.8923019832598029,2,20709,1999
CACGTATC,0.8919721271595267,0.8919721271595267,2,20709,1999
TATCGCTG,0.8907351667834907,0.8907351667834907,2,20709,1999
GACACCCC,0.8906836267678225,0.8906836267678225,2,20709,1999
GGGGTGTC,0.8906836267678225,0.8906836267678225,2,20709,1999
GACGATAT,0.8903846946769471,0.8903846946769471,2,20709,1999
CATGTATC,0.8900857625860719,0.8900857625860719,2,20709,1999
AGGATATG,0.8899105265328,0.8899105265328,2,20709,1999
CATATCCT,0.8899105265328,0.8899105265328,2,20709,1999
AATACCCC,0.8892508143322476,0.8892508143322476,2,20709,1999
GGGGTATT,0.8892508143322476,0.8892508143322476,2,20709,1999
CTAATATC,0.8889518822413722,0.8889518822413722,2,20709,1999
GATATTAG,0.8889518822413722,0.8889518822413722,2,20709,1999
GAGATCAT,0.8888075701975013,0.8888075701975013,2,20709,1999
ATGATCTC,0.8888075701975013,0.8888075701975013,2,20709,1999
GATACACG,0.8884570980909577,0.8884570980909577,2,20709,1999
CGTGTATC,0.8884570980909577,0.8884570980909577,2,20709,1999
GCGATATG,0.8884055580752898,0.8884055580752898,2,20709,1999
CATATCGC,0.8884055580752898,0.8884055580752898,2,20709,1999
TTGGATAC,0.888395250072156,0.888395250072156,2,20709,1999
TAATACCC,0.8883334020533543,0.8883334020533543,2,20709,1999
TAAGGTAT,0.8880653939718797,0.8880653939718797,2,20709,1999
AATATATA,0.8876633818496681,0.8876633818496681,2,20709,1999
TATATATT,0.8876633818496681,0.8876633818496681,2,20709,1999
AGGAGATA,0.8875499938151981,0.8875499938151981,2,20709,1999
TATCTCCT,0.8875499938151981,0.8875499938151981,2,20709,1999
GTAATATC,0.8874881457963963,0.8874881457963963,2,20709,1999
GATATTAC,0.8874881457963963,0.8874881457963963,2,20709,1999
TCGATATG,0.8870861336741847,0.8870861336741847,2,20709,1999
CATATCGA,0.8870861336741847,0.8870861336741847,2,20709,1999
AACGTATC,0.8869727456397147,0.8869727456397147,2,20709,1999
GTGTCATA,0.8869212056240465,0.8869212056240465,2,20709,1999
TATGACAC,0.8869212056240465,0.8869212056240465,2,20709,1999
ACCATATC,0.8862821094297613,0.8862821094297613,2,20709,1999
GATATGGT,0.8862821094297613,0.8862821094297613,2,20709,1999
TATACTAT,0.8855605492104069,0.8855605492104069,2,20709,1999
CATGATAG,0.8851069970725272,0.8851069970725272,2,20709,1999
GGTATCCT,0.8845194408939101,0.8845194408939101,2,20709,1999
GATCGGAT,0.8842720488187028,0.8842720488187028,2,20709,1999
GATGATAG,0.884045272749763,0.884045272749763,2,20709,1999
GGGATCAG,0.8838906527027585,0.8838906527027585,2,20709,1999
TACAGTAT,0.8836741846369521,0.8836741846369521,2,20709,1999
GAGATACG,0.8834989485836804,0.8834989485836804,2,20709,1999
CGTATCTC,0.8834989485836804,0.8834989485836804,2,20709,1999
GGCGATAC,0.8827155403455242,0.8827155403455242,2,20709,1999
GATGATCT,0.882694924339257,0.882694924339257,2,20709,1999
TATGATCT,0.8825093802828515,0.8825093802828515,2,20709,1999
TATCCGCA,0.882499072279718,0.882499072279718,2,20709,1999
TATACCTC,0.8818187440728982,0.8818187440728982,2,20709,1999
GAGGTATA,0.8818187440728982,0.8818187440728982,2,20709,1999
CCTATCGT,0.8817775120603636,0.8817775120603636,2,20709,1999
TAGATATG,0.8813858079412857,0.8813858079412857,2,20709,1999
TATCTTTT,0.8813342679256174,0.8813342679256174,2,20709,1999
AAGGATAC,0.8808291757720694,0.8808291757720694,2,20709,1999
GCGATACA,0.8803240836185214,0.8803240836185214,2,20709,1999
TGTATCGC,0.8803240836185214,0.8803240836185214,2,20709,1999
AAGATACT,0.8800973075495815,0.8800973075495815,2,20709,1999
CTGATAGG,0.8798602234775079,0.8798602234775079,2,20709,1999
TATCCATA,0.8797571434461716,0.8797571434461716,2,20709,1999
CGGATACA,0.8796643714179689,0.8796643714179689,2,20709,1999
TGTATCCG,0.8796643714179689,0.8796643714179689,2,20709,1999
GGGGATAC,0.8780666309322558,0.8780666309322558,2,20709,1999
TGTATCGA,0.8764998144559436,0.8764998144559436,2,20709,1999
GACGTATC,0.8763864264214737,0.8763864264214737,2,20709,1999
GATACGTC,0.8763864264214737,0.8763864264214737,2,20709,1999
TATATTAT,0.8761699583556674,0.8761699583556674,2,20709,1999
GATCCTAT,0.8761184183399991,0.8761184183399991,2,20709,1999
ATGGTATA,0.8760565703211973,0.8760565703211973,2,20709,1999
GATACAAG,0.8760359543149302,0.8760359543149302,2,20709,1999
CTTGTATC,0.8760359543149302,0.8760359543149302,2,20709,1999
TTTTGATC,0.8754999381519812,0.8754999381519812,2,20709,1999
TATATCGG,0.8754380901331794,0.8754380901331794,2,20709,1999
CCGATATA,0.8754380901331794,0.8754380901331794,2,20709,1999
GGAAGATA,0.8750051540015668,0.8750051540015668,2,20709,1999
TATCTTCC,0.8750051540015668,0.8750051540015668,2,20709,1999
GTATCCTA,0.8741186657320745,0.8741186657320745,2,20709,1999
TATCCTCA,0.8734383375252546,0.8734383375252546,2,20709,1999
TATCGTCT,0.8732631014719828,0.8732631014719828,2,20709,1999
GATCACCT,0.872696161299633,0.872696161299633,2,20709,1999
AGTATACC,0.8726343132808312,0.8726343132808312,2,20709,1999
GGTATACT,0.8726343132808312,0.8726343132808312,2,20709,1999
CCAATATC,0.8724900012369603,0.8724900012369603,2,20709,1999
GATATTGG,0.8724900012369603,0.8724900012369603,2,20709,1999
AAGATATG,0.8724693852306932,0.8724693852306932,2,20709,1999
CATATCTT,0.8724693852306932,0.8724693852306932,2,20709,1999
TATTATCT,0.871881829052076,0.871881829052076,2,20709,1999
TATGGTAT,0.8718715210489424,0.8718715210489424,2,20709,1999
GATACGAC,0.8717890570238733,0.8717890570238733,2,20709,1999
GTCGTATC,0.8717890570238733,0.8717890570238733,2,20709,1999
TGGGTATA,0.8711396528264546,0.8711396528264546,2,20709,1999
TATACCCA,0.8711396528264546,0.8711396528264546,2,20709,1999
TAGATATT,0.8711293448233208,0.8711293448233208,2,20709,1999
GGAATATC,0.8710056487857173,0.8710056487857173,2,20709,1999
GATATGAC,0.8708097967261782,0.8708097967261782,2,20709,1999
GTCATATC,0.8708097967261782,0.8708097967261782,2,20709,1999
CCCCTATC,0.8704902486290356,0.8704902486290356,2,20709,1999
GATATACG,0.8703871685976992,0.8703871685976992,2,20709,1999
CGTATATC,0.8703871685976992,0.8703871685976992,2,20709,1999
TATCGTTT,0.8701294685193585,0.8701294685193585,2,20709,1999
ATTATATA,0.8700882365068239,0.8700882365068239,2,20709,1999
GAATATAT,0.8696243763658104,0.8696243763658104,2,20709,1999
GATACGCT,0.8690368201871933,0.8690368201871933,2,20709,1999
AGCGTATC,0.8690368201871933,0.8690368201871933,2,20709,1999
CGGATACC,0.8688615841339216,0.8688615841339216,2,20709,1999
GGTATCCG,0.8688615841339216,0.8688615841339216,2,20709,1999
GATTATAT,0.868706964086917,0.868706964086917,2,20709,1999
TGTATATT,0.8685214200305117,0.8685214200305117,2,20709,1999
GGTATCCC,0.8685008040242445,0.8685008040242445,2,20709,1999
GGGATACC,0.8685008040242445,0.8685008040242445,2,20709,1999
GATCCATT,0.8683667999835072,0.8683667999835072,2,20709,1999
TATCTACC,0.8682534119490373,0.8682534119490373,2,20709,1999
GTAAGATC,0.8680060198738301,0.8680060198738301,2,20709,1999
GTTATATC,0.8678823238362264,0.8678823238362264,2,20709,1999
GATATAAG,0.8678617078299593,0.8678617078299593,2,20709,1999
CTTATATC,0.8678617078299593,0.8678617078299593,2,20709,1999
GATAGCTT,0.8674596957077475,0.8674596957077475,2,20709,1999
AAGCTATC,0.8674596957077475,0.8674596957077475,2,20709,1999
AATATCCG,0.8674287716983466,0.8674287716983466,2,20709,1999
CGGATATT,0.8674287716983466,0.8674287716983466,2,20709,1999
CTATGATC,0.8673463076732776,0.8673463076732776,2,20709,1999
GATCATAG,0.8673463076732776,0.8673463076732776,2,20709,1999
GGTATAAA,0.8669855275636005,0.8669855275636005,2,20709,1999
TATATACA,0.8666556714633241,0.8666556714633241,2,20709,1999
TACCCCCT,0.8659753432565044,0.8659753432565044,2,20709,1999
GATACAAC,0.86548055910609,0.86548055910609,2,20709,1999
GATCTATA,0.8654290190904217,0.8654290190904217,2,20709,1999
GTCGGATA,0.8654187110872883,0.8654187110872883,2,20709,1999
TATCCGAC,0.8654187110872883,0.8654187110872883,2,20709,1999
AAGGTATA,0.86536717107162,0.86536717107162,2,20709,1999
TATACCTT,0.86536717107162,0.86536717107162,2,20709,1999
TATTGTAT,0.8646662268585329,0.8646662268585329,2,20709,1999
GATAATAT,0.8641405186987177,0.8641405186987177,2,20709,1999
TATCGTGT,0.8639858986517132,0.8639858986517132,2,20709,1999
CACGGATC,0.8637075825671052,0.8637075825671052,2,20709,1999
GCGGATAC,0.8630169463571516,0.8630169463571516,2,20709,1999
GGGATATG,0.8628932503195481,0.8628932503195481,2,20709,1999
CATATCCC,0.8628932503195481,0.8628932503195481,2,20709,1999
CGTATCGG,0.862419082175401,0.862419082175401,2,20709,1999
CCGATACG,0.862419082175401,0.862419082175401,2,20709,1999
GTATAATA,0.8617799859811158,0.8617799859811158,2,20709,1999
CTAAGATA,0.8613161258401023,0.8613161258401023,2,20709,1999
TATCTTAG,0.8613161258401023,0.8613161258401023,2,20709,1999
GGTATTGA,0.8613161258401023,0.8613161258401023,2,20709,1999
TCAATACC,0.8613161258401023,0.8613161258401023,2,20709,1999
CACGATAT,0.8611924298024987,0.8611924298024987,2,20709,1999
CGGATCGG,0.8611718137962314,0.8611718137962314,2,20709,1999
CTATATTA,0.8606048736238815,0.8606048736238815,2,20709,1999
GATCATTT,0.8604605615800107,0.8604605615800107,2,20709,1999
CGGGGATA,0.8600791654640664,0.8600791654640664,2,20709,1999
TATCCCCG,0.8600791654640664,0.8600791654640664,2,20709,1999
GATCCTCT,0.860058549457799,0.860058549457799,2,20709,1999
CGACACCC,0.8597080773512555,0.8597080773512555,2,20709,1999
GAGGGATC,0.8593576052447119,0.8593576052447119,2,20709,1999
ATATTATA,0.8591514451820393,0.8591514451820393,2,20709,1999
GTATATTA,0.8590689811569703,0.8590689811569703,2,20709,1999
TATCCTCT,0.8584814249783531,0.8584814249783531,2,20709,1999
TGGAGATA,0.858347420937616,0.858347420937616,2,20709,1999
TATCTCCA,0.858347420937616,0.858347420937616,2,20709,1999
GATACAAT,0.8582855729188142,0.8582855729188142,2,20709,1999
ATTGTATC,0.8582855729188142,0.8582855729188142,2,20709,1999
GAGATAAT,0.857842328784068,0.857842328784068,2,20709,1999
ATGCGATA,0.8577701727621325,0.8577701727621325,2,20709,1999
GATGGTAT,0.8573990846493217,0.8573990846493217,2,20709,1999
TATCAGCT,0.8572753886117183,0.8572753886117183,2,20709,1999
CCATGATA,0.8570176885333773,0.8570176885333773,2,20709,1999
GATATTCT,0.8561208922607513,0.8561208922607513,2,20709,1999
AGAATATC,0.8561208922607513,0.8561208922607513,2,20709,1999
GACACCAT,0.8560075042262814,0.8560075042262814,2,20709,1999
ATGGTGTC,0.8560075042262814,0.8560075042262814,2,20709,1999
GATATTGT,0.8552344039912588,0.8552344039912588,2,20709,1999
ACAATATC,0.8552344039912588,0.8552344039912588,2,20709,1999
TATATAGT,0.8548633158784481,0.8548633158784481,2,20709,1999
CGTATCGA,0.8546983878283099,0.8546983878283099,2,20709,1999
TCGATACG,0.8546983878283099,0.8546983878283099,2,20709,1999
GATTAATA,0.8546056158001072,0.8546056158001072,2,20709,1999
TATACACT,0.854554075784439,0.854554075784439,2,20709,1999
AGTGTATA,0.854554075784439,0.854554075784439,2,20709,1999
CTAGTATC,0.8544819197625036,0.8544819197625036,2,20709,1999
GTATTAAA,0.8543272997154991,0.8543272997154991,2,20709,1999
CCAGTATC,0.8536263555024121,0.8536263555024121,2,20709,1999
TATCGGAA,0.8535335834742095,0.8535335834742095,2,20709,1999
GTTATCCG,0.8534305034428731,0.8534305034428731,2,20709,1999
GATATGGC,0.8531109553457304,0.8531109553457304,2,20709,1999
TATCAGCG,0.8530800313363296,0.8530800313363296,2,20709,1999
AATATCGT,0.853038799323795,0.853038799323795,2,20709,1999
ACGATATT,0.853038799323795,0.853038799323795,2,20709,1999
TATCTTCA,0.8530181833175278,0.8530181833175278,2,20709,1999
GATACCGA,0.8527707912423205,0.8527707912423205,2,20709,1999
TCGGTATC,0.8527707912423205,0.8527707912423205,2,20709,1999
TAGTGTAT,0.8526986352203851,0.8526986352203851,2,20709,1999
GGGATAAC,0.8519770750010307,0.8519770750010307,2,20709,1999
TATAAATA,0.8519358429884962,0.8519358429884962,2,20709,1999
AATATATG,0.8517709149383581,0.8517709149383581,2,20709,1999
CATATATT,0.8517709149383581,0.8517709149383581,2,20709,1999
GCCGATAC,0.8517399909289572,0.8517399909289572,2,20709,1999
TGTATCCC,0.8509462746876676,0.8509462746876676,2,20709,1999
GGGATACA,0.8509462746876676,0.8509462746876676,2,20709,1999
CCGACACC,0.8506370345936586,0.8506370345936586,2,20709,1999
GGTGTCGG,0.8506370345936586,0.8506370345936586,2,20709,1999
GGAGGATC,0.8504411825341195,0.8504411825341195,2,20709,1999
GATCCTCC,0.8504411825341195,0.8504411825341195,2,20709,1999
AATACCCT,0.8503896425184514,0.8503896425184514,2,20709,1999
CAGAGATC,0.8498227023461016,0.8498227023461016,2,20709,1999
GATACACA,0.8498123943429678,0.8498123943429678,2,20709,1999
TGTGTATC,0.8498123943429678,0.8498123943429678,2,20709,1999
CTCTGATA,0.8497093143116315,0.8497093143116315,2,20709,1999
GTAATATA,0.8491217581330145,0.8491217581330145,2,20709,1999
GTCGATAC,0.8490289861048118,0.8490289861048118,2,20709,1999
GATCTGGG,0.8490186781016782,0.8490186781016782,2,20709,1999
CCCAGATC,0.8490186781016782,0.8490186781016782,2,20709,1999
TATCGTCC,0.8490083700985445,0.8490083700985445,2,20709,1999
AATACCTC,0.8486269739826,0.8486269739826,2,20709,1999
CTAATATA,0.8484105059167938,0.8484105059167938,2,20709,1999
GATACGCA,0.8483692739042592,0.8483692739042592,2,20709,1999
GATAATAG,0.8483177338885911,0.8483177338885911,2,20709,1999
GTAAGATA,0.8480394178039831,0.8480394178039831,2,20709,1999
TATCGTCA,0.847956953778914,0.847956953778914,2,20709,1999
TAGATCAC,0.8477198697068403,0.8477198697068403,2,20709,1999
GTGATCTA,0.8477198697068403,0.8477198697068403,2,20709,1999
AGGGGATC,0.8472147775532924,0.8472147775532924,2,20709,1999
GTGATCAC,0.8470704655094216,0.8470704655094216,2,20709,1999
AGTATCCT,0.846833381437348,0.846833381437348,2,20709,1999
TCAGATAC,0.8467509174122789,0.8467509174122789,2,20709,1999
GAGGATAA,0.8463901373026017,0.8463901373026017,2,20709,1999
TTTATATA,0.8461942852430627,0.8461942852430627,2,20709,1999
GAGATATG,0.8461427452273945,0.8461427452273945,2,20709,1999
CATATCTC,0.8461427452273945,0.8461427452273945,2,20709,1999
AAGATACA,0.8451016369108976,0.8451016369108976,2,20709,1999
GTATAAGA,0.8450397888920959,0.8450397888920959,2,20709,1999
TATCCACG,0.8448748608419577,0.8448748608419577,2,20709,1999
AAGGTATT,0.8445553127448151,0.8445553127448151,2,20709,1999
GAGATCTC,0.8436069764565208,0.8436069764565208,2,20709,1999
TATCCACC,0.8435554364408527,0.8435554364408527,2,20709,1999
GGTGGATA,0.8435554364408527,0.8435554364408527,2,20709,1999
GAACTATC,0.8434832804189173,0.8434832804189173,2,20709,1999
GTATAGTA,0.8432771203562445,0.8432771203562445,2,20709,1999
TGGATATT,0.8425967921494248,0.8425967921494248,2,20709,1999
AATATCCA,0.8425967921494248,0.8425967921494248,2,20709,1999
ATTGATAG,0.8425143281243557,0.8425143281243557,2,20709,1999
AATACCGT,0.8424112480930194,0.8424112480930194,2,20709,1999
GATAGTCT,0.8424112480930194,0.8424112480930194,2,20709,1999
CAGGGTAT,0.8422050880303468,0.8422050880303468,2,20709,1999
GGGATCGA,0.8421020079990105,0.8421020079990105,2,20709,1999
TCGATCCC,0.8421020079990105,0.8421020079990105,2,20709,1999
TGTAGTAT,0.8420813919927431,0.8420813919927431,2,20709,1999
ACGACACC,0.8420195439739414,0.8420195439739414,2,20709,1999
GGTGTCGT,0.8420195439739414,0.8420195439739414,2,20709,1999
TATATGGG,0.8419576959551396,0.8419576959551396,2,20709,1999
CCCATATA,0.8419576959551396,0.8419576959551396,2,20709,1999
TAAATATC,0.8418546159238033,0.8418546159238033,2,20709,1999
CAAGATAT,0.8416278398548633,0.8416278398548633,2,20709,1999
GGTATTAC,0.8416175318517297,0.8416175318517297,2,20709,1999
GTAATACC,0.8416175318517297,0.8416175318517297,2,20709,1999
TATCTGCG,0.8410505916793799,0.8410505916793799,2,20709,1999
GAGATCAC,0.8410299756731127,0.8410299756731127,2,20709,1999
GTGATCTC,0.8410299756731127,0.8410299756731127,2,20709,1999
GTATACCC,0.8409475116480436,0.8409475116480436,2,20709,1999
CTTGACAC,0.8405145755164309,0.8405145755164309,2,20709,1999
TATCTTAA,0.8400507153754175,0.8400507153754175,2,20709,1999
TTAAGATA,0.8400507153754175,0.8400507153754175,2,20709,1999
GGATAACA,0.8400507153754175,0.8400507153754175,2,20709,1999
ACTCATAT,0.8400197913660166,0.8400197913660166,2,20709,1999
GTTGACAC,0.8399373273409475,0.8399373273409475,2,20709,1999
TAGGTGTC,0.8399167113346803,0.8399167113346803,2,20709,1999
GACACCTA,0.8399167113346803,0.8399167113346803,2,20709,1999
TTATCATA,0.8397723992908094,0.8397723992908094,2,20709,1999
TATGATAA,0.8397723992908094,0.8397723992908094,2,20709,1999
GATAAGAT,0.839586855234404,0.839586855234404,2,20709,1999
GAGGAGAT,0.839473467199934,0.839473467199934,2,20709,1999
GAGTGATC,0.8390611470745887,0.8390611470745887,2,20709,1999
GGCGGATA,0.8386488269492435,0.8386488269492435,2,20709,1999
TATCCGCC,0.8386488269492435,0.8386488269492435,2,20709,1999
GATCCTTA,0.8385251309116397,0.8385251309116397,2,20709,1999
GTTGGATA,0.838236506823898,0.838236506823898,2,20709,1999
TAGCTATA,0.8381643508019627,0.8381643508019627,2,20709,1999
GATCCCAT,0.8379169587267555,0.8379169587267555,2,20709,1999
TGGATATG,0.8377211066672163,0.8377211066672163,2,20709,1999
AATTATAT,0.8372572465262029,0.8372572465262029,2,20709,1999
AATTGGAT,0.8369995464478621,0.8369995464478621,2,20709,1999
TAGAGTAT,0.8361645981940379,0.8361645981940379,2,20709,1999
TACCCCCA,0.8359584381313653,0.8359584381313653,2,20709,1999
GGCGGATC,0.8359275141219644,0.8359275141219644,2,20709,1999
TAAAGTAT,0.835906898115697,0.835906898115697,2,20709,1999
GAGGATAC,0.835906898115697,0.835906898115697,2,20709,1999
GTATCCTC,0.835906898115697,0.835906898115697,2,20709,1999
GGAGTATA,0.8351028738712737,0.8351028738712737,2,20709,1999
TATACTCC,0.8351028738712737,0.8351028738712737,2,20709,1999
TATACATT,0.8349791778336701,0.8349791778336701,2,20709,1999
GCTGATAG,0.8346802457427946,0.8346802457427946,2,20709,1999
CTAGGATA,0.834587473714592,0.834587473714592,2,20709,1999
AGTATCCC,0.8343710056487856,0.8343710056487856,2,20709,1999
GGGATACT,0.8343710056487856,0.8343710056487856,2,20709,1999
TATCTTTC,0.8339277615140395,0.8339277615140395,2,20709,1999
TACCCTAT,0.8338659134952378,0.8338659134952378,2,20709,1999
GATCCTCA,0.8338246814827032,0.8338246814827032,2,20709,1999
GTGGGATA,0.8337731414670351,0.8337731414670351,2,20709,1999
TATAGGTT,0.833381437347957,0.833381437347957,2,20709,1999
TCGGTATA,0.8333298973322888,0.8333298973322888,2,20709,1999
CATATATG,0.8332062012946853,0.8332062012946853,2,20709,1999
GGGATATT,0.8330515812476808,0.8330515812476808,2,20709,1999
AATATCCC,0.8330515812476808,0.8330515812476808,2,20709,1999
AAGATCAC,0.83279388116934,0.83279388116934,2,20709,1999
GGTTATAC,0.8326289531192017,0.8326289531192017,2,20709,1999
CGGATCTT,0.8325567970972663,0.8325567970972663,2,20709,1999
GCTGATCC,0.8325361810909991,0.8325361810909991,2,20709,1999
CAGATATG,0.8324434090627963,0.8324434090627963,2,20709,1999
TATCCATT,0.8322063249907228,0.8322063249907228,2,20709,1999
TGAATATC,0.8319383169092484,0.8319383169092484,2,20709,1999
GATATTCA,0.8319383169092484,0.8319383169092484,2,20709,1999
TATCCATC,0.8318249288747783,0.8318249288747783,2,20709,1999
ACGCTATC,0.8316806168309074,0.8316806168309074,2,20709,1999
GATAGCGT,0.8316806168309074,0.8316806168309074,2,20709,1999
TATCTCCG,0.8316600008246403,0.8316600008246403,2,20709,1999
CGGATCGC,0.831556920793304,0.831556920793304,2,20709,1999
GCGATCCG,0.831556920793304,0.831556920793304,2,20709,1999
AATATCTC,0.8315156887807694,0.8315156887807694,2,20709,1999
GAGATATT,0.8315156887807694,0.8315156887807694,2,20709,1999
CGGATAGA,0.8313610687337649,0.8313610687337649,2,20709,1999
CGGATCTA,0.8312992207149631,0.8312992207149631,2,20709,1999
GGGATAAT,0.8310518286397559,0.8310518286397559,2,20709,1999
GTTAATAC,0.8304642724611389,0.8304642724611389,2,20709,1999
ATATTACA,0.830206572382798,0.830206572382798,2,20709,1999
GGTAATAT,0.8296293242073146,0.8296293242073146,2,20709,1999
AGGATACA,0.8291345400569001,0.8291345400569001,2,20709,1999
TGTATCCT,0.8291345400569001,0.8291345400569001,2,20709,1999
GATAATAA,0.8290726920380984,0.8290726920380984,2,20709,1999
TGTCGGAT,0.8287016039252876,0.8287016039252876,2,20709,1999
AAGGTGTC,0.8282377437842742,0.8282377437842742,2,20709,1999
GGCATATA,0.8279078876839978,0.8279078876839978,2,20709,1999
TATATGCC,0.8279078876839978,0.8279078876839978,2,20709,1999
ACGTGATC,0.8278666556714633,0.8278666556714633,2,20709,1999
TATCTTCT,0.8264647672452893,0.8264647672452893,2,20709,1999
GAACATAT,0.8264338432358882,0.8264338432358882,2,20709,1999
CTCATATC,0.8261658351544139,0.8261658351544139,2,20709,1999
GATATGAG,0.8261658351544139,0.8261658351544139,2,20709,1999
GAAGATAC,0.8255576629695296,0.8255576629695296,2,20709,1999
TATACGGG,0.8255164309569951,0.8255164309569951,2,20709,1999
CCCGTATA,0.8255164309569951,0.8255164309569951,2,20709,1999
AACCGTAT,0.8254545829381932,0.8254545829381932,2,20709,1999
GATAGTTA,0.8253102708943224,0.8253102708943224,2,20709,1999
AATATCTT,0.8252793468849214,0.8252793468849214,2,20709,1999
AAGATATT,0.8252793468849214,0.8252793468849214,2,20709,1999
GGGAGATC,0.8251865748567188,0.8251865748567188,2,20709,1999
TCACGTAT,0.8249391827815116,0.8249391827815116,2,20709,1999
GAAGGTAT,0.8240114624994846,0.8240114624994846,2,20709,1999
GATCTCTT,0.8239908464932173,0.8239908464932173,2,20709,1999
ATTATACT,0.82385684245248,0.82385684245248,2,20709,1999
GCGATCAC,0.8235476023584711,0.8235476023584711,2,20709,1999
GTGATCGC,0.8235476023584711,0.8235476023584711,2,20709,1999
CAGGGATC,0.823413598317734,0.823413598317734,2,20709,1999
TATTTTAT,0.8233929823114666,0.8233929823114666,2,20709,1999
ATAAAATA,0.8233929823114666,0.8233929823114666,2,20709,1999
ACTATCGC,0.8232280542613285,0.8232280542613285,2,20709,1999
TGAATACC,0.8227023461015132,0.8227023461015132,2,20709,1999
CACGTATA,0.8226714220921123,0.8226714220921123,2,20709,1999
TATACGTG,0.8226714220921123,0.8226714220921123,2,20709,1999
GATCCTCG,0.8221354059291635,0.8221354059291635,2,20709,1999
CGAGGATC,0.8221354059291635,0.8221354059291635,2,20709,1999
CATAGATC,0.8221354059291635,0.8221354059291635,2,20709,1999
GTCGATAT,0.8216715457881499,0.8216715457881499,2,20709,1999
GATCCCAC,0.8215993897662145,0.8215993897662145,2,20709,1999
CTTATACT,0.8213829217004082,0.8213829217004082,2,20709,1999
ATGAGATC,0.8210942976126664,0.8210942976126664,2,20709,1999
GTGTCATC,0.8210530656001319,0.8210530656001319,2,20709,1999
GATGACAC,0.8210530656001319,0.8210530656001319,2,20709,1999
TTTATATC,0.8208778295468602,0.8208778295468602,2,20709,1999
GATATAAA,0.8208778295468602,0.8208778295468602,2,20709,1999
TATACATA,0.8208159815280583,0.8208159815280583,2,20709,1999
TATGATCG,0.8207025934935884,0.8207025934935884,2,20709,1999
TTGTGATC,0.820630437471653,0.820630437471653,2,20709,1999
GACACCAC,0.820403661402713,0.820403661402713,2,20709,1999
TATATAAC,0.8201356533212387,0.8201356533212387,2,20709,1999
GTTATATA,0.8201356533212387,0.8201356533212387,2,20709,1999
GATAGCCA,0.819898569249165,0.819898569249165,2,20709,1999
GTGGTATA,0.8198882612460314,0.8198882612460314,2,20709,1999
TATACCAC,0.8198882612460314,0.8198882612460314,2,20709,1999
AATAATAT,0.8197645652084278,0.8197645652084278,2,20709,1999
GATAGCTG,0.8196717931802251,0.8196717931802251,2,20709,1999
CAGCTATC,0.8196717931802251,0.8196717931802251,2,20709,1999
AATATCGG,0.8192903970642808,0.8192903970642808,2,20709,1999
GCGATATT,0.819228549045479,0.819228549045479,2,20709,1999
AATATCGC,0.819228549045479,0.819228549045479,2,20709,1999
GGATTATC,0.8185172968292582,0.8185172968292582,2,20709,1999
GATAATCC,0.8185172968292582,0.8185172968292582,2,20709,1999
CTGTTATC,0.8184245248010557,0.8184245248010557,2,20709,1999
GTGTATTA,0.8180637446913784,0.8180637446913784,2,20709,1999
GACAGATA,0.8179091246443739,0.8179091246443739,2,20709,1999
AATGGTAT,0.817878200634973,0.817878200634973,2,20709,1999
ACTATCCT,0.8173524924751576,0.8173524924751576,2,20709,1999
TATCGCTC,0.8173215684657568,0.8173215684657568,2,20709,1999
GAGCGATA,0.8173215684657568,0.8173215684657568,2,20709,1999
ATTATCCT,0.8173112604626231,0.8173112604626231,2,20709,1999
CGAATATC,0.8169092483404115,0.8169092483404115,2,20709,1999
AATATCCT,0.8169092483404115,0.8169092483404115,2,20709,1999
GATATTCG,0.8169092483404115,0.8169092483404115,2,20709,1999
AGGATATT,0.8169092483404115,0.8169092483404115,2,20709,1999
GATCTGTA,0.8168886323341442,0.8168886323341442,2,20709,1999
GACCTATC,0.8166824722714716,0.8166824722714716,2,20709,1999
GGGATCCT,0.8163732321774625,0.8163732321774625,2,20709,1999
TGGATACA,0.8161052240959881,0.8161052240959881,2,20709,1999
GGGATCGC,0.8156722879643755,0.8156722879643755,2,20709,1999
GCGATCCC,0.8156722879643755,0.8156722879643755,2,20709,1999
GGGCGATA,0.8153424318640993,0.8153424318640993,2,20709,1999
CCGATAGG,0.815321815857832,0.815321815857832,2,20709,1999
TATCGTCG,0.8152187358264957,0.8152187358264957,2,20709,1999
GAAGATAG,0.8151053477920258,0.8151053477920258,2,20709,1999
TAGTTATA,0.8145177916134086,0.8145177916134086,2,20709,1999
CAGATATA,0.8144147115820723,0.8144147115820723,2,20709,1999
AACCTATC,0.8143734795695378,0.8143734795695378,2,20709,1999
GATAGGTT,0.8143734795695378,0.8143734795695378,2,20709,1999
CTGCTATC,0.8142497835319341,0.8142497835319341,2,20709,1999
TGTTGTAT,0.8142394755288006,0.8142394755288006,2,20709,1999
GCTATCGG,0.8141673195068652,0.8141673195068652,2,20709,1999
TATGAAAA,0.8140436234692615,0.8140436234692615,2,20709,1999
CTTGGATC,0.8139199274316581,0.8139199274316581,2,20709,1999
GTGGATAC,0.8137756153877872,0.8137756153877872,2,20709,1999
GTATAAAA,0.8133736032655754,0.8133736032655754,2,20709,1999
GATCCGCA,0.81318805920917,0.81318805920917,2,20709,1999
TATACATC,0.8130746711747001,0.8130746711747001,2,20709,1999
GATGTATA,0.8130746711747001,0.8130746711747001,2,20709,1999
TATCCGCG,0.8130334391621655,0.8130334391621655,2,20709,1999
CTGAGATA,0.8129200511276955,0.8129200511276955,2,20709,1999
GATACGAA,0.8128685111120274,0.8128685111120274,2,20709,1999
GATAGTCC,0.812796355090092,0.812796355090092,2,20709,1999
GTTGGTAT,0.8126314270399538,0.8126314270399538,2,20709,1999
AAGATCCT,0.812538655011751,0.812538655011751,2,20709,1999
GGTATAGT,0.8123428029522122,0.8123428029522122,2,20709,1999
GATAGGCT,0.8120644868676041,0.8120644868676041,2,20709,1999
AGCCTATC,0.8120644868676041,0.8120644868676041,2,20709,1999
TATCGGAG,0.8120438708613367,0.8120438708613367,2,20709,1999
AAAATATC,0.8120026388488022,0.8120026388488022,2,20709,1999
GATATTTT,0.8120026388488022,0.8120026388488022,2,20709,1999
CGGATAGC,0.811982022842535,0.811982022842535,2,20709,1999
GCTATCCG,0.811982022842535,0.811982022842535,2,20709,1999
GGTATACA,0.8118480188017977,0.8118480188017977,2,20709,1999
TGTATACC,0.8118480188017977,0.8118480188017977,2,20709,1999
AAGATCCC,0.811786170782996,0.811786170782996,2,20709,1999
GGGATCTT,0.811786170782996,0.811786170782996,2,20709,1999
ATTACACC,0.8115490867109224,0.8115490867109224,2,20709,1999
GGTGTAAT,0.8115490867109224,0.8115490867109224,2,20709,1999
CTGGTGTC,0.811476930688987,0.811476930688987,2,20709,1999
TAGCGTAT,0.8114563146827196,0.8114563146827196,2,20709,1999
ACGATAGC,0.811415082670185,0.811415082670185,2,20709,1999
GCTATCGT,0.811415082670185,0.811415082670185,2,20709,1999
TATACAGA,0.8109099905166371,0.8109099905166371,2,20709,1999
GATCCGCG,0.8108275264915681,0.8108275264915681,2,20709,1999
CGGGTATA,0.8106935224508308,0.8106935224508308,2,20709,1999
TATACCCG,0.8106935224508308,0.8106935224508308,2,20709,1999
GGGATCTC,0.8104976703912918,0.8104976703912918,2,20709,1999
GAGATCCC,0.8104976703912918,0.8104976703912918,2,20709,1999
TATCCACT,0.8104255143693565,0.8104255143693565,2,20709,1999
TAACGGAT,0.8103224343380201,0.8103224343380201,2,20709,1999
CTTATACC,0.8102502783160845,0.8102502783160845,2,20709,1999
GGTATAAG,0.8102502783160845,0.8102502783160845,2,20709,1999
GACACCCG,0.8101162742753474,0.8101162742753474,2,20709,1999
CGGGTGTC,0.8101162742753474,0.8101162742753474,2,20709,1999
CCGTGATC,0.8100853502659464,0.8100853502659464,2,20709,1999
GAATAATA,0.8095287180967302,0.8095287180967302,2,20709,1999
CCGATCCC,0.8087659258648414,0.8087659258648414,2,20709,1999
GACGGTAT,0.8087246938523068,0.8087246938523068,2,20709,1999
GCAGATAT,0.8087040778460397,0.8087040778460397,2,20709,1999
GTTAATAT,0.808693769842906,0.808693769842906,2,20709,1999
TTTGTATC,0.808528841792768,0.808528841792768,2,20709,1999
GATACAAA,0.808528841792768,0.808528841792768,2,20709,1999
GATCTTCT,0.8080443656454872,0.8080443656454872,2,20709,1999
GATCACCA,0.8079825176266854,0.8079825176266854,2,20709,1999
GATCTTCC,0.8077248175483446,0.8077248175483446,2,20709,1999
TTTGAGAT,0.8076526615264091,0.8076526615264091,2,20709,1999
AACATATA,0.8075598894982063,0.8075598894982063,2,20709,1999
TATATGTT,0.8075598894982063,0.8075598894982063,2,20709,1999
CCGGTATA,0.8074465014637364,0.8074465014637364,2,20709,1999
AGAATATA,0.8072712654104647,0.8072712654104647,2,20709,1999
TATATTCT,0.8072712654104647,0.8072712654104647,2,20709,1999
TATTACCC,0.8071991093885292,0.8071991093885292,2,20709,1999
TCTGGTAT,0.8071063373603266,0.8071063373603266,2,20709,1999
GATATTTG,0.8070341813383912,0.8070341813383912,2,20709,1999
CAAATATC,0.8070341813383912,0.8070341813383912,2,20709,1999
GTAGGATA,0.8068280212757184,0.8068280212757184,2,20709,1999
TATCCTAC,0.8068280212757184,0.8068280212757184,2,20709,1999
GTATTGTA,0.8066218612130458,0.8066218612130458,2,20709,1999
CTATAATA,0.8065084731785759,0.8065084731785759,2,20709,1999
CATATACG,0.8064260091535068,0.8064260091535068,2,20709,1999
GTGATCAA,0.8063332371253041,0.8063332371253041,2,20709,1999
GACGGATC,0.806199233084567,0.806199233084567,2,20709,1999
GATCGTTT,0.8059930730218942,0.8059930730218942,2,20709,1999
GGTATAGG,0.8058590689811569,0.8058590689811569,2,20709,1999
GGTGTATA,0.8057766049560879,0.8057766049560879,2,20709,1999
TATACACC,0.8057766049560879,0.8057766049560879,2,20709,1999
TATCCGTC,0.8054467488558116,0.8054467488558116,2,20709,1999
AATATATT,0.8053952088401435,0.8053952088401435,2,20709,1999
CCGATCTA,0.8049931967179318,0.8049931967179318,2,20709,1999
TAGATCGG,0.8049931967179318,0.8049931967179318,2,20709,1999
TTACACCC,0.8049210406959963,0.8049210406959963,2,20709,1999
GGGATAGT,0.8045499525831856,0.8045499525831856,2,20709,1999
ACTATCCC,0.8045499525831856,0.8045499525831856,2,20709,1999
CAATAATA,0.8043334845173793,0.8043334845173793,2,20709,1999
TATCGCCG,0.8040551684327713,0.8040551684327713,2,20709,1999
TATCGCCT,0.8040139364202367,0.8040139364202367,2,20709,1999
GGGATCGT,0.8036634643136931,0.8036634643136931,2,20709,1999
ACGATCCC,0.8036634643136931,0.8036634643136931,2,20709,1999
TATATGCT,0.8036325403042922,0.8036325403042922,2,20709,1999
GATCCCCG,0.8035810002886241,0.8035810002886241,2,20709,1999
CGGGGATC,0.8035810002886241,0.8035810002886241,2,20709,1999
TTGTTATA,0.8032305281820805,0.8032305281820805,2,20709,1999
CCGATCGC,0.8031480641570116,0.8031480641570116,2,20709,1999
CGGTTATA,0.8027460520347999,0.8027460520347999,2,20709,1999
CTGATCTC,0.80263266400033,0.80263266400033,2,20709,1999
CGGGATAC,0.8025192759658599,0.8025192759658599,2,20709,1999
AAGATCTC,0.8021791118624501,0.8021791118624501,2,20709,1999
GAGATCTT,0.8021791118624501,0.8021791118624501,2,20709,1999
TACACCCC,0.8018183317527728,0.8018183317527728,2,20709,1999
GGGGTGTA,0.8018183317527728,0.8018183317527728,2,20709,1999
CGTATCCT,0.8015709396775657,0.8015709396775657,2,20709,1999
GCGATCAT,0.8015297076650311,0.8015297076650311,2,20709,1999
GATCTTAT,0.8011276955428195,0.8011276955428195,2,20709,1999
TATCCCGC,0.800942151486414,0.800942151486414,2,20709,1999
AGGATCTC,0.8007462994268751,0.8007462994268751,2,20709,1999
GAGATCCT,0.8007462994268751,0.8007462994268751,2,20709,1999
ATATGACA,0.8006947594112068,0.8006947594112068,2,20709,1999
TGTCTGAT,0.8004576753391334,0.8004576753391334,2,20709,1999
GGGATAGA,0.8003133632952625,0.8003133632952625,2,20709,1999
TGCGTATA,0.7998701191605163,0.7998701191605163,2,20709,1999
TATAGACA,0.7998701191605163,0.7998701191605163,2,20709,1999
TAATGTAT,0.7995711870696408,0.7995711870696408,2,20709,1999
ATGGGATA,0.7995505710633737,0.7995505710633737,2,20709,1999
TATCCCAT,0.7995505710633737,0.7995505710633737,2,20709,1999
CCTATCGC,0.7986022347750794,0.7986022347750794,2,20709,1999
GCGATAGG,0.7986022347750794,0.7986022347750794,2,20709,1999
GACACCGT,0.7985919267719457,0.7985919267719457,2,20709,1999
ACGGTGTC,0.7985919267719457,0.7985919267719457,2,20709,1999
GAGTGTAT,0.7981074506246649,0.7981074506246649,2,20709,1999
GGTGTCTA,0.7975714344617161,0.7975714344617161,2,20709,1999
TAGACACC,0.7975714344617161,0.7975714344617161,2,20709,1999
TATTGGAT,0.7973652743990435,0.7973652743990435,2,20709,1999
TATTCCCC,0.7972518863645736,0.7972518863645736,2,20709,1999
GGGGAATA,0.7972518863645736,0.7972518863645736,2,20709,1999
TATATTTC,0.7970560343050344,0.7970560343050344,2,20709,1999
GAAATATA,0.7970560343050344,0.7970560343050344,2,20709,1999
GAGAGATC,0.7970251102956335,0.7970251102956335,2,20709,1999
GATCTCTC,0.7970251102956335,0.7970251102956335,2,20709,1999
CACCGTAT,0.7968911062548963,0.7968911062548963,2,20709,1999
TACACCCT,0.7968704902486291,0.7968704902486291,2,20709,1999
CAAATATA,0.7966540221828228,0.7966540221828228,2,20709,1999
GAAGATAA,0.796478786129551,0.796478786129551,2,20709,1999
TATACACA,0.7963344740856801,0.7963344740856801,2,20709,1999
TGTGTATA,0.7963344740856801,0.7963344740856801,2,20709,1999
TATATGAC,0.7961386220261412,0.7961386220261412,2,20709,1999
GTCATATA,0.7961386220261412,0.7961386220261412,2,20709,1999
ATGTAATA,0.7960149259885375,0.7960149259885375,2,20709,1999
GGGGTATG,0.7957984579227312,0.7957984579227312,2,20709,1999
CATACCCC,0.7957984579227312,0.7957984579227312,2,20709,1999
GTGTCACA,0.7957572259101967,0.7957572259101967,2,20709,1999
CCTATCTC,0.7956541458788604,0.7956541458788604,2,20709,1999
GAGATAGG,0.7956541458788604,0.7956541458788604,2,20709,1999
GATCAATG,0.7955922978600585,0.7955922978600585,2,20709,1999
TAGGCTAT,0.7955510658475239,0.7955510658475239,2,20709,1999
GGTGATCT,0.7951696697315795,0.7951696697315795,2,20709,1999
CACATATA,0.795159361728446,0.795159361728446,2,20709,1999
TTTGGTAT,0.7951387457221787,0.7951387457221787,2,20709,1999
GGGATAAA,0.7951181297159114,0.7951181297159114,2,20709,1999
AATACCTA,0.7951078217127778,0.7951078217127778,2,20709,1999
AATATAAT,0.7950872057065105,0.7950872057065105,2,20709,1999
GTTGATCT,0.7947882736156351,0.7947882736156351,2,20709,1999
GAAGATCT,0.794509957531027,0.794509957531027,2,20709,1999
TTACGATA,0.7944790335216262,0.7944790335216262,2,20709,1999
TATCCACA,0.7940460973900136,0.7940460973900136,2,20709,1999
TATGCATA,0.7936750092772028,0.7936750092772028,2,20709,1999
TATCTCAT,0.7936028532552674,0.7936028532552674,2,20709,1999
TACCTTAT,0.7935719292458665,0.7935719292458665,2,20709,1999
CATGATCT,0.7933554611800602,0.7933554611800602,2,20709,1999
CACGGTAT,0.7927163649857749,0.7927163649857749,2,20709,1999
CAGGTATA,0.7923452768729642,0.7923452768729642,2,20709,1999
GATAGCTC,0.7918504927225497,0.7918504927225497,2,20709,1999
ACTATACT,0.7917164886818125,0.7917164886818125,2,20709,1999
ATTCATAT,0.7917164886818125,0.7917164886818125,2,20709,1999
AGTATAGT,0.7917164886818125,0.7917164886818125,2,20709,1999
TATGCGAT,0.7908403084154537,0.7908403084154537,2,20709,1999
TAACACCC,0.7907475363872511,0.7907475363872511,2,20709,1999
GGGTGTTA,0.7907475363872511,0.7907475363872511,2,20709,1999
AACAGATC,0.7906753803653157,0.7906753803653157,2,20709,1999
TTTCGGAT,0.7905723003339793,0.7905723003339793,2,20709,1999
TCTTGTAT,0.7905001443120439,0.7905001443120439,2,20709,1999
TATAGTAG,0.7902939842493713,0.7902939842493713,2,20709,1999
TGGATCGC,0.7901702882117676,0.7901702882117676,2,20709,1999
GCGATCCA,0.7901702882117676,0.7901702882117676,2,20709,1999
TATATTCC,0.789737352080155,0.789737352080155,2,20709,1999
GGAATATA,0.789737352080155,0.789737352080155,2,20709,1999
TCGAGATA,0.7897270440770214,0.7897270440770214,2,20709,1999
ACGATAAT,0.7890570238733352,0.7890570238733352,2,20709,1999
GTATCAAT,0.9944852183235064,0.9944852183235064,3,31707,2998
TTGATACC,0.9929802498659959,0.9929802498659959,3,31707,2998
GTATCAAA,0.9884550364903311,0.9884550364903311,3,31707,2998
GTATCACC,0.9883519564589948,0.9883519564589948,3,31707,2998
GTATCACT,0.9879602523399167,0.9879602523399167,3,31707,2998
AGTGATAC,0.9879602523399167,0.9879602523399167,3,31707,2998
ATGATATG,0.9850946274687667,0.9850946274687667,3,31707,2998
ATGATACG,0.9847338473590895,0.9847338473590895,3,31707,2998
TTGATACG,0.982589782707294,0.982589782707294,3,31707,2998
ATATCAAT,0.9782604213911682,0.9782604213911682,3,31707,2998
TTGATACT,0.9781985733723663,0.9781985733723663,3,31707,2998
GGGGGTAT,0.9774667051498782,0.9774667051498782,3,31707,2998
ATATCACA,0.9771986970684039,0.9771986970684039,3,31707,2998
ATGATACA,0.9761163567393725,0.9761163567393725,3,31707,2998
GTATCAAC,0.9746835443037974,0.9746835443037974,3,31707,2998
ATATCATT,0.9719106914608502,0.9719106914608502,3,31707,2998
GTATCATG,0.9717045313981776,0.9717045313981776,3,31707,2998
ATATCACC,0.9714055993073022,0.9714055993073022,3,31707,2998
CATATCAA,0.9700449428936627,0.9700449428936627,3,31707,2998
TTGATATG,0.9700449428936627,0.9700449428936627,3,31707,2998
ATCATATC,0.9700243268873954,0.9700243268873954,3,31707,2998
TGATATAT,0.9676225621572588,0.9676225621572588,3,31707,2998
ATATCATC,0.9670350059786418,0.9670350059786418,3,31707,2998
GGGTATAT,0.9668803859316373,0.9668803859316373,3,31707,2998
ATACGATA,0.9657155815775369,0.9657155815775369,3,31707,2998
CTGATACT,0.9653548014678596,0.9653548014678596,3,31707,2998
ATCCGATA,0.9627674926813178,0.9627674926813178,3,31707,2998
TACGATAT,0.9614893002927474,0.9614893002927474,3,31707,2998
ATATCGTA,0.9614893002927474,0.9614893002927474,3,31707,2998
ATGACACC,0.961272832226941,0.961272832226941,3,31707,2998
ATCGATAT,0.9604481919762504,0.9604481919762504,3,31707,2998
GGATATAT,0.9604275759699832,0.9604275759699832,3,31707,2998
CATATCAG,0.9595513957036244,0.9595513957036244,3,31707,2998
ATGATCCG,0.9577165711458376,0.9577165711458376,3,31707,2998
CGGATCAT,0.9577165711458376,0.9577165711458376,3,31707,2998
TATCATTT,0.9565414587886034,0.9565414587886034,3,31707,2998
ATATATAC,0.9564074547478663,0.9564074547478663,3,31707,2998
GGTGTCAA,0.9545623221869459,0.9545623221869459,3,31707,2998
ATATCGTT,0.9541293860553334,0.9541293860553334,3,31707,2998
TCCGATAC,0.9536449099080526,0.9536449099080526,3,31707,2998
ATATCAGA,0.9529645817012329,0.9529645817012329,3,31707,2998
GTATCAGT,0.9528821176761637,0.9528821176761637,3,31707,2998
ATATCATG,0.9521193254442749,0.9521193254442749,3,31707,2998
GTATCAAG,0.9517276213251968,0.9517276213251968,3,31707,2998
ATGATCCC,0.9514183812311879,0.9514183812311879,3,31707,2998
GGGATCAT,0.9514183812311879,0.9514183812311879,3,31707,2998
AGCGATAT,0.950768977033769,0.950768977033769,3,31707,2998
TATGATCC,0.9501092648332166,0.9501092648332166,3,31707,2998
GTATCACG,0.9489238444728487,0.9489238444728487,3,31707,2998
CGTGATAC,0.9489238444728487,0.9489238444728487,3,31707,2998
GTATCGTC,0.9469137838617903,0.9469137838617903,3,31707,2998
CCTATCAT,0.9467076237991177,0.9467076237991177,3,31707,2998
ATGATAGG,0.9467076237991177,0.9467076237991177,3,31707,2998
ACATGATA,0.9466663917865831,0.9466663917865831,3,31707,2998
ATAGTATC,0.9461509916299015,0.9461509916299015,3,31707,2998
GGATCATC,0.9452438873541418,0.9452438873541418,3,31707,2998
TATATCAG,0.9452026553416072,0.9452026553416072,3,31707,2998
ATAGATAT,0.9426153465550654,0.9426153465550654,3,31707,2998
ATCATATA,0.9412856141508267,0.9412856141508267,3,31707,2998
TATATGAT,0.9412856141508267,0.9412856141508267,3,31707,2998
GTGATCCG,0.9404197418876016,0.9404197418876016,3,31707,2998
GTGATCCC,0.9401311177998598,0.9401311177998598,3,31707,2998
CAATGATA,0.9399455737434543,0.9399455737434543,3,31707,2998
TATCATTG,0.9399455737434543,0.9399455737434543,3,31707,2998
AGGATCAC,0.9393477095617038,0.9393477095617038,3,31707,2998
ATATCCCT,0.9390797014802292,0.9390797014802292,3,31707,2998
AGGGATAT,0.9390797014802292,0.9390797014802292,3,31707,2998
TATCACAT,0.9387086133674185,0.9387086133674185,3,31707,2998
TTGATCCT,0.938162289201336,0.938162289201336,3,31707,2998
AGGATCAA,0.938162289201336,0.938162289201336,3,31707,2998
GTATCGTT,0.9372861089349772,0.9372861089349772,3,31707,2998
AACGATAC,0.9372861089349772,0.9372861089349772,3,31707,2998
TACGATAC,0.9355440564053931,0.9355440564053931,3,31707,2998
CCTGATAC,0.9351626602894486,0.9351626602894486,3,31707,2998
CTTTGATA,0.9340390879478828,0.9340390879478828,3,31707,2998
TATATCAA,0.933667999835072,0.933667999835072,3,31707,2998
TTTGATAG,0.9334618397723993,0.9334618397723993,3,31707,2998
ACGATACT,0.933358759741063,0.933358759741063,3,31707,2998
AGTATCGT,0.933358759741063,0.933358759741063,3,31707,2998
TCCGATAT,0.9331732156846575,0.9331732156846575,3,31707,2998
ATATCGGA,0.9331732156846575,0.9331732156846575,3,31707,2998
ATAATACC,0.9329258236094504,0.9329258236094504,3,31707,2998
GGATCAAA,0.9326062755123078,0.9326062755123078,3,31707,2998
GGTGATCC,0.9323279594276996,0.9323279594276996,3,31707,2998
AAAGATAT,0.9322764194120315,0.9322764194120315,3,31707,2998
CGATACTA,0.9322454954026307,0.9322454954026307,3,31707,2998
AGCGATAC,0.9320496433430916,0.9320496433430916,3,31707,2998
GTATCGCT,0.9320496433430916,0.9320496433430916,3,31707,2998
GGATCACA,0.9320290273368244,0.9320290273368244,3,31707,2998
AATGATCT,0.9316063992083453,0.9316063992083453,3,31707,2998
CGGATCAA,0.9298024986599597,0.9298024986599597,3,31707,2998
ATAGGTAT,0.9296375706098213,0.9296375706098213,3,31707,2998
TATCAGTT,0.9296169546035542,0.9296169546035542,3,31707,2998
AACTGATA,0.9296169546035542,0.9296169546035542,3,31707,2998
CAGTGATA,0.929534490578485,0.929534490578485,3,31707,2998
TGAGATAT,0.9295138745722179,0.9295138745722179,3,31707,2998
ATATCTCA,0.9295138745722179,0.9295138745722179,3,31707,2998
ATCGTATC,0.9294726425596833,0.9294726425596833,3,31707,2998
AGGGGATA,0.9282666061930483,0.9282666061930483,3,31707,2998
ACGGATAT,0.9281119861460437,0.9281119861460437,3,31707,2998
GTAGATAT,0.926421473632128,0.926421473632128,3,31707,2998
TTGATAGC,0.9257617614315755,0.9257617614315755,3,31707,2998
ATCGGATA,0.9257617614315755,0.9257617614315755,3,31707,2998
TATCCGAT,0.9257617614315755,0.9257617614315755,3,31707,2998
GAGTATAT,0.9252154372654929,0.9252154372654929,3,31707,2998
GTATCAGC,0.9250814332247558,0.9250814332247558,3,31707,2998
AATGATCC,0.9248958891683503,0.9248958891683503,3,31707,2998
GGATCATT,0.9248958891683503,0.9248958891683503,3,31707,2998
TATCATTA,0.9248546571558158,0.9248546571558158,3,31707,2998
CTATCATA,0.9243804890116687,0.9243804890116687,3,31707,2998
GGTGTCAG,0.923947552880056,0.923947552880056,3,31707,2998
CTGACACC,0.923947552880056,0.923947552880056,3,31707,2998
TATCTATA,0.923947552880056,0.923947552880056,3,31707,2998
ATGATATT,0.9232156846575682,0.9232156846575682,3,31707,2998
GATACTTG,0.9232156846575682,0.9232156846575682,3,31707,2998
AGTGATCT,0.9229476765760937,0.9229476765760937,3,31707,2998
ATCTGATC,0.9227312085102873,0.9227312085102873,3,31707,2998
ATCAGATA,0.9222261163567395,0.9222261163567395,3,31707,2998
ACTATCAT,0.9216901001937905,0.9216901001937905,3,31707,2998
ATATCTTA,0.9215767121593205,0.9215767121593205,3,31707,2998
GGGGATAA,0.9208139199274317,0.9208139199274317,3,31707,2998
GTGATAGG,0.9200408196924091,0.9200408196924091,3,31707,2998
TAGGGTAT,0.9199686636704738,0.9199686636704738,3,31707,2998
GCGGATAT,0.9199377396610728,0.9199377396610728,3,31707,2998
CGTTGATA,0.9195048035294604,0.9195048035294604,3,31707,2998
TGAGTATC,0.9193192594730549,0.9193192594730549,3,31707,2998
CTATCATT,0.9190409433884469,0.9190409433884469,3,31707,2998
AATGATAG,0.9190409433884469,0.9190409433884469,3,31707,2998
TAAGATAC,0.9181956871314889,0.9181956871314889,3,31707,2998
TCGGATAA,0.9179276790500145,0.9179276790500145,3,31707,2998
TATCAAAA,0.9173091988619965,0.9173091988619965,3,31707,2998
CTATCACA,0.9171133468024575,0.9171133468024575,3,31707,2998
TGTGATAG,0.9171133468024575,0.9171133468024575,3,31707,2998
ACCGATAC,0.9165154826207067,0.9165154826207067,3,31707,2998
GTATCGCA,0.916144394507896,0.916144394507896,3,31707,2998
TGCGATAC,0.916144394507896,0.916144394507896,3,31707,2998
TAGATCAT,0.9150826701851317,0.9150826701851317,3,31707,2998
ATCAGATC,0.9148146621036574,0.9148146621036574,3,31707,2998
GATCTGAT,0.9148146621036574,0.9148146621036574,3,31707,2998
TGGGATAT,0.9142477219313074,0.9142477219313074,3,31707,2998
TTGATCCC,0.9142271059250403,0.9142271059250403,3,31707,2998
TATCAGTC,0.9137632457840268,0.9137632457840268,3,31707,2998
GATCATCT,0.9131756896054096,0.9131756896054096,3,31707,2998
CATGATCC,0.9129901455490043,0.9129901455490043,3,31707,2998
GGATCATG,0.9129901455490043,0.9129901455490043,3,31707,2998
TATCAATG,0.9128355255019998,0.9128355255019998,3,31707,2998
TATTTGAT,0.9125984414299262,0.9125984414299262,3,31707,2998
ATCAAATA,0.9125984414299262,0.9125984414299262,3,31707,2998
CGGTGATA,0.9123407413515854,0.9123407413515854,3,31707,2998
ATACTATC,0.9121448892920463,0.9121448892920463,3,31707,2998
AGTATCTA,0.9117222611635674,0.9117222611635674,3,31707,2998
TAGATACT,0.9117222611635674,0.9117222611635674,3,31707,2998
TGTATCGT,0.9111553209912175,0.9111553209912175,3,31707,2998
CTATCACC,0.9111140889786831,0.9111140889786831,3,31707,2998
TATTGATC,0.9107945408815404,0.9107945408815404,3,31707,2998
TCTTATAT,0.9106605368408033,0.9106605368408033,3,31707,2998
CCTATCAA,0.9102379087123244,0.9102379087123244,3,31707,2998
ATTGATCT,0.9097843565744445,0.9097843565744445,3,31707,2998
TATCAATC,0.9094751164804356,0.9094751164804356,3,31707,2998
GATCACTT,0.9092792644208963,0.9092792644208963,3,31707,2998
CGCGATAT,0.9087329402548139,0.9087329402548139,3,31707,2998
GTGATAGT,0.9081866160887313,0.9081866160887313,3,31707,2998
TATACCTA,0.9075062878819116,0.9075062878819116,3,31707,2998
TATCAAAC,0.9073001278192389,0.9073001278192389,3,31707,2998
TATCGTTA,0.907269203809838,0.907269203809838,3,31707,2998
AAAGATAC,0.9067434956500228,0.9067434956500228,3,31707,2998
GTATCTTT,0.9067434956500228,0.9067434956500228,3,31707,2998
TAAGTATC,0.9067125716406219,0.9067125716406219,3,31707,2998
ACTATCAA,0.905918855399332,0.905918855399332,3,31707,2998
TTGATAGT,0.905918855399332,0.905918855399332,3,31707,2998
TCCGTATC,0.9055786912959222,0.9055786912959222,3,31707,2998
TTGATATT,0.9055683832927885,0.9055683832927885,3,31707,2998
GATAGGAT,0.9053622232301158,0.9053622232301158,3,31707,2998
CCTGATAT,0.9049808271141714,0.9049808271141714,3,31707,2998
TGAGATAC,0.904290190904218,0.904290190904218,3,31707,2998
ATTAATAT,0.9030738465344494,0.9030738465344494,3,31707,2998
ATGATCCT,0.9030532305281821,0.9030532305281821,3,31707,2998
TCTGATCC,0.9028367624623759,0.9028367624623759,3,31707,2998
GGATCAGA,0.9028367624623759,0.9028367624623759,3,31707,2998
AGTTGATA,0.9025996783903022,0.9025996783903022,3,31707,2998
GTGATCAT,0.902414134333897,0.902414134333897,3,31707,2998
TCTATATT,0.9019502741928833,0.9019502741928833,3,31707,2998
CATAGATA,0.9019399661897497,0.9019399661897497,3,31707,2998
TTCGATAT,0.9011565579515937,0.9011565579515937,3,31707,2998
ATGGATAC,0.900837009854451,0.900837009854451,3,31707,2998
ATATCTGA,0.9007133138168475,0.9007133138168475,3,31707,2998
TCAGATAT,0.9007133138168475,0.9007133138168475,3,31707,2998
TATCTCAA,0.9006514657980456,0.9006514657980456,3,31707,2998
GGAGGATA,0.8997752855316867,0.8997752855316867,3,31707,2998
TGGATCAA,0.8986104811775862,0.8986104811775862,3,31707,2998
TTAATATC,0.8984146291180473,0.8984146291180473,3,31707,2998
GATATTAA,0.8984146291180473,0.8984146291180473,3,31707,2998
AAAGGTAT,0.8981363130334391,0.8981363130334391,3,31707,2998
AATTGATA,0.8980538490083702,0.8980538490083702,3,31707,2998
TATCAATT,0.8980538490083702,0.8980538490083702,3,31707,2998
CAGATCAT,0.8980435410052365,0.8980435410052365,3,31707,2998
CGTATTAT,0.8977549169174948,0.8977549169174948,3,31707,2998
CGTATATA,0.8974766008328866,0.8974766008328866,3,31707,2998
TATCAGAA,0.8970024326887397,0.8970024326887397,3,31707,2998
GGGTGATC,0.8962808724693851,0.8962808724693851,3,31707,2998
ACGATACG,0.8959613243722425,0.8959613243722425,3,31707,2998
GTGATCCA,0.8957448563064363,0.8957448563064363,3,31707,2998
TTGGATAT,0.8957036242939018,0.8957036242939018,3,31707,2998
TACTGATC,0.8952191481466212,0.8952191481466212,3,31707,2998
TATTATCC,0.8951469921246857,0.8951469921246857,3,31707,2998
GCTATCAG,0.8950129880839484,0.8950129880839484,3,31707,2998
GGATCAGT,0.8938069517173133,0.8938069517173133,3,31707,2998
ACTGATCC,0.8938069517173133,0.8938069517173133,3,31707,2998
TATAGGAT,0.8934255556013689,0.8934255556013689,3,31707,2998
TAGGGATA,0.8932297035418298,0.8932297035418298,3,31707,2998
GTATCTCT,0.8931472395167608,0.8931472395167608,3,31707,2998
AGAGATAC,0.8931472395167608,0.8931472395167608,3,31707,2998
TAGTATAT,0.8930544674885581,0.8930544674885581,3,31707,2998
TACGGATC,0.8923019832598029,0.8923019832598029,3,31707,2998
ACGGATAC,0.8921679792190657,0.8921679792190657,3,31707,2998
GTGGATCA,0.8919515111532593,0.8919515111532593,3,31707,2998
ACCTGATA,0.8918587391250568,0.8918587391250568,3,31707,2998
AGAGATAT,0.891796891106255,0.891796891106255,3,31707,2998
CGGGATAT,0.8917865831031213,0.8917865831031213,3,31707,2998
ATGGATAT,0.8911990269245043,0.8911990269245043,3,31707,2998
TACTATAT,0.8904259266894817,0.8904259266894817,3,31707,2998
GGATGATC,0.890054838576671,0.890054838576671,3,31707,2998
GATCATCC,0.890054838576671,0.890054838576671,3,31707,2998
TGTATGAT,0.8891992743165794,0.8891992743165794,3,31707,2998
GATGATCA,0.8891168102915104,0.8891168102915104,3,31707,2998
GATCACAT,0.8888900342225705,0.8888900342225705,3,31707,2998
TGATCTTA,0.8881787820063497,0.8881787820063497,3,31707,2998
TGGATCAT,0.8873953737681937,0.8873953737681937,3,31707,2998
ATGATCCA,0.8873953737681937,0.8873953737681937,3,31707,2998
AGTGATAG,0.8870655176679174,0.8870655176679174,3,31707,2998
CTTCGATA,0.8870139776522492,0.8870139776522492,3,31707,2998
ATCTATAC,0.8864470374798995,0.8864470374798995,3,31707,2998
ACCGATAT,0.8862305694140932,0.8862305694140932,3,31707,2998
ATATCCTT,0.8856945532511441,0.8856945532511441,3,31707,2998
AAGGATAT,0.8856945532511441,0.8856945532511441,3,31707,2998
CTATCATG,0.8851069970725272,0.8851069970725272,3,31707,2998
TTGGTATA,0.8850245330474581,0.8850245330474581,3,31707,2998
AGGATACC,0.8845194408939101,0.8845194408939101,3,31707,2998
GGGAATAT,0.8843957448563065,0.8843957448563065,3,31707,2998
CTATCATC,0.884045272749763,0.884045272749763,3,31707,2998
CTGATCCC,0.8838906527027585,0.8838906527027585,3,31707,2998
GATCATCG,0.8837360326557538,0.8837360326557538,3,31707,2998
CGATGATC,0.8837360326557538,0.8837360326557538,3,31707,2998
ACTGATAG,0.8836638766338185,0.8836638766338185,3,31707,2998
AAAGGATA,0.8830660124520678,0.8830660124520678,3,31707,2998
TATCTGGT,0.8829629324207314,0.8829629324207314,3,31707,2998
ATCATCTA,0.8828701603925287,0.8828701603925287,3,31707,2998
AGATCATA,0.8825093802828515,0.8825093802828515,3,31707,2998
AGTATCCA,0.8819424401105018,0.8819424401105018,3,31707,2998
GAGATCAA,0.8819321321073682,0.8819321321073682,3,31707,2998
TTGATCTC,0.8819321321073682,0.8819321321073682,3,31707,2998
ATAGATAG,0.8819218241042345,0.8819218241042345,3,31707,2998
ACGATAGG,0.8817775120603636,0.8817775120603636,3,31707,2998
TATCTATT,0.8815816600008246,0.8815816600008246,3,31707,2998
AATAGATA,0.8815816600008246,0.8815816600008246,3,31707,2998
CATATCTA,0.8813858079412857,0.8813858079412857,3,31707,2998
ATCAATAC,0.8813239599224838,0.8813239599224838,3,31707,2998
GTATCCTT,0.8808291757720694,0.8808291757720694,3,31707,2998
AATAATAC,0.880757019750134,0.880757019750134,3,31707,2998
GTATTATT,0.880757019750134,0.880757019750134,3,31707,2998
AGTATCTT,0.8800973075495815,0.8800973075495815,3,31707,2998
CAGATCAC,0.8790458912299509,0.8790458912299509,3,31707,2998
GTGATCTG,0.8790458912299509,0.8790458912299509,3,31707,2998
CGTATCTA,0.8790046592174164,0.8790046592174164,3,31707,2998
TAGATACG,0.8790046592174164,0.8790046592174164,3,31707,2998
ATATATTA,0.878932503195481,0.878932503195481,3,31707,2998
TGGATCAG,0.8785614150826702,0.8785614150826702,3,31707,2998
ATATGTAT,0.8784995670638683,0.8784995670638683,3,31707,2998
TCGATACA,0.8764998144559436,0.8764998144559436,3,31707,2998
ATAATATA,0.8761699583556674,0.8761699583556674,3,31707,2998
TATACCAT,0.8760565703211973,0.8760565703211973,3,31707,2998
TACCTATA,0.8755308621613821,0.8755308621613821,3,31707,2998
GAGATGAT,0.8755205541582485,0.8755205541582485,3,31707,2998
ATCATCTC,0.8755205541582485,0.8755205541582485,3,31707,2998
TAGATCAG,0.8753350101018431,0.8753350101018431,3,31707,2998
CTGATCTA,0.8753350101018431,0.8753350101018431,3,31707,2998
GGTATGAT,0.8750566940172351,0.8750566940172351,3,31707,2998
ATCATACC,0.8750566940172351,0.8750566940172351,3,31707,2998
CAGTATAT,0.8748917659670968,0.8748917659670968,3,31707,2998
TAGGATAC,0.8741186657320745,0.8741186657320745,3,31707,2998
AGGAGATC,0.87339710551272,0.87339710551272,3,31707,2998
AGACGATA,0.8732631014719828,0.8732631014719828,3,31707,2998
CTGGATAT,0.8727477013153012,0.8727477013153012,3,31707,2998
AGGTGATC,0.872696161299633,0.872696161299633,3,31707,2998
TAGATCAA,0.8723972292087577,0.8723972292087577,3,31707,2998
AACGGATC,0.8721395291304168,0.8721395291304168,3,31707,2998
AGATAATA,0.871881829052076,0.871881829052076,3,31707,2998
GTGGGTAT,0.8715622809549335,0.8715622809549335,3,31707,2998
TACATGAT,0.8712839648703254,0.8712839648703254,3,31707,2998
TATCTAAT,0.8712221168515235,0.8712221168515235,3,31707,2998
AATATCTA,0.8711293448233208,0.8711293448233208,3,31707,2998
CGAGATAT,0.8711087288170536,0.8711087288170536,3,31707,2998
GTATAATC,0.8709438007669155,0.8709438007669155,3,31707,2998
GGCTGATA,0.8703356285820312,0.8703356285820312,3,31707,2998
AAACGATA,0.8701294685193585,0.8701294685193585,3,31707,2998
AGTATCCG,0.8700882365068239,0.8700882365068239,3,31707,2998
TATATAAT,0.8700882365068239,0.8700882365068239,3,31707,2998
ATATATTC,0.8696243763658104,0.8696243763658104,3,31707,2998
TATAAGAT,0.869438832309405,0.869438832309405,3,31707,2998
ATCTTATA,0.869438832309405,0.869438832309405,3,31707,2998
TCGGATAC,0.8693976002968705,0.8693976002968705,3,31707,2998
ATAATACT,0.8688306601245207,0.8688306601245207,3,31707,2998
AGTATTAT,0.8688306601245207,0.8688306601245207,3,31707,2998
TATGATCA,0.8684801880179772,0.8684801880179772,3,31707,2998
TGATCATA,0.8684801880179772,0.8684801880179772,3,31707,2998
ATCGATAG,0.8683771079866408,0.8683771079866408,3,31707,2998
TATATAAG,0.868088483898899,0.868088483898899,3,31707,2998
CTTATATA,0.868088483898899,0.868088483898899,3,31707,2998
TGTATTAT,0.8679338638518947,0.8679338638518947,3,31707,2998
AAGGGTAT,0.8678823238362264,0.8678823238362264,3,31707,2998
TAGGGATC,0.8678720158330927,0.8678720158330927,3,31707,2998
GATGATCG,0.8672535356450748,0.8672535356450748,3,31707,2998
CTAGATAC,0.866995835566734,0.866995835566734,3,31707,2998
ATATTAAA,0.8669236795447985,0.8669236795447985,3,31707,2998
TTTAATAT,0.8669236795447985,0.8669236795447985,3,31707,2998
TGTATATA,0.8666556714633241,0.8666556714633241,3,31707,2998
AGGGATAC,0.8665628994351214,0.8665628994351214,3,31707,2998
CCGGATAT,0.8661608873129096,0.8661608873129096,3,31707,2998
TGATCACA,0.8654702511029563,0.8654702511029563,3,31707,2998
TATACGTA,0.8652331670308828,0.8652331670308828,3,31707,2998
ATTATCCG,0.8650166989650765,0.8650166989650765,3,31707,2998
CGGATAAT,0.8650166989650765,0.8650166989650765,3,31707,2998
AGTGATCA,0.8649239269368738,0.8649239269368738,3,31707,2998
TCTGATCT,0.8648002308992702,0.8648002308992702,3,31707,2998
CACATGAT,0.8646868428648004,0.8646868428648004,3,31707,2998
GGATCGTA,0.8645631468271966,0.8645631468271966,3,31707,2998
AAAGGATC,0.8642332907269203,0.8642332907269203,3,31707,2998
ATATTATC,0.8641405186987177,0.8641405186987177,3,31707,2998
GATCCGTG,0.8637075825671052,0.8637075825671052,3,31707,2998
GATAGTAG,0.863429266482497,0.863429266482497,3,31707,2998
TATTATAC,0.8617799859811158,0.8617799859811158,3,31707,2998
TATCCCTT,0.8611408897868305,0.8611408897868305,3,31707,2998
TGTATACA,0.8610481177586279,0.8610481177586279,3,31707,2998
AAATGATC,0.8604605615800107,0.8604605615800107,3,31707,2998
GGGGATAG,0.8597905413763247,0.8597905413763247,3,31707,2998
TATAATAT,0.8591514451820393,0.8591514451820393,3,31707,2998
ATCGATCC,0.8590895971632376,0.8590895971632376,3,31707,2998
TAATATAC,0.8590689811569703,0.8590689811569703,3,31707,2998
CACGATAC,0.8590174411413022,0.8590174411413022,3,31707,2998
TTAATACA,0.8588422050880304,0.8588422050880304,3,31707,2998
TGTATTAA,0.8588422050880304,0.8588422050880304,3,31707,2998
CATGATCA,0.8585948130128231,0.8585948130128231,3,31707,2998
AGAGGATA,0.8584814249783531,0.8584814249783531,3,31707,2998
AGCTGATA,0.8572753886117183,0.8572753886117183,3,31707,2998
TGGATGAT,0.856605368408032,0.856605368408032,3,31707,2998
CTCATATA,0.8557704201542078,0.8557704201542078,3,31707,2998
TATATGAG,0.8557704201542078,0.8557704201542078,3,31707,2998
TATACAAT,0.855595184100936,0.855595184100936,3,31707,2998
ATTGTATA,0.855595184100936,0.855595184100936,3,31707,2998
ACTATATA,0.8548633158784481,0.8548633158784481,3,31707,2998
CTCGATAC,0.8548117758627798,0.8548117758627798,3,31707,2998
TATTAATC,0.8546056158001072,0.8546056158001072,3,31707,2998
GATACTAG,0.8544819197625036,0.8544819197625036,3,31707,2998
TTAATATA,0.8543582237249,0.8543582237249,3,31707,2998
TTTAATAC,0.8543272997154991,0.8543272997154991,3,31707,2998
ATGTATAT,0.8541520636622274,0.8541520636622274,3,31707,2998
GATACTGG,0.8536263555024121,0.8536263555024121,3,31707,2998
CGGATAAC,0.8534305034428731,0.8534305034428731,3,31707,2998
CGCTGATA,0.8530800313363296,0.8530800313363296,3,31707,2998
CTATCAGA,0.8528738712736569,0.8528738712736569,3,31707,2998
TCTGATAG,0.8528738712736569,0.8528738712736569,3,31707,2998
TATTTATA,0.8519358429884962,0.8519358429884962,3,31707,2998
TGTGAGAT,0.8518224549540264,0.8518224549540264,3,31707,2998
ATCTCACA,0.8518224549540264,0.8518224549540264,3,31707,2998
AACGATAG,0.8518224549540264,0.8518224549540264,3,31707,2998
AGTATCTG,0.8504205665278523,0.8504205665278523,3,31707,2998
AGGGTATT,0.8503896425184514,0.8503896425184514,3,31707,2998
CCGTGATA,0.8500804024244423,0.8500804024244423,3,31707,2998
TCTAATAT,0.8499051663711706,0.8499051663711706,3,31707,2998
GATCTCTG,0.8498227023461016,0.8498227023461016,3,31707,2998
TATCAGAG,0.8497093143116315,0.8497093143116315,3,31707,2998
TGGGGATA,0.8495031542489588,0.8495031542489588,3,31707,2998
ACGTGATA,0.8492557621737516,0.8492557621737516,3,31707,2998
TATCACGT,0.8492557621737516,0.8492557621737516,3,31707,2998
TATATTAC,0.8491217581330145,0.8491217581330145,3,31707,2998
GAGGTATT,0.8486269739826,0.8486269739826,3,31707,2998
CTATTATC,0.8483177338885911,0.8483177338885911,3,31707,2998
TATCTTAC,0.8480394178039831,0.8480394178039831,3,31707,2998
AGGATACT,0.846833381437348,0.846833381437348,3,31707,2998
CTAGATAT,0.8462561332618646,0.8462561332618646,3,31707,2998
TATATAAA,0.8461942852430627,0.8461942852430627,3,31707,2998
AAGAGATA,0.8459778171772564,0.8459778171772564,3,31707,2998
GGGCATAT,0.8454314930111739,0.8454314930111739,3,31707,2998
TGTATCTT,0.8451016369108976,0.8451016369108976,3,31707,2998
TCTTATAC,0.8450397888920959,0.8450397888920959,3,31707,2998
AATACCTT,0.8445553127448151,0.8445553127448151,3,31707,2998
ACTATCAG,0.8445346967385479,0.8445346967385479,3,31707,2998
ACTTGTAT,0.8442254566445387,0.8442254566445387,3,31707,2998
CGTATCTT,0.8441842246320044,0.8441842246320044,3,31707,2998
AGTGTCAA,0.8441842246320044,0.8441842246320044,3,31707,2998
TGGATCCA,0.8440089885787324,0.8440089885787324,3,31707,2998
GCCGATAT,0.8435038964251845,0.8435038964251845,3,31707,2998
CCGATCAT,0.8431225003092402,0.8431225003092402,3,31707,2998
CTCGTATC,0.8430194202779039,0.8430194202779039,3,31707,2998
GATACGAG,0.8430194202779039,0.8430194202779039,3,31707,2998
TTTGATCT,0.8424730961118213,0.8424730961118213,3,31707,2998
AGACTATC,0.8424112480930194,0.8424112480930194,3,31707,2998
CTGATCTG,0.8421844720240795,0.8421844720240795,3,31707,2998
ACTATCTC,0.8415762998391951,0.8415762998391951,3,31707,2998
CAGAGATA,0.8414010637859234,0.8414010637859234,3,31707,2998
TATCTCTG,0.8414010637859234,0.8414010637859234,3,31707,2998
CATGACAC,0.8408547396198409,0.8408547396198409,3,31707,2998
ATACATAC,0.8407516595885045,0.8407516595885045,3,31707,2998
CGTATCTG,0.84048365150703,0.84048365150703,3,31707,2998
TATATTTA,0.840122871397353,0.840122871397353,3,31707,2998
TAAATATA,0.840122871397353,0.840122871397353,3,31707,2998
ATCAAAGA,0.840122871397353,0.840122871397353,3,31707,2998
ATATGAGT,0.8400197913660166,0.8400197913660166,3,31707,2998
TCTCAGAT,0.8396899352657403,0.8396899352657403,3,31707,2998
ATCTTATC,0.839586855234404,0.839586855234404,3,31707,2998
GGTGTTAT,0.8392673071372614,0.8392673071372614,3,31707,2998
CTGTATAT,0.8383395868552344,0.8383395868552344,3,31707,2998
CATATCCA,0.8377211066672163,0.8377211066672163,3,31707,2998
GGTGATCA,0.8376077186327464,0.8376077186327464,3,31707,2998
ATATAATT,0.8372572465262029,0.8372572465262029,3,31707,2998
GGTGGTAT,0.8370820104729313,0.8370820104729313,3,31707,2998
TGCTGATA,0.8367830783820558,0.8367830783820558,3,31707,2998
GCAGATAC,0.8363913742629778,0.8363913742629778,3,31707,2998
CCGGATAC,0.835793510081227,0.835793510081227,3,31707,2998
AGCTATAT,0.8355564260091535,0.8355564260091535,3,31707,2998
GGATCTAT,0.8351028738712737,0.8351028738712737,3,31707,2998
GGATCCTA,0.8347214777553292,0.8347214777553292,3,31707,2998
TAGGATCC,0.8347214777553292,0.8347214777553292,3,31707,2998
TAGATACA,0.8346905537459284,0.8346905537459284,3,31707,2998
TGTATCTA,0.8346905537459284,0.8346905537459284,3,31707,2998
CTTGATCT,0.8341545375829794,0.8341545375829794,3,31707,2998
GGTGATCG,0.8336288294231642,0.8336288294231642,3,31707,2998
CGGTGATC,0.8334535933698924,0.8334535933698924,3,31707,2998
TATCCTCG,0.8333917453510905,0.8333917453510905,3,31707,2998
CGAGGATA,0.8333917453510905,0.8333917453510905,3,31707,2998
TTCTAATA,0.8328248051787408,0.8328248051787408,3,31707,2998
GTGATCTT,0.83279388116934,0.83279388116934,3,31707,2998
CATATCTG,0.8324434090627963,0.8324434090627963,3,31707,2998
CTTGATAG,0.832257865006391,0.832257865006391,3,31707,2998
GATGGATA,0.8318249288747783,0.8318249288747783,3,31707,2998
TATCAGAC,0.8317836968622437,0.8317836968622437,3,31707,2998
ACTAATAT,0.8316806168309074,0.8316806168309074,3,31707,2998
GATTATCC,0.8316393848183729,0.8316393848183729,3,31707,2998
TCTATCCG,0.8313610687337649,0.8313610687337649,3,31707,2998
ATTATCCC,0.8310518286397559,0.8310518286397559,3,31707,2998
ACGGGATA,0.830876592586484,0.830876592586484,3,31707,2998
ACTGGTAT,0.8308456685770832,0.8308456685770832,3,31707,2998
ATGACACT,0.8307838205582815,0.8307838205582815,3,31707,2998
AGTGTCAT,0.8307838205582815,0.8307838205582815,3,31707,2998
TGTAATAT,0.830206572382798,0.830206572382798,3,31707,2998
AGGATCGA,0.8301653403702636,0.8301653403702636,3,31707,2998
TGTTATAT,0.8300416443326598,0.8300416443326598,3,31707,2998
ATCACACC,0.8287840679503566,0.8287840679503566,3,31707,2998
GGTGTGAT,0.8287840679503566,0.8287840679503566,3,31707,2998
TCTATATG,0.8284026718344122,0.8284026718344122,3,31707,2998
GACACCTT,0.8282377437842742,0.8282377437842742,3,31707,2998
TAGATAGT,0.8280006597122006,0.8280006597122006,3,31707,2998
GATCACGT,0.8278666556714633,0.8278666556714633,3,31707,2998
TATTTAAA,0.8275883395868553,0.8275883395868553,3,31707,2998
ATAATCCT,0.8275471075743207,0.8275471075743207,3,31707,2998
AGTATTAA,0.8267946233455655,0.8267946233455655,3,31707,2998
ATTAACAC,0.8266296952954274,0.8266296952954274,3,31707,2998
AATGGTGT,0.8265781552797592,0.8265781552797592,3,31707,2998
AGAAGATA,0.8264647672452893,0.8264647672452893,3,31707,2998
ATATGTTC,0.8264338432358882,0.8264338432358882,3,31707,2998
TATCCGCT,0.8263616872139529,0.8263616872139529,3,31707,2998
TGGATACG,0.8261967591638147,0.8261967591638147,3,31707,2998
CGTATCCA,0.8261967591638147,0.8261967591638147,3,31707,2998
CGTATAAT,0.8261452191481466,0.8261452191481466,3,31707,2998
GTATCTTC,0.8255576629695296,0.8255576629695296,3,31707,2998
TCTAATAC,0.8252896548880551,0.8252896548880551,3,31707,2998
GTATTAGA,0.8252896548880551,0.8252896548880551,3,31707,2998
AGATCTTA,0.8250731868222488,0.8250731868222488,3,31707,2998
GGGATAAG,0.8243207025934937,0.8243207025934937,3,31707,2998
ACGATCCT,0.824166082546489,0.824166082546489,3,31707,2998
AGTATAAT,0.82385684245248,0.82385684245248,3,31707,2998
AAGGGGAT,0.8236403743866737,0.8236403743866737,3,31707,2998
GAGGGGAT,0.823413598317734,0.823413598317734,3,31707,2998
GCGATAGT,0.8232280542613285,0.8232280542613285,3,31707,2998
TACGATCT,0.8231765142456604,0.8231765142456604,3,31707,2998
GGTATTCA,0.8227023461015132,0.8227023461015132,3,31707,2998
AACAATAT,0.8224858780357069,0.8224858780357069,3,31707,2998
ATTTATAT,0.822372490001237,0.822372490001237,3,31707,2998
ATAGATAA,0.8218880138539562,0.8218880138539562,3,31707,2998
ACAGATAC,0.8218777058508226,0.8218777058508226,3,31707,2998
AGTATAAG,0.8213829217004082,0.8213829217004082,3,31707,2998
GATCTCAT,0.8210942976126664,0.8210942976126664,3,31707,2998
GATCACAG,0.8210736816063993,0.8210736816063993,3,31707,2998
TATGTATA,0.8208159815280583,0.8208159815280583,3,31707,2998
CGATCATA,0.8207025934935884,0.8207025934935884,3,31707,2998
TATCTTCG,0.8205170494371831,0.8205170494371831,3,31707,2998
CGAAGATA,0.8205170494371831,0.8205170494371831,3,31707,2998
TGGTATAC,0.8204655094215149,0.8204655094215149,3,31707,2998
GGATCCTT,0.8204655094215149,0.8204655094215149,3,31707,2998
GTGGTGTC,0.820403661402713,0.820403661402713,3,31707,2998
TTGCTATC,0.8199604172679669,0.8199604172679669,3,31707,2998
ATATTATT,0.8197645652084278,0.8197645652084278,3,31707,2998
GGAGATAG,0.8194450171112853,0.8194450171112853,3,31707,2998
TCAGTATA,0.819166701026677,0.819166701026677,3,31707,2998
TCTGAGAT,0.8189399249577373,0.8189399249577373,3,31707,2998
CTCGATAT,0.8186203768605945,0.8186203768605945,3,31707,2998
GATAACAG,0.8184245248010557,0.8184245248010557,3,31707,2998
CAGGATAT,0.8181152847070465,0.8181152847070465,3,31707,2998
AGATAGTG,0.8180946687007793,0.8180946687007793,3,31707,2998
TATCCCTG,0.8180431286851112,0.8180431286851112,3,31707,2998
AGATAGTA,0.817682348575434,0.817682348575434,3,31707,2998
AGTCATAT,0.8176411165628994,0.8176411165628994,3,31707,2998
CGTGATCT,0.817177256421886,0.817177256421886,3,31707,2998
ATAAATAC,0.8170020203686141,0.8170020203686141,3,31707,2998
TACAGATC,0.8168886323341442,0.8168886323341442,3,31707,2998
GAGAGTAT,0.816723704284006,0.816723704284006,3,31707,2998
CCTGATAG,0.8166824722714716,0.8166824722714716,3,31707,2998
TTGATAAT,0.8164247721931308,0.8164247721931308,3,31707,2998
ATTATCAA,0.8164247721931308,0.8164247721931308,3,31707,2998
GAGCATAT,0.8161258401022554,0.8161258401022554,3,31707,2998
TGTATCCA,0.8161052240959881,0.8161052240959881,3,31707,2998
GTATCTCG,0.8160639920834536,0.8160639920834536,3,31707,2998
AATGACAC,0.8159196800395827,0.8159196800395827,3,31707,2998
GTGTCATT,0.8159196800395827,0.8159196800395827,3,31707,2998
CATTATAC,0.8158372160145138,0.8158372160145138,3,31707,2998
ACGATCTT,0.8157753679957119,0.8157753679957119,3,31707,2998
GGGATGAT,0.8157032119737765,0.8157032119737765,3,31707,2998
ATCATCCC,0.8157032119737765,0.8157032119737765,3,31707,2998
TGTGTGAT,0.8156104399455737,0.8156104399455737,3,31707,2998
GATCATTC,0.8154455118954357,0.8154455118954357,3,31707,2998
AGTAATAT,0.8152084278233621,0.8152084278233621,3,31707,2998
CTATCTTC,0.8151053477920258,0.8151053477920258,3,31707,2998
TATACTTA,0.8150641157794912,0.8150641157794912,3,31707,2998
GGTGTCTT,0.8147136436729477,0.8147136436729477,3,31707,2998
TATAACTA,0.8145177916134086,0.8145177916134086,3,31707,2998
TATATCTG,0.8144147115820723,0.8144147115820723,3,31707,2998
GATAGCAG,0.8142497835319341,0.8142497835319341,3,31707,2998
CGTGTGAT,0.8141260874943307,0.8141260874943307,3,31707,2998
ATTTATAC,0.8138477714097226,0.8138477714097226,3,31707,2998
TTTTATAC,0.8133736032655754,0.8133736032655754,3,31707,2998
ATATGATT,0.8132395992248381,0.8132395992248381,3,31707,2998
AATCATAT,0.8132395992248381,0.8132395992248381,3,31707,2998
TATCTCAG,0.8129200511276955,0.8129200511276955,3,31707,2998
TTCGTATC,0.8128685111120274,0.8128685111120274,3,31707,2998
GGTTATAT,0.8121057188801385,0.8121057188801385,3,31707,2998
GTGTATAC,0.8118480188017977,0.8118480188017977,3,31707,2998
GATAGTTT,0.8112913866325816,0.8112913866325816,3,31707,2998
AAACTATC,0.8112913866325816,0.8112913866325816,3,31707,2998
ATATTCTA,0.8111676905949778,0.8111676905949778,3,31707,2998
GCTGATCT,0.810971838535439,0.810971838535439,3,31707,2998
TATACTAC,0.8105904424194945,0.8105904424194945,3,31707,2998
ATCTGAAA,0.8105595184100937,0.8105595184100937,3,31707,2998
TTTCAGAT,0.8105595184100937,0.8105595184100937,3,31707,2998
TCTCGGAT,0.8104873623881582,0.8104873623881582,3,31707,2998
AGTGGATA,0.8104255143693565,0.8104255143693565,3,31707,2998
GATCCGAG,0.8098791902032738,0.8098791902032738,3,31707,2998
TACAATAT,0.8095802581123985,0.8095802581123985,3,31707,2998
ACTGACAC,0.8093534820434585,0.8093534820434585,3,31707,2998
GGGATCGG,0.8087659258648414,0.8087659258648414,3,31707,2998
TAATCCCC,0.808642229827238,0.808642229827238,3,31707,2998
AGAAGATC,0.8080443656454872,0.8080443656454872,3,31707,2998
TGGTGATC,0.8079825176266854,0.8079825176266854,3,31707,2998
GGAAGATC,0.8077248175483446,0.8077248175483446,3,31707,2998
ATCTCAAA,0.8076526615264091,0.8076526615264091,3,31707,2998
ATCGGTAT,0.8075805055044737,0.8075805055044737,3,31707,2998
TATTAAAA,0.8075495814950728,0.8075495814950728,3,31707,2998
TATACCGG,0.8074465014637364,0.8074465014637364,3,31707,2998
TTGGTGTC,0.8074258854574692,0.8074258854574692,3,31707,2998
GGGTAATA,0.8071991093885292,0.8071991093885292,3,31707,2998
CATAATAT,0.8067970972663175,0.8067970972663175,3,31707,2998
CTAATACT,0.8066630932255803,0.8066630932255803,3,31707,2998
AGTATTAG,0.8066630932255803,0.8066630932255803,3,31707,2998
CGTATATG,0.8064260091535068,0.8064260091535068,3,31707,2998
ATCATACT,0.8060755370469632,0.8060755370469632,3,31707,2998
AGTATGAT,0.8060755370469632,0.8060755370469632,3,31707,2998
TATGGGAT,0.8060652290438296,0.8060652290438296,3,31707,2998
TTTATGAT,0.8058075289654889,0.8058075289654889,3,31707,2998
GACGGATA,0.8054467488558116,0.8054467488558116,3,31707,2998
GCGATGAT,0.8054055168432771,0.8054055168432771,3,31707,2998
ATTTGAGA,0.8053436688244753,0.8053436688244753,3,31707,2998
TCTCAAAT,0.8053436688244753,0.8053436688244753,3,31707,2998
TATTCTAT,0.8050344287304664,0.8050344287304664,3,31707,2998
ACGGATAA,0.8050241207273326,0.8050241207273326,3,31707,2998
TACCTGAT,0.8045190285737848,0.8045190285737848,3,31707,2998
ATTGACAC,0.8044159485424484,0.8044159485424484,3,31707,2998
AGGCGATA,0.8040139364202367,0.8040139364202367,3,31707,2998
TAGATCTA,0.803694388323094,0.803694388323094,3,31707,2998
AGTTATAT,0.8036325403042922,0.8036325403042922,3,31707,2998
AGCATATA,0.8036325403042922,0.8036325403042922,3,31707,2998
CATTATCC,0.8036222323011587,0.8036222323011587,3,31707,2998
TATAACAA,0.8032305281820805,0.8032305281820805,3,31707,2998
TTAGATAG,0.8029419040943389,0.8029419040943389,3,31707,2998
TGTGATCT,0.8026532800065971,0.8026532800065971,3,31707,2998
GAGATCAG,0.80263266400033,0.80263266400033,3,31707,2998
GATAATGA,0.8020863398342473,0.8020863398342473,3,31707,2998
ATAGATCT,0.8018183317527728,0.8018183317527728,3,31707,2998
TCACGGAT,0.8018080237496393,0.8018080237496393,3,31707,2998
ATGATCGC,0.8015297076650311,0.8015297076650311,3,31707,2998
GAGGATCC,0.8009318434832805,0.8009318434832805,3,31707,2998
GGATCCTC,0.8009318434832805,0.8009318434832805,3,31707,2998
TGAGATAG,0.8008184554488105,0.8008184554488105,3,31707,2998
CAGGATCT,0.8008184554488105,0.8008184554488105,3,31707,2998
TATACTCT,0.8007978394425431,0.8007978394425431,3,31707,2998
AGAGTATA,0.8007978394425431,0.8007978394425431,3,31707,2998
ATCCCTAC,0.8007462994268751,0.8007462994268751,3,31707,2998
TGTCATAT,0.8006947594112068,0.8006947594112068,3,31707,2998
ATCAGACA,0.8004576753391334,0.8004576753391334,3,31707,2998
TCGTATAT,0.800354595307797,0.800354595307797,3,31707,2998
TCTATCCC,0.8003133632952625,0.8003133632952625,3,31707,2998
CAGATCAA,0.8000247392075207,0.8000247392075207,3,31707,2998
CGTATTGA,0.7997051911103781,0.7997051911103781,3,31707,2998
ATCATCAC,0.7995918030759082,0.7995918030759082,3,31707,2998
GAGGATCT,0.7991897909536964,0.7991897909536964,3,31707,2998
GGGTATTC,0.7981692986434669,0.7981692986434669,3,31707,2998
TAATCCTA,0.7975611264585825,0.7975611264585825,3,31707,2998
TGTATCTG,0.7973961984084443,0.7973961984084443,3,31707,2998
TTAATATG,0.7971797303426381,0.7971797303426381,3,31707,2998
TGAGCTAT,0.7969735702799654,0.7969735702799654,3,31707,2998
CGTGTCAT,0.7969117222611636,0.7969117222611636,3,31707,2998
CTGGGTAT,0.7966952541953572,0.7966952541953572,3,31707,2998
GACGATCC,0.7962623180637447,0.7962623180637447,3,31707,2998
CAGATAGG,0.796252010060611,0.796252010060611,3,31707,2998
TATTACAT,0.7960149259885375,0.7960149259885375,3,31707,2998
GCGGGTAT,0.7958706139446666,0.7958706139446666,3,31707,2998
TGTGACAC,0.7957572259101967,0.7957572259101967,3,31707,2998
TGAGTATA,0.7956747618851276,0.7956747618851276,3,31707,2998
TATACTCA,0.7956747618851276,0.7956747618851276,3,31707,2998
CGTATAAA,0.7956026058631922,0.7956026058631922,3,31707,2998
CAGGATCC,0.7954892178287222,0.7954892178287222,3,31707,2998
AAACGTAT,0.795468601822455,0.795468601822455,3,31707,2998
TTTATCCC,0.7951181297159114,0.7951181297159114,3,31707,2998
TAGGTATT,0.7951078217127778,0.7951078217127778,3,31707,2998
ACTGATAA,0.7950253576877088,0.7950253576877088,3,31707,2998
TGTGGTAT,0.794736733599967,0.794736733599967,3,31707,2998
CTTATATT,0.7946130375623633,0.7946130375623633,3,31707,2998
AATATAAG,0.7946130375623633,0.7946130375623633,3,31707,2998
ATCTAATA,0.794231641446419,0.794231641446419,3,31707,2998
TATTAGAT,0.794231641446419,0.794231641446419,3,31707,2998
AATCTATA,0.7940873294025481,0.7940873294025481,3,31707,2998
ATGATGAT,0.7940770213994146,0.7940770213994146,3,31707,2998
AATATTAA,0.7936543932709356,0.7936543932709356,3,31707,2998
TAGGATAA,0.7935616212427329,0.7935616212427329,3,31707,2998
ATGATTCC,0.7932936131612585,0.7932936131612585,3,31707,2998
GGAATCAT,0.7932936131612585,0.7932936131612585,3,31707,2998
TATCCATG,0.7932523811487239,0.7932523811487239,3,31707,2998
TTTTATCC,0.7928812930359131,0.7928812930359131,3,31707,2998
TATACCTG,0.7923452768729642,0.7923452768729642,3,31707,2998
CTCCTATC,0.7923143528635632,0.7923143528635632,3,31707,2998
ATCATAAC,0.792015420772688,0.792015420772688,3,31707,2998
GTTATGAT,0.792015420772688,0.792015420772688,3,31707,2998
ATTAGACA,0.7918814167319507,0.7918814167319507,3,31707,2998
TATATAGA,0.7917474126912134,0.7917474126912134,3,31707,2998
TCTATATA,0.7917474126912134,0.7917474126912134,3,31707,2998
TGGGATCT,0.7913557085721354,0.7913557085721354,3,31707,2998
ATCGATAA,0.7912629365439326,0.7912629365439326,3,31707,2998
GAAGAGAT,0.7910361604749929,0.7910361604749929,3,31707,2998
TACGATAA,0.7906856883684493,0.7906856883684493,3,31707,2998
GAAGGTAA,0.7906032243433803,0.7906032243433803,3,31707,2998
GTGATCAG,0.7905104523151775,0.7905104523151775,3,31707,2998
CTGGATAC,0.7903455242650393,0.7903455242650393,3,31707,2998
CATATGAT,0.7898713561208923,0.7898713561208923,3,31707,2998
TATCTCGA,0.7897270440770214,0.7897270440770214,3,31707,2998
ATTATGAT,0.7895415000206161,0.7895415000206161,3,31707,2998
GGTATTGT,0.7890467158702016,0.7890467158702016,3,31707,2998
ACAATACC,0.7890467158702016,0.7890467158702016,3,31707,2998
GATGAGAT,0.7887271677730591,0.7887271677730591,3,31707,2998
GATCCCCA,0.7886550117511236,0.7886550117511236,3,31707,2998
GGAGATAA,0.7881705356038429,0.7881705356038429,3,31707,2998
GAAGTATA,0.788026223559972,0.788026223559972,3,31707,2998
AGATTATA,0.787716983465963,0.787716983465963,3,31707,2998
TATAATCT,0.787716983465963,0.787716983465963,3,31707,2998
GATAGCTA,0.7874386673813549,0.7874386673813549,3,31707,2998
GATCACGA,0.7874283593782213,0.7874283593782213,3,31707,2998
CATATTAT,0.7873974353688205,0.7873974353688205,3,31707,2998
CCTATCCC,0.7873768193625531,0.7873768193625531,3,31707,2998
AATGTGAT,0.7873768193625531,0.7873768193625531,3,31707,2998
CCTATCCT,0.7873458953531521,0.7873458953531521,3,31707,2998
CGTGATCA,0.7873149713437513,0.7873149713437513,3,31707,2998
GACACTAT,0.7870366552591432,0.7870366552591432,3,31707,2998
ATAGTGTC,0.7870366552591432,0.7870366552591432,3,31707,2998
AAGATCTT,0.7867789551808024,0.7867789551808024,3,31707,2998
AGTATAAA,0.7866243351337979,0.7866243351337979,3,31707,2998
TTTCCGAT,0.7865727951181296,0.7865727951181296,3,31707,2998
GTTATTAT,0.786366635055457,0.786366635055457,3,31707,2998
GATCTCCA,0.786366635055457,0.786366635055457,3,31707,2998
TGGAGATC,0.786366635055457,0.786366635055457,3,31707,2998
ATAATAAC,0.786366635055457,0.786366635055457,3,31707,2998
GTATAACA,0.7863254030429225,0.7863254030429225,3,31707,2998
TGTTATAC,0.7863254030429225,0.7863254030429225,3,31707,2998
TATAATAG,0.785974930936379,0.785974930936379,3,31707,2998
CTATTATA,0.785974930936379,0.785974930936379,3,31707,2998
TATACCGC,0.7858203108893745,0.7858203108893745,3,31707,2998
GCGGTATA,0.7858203108893745,0.7858203108893745,3,31707,2998
GGTATTAG,0.7856038428235682,0.7856038428235682,3,31707,2998
CTAATACC,0.7856038428235682,0.7856038428235682,3,31707,2998
AATCCGAT,0.785356450748361,0.785356450748361,3,31707,2998
CCTCAGAT,0.7852430627138911,0.7852430627138911,3,31707,2998
AAATAATA,0.7851090586731538,0.7851090586731538,3,31707,2998
TTCATATC,0.785047210654352,0.785047210654352,3,31707,2998
GATATGAA,0.785047210654352,0.785047210654352,3,31707,2998
ATATGTCA,0.7850162866449512,0.7850162866449512,3,31707,2998
CGTATGAT,0.7849441306230157,0.7849441306230157,3,31707,2998
GATAGGTG,0.7849235146167485,0.7849235146167485,3,31707,2998
GCGGTATT,0.7848925906073474,0.7848925906073474,3,31707,2998
TACATATA,0.7848719746010803,0.7848719746010803,3,31707,2998
TATATGTA,0.7848719746010803,0.7848719746010803,3,31707,2998
AGATTATC,0.7847276625572094,0.7847276625572094,3,31707,2998
GATAATCT,0.7847276625572094,0.7847276625572094,3,31707,2998
GGTATATG,0.7845524265039376,0.7845524265039376,3,31707,2998
CATATACC,0.7845524265039376,0.7845524265039376,3,31707,2998
AGGCATAT,0.784511194491403,0.784511194491403,3,31707,2998
TTTTATAT,0.7843359584381314,0.7843359584381314,3,31707,2998
ATATAAAA,0.7843359584381314,0.7843359584381314,3,31707,2998
CTCAGATC,0.7839957943347214,0.7839957943347214,3,31707,2998
CGATCCTA,0.783531934193708,0.783531934193708,3,31707,2998
GTACTATC,0.78314023007463,0.78314023007463,3,31707,2998
CTGAGATC,0.7830886900589618,0.7830886900589618,3,31707,2998
GATCTCAG,0.7830886900589618,0.7830886900589618,3,31707,2998
TCTACTAT,0.782830989980621,0.782830989980621,3,31707,2998
AGACGATC,0.7827382179524183,0.7827382179524183,3,31707,2998
CCAATACC,0.7825423658928793,0.7825423658928793,3,31707,2998
AGTATTAC,0.7825011338803447,0.7825011338803447,3,31707,2998
ATCAGTTA,0.7825011338803447,0.7825011338803447,3,31707,2998
GTAATACT,0.7825011338803447,0.7825011338803447,3,31707,2998
GTGTAATA,0.7822434338020038,0.7822434338020038,3,31707,2998
TATTACAC,0.7822434338020038,0.7822434338020038,3,31707,2998
TCGGATAG,0.7821815857832021,0.7821815857832021,3,31707,2998
GAGGATAG,0.7821609697769348,0.7821609697769348,3,31707,2998
TCGATCTC,0.7820372737393312,0.7820372737393312,3,31707,2998
GAGATCGA,0.7820372737393312,0.7820372737393312,3,31707,2998
CATATAAT,0.7818104976703913,0.7818104976703913,3,31707,2998
ATTATATG,0.7818104976703913,0.7818104976703913,3,31707,2998
CTGATATT,0.7816868016327877,0.7816868016327877,3,31707,2998
AATATCAG,0.7816868016327877,0.7816868016327877,3,31707,2998
AAGATAGG,0.7814394095575804,0.7814394095575804,3,31707,2998
GGGATCCC,0.7809858574197006,0.7809858574197006,3,31707,2998
TGGGTGTC,0.7809137013977652,0.7809137013977652,3,31707,2998
ATAGTATG,0.7806456933162907,0.7806456933162907,3,31707,2998
CATACTAT,0.7806456933162907,0.7806456933162907,3,31707,2998
CAGCATAT,0.7805116892755536,0.7805116892755536,3,31707,2998
TCTCGTAT,0.7804807652661527,0.7804807652661527,3,31707,2998
CGATAGTA,0.7803673772316827,0.7803673772316827,3,31707,2998
ACCGATCT,0.7798622850781347,0.7798622850781347,3,31707,2998
CACGATAG,0.7798004370593328,0.7798004370593328,3,31707,2998
TAGATAGA,0.7797592050467984,0.7797592050467984,3,31707,2998
TAGATCCT,0.7796767410217293,0.7796767410217293,3,31707,2998
TCTCCGAT,0.779656125015462,0.779656125015462,3,31707,2998
GGACATAT,0.7796045849997939,0.7796045849997939,3,31707,2998
TTCGGTAT,0.7795942769966602,0.7795942769966602,3,31707,2998
TATCCCAA,0.7795015049684576,0.7795015049684576,3,31707,2998
ATTGATAA,0.7793571929245867,0.7793571929245867,3,31707,2998
GGCTATAT,0.7792231888838494,0.7792231888838494,3,31707,2998
TCTTGGAT,0.7791304168556468,0.7791304168556468,3,31707,2998
TCGGATCT,0.779037644827444,0.779037644827444,3,31707,2998
TAAATACC,0.7787902527522368,0.7787902527522368,3,31707,2998
AATACTCT,0.7786768647177669,0.7786768647177669,3,31707,2998
AATACACC,0.7783573166206242,0.7783573166206242,3,31707,2998
GCGATCAA,0.7782851605986888,0.7782851605986888,3,31707,2998
TGGATCTA,0.7782336205830207,0.7782336205830207,3,31707,2998
GATAAATA,0.7781511565579516,0.7781511565579516,3,31707,2998
TATTTATC,0.7781511565579516,0.7781511565579516,3,31707,2998
GACACCTG,0.7781305405516843,0.7781305405516843,3,31707,2998
CAGGTGTC,0.7781305405516843,0.7781305405516843,3,31707,2998
TATTACTC,0.7779656125015463,0.7779656125015463,3,31707,2998
GAGTAATA,0.7779656125015463,0.7779656125015463,3,31707,2998
TCGCATAT,0.7779553044984125,0.7779553044984125,3,31707,2998
AGTATATT,0.777800684451408,0.777800684451408,3,31707,2998
AATATACT,0.777800684451408,0.777800684451408,3,31707,2998
ATGATCGT,0.7777285284294726,0.7777285284294726,3,31707,2998
GGGGTCAT,0.7776769884138045,0.7776769884138045,3,31707,2998
TAGCATAT,0.7776769884138045,0.7776769884138045,3,31707,2998
ATATGCTA,0.7776769884138045,0.7776769884138045,3,31707,2998
GTATTACA,0.7775326763699336,0.7775326763699336,3,31707,2998
TGTAATAC,0.7775326763699336,0.7775326763699336,3,31707,2998
ATTGAGAT,0.7775017523605328,0.7775017523605328,3,31707,2998
GATTATAA,0.7768935801756482,0.7768935801756482,3,31707,2998
GTGATAAT,0.7768626561662474,0.7768626561662474,3,31707,2998
ATTATCAC,0.7768626561662474,0.7768626561662474,3,31707,2998
AGTATACA,0.7767492681317775,0.7767492681317775,3,31707,2998
GATGTGAT,0.7765946480847731,0.7765946480847731,3,31707,2998
AAGGATAG,0.7765637240753721,0.7765637240753721,3,31707,2998
TGTCGATA,0.7765224920628376,0.7765224920628376,3,31707,2998
ATTAATCT,0.7765224920628376,0.7765224920628376,3,31707,2998
GGGTTATC,0.7763987960252341,0.7763987960252341,3,31707,2998
GATAACCC,0.7763987960252341,0.7763987960252341,3,31707,2998
TATTCATA,0.7762441759782295,0.7762441759782295,3,31707,2998
TAAGTATT,0.7760689399249577,0.7760689399249577,3,31707,2998
CAGGATAA,0.7757596998309488,0.7757596998309488,3,31707,2998
CTTAATAT,0.775666927802746,0.775666927802746,3,31707,2998
GAGATCTA,0.7753061476930689,0.7753061476930689,3,31707,2998
TAGATCTC,0.7753061476930689,0.7753061476930689,3,31707,2998
AAGATAGC,0.7751824516554653,0.7751824516554653,3,31707,2998
GCTATCTT,0.7751824516554653,0.7751824516554653,3,31707,2998
GGTAATAC,0.7748732115614563,0.7748732115614563,3,31707,2998
CATATTTA,0.7739867232919639,0.7739867232919639,3,31707,2998
GACTATAC,0.7739351832762957,0.7739351832762957,3,31707,2998
GGATCTTA,0.7736877912010885,0.7736877912010885,3,31707,2998
CGGATCCC,0.7736053271760195,0.7736053271760195,3,31707,2998
CGGATACG,0.7735125551478167,0.7735125551478167,3,31707,2998
GTGGTATT,0.773337319094545,0.773337319094545,3,31707,2998
AATACCAC,0.773337319094545,0.773337319094545,3,31707,2998
CTAGATAA,0.7733063950851441,0.7733063950851441,3,31707,2998
GATCTAAA,0.7729249989691998,0.7729249989691998,3,31707,2998
CTGGGATC,0.7726879148971262,0.7726879148971262,3,31707,2998
TAATCATA,0.7726157588751907,0.7726157588751907,3,31707,2998
TATATGTC,0.7720385106997072,0.7720385106997072,3,31707,2998
GACATATA,0.7720385106997072,0.7720385106997072,3,31707,2998
TCTGTTAT,0.7718323506370346,0.7718323506370346,3,31707,2998
AAGATGTA,0.771822042633901,0.771822042633901,3,31707,2998
CCAATATA,0.7717395786088319,0.7717395786088319,3,31707,2998
GGGATTGT,0.7717292706056982,0.7717292706056982,3,31707,2998
ATCATATT,0.7715849585618273,0.7715849585618273,3,31707,2998
AATATGAT,0.7715849585618273,0.7715849585618273,3,31707,2998
GACACCTC,0.7715024945367585,0.7715024945367585,3,31707,2998
GAGGTGTC,0.7715024945367585,0.7715024945367585,3,31707,2998
AGTGGTAT,0.7709664783738094,0.7709664783738094,3,31707,2998
GTTTATAC,0.7708737063456068,0.7708737063456068,3,31707,2998
ATGTAATC,0.770842782336206,0.770842782336206,3,31707,2998
TATAATGC,0.7708221663299385,0.7708221663299385,3,31707,2998
GGTGTTAA,0.7705438502453305,0.7705438502453305,3,31707,2998
GATAAGTG,0.7705335422421968,0.7705335422421968,3,31707,2998
TAGATCGC,0.7702655341607224,0.7702655341607224,3,31707,2998
GCGATCTA,0.7702655341607224,0.7702655341607224,3,31707,2998
GAGATAAA,0.7701727621325197,0.7701727621325197,3,31707,2998
TTTATCTC,0.7701727621325197,0.7701727621325197,3,31707,2998
TTCAATAC,0.7701109141137179,0.7701109141137179,3,31707,2998
CTTATCAA,0.7697192099946399,0.7697192099946399,3,31707,2998
AATCAGAT,0.7696367459695708,0.7696367459695708,3,31707,2998
AAGATCTA,0.7696367459695708,0.7696367459695708,3,31707,2998
ATCTGATT,0.7696367459695708,0.7696367459695708,3,31707,2998
AATATCTG,0.7693584298849627,0.7693584298849627,3,31707,2998
CAGATATT,0.7693584298849627,0.7693584298849627,3,31707,2998
TATTCCTC,0.7692038098379582,0.7692038098379582,3,31707,2998
GAAATATC,0.7691625778254237,0.7691625778254237,3,31707,2998
TAGGAGAT,0.7690285737846865,0.7690285737846865,3,31707,2998
ATGCTATC,0.7690079577784191,0.7690079577784191,3,31707,2998
GATAGCAT,0.7690079577784191,0.7690079577784191,3,31707,2998
GCTATCCT,0.7689976497752855,0.7689976497752855,3,31707,2998
AGGATAGC,0.7689976497752855,0.7689976497752855,3,31707,2998
AATATTAT,0.7687811817094793,0.7687811817094793,3,31707,2998
ATTGCTAT,0.7687708737063457,0.7687708737063457,3,31707,2998
TAGATAGC,0.7684616336123367,0.7684616336123367,3,31707,2998
GCTATCTA,0.7684616336123367,0.7684616336123367,3,31707,2998
ATTGGTAT,0.768307013565332,0.768307013565332,3,31707,2998
TAAAATAC,0.7682348575433966,0.7682348575433966,3,31707,2998
ATAGGTAC,0.7680905454995257,0.7680905454995257,3,31707,2998
TACCATAG,0.7664000329856101,0.7664000329856101,3,31707,2998
GGTATACG,0.7658021688038593,0.7658021688038593,3,31707,2998
CGTATACC,0.7658021688038593,0.7658021688038593,3,31707,2998
AAAGTATT,0.7657815527975921,0.7657815527975921,3,31707,2998
AATACTTT,0.7657815527975921,0.7657815527975921,3,31707,2998
GCTATCCA,0.7654310806910486,0.7654310806910486,3,31707,2998
TGGATAGC,0.7654310806910486,0.7654310806910486,3,31707,2998
GATAACAT,0.7654104646847812,0.7654104646847812,3,31707,2998
ATGTTATC,0.7654104646847812,0.7654104646847812,3,31707,2998
TGTCAGAT,0.7653589246691131,0.7653589246691131,3,31707,2998
ATCTGACA,0.7653589246691131,0.7653589246691131,3,31707,2998
GGGTTATA,0.7647095204716942,0.7647095204716942,3,31707,2998
TATAACCC,0.7647095204716942,0.7647095204716942,3,31707,2998
ATAGGTTA,0.7646167484434916,0.7646167484434916,3,31707,2998
TATAATCA,0.7642868923432152,0.7642868923432152,3,31707,2998
CAATATAC,0.7642353523275471,0.7642353523275471,3,31707,2998
CATGTATA,0.7641735043087453,0.7641735043087453,3,31707,2998
TATCTTGT,0.7640085762586072,0.7640085762586072,3,31707,2998
ACATTATC,0.7635962561332619,0.7635962561332619,3,31707,2998
ATCTGGTA,0.763451944089391,0.763451944089391,3,31707,2998
TACCAGAT,0.763451944089391,0.763451944089391,3,31707,2998
TACACTCT,0.7629571599389766,0.7629571599389766,3,31707,2998
TGGGATAC,0.7626273038387005,0.7626273038387005,3,31707,2998
GTATCCCA,0.7626273038387005,0.7626273038387005,3,31707,2998
CGAATCGA,0.762606687832433,0.762606687832433,3,31707,2998
GAGTTATC,0.7624314517791614,0.7624314517791614,3,31707,2998
GATAACTC,0.7624314517791614,0.7624314517791614,3,31707,2998
ACGATCCA,0.7624211437760277,0.7624211437760277,3,31707,2998
TCGACACC,0.7624108357728941,0.7624108357728941,3,31707,2998
GGTGTCGA,0.7624108357728941,0.7624108357728941,3,31707,2998
ATACATAA,0.7622974477384241,0.7622974477384241,3,31707,2998
AGTTATAC,0.7622046757102214,0.7622046757102214,3,31707,2998
TGTCGTAT,0.761936667628747,0.761936667628747,3,31707,2998
CATTATAT,0.7618438956005442,0.7618438956005442,3,31707,2998
CGTATCCC,0.7617614315754752,0.7617614315754752,3,31707,2998
GGGATACG,0.7617614315754752,0.7617614315754752,3,31707,2998
GGGATCCA,0.7613903434626644,0.7613903434626644,3,31707,2998
ATGATAAT,0.7612357234156599,0.7612357234156599,3,31707,2998
ATTATCAT,0.7612357234156599,0.7612357234156599,3,31707,2998
CGTATATT,0.7611017193749228,0.7611017193749228,3,31707,2998
CATCAGAT,0.7610914113717892,0.7610914113717892,3,31707,2998
ATCTGATG,0.7610914113717892,0.7610914113717892,3,31707,2998
CGTATAGA,0.7608852513091166,0.7608852513091166,3,31707,2998
ACTGCTAT,0.7606172432276419,0.7606172432276419,3,31707,2998
GATTATCT,0.7604626231806374,0.7604626231806374,3,31707,2998
GATCTCAA,0.7604420071743702,0.7604420071743702,3,31707,2998
TTGAGATC,0.7604420071743702,0.7604420071743702,3,31707,2998
TATAATCG,0.7600296870490248,0.7600296870490248,3,31707,2998
CGATTATA,0.7600296870490248,0.7600296870490248,3,31707,2998
GATCTCGG,0.7597616789675504,0.7597616789675504,3,31707,2998
AGTATTGA,0.7596070589205459,0.7596070589205459,3,31707,2998
GTTATCGG,0.7595452109017441,0.7595452109017441,3,31707,2998
CCGATAAC,0.7595452109017441,0.7595452109017441,3,31707,2998
GCAATACC,0.7592978188265369,0.7592978188265369,3,31707,2998
AGTGACAC,0.7591844307920669,0.7591844307920669,3,31707,2998
AAAGTATA,0.7589473467199934,0.7589473467199934,3,31707,2998
TATACTTT,0.7589473467199934,0.7589473467199934,3,31707,2998
CTTATCAT,0.7583597905413764,0.7583597905413764,3,31707,2998
AATATTCC,0.7582979425225745,0.7582979425225745,3,31707,2998
GGAATATT,0.7582979425225745,0.7582979425225745,3,31707,2998
AGAATACC,0.7582257865006392,0.7582257865006392,3,31707,2998
GGTATTCT,0.7582257865006392,0.7582257865006392,3,31707,2998
TACCCCCC,0.7579577784191647,0.7579577784191647,3,31707,2998
GTGGATAA,0.7576485383251556,0.7576485383251556,3,31707,2998
CAGATCCT,0.7575763823032201,0.7575763823032201,3,31707,2998
AGGATCTG,0.7575763823032201,0.7575763823032201,3,31707,2998
CACATATT,0.7574836102750175,0.7574836102750175,3,31707,2998
AATATGTG,0.7574836102750175,0.7574836102750175,3,31707,2998
GGATCTGA,0.7573496062342804,0.7573496062342804,3,31707,2998
TAGCAGAT,0.7572465262029441,0.7572465262029441,3,31707,2998
ATCTGCTA,0.7572465262029441,0.7572465262029441,3,31707,2998
TATATGAA,0.7570815981528058,0.7570815981528058,3,31707,2998
GTTATCCT,0.7568651300869996,0.7568651300869996,3,31707,2998
AGGATAAC,0.7568651300869996,0.7568651300869996,3,31707,2998
CAGCGATC,0.7568032820681977,0.7568032820681977,3,31707,2998
GAGAATAT,0.756545581989857,0.756545581989857,3,31707,2998
GATCTCTA,0.7564528099616542,0.7564528099616542,3,31707,2998
TAGAGATC,0.7564528099616542,0.7564528099616542,3,31707,2998
ATAGACAC,0.7564218859522532,0.7564218859522532,3,31707,2998
GGGCTATA,0.7561538778707789,0.7561538778707789,3,31707,2998
GATCAAAT,0.7559477178081062,0.7559477178081062,3,31707,2998
CTGGTATA,0.7558446377767699,0.7558446377767699,3,31707,2998
TTTGACAC,0.7558343297736362,0.7558343297736362,3,31707,2998
TACCATAT,0.7554838576670927,0.7554838576670927,3,31707,2998
GTTAATCC,0.7553498536263555,0.7553498536263555,3,31707,2998
GGATTAAC,0.7553498536263555,0.7553498536263555,3,31707,2998
AAGGATAA,0.7552570815981527,0.7552570815981527,3,31707,2998
TATACGCT,0.7551024615511482,0.7551024615511482,3,31707,2998
AGGATCCG,0.7550818455448811,0.7550818455448811,3,31707,2998
GATAACCG,0.7549478415041438,0.7549478415041438,3,31707,2998
TACATACA,0.7547622974477385,0.7547622974477385,3,31707,2998
GGCTCATA,0.7542365892879231,0.7542365892879231,3,31707,2998
TATAAGAC,0.7541953572753886,0.7541953572753886,3,31707,2998
GTGATTCC,0.753762421143776,0.753762421143776,3,31707,2998
GGAATCAC,0.753762421143776,0.753762421143776,3,31707,2998
GCTATGAT,0.7530820929369563,0.7530820929369563,3,31707,2998
ATCATAGC,0.7530820929369563,0.7530820929369563,3,31707,2998
AGTTGATC,0.7529274728899517,0.7529274728899517,3,31707,2998
GATTAAAT,0.7527316208304128,0.7527316208304128,3,31707,2998
TGTATAAT,0.7526079247928091,0.7526079247928091,3,31707,2998
TACATACC,0.7525976167896755,0.7525976167896755,3,31707,2998
GGTATGTA,0.7525976167896755,0.7525976167896755,3,31707,2998
GCGACACC,0.7525563847771409,0.7525563847771409,3,31707,2998
TATCTGAC,0.7525151527646065,0.7525151527646065,3,31707,2998
ACATAATA,0.7520100606110584,0.7520100606110584,3,31707,2998
TATTATGT,0.7520100606110584,0.7520100606110584,3,31707,2998
TTCCATAT,0.751906980579722,0.751906980579722,3,31707,2998
AATGTTAT,0.7517832845421185,0.7517832845421185,3,31707,2998
GATTTGAT,0.7517420525295839,0.7517420525295839,3,31707,2998
ATCAAATC,0.7517420525295839,0.7517420525295839,3,31707,2998
TATATTGC,0.751628664495114,0.751628664495114,3,31707,2998
GCAATATA,0.751628664495114,0.751628664495114,3,31707,2998
AATACATC,0.7507834082381561,0.7507834082381561,3,31707,2998
GATGTATT,0.7507834082381561,0.7507834082381561,3,31707,2998
GATAACTG,0.7507524842287552,0.7507524842287552,3,31707,2998
AATATCGA,0.7505257081598152,0.7505257081598152,3,31707,2998
TCGATATT,0.7505257081598152,0.7505257081598152,3,31707,2998
CTTGATCA,0.7503401641034099,0.7503401641034099,3,31707,2998
GGTGATAA,0.7499072279717973,0.7499072279717973,3,31707,2998
GGGGTCTA,0.7498350719498619,0.7498350719498619,3,31707,2998
TAGACCCC,0.7498350719498619,0.7498350719498619,3,31707,2998
AATCCTCC,0.7495979878777884,0.7495979878777884,3,31707,2998
TCGCTATC,0.7495464478621201,0.7495464478621201,3,31707,2998
GTATTCTT,0.7494433678307838,0.7494433678307838,3,31707,2998
AACTATAT,0.7492062837587103,0.7492062837587103,3,31707,2998
GACGATAG,0.7488248876427659,0.7488248876427659,3,31707,2998
TATCTTGG,0.7487321156145632,0.7487321156145632,3,31707,2998
AGTGTGAT,0.7487321156145632,0.7487321156145632,3,31707,2998
CGTATAAC,0.7483507194986186,0.7483507194986186,3,31707,2998
AATCGGAT,0.7483094874860842,0.7483094874860842,3,31707,2998
GTTACACC,0.748144559435946,0.748144559435946,3,31707,2998
GGTGTAAC,0.748144559435946,0.748144559435946,3,31707,2998
CGTGATAG,0.7479280913701398,0.7479280913701398,3,31707,2998
CAGATAGA,0.747897167360739,0.747897167360739,3,31707,2998
CCGATCTG,0.7475879272667298,0.7475879272667298,3,31707,2998
TATCGGCT,0.7470725271100482,0.7470725271100482,3,31707,2998
CAAGTATA,0.7468560590442419,0.7468560590442419,3,31707,2998
TATACTTG,0.7468560590442419,0.7468560590442419,3,31707,2998
GAGATCCG,0.746825135034841,0.746825135034841,3,31707,2998
CGGATCTC,0.746825135034841,0.746825135034841,3,31707,2998
GATGATAA,0.746546818950233,0.746546818950233,3,31707,2998
TTATCATC,0.746546818950233,0.746546818950233,3,31707,2998
TATACCGT,0.7463612748938276,0.7463612748938276,3,31707,2998
ACGGTATA,0.7463612748938276,0.7463612748938276,3,31707,2998
GGCATGAT,0.745732486702676,0.745732486702676,3,31707,2998
TCGATTAT,0.7455366346431369,0.7455366346431369,3,31707,2998
AGTGAGAT,0.7453820145961325,0.7453820145961325,3,31707,2998
AGTGATAA,0.7451346225209253,0.7451346225209253,3,31707,2998
TTATCACT,0.7451346225209253,0.7451346225209253,3,31707,2998
TTTGTATA,0.7449490784645199,0.7449490784645199,3,31707,2998
TGTATAGC,0.7449181544551189,0.7449181544551189,3,31707,2998
AGTATAAC,0.7448769224425845,0.7448769224425845,3,31707,2998
GTTATACT,0.7448769224425845,0.7448769224425845,3,31707,2998
TGTAATCC,0.7448150744237826,0.7448150744237826,3,31707,2998
AACGGTAT,0.7447841504143817,0.7447841504143817,3,31707,2998
GTTGATAA,0.7446398383705108,0.7446398383705108,3,31707,2998
CTTGGTAT,0.7444336783078382,0.7444336783078382,3,31707,2998
GGAGGGTA,0.7441965942357647,0.7441965942357647,3,31707,2998
TACCCTCC,0.7441965942357647,0.7441965942357647,3,31707,2998
GATAATTA,0.7437224260916175,0.7437224260916175,3,31707,2998
ACTTATAT,0.7436193460602812,0.7436193460602812,3,31707,2998
TGTTTATC,0.7433925699913412,0.7433925699913412,3,31707,2998
GGGATCTA,0.7433513379788068,0.7433513379788068,3,31707,2998
TGATATGT,0.9795592297860058,0.9795592297860058,4,42695,3997
TGATATGG,0.974724776316332,0.974724776316332,4,42695,3997
CTATATCA,0.9728693357522781,0.9728693357522781,4,42695,3997
TGATATAC,0.9713334432853667,0.9713334432853667,4,42695,3997
ATATATAT,0.9705191110378097,0.9705191110378097,4,42695,3997
ATATCACG,0.9684059703954151,0.9684059703954151,4,42695,3997
ATATCAGT,0.9681585783202078,0.9681585783202078,4,42695,3997
ATATATCA,0.9676225621572588,0.9676225621572588,4,42695,3997
GGATCACT,0.9659217416402095,0.9659217416402095,4,42695,3997
AGTGATCC,0.9659217416402095,0.9659217416402095,4,42695,3997
TTGATACA,0.9631695048035296,0.9631695048035296,4,42695,3997
ATATCAAG,0.9631591968003959,0.9631591968003959,4,42695,3997
ATATCACT,0.9626953366593825,0.9626953366593825,4,42695,3997
ATATCAAA,0.9616026883272173,0.9616026883272173,4,42695,3997
ATATCGAT,0.9604481919762504,0.9604481919762504,4,42695,3997
TATTGATA,0.9604275759699832,0.9604275759699832,4,42695,3997
ATATATCC,0.9604275759699832,0.9604275759699832,4,42695,3997
TATCAATA,0.9604275759699832,0.9604275759699832,4,42695,3997
TGACACCC,0.9567579268544097,0.9567579268544097,4,42695,3997
GTATATAT,0.9564074547478663,0.9564074547478663,4,42695,3997
TTGACACC,0.9545623221869459,0.9545623221869459,4,42695,3997
GTATCGGA,0.9536449099080526,0.9536449099080526,4,42695,3997
ATATCCCC,0.9522120974724776,0.9522120974724776,4,42695,3997
ATATCCGA,0.9509854450995753,0.9509854450995753,4,42695,3997
ATATCGCT,0.950768977033769,0.950768977033769,4,42695,3997
TTATATAT,0.9492949325856596,0.9492949325856596,4,42695,3997
ATATCAAC,0.9491609285449224,0.9491609285449224,4,42695,3997
GGATATCT,0.9474394920216056,0.9474394920216056,4,42695,3997
CGATATAT,0.9470374798993939,0.9470374798993939,4,42695,3997
TTAGATAT,0.9461612996330351,0.9461612996330351,4,42695,3997
ATATCTAA,0.9461612996330351,0.9461612996330351,4,42695,3997
GTATCTAT,0.9460891436110996,0.9460891436110996,4,42695,3997
CGATATCT,0.9444501711128521,0.9444501711128521,4,42695,3997
ATATATCT,0.9442955510658475,0.9442955510658475,4,42695,3997
AGATATAT,0.9442955510658475,0.9442955510658475,4,42695,3997
ATATCTCC,0.9440275429843732,0.9440275429843732,4,42695,3997
ATACGGTA,0.9431719787242815,0.9431719787242815,4,42695,3997
ATATCTAT,0.9426153465550654,0.9426153465550654,4,42695,3997
ATATCTTC,0.9388116933987548,0.9388116933987548,4,42695,3997
GGATCAAT,0.938471529295345,0.938471529295345,4,42695,3997
GTATCAGG,0.9351626602894486,0.9351626602894486,4,42695,3997
CTATCAAA,0.9334618397723993,0.9334618397723993,4,42695,3997
GTATCGAA,0.9326062755123078,0.9326062755123078,4,42695,3997
AGAGGTAT,0.9323898074465016,0.9323898074465016,4,42695,3997
ATATCTTT,0.9322764194120315,0.9322764194120315,4,42695,3997
TGTGATCC,0.9320290273368244,0.9320290273368244,4,42695,3997
AGATCATT,0.9316063992083453,0.9316063992083453,4,42695,3997
TAGGATCA,0.9308436069764565,0.9308436069764565,4,42695,3997
ATACTATA,0.9304519028573784,0.9304519028573784,4,42695,3997
AGGGGTAT,0.9302148187853049,0.9302148187853049,4,42695,3997
TTGATCCG,0.9298024986599597,0.9298024986599597,4,42695,3997
ATATCTAC,0.926421473632128,0.926421473632128,4,42695,3997
ATATCGCC,0.9260297695130499,0.9260297695130499,4,42695,3997
TTATCCCC,0.9208139199274317,0.9208139199274317,4,42695,3997
ATCTATAT,0.9202675957613492,0.9202675957613492,4,42695,3997
TGATAGTA,0.9198243516266028,0.9198243516266028,4,42695,3997
ATATCTGT,0.9182884591596916,0.9182884591596916,4,42695,3997
ATATATAG,0.915494990310477,0.915494990310477,4,42695,3997
ATATACAC,0.9150723621819981,0.9150723621819981,4,42695,3997
GTGTATAT,0.9150723621819981,0.9150723621819981,4,42695,3997
TTAATACC,0.91502082216633,0.91502082216633,4,42695,3997
ATCATAGA,0.9149280501381273,0.9149280501381273,4,42695,3997
ATATCCCA,0.9142477219313074,0.9142477219313074,4,42695,3997
TCATATAT,0.9140827938811694,0.9140827938811694,4,42695,3997
AGATGATC,0.9131756896054096,0.9131756896054096,4,42695,3997
CGATACAT,0.9130107615552714,0.9130107615552714,4,42695,3997
GTATCTCC,0.9121964293077146,0.9121964293077146,4,42695,3997
CGCGATAC,0.9118253411949037,0.9118253411949037,4,42695,3997
GTATCGCG,0.9118253411949037,0.9118253411949037,4,42695,3997
ATATAAGA,0.9106605368408033,0.9106605368408033,4,42695,3997
TTGATAGG,0.9102379087123244,0.9102379087123244,4,42695,3997
CGGGGTAT,0.9101245206778543,0.9101245206778543,4,42695,3997
CACTGATA,0.9098462045932462,0.9098462045932462,4,42695,3997
TATCAGTG,0.9098462045932462,0.9098462045932462,4,42695,3997
AGATCAAT,0.9097843565744445,0.9097843565744445,4,42695,3997
GTATTAAT,0.9081866160887313,0.9081866160887313,4,42695,3997
GGATATAA,0.9063002515152765,0.9063002515152765,4,42695,3997
ATCCTATC,0.9053622232301158,0.9053622232301158,4,42695,3997
CTATCAAC,0.9051663711705769,0.9051663711705769,4,42695,3997
ATATCAGG,0.9049808271141714,0.9049808271141714,4,42695,3997
ATATCAGC,0.904857131076568,0.904857131076568,4,42695,3997
TATTAATA,0.904795283057766,0.904795283057766,4,42695,3997
GTATCTCA,0.904290190904218,0.904290190904218,4,42695,3997
ATCAATAT,0.904176802869748,0.904176802869748,4,42695,3997
ACTGATCT,0.9038778707788728,0.9038778707788728,4,42695,3997
ATATTAAT,0.9030738465344494,0.9030738465344494,4,42695,3997
AGGATCAT,0.9030532305281821,0.9030532305281821,4,42695,3997
TGGGGTAT,0.9029295344905786,0.9029295344905786,4,42695,3997
GGATATAG,0.9028264544592421,0.9028264544592421,4,42695,3997
GGATCAAG,0.9028161464561085,0.9028161464561085,4,42695,3997
ACGGGTAT,0.9023729023213624,0.9023729023213624,4,42695,3997
ATATCGAA,0.9011565579515937,0.9011565579515937,4,42695,3997
GTATCCAT,0.900837009854451,0.900837009854451,4,42695,3997
GGATCAAC,0.8994969694470787,0.8994969694470787,4,42695,3997
ATGATCTG,0.8980435410052365,0.8980435410052365,4,42695,3997
ATAATACG,0.8977549169174948,0.8977549169174948,4,42695,3997
GATCACTG,0.8977343009112275,0.8977343009112275,4,42695,3997
CAATATAT,0.8960953284129798,0.8960953284129798,4,42695,3997
ATCGGATC,0.8946625159774049,0.8946625159774049,4,42695,3997
GGGTATAA,0.8935595596421061,0.8935595596421061,4,42695,3997
ATCCTATA,0.8934255556013689,0.8934255556013689,4,42695,3997
TGGTATAT,0.893281243557498,0.893281243557498,4,42695,3997
ATATCCAT,0.8911990269245043,0.8911990269245043,4,42695,3997
ATATAGTA,0.8904259266894817,0.8904259266894817,4,42695,3997
ATATCGTC,0.8903846946769471,0.8903846946769471,4,42695,3997
TATCCGTT,0.8903125386550117,0.8903125386550117,4,42695,3997
AGGTATAT,0.8896940584669938,0.8896940584669938,4,42695,3997
AATACTAT,0.8895600544262565,0.8895600544262565,4,42695,3997
ATAGTATT,0.8895600544262565,0.8895600544262565,4,42695,3997
ATCATACA,0.8891992743165794,0.8891992743165794,4,42695,3997
TGATCATC,0.8891168102915104,0.8891168102915104,4,42695,3997
ATGTGATC,0.8888900342225705,0.8888900342225705,4,42695,3997
GGATATGT,0.8884261740815569,0.8884261740815569,4,42695,3997
GTATCCAA,0.888395250072156,0.888395250072156,4,42695,3997
ATCGATCT,0.8876530738465345,0.8876530738465345,4,42695,3997
ATATCGCA,0.8872819857337237,0.8872819857337237,4,42695,3997
TGCGATAT,0.8872819857337237,0.8872819857337237,4,42695,3997
CTATCACT,0.8870655176679174,0.8870655176679174,4,42695,3997
ATAGTATA,0.8855605492104069,0.8855605492104069,4,42695,3997
TTGGATCC,0.8854677771822044,0.8854677771822044,4,42695,3997
ATCCATAT,0.885364697150868,0.885364697150868,4,42695,3997
TATACCAA,0.8850245330474581,0.8850245330474581,4,42695,3997
CCCGATAC,0.8845606729064447,0.8845606729064447,4,42695,3997
ATCCGATC,0.8842720488187028,0.8842720488187028,4,42695,3997
ATACTGTA,0.8836741846369521,0.8836741846369521,4,42695,3997
CTATCAGT,0.8836638766338185,0.8836638766338185,4,42695,3997
TGATATTT,0.8833752525460767,0.8833752525460767,4,42695,3997
TATCCTTT,0.8830660124520678,0.8830660124520678,4,42695,3997
ACCAGATA,0.8829629324207314,0.8829629324207314,4,42695,3997
TAGATGAT,0.8828701603925287,0.8828701603925287,4,42695,3997
GTATCGCC,0.8827155403455242,0.8827155403455242,4,42695,3997
AGATCATC,0.882694924339257,0.882694924339257,4,42695,3997
TGGATACT,0.8819424401105018,0.8819424401105018,4,42695,3997
AAAAGATA,0.8813342679256174,0.8813342679256174,4,42695,3997
CGGATCCG,0.881148723869212,0.881148723869212,4,42695,3997
GGATAGAT,0.8800457675339134,0.8800457675339134,4,42695,3997
ATGTATCC,0.8799529955057107,0.8799529955057107,4,42695,3997
CCTATCAG,0.8798602234775079,0.8798602234775079,4,42695,3997
TACGGTAT,0.8789634272048819,0.8789634272048819,4,42695,3997
TAATATAT,0.878932503195481,0.878932503195481,4,42695,3997
GTATATAG,0.8785098750670021,0.8785098750670021,4,42695,3997
CTATATAC,0.8785098750670021,0.8785098750670021,4,42695,3997
GTATCCCC,0.8780666309322558,0.8780666309322558,4,42695,3997
CCCTGATA,0.8778398548633158,0.8778398548633158,4,42695,3997
CTGATCCG,0.8774893827567724,0.8774893827567724,4,42695,3997
CGGATCAG,0.8774893827567724,0.8774893827567724,4,42695,3997
ATAGGATC,0.8761184183399991,0.8761184183399991,4,42695,3997
TAGTGATC,0.8728610893497711,0.8728610893497711,4,42695,3997
TTGATCTA,0.8723972292087577,0.8723972292087577,4,42695,3997
ATACCATA,0.8718715210489424,0.8718715210489424,4,42695,3997
TTTATCCG,0.8716859769925369,0.8716859769925369,4,42695,3997
CTATCGTA,0.8716241289737352,0.8716241289737352,4,42695,3997
TACGATAG,0.8716241289737352,0.8716241289737352,4,42695,3997
TGCTATAT,0.8707685647136437,0.8707685647136437,4,42695,3997
TATATTGA,0.8704387086133675,0.8704387086133675,4,42695,3997
TCAATATA,0.8704387086133675,0.8704387086133675,4,42695,3997
CGGATACT,0.8700882365068239,0.8700882365068239,4,42695,3997
GGATCACG,0.8695934523564095,0.8695934523564095,4,42695,3997
GTATCCGA,0.8693976002968705,0.8693976002968705,4,42695,3997
ATATAATC,0.868706964086917,0.868706964086917,4,42695,3997
CTGATCAT,0.8684904960211107,0.8684904960211107,4,42695,3997
GCATATAT,0.8684904960211107,0.8684904960211107,4,42695,3997
CTATCGAT,0.8683771079866408,0.8683771079866408,4,42695,3997
ATAATACA,0.8679338638518947,0.8679338638518947,4,42695,3997
CGGTATAT,0.8678307838205583,0.8678307838205583,4,42695,3997
CGATCATC,0.8672535356450748,0.8672535356450748,4,42695,3997
GTATCTAG,0.866995835566734,0.866995835566734,4,42695,3997
GTATCCCT,0.8665628994351214,0.8665628994351214,4,42695,3997
GTATACTT,0.8664701274069188,0.8664701274069188,4,42695,3997
TACGTATA,0.8652331670308828,0.8652331670308828,4,42695,3997
CAGATGAT,0.8649857749556756,0.8649857749556756,4,42695,3997
TCAAATAT,0.8646971508679339,0.8646971508679339,4,42695,3997
TCCTGATA,0.8646765348616666,0.8646765348616666,4,42695,3997
ATACAATA,0.8646662268585329,0.8646662268585329,4,42695,3997
TACGATCC,0.8645631468271966,0.8645631468271966,4,42695,3997
ACACGATA,0.8639858986517132,0.8639858986517132,4,42695,3997
CTACTATC,0.863429266482497,0.863429266482497,4,42695,3997
GTATCCGC,0.8630169463571516,0.8630169463571516,4,42695,3997
GGGGGGAT,0.8629963303508844,0.8629963303508844,4,42695,3997
ACATATAT,0.8620583020657239,0.8620583020657239,4,42695,3997
CTGATCCT,0.861749061971715,0.861749061971715,4,42695,3997
AGGATCAG,0.861749061971715,0.861749061971715,4,42695,3997
ATACATCC,0.8612542778213005,0.8612542778213005,4,42695,3997
ATATCGTG,0.8611924298024987,0.8611924298024987,4,42695,3997
ATCTAGAT,0.8611718137962314,0.8611718137962314,4,42695,3997
TTCGGATA,0.8601203974766007,0.8601203974766007,4,42695,3997
AATAGGAT,0.8596977693481219,0.8596977693481219,4,42695,3997
TGATCTAC,0.8594916092854492,0.8594916092854492,4,42695,3997
GTATCGTG,0.8590174411413022,0.8590174411413022,4,42695,3997
TTAATCCG,0.8584092689564177,0.8584092689564177,4,42695,3997
TATGTGAT,0.8582752649156805,0.8582752649156805,4,42695,3997
ATTATCTC,0.857842328784068,0.857842328784068,4,42695,3997
ATAAATAT,0.8574403166618563,0.8574403166618563,4,42695,3997
ATACCATC,0.8573990846493217,0.8573990846493217,4,42695,3997
CGATAATA,0.8548736238815817,0.8548736238815817,4,42695,3997
TATTATCG,0.8548736238815817,0.8548736238815817,4,42695,3997
GTATCGAG,0.8548117758627798,0.8548117758627798,4,42695,3997
AGGTATAC,0.8547499278439781,0.8547499278439781,4,42695,3997
ATCAATAA,0.8543788397311673,0.8543788397311673,4,42695,3997
GATCTTCA,0.8538634395744856,0.8538634395744856,4,42695,3997
GAGACGAT,0.8531624953613987,0.8531624953613987,4,42695,3997
AGGATCCT,0.8525543231765143,0.8525543231765143,4,42695,3997
ATAATCCC,0.8523997031295097,0.8523997031295097,4,42695,3997
GGGATTAT,0.8523997031295097,0.8523997031295097,4,42695,3997
CTAGTATA,0.8523378551107079,0.8523378551107079,4,42695,3997
TCCCATAT,0.8520595390260999,0.8520595390260999,4,42695,3997
CTATCGTT,0.8518224549540264,0.8518224549540264,4,42695,3997
GTATCGGC,0.8517399909289572,0.8517399909289572,4,42695,3997
ATGGGTAT,0.8511421267472065,0.8511421267472065,4,42695,3997
GGGTATAG,0.8504721065435205,0.8504721065435205,4,42695,3997
ATATTAGA,0.8499051663711706,0.8499051663711706,4,42695,3997
AATAGTAT,0.8498742423617697,0.8498742423617697,4,42695,3997
GTATCGAC,0.8490289861048118,0.8490289861048118,4,42695,3997
GTATCTAC,0.8490186781016782,0.8490186781016782,4,42695,3997
TGGCGATA,0.8488743660578073,0.8488743660578073,4,42695,3997
TCCGATAG,0.8487609780233374,0.8487609780233374,4,42695,3997
AGGGAGAT,0.8485857419700655,0.8485857419700655,4,42695,3997
TATATTAG,0.8484105059167938,0.8484105059167938,4,42695,3997
TGACGATA,0.847956953778914,0.847956953778914,4,42695,3997
GAAGATCA,0.846019049189791,0.846019049189791,4,42695,3997
ACCATATA,0.845905661155321,0.845905661155321,4,42695,3997
TATATGGT,0.845905661155321,0.845905661155321,4,42695,3997
CTGATAGT,0.8445346967385479,0.8445346967385479,4,42695,3997
AAGATACG,0.8441842246320044,0.8441842246320044,4,42695,3997
TTGACACT,0.8441842246320044,0.8441842246320044,4,42695,3997
ATATCGGC,0.8435038964251845,0.8435038964251845,4,42695,3997
ATGATCGG,0.8431225003092402,0.8431225003092402,4,42695,3997
AATGATCA,0.8430812682967056,0.8430812682967056,4,42695,3997
TCGGAGAT,0.8427823362058302,0.8427823362058302,4,42695,3997
CTATCAAT,0.8425143281243557,0.8425143281243557,4,42695,3997
ACGGTATT,0.8424112480930194,0.8424112480930194,4,42695,3997
CAGATCAG,0.8421844720240795,0.8421844720240795,4,42695,3997
ATCTACTA,0.8418339999175359,0.8418339999175359,4,42695,3997
ATATCTTG,0.8416278398548633,0.8416278398548633,4,42695,3997
GAGATAGT,0.8415762998391951,0.8415762998391951,4,42695,3997
GGGTATAC,0.8409475116480436,0.8409475116480436,4,42695,3997
TCCCGTAT,0.8408031996041726,0.8408031996041726,4,42695,3997
TCGGGTAT,0.8407207355791037,0.8407207355791037,4,42695,3997
GTGTCAAG,0.8405145755164309,0.8405145755164309,4,42695,3997
CTACGATA,0.8402465674349565,0.8402465674349565,4,42695,3997
ATACAGAT,0.8401537954067538,0.8401537954067538,4,42695,3997
TATCGTTG,0.8399476353440812,0.8399476353440812,4,42695,3997
CAACGATA,0.8399476353440812,0.8399476353440812,4,42695,3997
GTGTCAAC,0.8399373273409475,0.8399373273409475,4,42695,3997
ACTATCGT,0.8398548633158784,0.8398548633158784,4,42695,3997
ATTAAATA,0.8394528511936669,0.8394528511936669,4,42695,3997
ATAACACC,0.8392673071372614,0.8392673071372614,4,42695,3997
GGATCGGT,0.8385663629241743,0.8385663629241743,4,42695,3997
ACTATCGA,0.8383498948583681,0.8383498948583681,4,42695,3997
TAATAGAT,0.8375974106296129,0.8375974106296129,4,42695,3997
AACGATCC,0.8375561786170783,0.8375561786170783,4,42695,3997
ATACCACC,0.8370820104729313,0.8370820104729313,4,42695,3997
ATAATCCG,0.8369480064321939,0.8369480064321939,4,42695,3997
CGGATTAT,0.8369480064321939,0.8369480064321939,4,42695,3997
AAGCGGAT,0.8368036943883231,0.8368036943883231,4,42695,3997
TTATGATC,0.8364119902692451,0.8364119902692451,4,42695,3997
GTATCTGC,0.8363913742629778,0.8363913742629778,4,42695,3997
TCATCTAT,0.8349070218117347,0.8349070218117347,4,42695,3997
TATATTCA,0.8343194656331177,0.8343194656331177,4,42695,3997
ACGTATAT,0.834082381561044,0.834082381561044,4,42695,3997
ATAGGGTA,0.8338659134952378,0.8338659134952378,4,42695,3997
TTAAATAC,0.8334742093761597,0.8334742093761597,4,42695,3997
GTATAACC,0.8326289531192017,0.8326289531192017,4,42695,3997
AAGATCCG,0.8325567970972663,0.8325567970972663,4,42695,3997
CTATCAAG,0.832257865006391,0.832257865006391,4,42695,3997
GGGGGTGT,0.8318146208716448,0.8318146208716448,4,42695,3997
GGATAATC,0.8316393848183729,0.8316393848183729,4,42695,3997
AGTAGTAT,0.8315466127901703,0.8315466127901703,4,42695,3997
TAGATCCG,0.8312992207149631,0.8312992207149631,4,42695,3997
CACCGATA,0.8311549086710922,0.8311549086710922,4,42695,3997
GTATTAAC,0.8304642724611389,0.8304642724611389,4,42695,3997
ATATAACA,0.8300416443326598,0.8300416443326598,4,42695,3997
ATATTACC,0.8296293242073146,0.8296293242073146,4,42695,3997
GGGGATCT,0.8292994681070384,0.8292994681070384,4,42695,3997
CGATCTAT,0.8290623840349647,0.8290623840349647,4,42695,3997
ATCCGACA,0.8287016039252876,0.8287016039252876,4,42695,3997
CACTATAT,0.8281140477466704,0.8281140477466704,4,42695,3997
ATCTTACC,0.8278563476683297,0.8278563476683297,4,42695,3997
ATCAGAGA,0.8277841916463943,0.8277841916463943,4,42695,3997
TTAATACT,0.8267946233455655,0.8267946233455655,4,42695,3997
ACACCATT,0.8265781552797592,0.8265781552797592,4,42695,3997
ATTATACG,0.8261452191481466,0.8261452191481466,4,42695,3997
ATCCTCTC,0.8259081350760731,0.8259081350760731,4,42695,3997
GAGAGGAT,0.8259081350760731,0.8259081350760731,4,42695,3997
TAAGATCT,0.8250731868222488,0.8250731868222488,4,42695,3997
CTTATCCC,0.8243207025934937,0.8243207025934937,4,42695,3997
AGATCGTA,0.8231765142456604,0.8231765142456604,4,42695,3997
ATATAAAT,0.822372490001237,0.822372490001237,4,42695,3997
GTATCTGT,0.8218777058508226,0.8218777058508226,4,42695,3997
CCAGATAT,0.8214756937286108,0.8214756937286108,4,42695,3997
AAGGATCC,0.8204655094215149,0.8204655094215149,4,42695,3997
AGCGATAG,0.820290273368243,0.820290273368243,4,42695,3997
TATCTTTG,0.8194553251144188,0.8194553251144188,4,42695,3997
ATCTCAGA,0.8189399249577373,0.8189399249577373,4,42695,3997
CGTATACA,0.8188574609326681,0.8188574609326681,4,42695,3997
ATCTCGAT,0.8181668247227147,0.8181668247227147,4,42695,3997
ATCGAGAT,0.8181668247227147,0.8181668247227147,4,42695,3997
CAGGGATA,0.8180431286851112,0.8180431286851112,4,42695,3997
AATACGAT,0.8179503566569084,0.8179503566569084,4,42695,3997
ATACCATT,0.817878200634973,0.817878200634973,4,42695,3997
TACTATCT,0.817682348575434,0.817682348575434,4,42695,3997
ATATGACT,0.8176411165628994,0.8176411165628994,4,42695,3997
AGGATAAT,0.8173112604626231,0.8173112604626231,4,42695,3997
GGGGTTAT,0.817259720446955,0.817259720446955,4,42695,3997
AGATCACG,0.817177256421886,0.817177256421886,4,42695,3997
TCCGATCC,0.816445388199398,0.816445388199398,4,42695,3997
GGATCGGA,0.816445388199398,0.816445388199398,4,42695,3997
AGGATCCC,0.8163732321774625,0.8163732321774625,4,42695,3997
ATATGCTC,0.8161258401022554,0.8161258401022554,4,42695,3997
CGAGATAC,0.8160639920834536,0.8160639920834536,4,42695,3997
GTATAATG,0.8158372160145138,0.8158372160145138,4,42695,3997
CCTATCGG,0.815321815857832,0.815321815857832,4,42695,3997
GGGGATCC,0.8152702758421638,0.8152702758421638,4,42695,3997
CGACGATA,0.8152187358264957,0.8152187358264957,4,42695,3997
AAGACACC,0.8147136436729477,0.8147136436729477,4,42695,3997
AGCGGTAT,0.8146724116604132,0.8146724116604132,4,42695,3997
ATGTATAC,0.8145590236259431,0.8145590236259431,4,42695,3997
TTAATCTG,0.8143734795695378,0.8143734795695378,4,42695,3997
GTATCCAC,0.8137756153877872,0.8137756153877872,4,42695,3997
TAGTATAC,0.8136003793345153,0.8136003793345153,4,42695,3997
GTATCTTG,0.8133323712530409,0.8133323712530409,4,42695,3997
CAAGATAC,0.8133323712530409,0.8133323712530409,4,42695,3997
AGTGGTGT,0.812538655011751,0.812538655011751,4,42695,3997
ATATAACC,0.8121057188801385,0.8121057188801385,4,42695,3997
CTCCGATA,0.8120438708613367,0.8120438708613367,4,42695,3997
AGACATAT,0.8119201748237332,0.8119201748237332,4,42695,3997
TTATCCGC,0.8116933987547932,0.8116933987547932,4,42695,3997
AACTATCT,0.811672782748526,0.811672782748526,4,42695,3997
ATACGCTA,0.8114563146827196,0.8114563146827196,4,42695,3997
TAGAATAT,0.8111676905949778,0.8111676905949778,4,42695,3997
ATCCGAGA,0.8104873623881582,0.8104873623881582,4,42695,3997
TATCCGGT,0.8104770543850245,0.8104770543850245,4,42695,3997
ATCCGTTA,0.8103224343380201,0.8103224343380201,4,42695,3997
ATATTGTA,0.8095802581123985,0.8095802581123985,4,42695,3997
TAATCCGT,0.8095493341029977,0.8095493341029977,4,42695,3997
TGATAGAT,0.8094874860841957,0.8094874860841957,4,42695,3997
ATATCTGC,0.8087040778460397,0.8087040778460397,4,42695,3997
ATATTAAC,0.808693769842906,0.808693769842906,4,42695,3997
AATTAATA,0.8082814497175608,0.8082814497175608,4,42695,3997
CCTATCTA,0.80779697357028,0.80779697357028,4,42695,3997
CAGGATAG,0.8073434214324001,0.8073434214324001,4,42695,3997
ATACCAGA,0.8071063373603266,0.8071063373603266,4,42695,3997
ATATTATG,0.8067970972663175,0.8067970972663175,4,42695,3997
ATCCCATA,0.8060652290438296,0.8060652290438296,4,42695,3997
AAACGATC,0.8059930730218942,0.8059930730218942,4,42695,3997
CCTAATAC,0.8055292128808808,0.8055292128808808,4,42695,3997
GTATTAGG,0.8055292128808808,0.8055292128808808,4,42695,3997
GGGTGTAA,0.8049210406959963,0.8049210406959963,4,42695,3997
AAAGATCC,0.8046118006019873,0.8046118006019873,4,42695,3997
ATTATGAA,0.8045396445800519,0.8045396445800519,4,42695,3997
GTGTCAAT,0.8044159485424484,0.8044159485424484,4,42695,3997
AGATCACA,0.8026532800065971,0.8026532800065971,4,42695,3997
GTATCCCG,0.8025192759658599,0.8025192759658599,4,42695,3997
GTATATTC,0.8024883519564591,0.8024883519564591,4,42695,3997
GATCATGG,0.8021997278687173,0.8021997278687173,4,42695,3997
ATAAGATC,0.8011276955428195,0.8011276955428195,4,42695,3997
TCGATCCG,0.8002927472889951,0.8002927472889951,4,42695,3997
TTGATCTG,0.8000247392075207,0.8000247392075207,4,42695,3997
TCAATACG,0.7997051911103781,0.7997051911103781,4,42695,3997
AGATCCTC,0.7991897909536964,0.7991897909536964,4,42695,3997
TGGATTAT,0.7991794829505628,0.7991794829505628,4,42695,3997
TACATTAT,0.7990970189254938,0.7990970189254938,4,42695,3997
ATAATGTA,0.7990970189254938,0.7990970189254938,4,42695,3997
TGAATAAT,0.7987774708283512,0.7987774708283512,4,42695,3997
CGAATGAT,0.798416690718674,0.798416690718674,4,42695,3997
ATATTCGT,0.7976332824805179,0.7976332824805179,4,42695,3997
AGCGATCT,0.7972518863645736,0.7972518863645736,4,42695,3997
GGGCTGAT,0.7972415783614398,0.7972415783614398,4,42695,3997
ATAGCTCA,0.7969735702799654,0.7969735702799654,4,42695,3997
ATGACACG,0.7969117222611636,0.7969117222611636,4,42695,3997
TATATTTG,0.7966540221828228,0.7966540221828228,4,42695,3997
TTATCTTC,0.796478786129551,0.796478786129551,4,42695,3997
GGATCGTC,0.7962623180637447,0.7962623180637447,4,42695,3997
TTTATACG,0.7956026058631922,0.7956026058631922,4,42695,3997
TTCGATCC,0.7953139817754504,0.7953139817754504,4,42695,3997
AGATCACC,0.7951696697315795,0.7951696697315795,4,42695,3997
TATATGTG,0.795159361728446,0.795159361728446,4,42695,3997
ATTATATT,0.7950872057065105,0.7950872057065105,4,42695,3997
TTATCAGT,0.7950253576877088,0.7950253576877088,4,42695,3997
ATACCACA,0.794736733599967,0.794736733599967,4,42695,3997
TATAGATT,0.7940873294025481,0.7940873294025481,4,42695,3997
ATCATTCC,0.7937677813054056,0.7937677813054056,4,42695,3997
TTATCCTA,0.7935616212427329,0.7935616212427329,4,42695,3997
AGATCATG,0.7933554611800602,0.7933554611800602,4,42695,3997
ATCCTCTG,0.7929019090421803,0.7929019090421803,4,42695,3997
GGATAAAA,0.7928812930359131,0.7928812930359131,4,42695,3997
ATCTCTTA,0.7924071248917659,0.7924071248917659,4,42695,3997
TAAGAGAT,0.7924071248917659,0.7924071248917659,4,42695,3997
GAAGATCC,0.7918917247350843,0.7918917247350843,4,42695,3997
GGATCTTC,0.7918917247350843,0.7918917247350843,4,42695,3997
ATATGAAT,0.7917164886818125,0.7917164886818125,4,42695,3997
ATCTCTTC,0.7910361604749929,0.7910361604749929,4,42695,3997
GTTTATCC,0.7908815404279883,0.7908815404279883,4,42695,3997
TTATCGTA,0.7906856883684493,0.7906856883684493,4,42695,3997
GATCTGTT,0.7906753803653157,0.7906753803653157,4,42695,3997
ATCCGAAA,0.7905723003339793,0.7905723003339793,4,42695,3997
GTATCCAG,0.7903455242650393,0.7903455242650393,4,42695,3997
ATCATATG,0.7898713561208923,0.7898713561208923,4,42695,3997
CTTATGAT,0.7894384199892798,0.7894384199892798,4,42695,3997
ATCTCATC,0.7887271677730591,0.7887271677730591,4,42695,3997
GATCGCAT,0.7884797756978519,0.7884797756978519,4,42695,3997
ATGCGATC,0.7884797756978519,0.7884797756978519,4,42695,3997
GACCATAT,0.7878509875067002,0.7878509875067002,4,42695,3997
ATACCATG,0.7878200634972993,0.7878200634972993,4,42695,3997
CGTATTAA,0.787799447491032,0.787799447491032,4,42695,3997
ATAATATG,0.7873974353688205,0.7873974353688205,4,42695,3997
AGGATAGG,0.7873458953531521,0.7873458953531521,4,42695,3997
TTTATACT,0.7866243351337979,0.7866243351337979,4,42695,3997
TGATCGAT,0.7863047870366553,0.7863047870366553,4,42695,3997
TGATCGTA,0.786170782995918,0.786170782995918,4,42695,3997
TGACATAT,0.7850162866449512,0.7850162866449512,4,42695,3997
AGCAGATC,0.7849441306230157,0.7849441306230157,4,42695,3997
ATCATACG,0.7849441306230157,0.7849441306230157,4,42695,3997
TCTATAAT,0.7849235146167485,0.7849235146167485,4,42695,3997
TATCTGAG,0.7848307425885457,0.7848307425885457,4,42695,3997
TACAGATA,0.7840988743660577,0.7840988743660577,4,42695,3997
CTGCGATA,0.7832742341153672,0.7832742341153672,4,42695,3997
ATATAAGG,0.7831093060652291,0.7831093060652291,4,42695,3997
CCTTATAT,0.7831093060652291,0.7831093060652291,4,42695,3997
GATCTTTT,0.7830680740526946,0.7830680740526946,4,42695,3997
AATGAGAT,0.7829959180307592,0.7829959180307592,4,42695,3997
ATAGTAGA,0.782830989980621,0.782830989980621,4,42695,3997
GGTATTGG,0.7825423658928793,0.7825423658928793,4,42695,3997
TATCGGCG,0.7824805178740775,0.7824805178740775,4,42695,3997
CTATCCTC,0.7821609697769348,0.7821609697769348,4,42695,3997
GCTGTGAT,0.7820888137549995,0.7820888137549995,4,42695,3997
TATTCGAT,0.7816558776233867,0.7816558776233867,4,42695,3997
GACACCCA,0.7809137013977652,0.7809137013977652,4,42695,3997
GAGGTGAT,0.7807075413350926,0.7807075413350926,4,42695,3997
TCTATCTA,0.7797592050467984,0.7797592050467984,4,42695,3997
AGGATCTA,0.7796767410217293,0.7796767410217293,4,42695,3997
ATCGCTTT,0.7796664330185956,0.7796664330185956,4,42695,3997
CTATCTGT,0.7793675009277202,0.7793675009277202,4,42695,3997
TTATCAAT,0.7793571929245867,0.7793571929245867,4,42695,3997
AGAGTATT,0.7786768647177669,0.7786768647177669,4,42695,3997
GTTGTGAT,0.7786665567146334,0.7786665567146334,4,42695,3997
TTTATCCT,0.7782645445924216,0.7782645445924216,4,42695,3997
TGTATATG,0.778027460520348,0.778027460520348,4,42695,3997
ATATGCGA,0.7779553044984125,0.7779553044984125,4,42695,3997
CTATAATC,0.7779346884921453,0.7779346884921453,4,42695,3997
ATCACAGA,0.7779346884921453,0.7779346884921453,4,42695,3997
ATGACCCC,0.7776769884138045,0.7776769884138045,4,42695,3997
CTCAATAC,0.7775326763699336,0.7775326763699336,4,42695,3997
AACCATAT,0.7774399043417309,0.7774399043417309,4,42695,3997
GGGTATGA,0.7773574403166619,0.7773574403166619,4,42695,3997
GGGAGTAT,0.7771718962602565,0.7771718962602565,4,42695,3997
GAGTATTA,0.7771512802539892,0.7771512802539892,4,42695,3997
TATACACG,0.7768832721725148,0.7768832721725148,4,42695,3997
ATCTGGTT,0.776738960128644,0.776738960128644,4,42695,3997
ATCACATC,0.7765946480847731,0.7765946480847731,4,42695,3997
GTCTATAT,0.7762544839813632,0.7762544839813632,4,42695,3997
ATATAGAC,0.7762544839813632,0.7762544839813632,4,42695,3997
GGCGGTAT,0.7761514039500269,0.7761514039500269,4,42695,3997
AATACTTA,0.7760689399249577,0.7760689399249577,4,42695,3997
ACTAATCT,0.7757700078340823,0.7757700078340823,4,42695,3997
TTATCCTG,0.7757596998309488,0.7757596998309488,4,42695,3997
TATTTACA,0.775357687708737,0.775357687708737,4,42695,3997
TACGAGAT,0.7749247515771246,0.7749247515771246,4,42695,3997
ATCTCGTA,0.7749247515771246,0.7749247515771246,4,42695,3997
GTATTACC,0.7748732115614563,0.7748732115614563,4,42695,3997
CGAGTGAT,0.7747185915144519,0.7747185915144519,4,42695,3997
TCGGTATT,0.7742753473797055,0.7742753473797055,4,42695,3997
ATATTTAC,0.7742031913577702,0.7742031913577702,4,42695,3997
TAAATATG,0.7739867232919639,0.7739867232919639,4,42695,3997
TAAAATAT,0.7739661072856966,0.7739661072856966,4,42695,3997
GTATAGTC,0.7739351832762957,0.7739351832762957,4,42695,3997
ACATATAC,0.773564095163485,0.773564095163485,4,42695,3997
TTTATCTA,0.7730486950068033,0.7730486950068033,4,42695,3997
AATCAATA,0.7728734589535315,0.7728734589535315,4,42695,3997
AAGATAAT,0.7727085309033933,0.7727085309033933,4,42695,3997
TATGATTA,0.7726157588751907,0.7726157588751907,4,42695,3997
GCGATCCT,0.7720282026965737,0.7720282026965737,4,42695,3997
AGGATAAG,0.7716880385931637,0.7716880385931637,4,42695,3997
CGATCATT,0.7711314064239475,0.7711314064239475,4,42695,3997
ATACCACT,0.7709664783738094,0.7709664783738094,4,42695,3997
GATTACAT,0.770842782336206,0.770842782336206,4,42695,3997
GCATTATA,0.7708221663299385,0.7708221663299385,4,42695,3997
CCGATCGT,0.7706263142703996,0.7706263142703996,4,42695,3997
ATCCAGTA,0.7704304622108605,0.7704304622108605,4,42695,3997
CATCTATA,0.7703995382014596,0.7703995382014596,4,42695,3997
GATTAAAA,0.7702449181544552,0.7702449181544552,4,42695,3997
TTGATAAG,0.7697192099946399,0.7697192099946399,4,42695,3997
ATCTCCTA,0.7690285737846865,0.7690285737846865,4,42695,3997
TTGAAATA,0.7690079577784191,0.7690079577784191,4,42695,3997
ATAATATT,0.7687811817094793,0.7687811817094793,4,42695,3997
TTTTAGAT,0.7687296416938111,0.7687296416938111,4,42695,3997
ATACCAAT,0.768307013565332,0.768307013565332,4,42695,3997
GTATTTTA,0.7682348575433966,0.7682348575433966,4,42695,3997
TCTATAGG,0.7679256174493877,0.7679256174493877,4,42695,3997
AACGATCT,0.7661217169010021,0.7661217169010021,4,42695,3997
AGATCGTT,0.7661217169010021,0.7661217169010021,4,42695,3997
CGAAGTAT,0.7656578567599884,0.7656578567599884,4,42695,3997
GACACGAT,0.765420772687915,0.765420772687915,4,42695,3997
GAAGATCG,0.7649878365563023,0.7649878365563023,4,42695,3997
GTCTATAC,0.764884756524966,0.764884756524966,4,42695,3997
CGGATGAT,0.7648641405186988,0.7648641405186988,4,42695,3997
ATCATCCG,0.7648641405186988,0.7648641405186988,4,42695,3997
ATCGCTAT,0.7647198284748279,0.7647198284748279,4,42695,3997
GATCCCGT,0.7644415123902198,0.7644415123902198,4,42695,3997
TACCTTCC,0.7642456603306808,0.7642456603306808,4,42695,3997
TATACATG,0.7641735043087453,0.7641735043087453,4,42695,3997
GGATAAAT,0.7640910402836762,0.7640910402836762,4,42695,3997
AAGGAGAT,0.7639364202366717,0.7639364202366717,4,42695,3997
CTATTAAT,0.7637405681771328,0.7637405681771328,4,42695,3997
GATAATGT,0.7635962561332619,0.7635962561332619,4,42695,3997
TATAGTCT,0.7633076320455201,0.7633076320455201,4,42695,3997
TCGATTCG,0.762606687832433,0.762606687832433,4,42695,3997
ATAGGATG,0.7624623757885622,0.7624623757885622,4,42695,3997
GATTATCA,0.7624108357728941,0.7624108357728941,4,42695,3997
GTATAACT,0.7622046757102214,0.7622046757102214,4,42695,3997
AAAATATA,0.761854203603678,0.761854203603678,4,42695,3997
TATATTTT,0.761854203603678,0.761854203603678,4,42695,3997
ATATAATG,0.7618438956005442,0.7618438956005442,4,42695,3997
TGTTATTT,0.7616892755535397,0.7616892755535397,4,42695,3997
AAACATAT,0.7614109594689317,0.7614109594689317,4,42695,3997
ATTATCGC,0.7600915350678266,0.7600915350678266,4,42695,3997
GATGCGAT,0.759885375005154,0.759885375005154,4,42695,3997
TCAATACT,0.7596070589205459,0.7596070589205459,4,42695,3997
TATTAGAC,0.7592978188265369,0.7592978188265369,4,42695,3997
GTCTAATA,0.7592978188265369,0.7592978188265369,4,42695,3997
ATAGCTAC,0.7587927266729889,0.7587927266729889,4,42695,3997
GGGGGGTA,0.7579577784191647,0.7579577784191647,4,42695,3997
ACGATCTG,0.7576588463282893,0.7576588463282893,4,42695,3997
CAGATCGT,0.7576588463282893,0.7576588463282893,4,42695,3997
TTCATATA,0.7570815981528058,0.7570815981528058,4,42695,3997
TAATTATA,0.7568548220838659,0.7568548220838659,4,42695,3997
ATACAAAA,0.7562878819115161,0.7562878819115161,4,42695,3997
TATACCAG,0.7558446377767699,0.7558446377767699,4,42695,3997
GTGTCAAA,0.7558343297736362,0.7558343297736362,4,42695,3997
GACACCGA,0.7558034057642353,0.7558034057642353,4,42695,3997
GGATTATG,0.7557415577454336,0.7557415577454336,4,42695,3997
ATATGGCA,0.7556797097266319,0.7556797097266319,4,42695,3997
ATATGGTA,0.7554838576670927,0.7554838576670927,4,42695,3997
CAGGATAC,0.7551024615511482,0.7551024615511482,4,42695,3997
CGGATCCT,0.7550818455448811,0.7550818455448811,4,42695,3997
TGTATGTA,0.7547622974477385,0.7547622974477385,4,42695,3997
CCTATTAT,0.7545973693976004,0.7545973693976004,4,42695,3997
TATAAGAG,0.754298437306725,0.754298437306725,4,42695,3997
TATGAGCC,0.7542365892879231,0.7542365892879231,4,42695,3997
TTATAATA,0.7535459530779698,0.7535459530779698,4,42695,3997
ATAACATT,0.7517832845421185,0.7517832845421185,4,42695,3997
TATTGTTA,0.7513297324042386,0.7513297324042386,4,42695,3997
CTTTATCC,0.751010184307096,0.751010184307096,4,42695,3997
TACATAAA,0.7500309240094009,0.7500309240094009,4,42695,3997
TTATCACC,0.7499072279717973,0.7499072279717973,4,42695,3997
ATATAGTT,0.7492062837587103,0.7492062837587103,4,42695,3997
ACATATGA,0.748567187564425,0.748567187564425,4,42695,3997
GAGTTGAT,0.7484641075330887,0.7484641075330887,4,42695,3997
ATAGATTA,0.7483507194986186,0.7483507194986186,4,42695,3997
GTTATACG,0.7483507194986186,0.7483507194986186,4,42695,3997
ATCCGATT,0.7483094874860842,0.7483094874860842,4,42695,3997
GGATAACC,0.7482064074547479,0.7482064074547479,4,42695,3997
CTATCACG,0.7479280913701398,0.7479280913701398,4,42695,3997
CCTCGTAT,0.7475776192635962,0.7475776192635962,4,42695,3997
AGCCGATA,0.7470725271100482,0.7470725271100482,4,42695,3997
GATCTTTG,0.7468354430379748,0.7468354430379748,4,42695,3997
GGATCTAC,0.746546818950233,0.746546818950233,4,42695,3997
GGGTGGAT,0.7460726508060859,0.7460726508060859,4,42695,3997
TAGATCTG,0.7450830825052571,0.7450830825052571,4,42695,3997
TATCTGCT,0.7449593864676535,0.7449593864676535,4,42695,3997
GCTATACA,0.7449181544551189,0.7449181544551189,4,42695,3997
TATACGTT,0.7448769224425845,0.7448769224425845,4,42695,3997
AACGTATA,0.7448769224425845,0.7448769224425845,4,42695,3997
ATACCGTT,0.7447841504143817,0.7447841504143817,4,42695,3997
GATAAACA,0.7433925699913412,0.7433925699913412,4,42695,3997
TAGATCCC,0.7433513379788068,0.7433513379788068,4,42695,3997
TGGTTGAT,0.7426607017688533,0.7426607017688533,4,42695,3997
CCTATGAT,0.7426400857625861,0.7426400857625861,4,42695,3997
ATCATAGG,0.7426400857625861,0.7426400857625861,4,42695,3997
TATCCTGT,0.7425370057312498,0.7425370057312498,4,42695,3997
TAAGATAG,0.7424236176967798,0.7424236176967798,4,42695,3997
AATACGTA,0.7422689976497753,0.7422689976497753,4,42695,3997
AAGTTATA,0.7422689976497753,0.7422689976497753,4,42695,3997
TACGTATT,0.7422689976497753,0.7422689976497753,4,42695,3997
GGGGGATT,0.7422380736403744,0.7422380736403744,4,42695,3997
AATCCCCC,0.7422380736403744,0.7422380736403744,4,42695,3997
TCCTATAC,0.742165917618439,0.742165917618439,4,42695,3997
ATTATAAT,0.7421453016121717,0.7421453016121717,4,42695,3997
TGTATAGA,0.741939141549499,0.741939141549499,4,42695,3997
CCTGATCT,0.7419185255432318,0.7419185255432318,4,42695,3997
GGGTGTCT,0.7417329814868264,0.7417329814868264,4,42695,3997
CTAGATCT,0.7416917494742918,0.7416917494742918,4,42695,3997
ATCAGAAA,0.7415989774460892,0.7415989774460892,4,42695,3997
GTCTCATA,0.7406712571640621,0.7406712571640621,4,42695,3997
TATGAGAC,0.7406712571640621,0.7406712571640621,4,42695,3997
TTGCTATA,0.7405991011421267,0.7405991011421267,4,42695,3997
AAGATAAC,0.7405578691295922,0.7405578691295922,4,42695,3997
GTTATCTT,0.7405578691295922,0.7405578691295922,4,42695,3997
TTAGATCT,0.7404341730919887,0.7404341730919887,4,42695,3997
TTTATACA,0.7401455490042469,0.7401455490042469,4,42695,3997
ATACAATC,0.7400218529666434,0.7400218529666434,4,42695,3997
AGCCATAT,0.7399806209541088,0.7399806209541088,4,42695,3997
TATTAAAT,0.7399187729353071,0.7399187729353071,4,42695,3997
ATTTAATA,0.7399187729353071,0.7399187729353071,4,42695,3997
CGTGATCG,0.7398363089102379,0.7398363089102379,4,42695,3997
TCTCATTT,0.7397023048695007,0.7397023048695007,4,42695,3997
CATATAAG,0.7394446047911599,0.7394446047911599,4,42695,3997
TGCGATCT,0.7394033727786253,0.7394033727786253,4,42695,3997
AAAGAGAT,0.7389910526532799,0.7389910526532799,4,42695,3997
ATCTCTTT,0.7389910526532799,0.7389910526532799,4,42695,3997
GAAGCTAT,0.7388776646188101,0.7388776646188101,4,42695,3997
TACTTATC,0.7385787325279347,0.7385787325279347,4,42695,3997
CGTTATAT,0.7384138044777966,0.7384138044777966,4,42695,3997
CCGATCCT,0.738207644415124,0.738207644415124,4,42695,3997
AATACATA,0.7380221003587185,0.7380221003587185,4,42695,3997
TATGTATT,0.7380221003587185,0.7380221003587185,4,42695,3997
TTTCATAT,0.7380117923555849,0.7380117923555849,4,42695,3997
ATATGAAA,0.7380117923555849,0.7380117923555849,4,42695,3997
ACTATCTT,0.7378984043211149,0.7378984043211149,4,42695,3997
ATATAAAC,0.7376819362553085,0.7376819362553085,4,42695,3997
GTTTATAT,0.7376819362553085,0.7376819362553085,4,42695,3997
CTTTTATA,0.7373520801550323,0.7373520801550323,4,42695,3997
AAGGGTGA,0.7372902321362306,0.7372902321362306,4,42695,3997
GGTGTAAA,0.737166536098627,0.737166536098627,4,42695,3997
TATCCTAA,0.7370737640704242,0.7370737640704242,4,42695,3997
ATCGACAC,0.7369809920422217,0.7369809920422217,4,42695,3997
TAGTTATC,0.7369706840390879,0.7369706840390879,4,42695,3997
GATAACTA,0.7369706840390879,0.7369706840390879,4,42695,3997
ATACAGCG,0.7369294520265535,0.7369294520265535,4,42695,3997
TAAGCTAT,0.736774831979549,0.736774831979549,4,42695,3997
TTAATCCC,0.7366614439450789,0.7366614439450789,4,42695,3997
GGGATTAA,0.7366614439450789,0.7366614439450789,4,42695,3997
TTGTTATC,0.73635220385107,0.73635220385107,4,42695,3997
GATAACAA,0.73635220385107,0.73635220385107,4,42695,3997
AATAATCT,0.7363006638354018,0.7363006638354018,4,42695,3997
CGATATTT,0.7362800478291346,0.7362800478291346,4,42695,3997
CTTAATAC,0.7361666597946646,0.7361666597946646,4,42695,3997
GGTGAGAT,0.7361563517915309,0.7361563517915309,4,42695,3997
ATCTCACC,0.7361563517915309,0.7361563517915309,4,42695,3997
TGTATTGA,0.7359811157382592,0.7359811157382592,4,42695,3997
ATAACTGA,0.7357852636787202,0.7357852636787202,4,42695,3997
ATGTGAGA,0.7356100276254484,0.7356100276254484,4,42695,3997
TCTCACAT,0.7356100276254484,0.7356100276254484,4,42695,3997
CATACCCT,0.7355791036160475,0.7355791036160475,4,42695,3997
AGGGTATG,0.7355791036160475,0.7355791036160475,4,42695,3997
GCTATCTC,0.7354863315878448,0.7354863315878448,4,42695,3997
TCTTACAT,0.735393559559642,0.735393559559642,4,42695,3997
TAGATGAC,0.7350637034593659,0.7350637034593659,4,42695,3997
GTCATCTA,0.7350637034593659,0.7350637034593659,4,42695,3997
TCGTGTAT,0.7349812394342968,0.7349812394342968,4,42695,3997
GATCTGTC,0.734888467406094,0.734888467406094,4,42695,3997
ATGATAAC,0.7348163113841587,0.7348163113841587,4,42695,3997
GTTATCAT,0.7348163113841587,0.7348163113841587,4,42695,3997
ATGGGATT,0.7347956953778914,0.7347956953778914,4,42695,3997
ATAACTAT,0.7343936832556798,0.7343936832556798,4,42695,3997
CATCGTAT,0.734383375252546,0.734383375252546,4,42695,3997
ATACGATG,0.734383375252546,0.734383375252546,4,42695,3997
TCACCGAT,0.7340225951428689,0.7340225951428689,4,42695,3997
TACAACAT,0.7338576670927308,0.7338576670927308,4,42695,3997
ATCATGCT,0.733795819073929,0.733795819073929,4,42695,3997
TAGATAAC,0.7336515070300581,0.7336515070300581,4,42695,3997
GTTATCTA,0.7336515070300581,0.7336515070300581,4,42695,3997
TCTCATAT,0.733569043004989,0.733569043004989,4,42695,3997
ATATGAGA,0.733569043004989,0.733569043004989,4,42695,3997
ATGAGACC,0.7335278109924546,0.7335278109924546,4,42695,3997
GGTCTCAT,0.7335278109924546,0.7335278109924546,4,42695,3997
ATTATCAG,0.7334659629736527,0.7334659629736527,4,42695,3997
TTATCATT,0.7334659629736527,0.7334659629736527,4,42695,3997
CTGATAAT,0.7334659629736527,0.7334659629736527,4,42695,3997
AATGATAA,0.7334659629736527,0.7334659629736527,4,42695,3997
GAGATCCA,0.7334556549705191,0.7334556549705191,4,42695,3997
TGGATCTC,0.7334556549705191,0.7334556549705191,4,42695,3997
AGTCGTAT,0.7331670308827775,0.7331670308827775,4,42695,3997
AGGTTATC,0.7329196388075702,0.7329196388075702,4,42695,3997
GATAACCT,0.7329196388075702,0.7329196388075702,4,42695,3997
CATAAACC,0.7323217746258195,0.7323217746258195,4,42695,3997
ATATTACG,0.7322290025976168,0.7322290025976168,4,42695,3997
CGTAATAT,0.7322290025976168,0.7322290025976168,4,42695,3997
GGTTCTCA,0.7321259225662805,0.7321259225662805,4,42695,3997
AGGTAATA,0.7320331505380778,0.7320331505380778,4,42695,3997
GTAATACG,0.731940378509875,0.731940378509875,4,42695,3997
CGTATTAC,0.731940378509875,0.731940378509875,4,42695,3997
CCTATCGA,0.7319300705067415,0.7319300705067415,4,42695,3997
CATAATAC,0.7319197625036079,0.7319197625036079,4,42695,3997
TCGGTTAT,0.7317239104440688,0.7317239104440688,4,42695,3997
AATATGGG,0.731662062425267,0.731662062425267,4,42695,3997
CCCATATT,0.731662062425267,0.731662062425267,4,42695,3997
GAGAAGTA,0.7316105224095988,0.7316105224095988,4,42695,3997
ATATGATG,0.7315692903970643,0.7315692903970643,4,42695,3997
CATCATAT,0.7315692903970643,0.7315692903970643,4,42695,3997
ATACACAC,0.731466210365728,0.731466210365728,4,42695,3997
CCTATCCG,0.7306106461056364,0.7306106461056364,4,42695,3997
CAGATCTC,0.7305281820805674,0.7305281820805674,4,42695,3997
TCAGATTT,0.7303941780398302,0.7303941780398302,4,42695,3997
TGTGTATT,0.730229249989692,0.730229249989692,4,42695,3997
ATAGGTTC,0.7300952459489548,0.7300952459489548,4,42695,3997
TTGACCCG,0.7299303178988166,0.7299303178988166,4,42695,3997
GATAATTC,0.7298581618768812,0.7298581618768812,4,42695,3997
ATGGTGAT,0.728992289613656,0.728992289613656,4,42695,3997
TAGCGGAT,0.7289201335917206,0.7289201335917206,4,42695,3997
ATCCGCTA,0.7289201335917206,0.7289201335917206,4,42695,3997
CAACGGAT,0.7288995175854533,0.7288995175854533,4,42695,3997
TGATAATG,0.7286315095039789,0.7286315095039789,4,42695,3997
ACTTATCA,0.7283428854162372,0.7283428854162372,4,42695,3997
TATAGCCT,0.7281676493629654,0.7281676493629654,4,42695,3997
AGGCTATA,0.7281676493629654,0.7281676493629654,4,42695,3997
GGGGAGAT,0.7281470333566982,0.7281470333566982,4,42695,3997
GGAGTGAT,0.7277965612501547,0.7277965612501547,4,42695,3997
TTTTTATC,0.7275800931843484,0.7275800931843484,4,42695,3997
TCTTTATA,0.7275594771780811,0.7275594771780811,4,42695,3997
TACCTTCG,0.7271883890652703,0.7271883890652703,4,42695,3997
CTTATCAG,0.7270646930276666,0.7270646930276666,4,42695,3997
CTGATAAG,0.7270646930276666,0.7270646930276666,4,42695,3997
TATTTATT,0.7270646930276666,0.7270646930276666,4,42695,3997
TTGATAGA,0.7270131530119985,0.7270131530119985,4,42695,3997
TCTATCAA,0.7270131530119985,0.7270131530119985,4,42695,3997
GGCAATAT,0.7268069929493258,0.7268069929493258,4,42695,3997
AATACCAT,0.7267451449305241,0.7267451449305241,4,42695,3997
ATGGTATT,0.7267451449305241,0.7267451449305241,4,42695,3997
TTTATCCA,0.7267245289242569,0.7267245289242569,4,42695,3997
ATCAGCTA,0.7266936049148558,0.7266936049148558,4,42695,3997
GGGGATTG,0.7266626809054549,0.7266626809054549,4,42695,3997
TATGCTAT,0.7264668288459161,0.7264668288459161,4,42695,3997
ATAGCATA,0.7264668288459161,0.7264668288459161,4,42695,3997
TCTGACAC,0.7256628046014927,0.7256628046014927,4,42695,3997
GTGTCAGA,0.7256628046014927,0.7256628046014927,4,42695,3997
GATAGTCG,0.7255494165670227,0.7255494165670227,4,42695,3997
TTCAGATC,0.7251989444604792,0.7251989444604792,4,42695,3997
ATACGAAA,0.724920628375871,0.724920628375871,4,42695,3997
TTTCGTAT,0.724920628375871,0.724920628375871,4,42695,3997
CTTTATAT,0.7246835443037976,0.7246835443037976,4,42695,3997
CTAATACA,0.7245495402630603,0.7245495402630603,4,42695,3997
TGTATTAG,0.7245495402630603,0.7245495402630603,4,42695,3997
GTTTATAG,0.7243639962066549,0.7243639962066549,4,42695,3997
TTATTATA,0.7240032160969776,0.7240032160969776,4,42695,3997
TATAATAA,0.7240032160969776,0.7240032160969776,4,42695,3997
GTGTCACC,0.7238692120562404,0.7238692120562404,4,42695,3997
GGTGACAC,0.7238692120562404,0.7238692120562404,4,42695,3997
GAAACTAT,0.723827980043706,0.723827980043706,4,42695,3997
ATAGTTTC,0.723827980043706,0.723827980043706,4,42695,3997
GGTTTCAT,0.7235805879684988,0.7235805879684988,4,42695,3997
ATGAAACC,0.7235805879684988,0.7235805879684988,4,42695,3997
GTGAGAAG,0.7235084319465633,0.7235084319465633,4,42695,3997
ATCCGTAA,0.7232301158619553,0.7232301158619553,4,42695,3997
CATCTATC,0.7231785758462871,0.7231785758462871,4,42695,3997
ATCTCAGG,0.7231167278274853,0.7231167278274853,4,42695,3997
CCTGAGAT,0.7231167278274853,0.7231167278274853,4,42695,3997
ACGATAAG,0.7230961118212179,0.7230961118212179,4,42695,3997
GGTTAATA,0.7228590277491445,0.7228590277491445,4,42695,3997
CGAATATA,0.7228590277491445,0.7228590277491445,4,42695,3997
GGTAACTA,0.7228281037397436,0.7228281037397436,4,42695,3997
AAGTGTAT,0.7225807116645364,0.7225807116645364,4,42695,3997
ATGATCGA,0.7217457634107121,0.7217457634107121,4,42695,3997
TATCGCGT,0.7216736073887766,0.7216736073887766,4,42695,3997
CATATAAC,0.7215292953449057,0.7215292953449057,4,42695,3997
TATAGCTG,0.7210551272007586,0.7210551272007586,4,42695,3997
GTTGAGAT,0.7208901991506206,0.7208901991506206,4,42695,3997
GATAAATG,0.7208901991506206,0.7208901991506206,4,42695,3997
TCAGACAT,0.7199315548591927,0.7199315548591927,4,42695,3997
CGTTATAC,0.7198697068403909,0.7198697068403909,4,42695,3997
GTATAACG,0.7198697068403909,0.7198697068403909,4,42695,3997
ATCGAAAC,0.7197666268090546,0.7197666268090546,4,42695,3997
TGATCAAC,0.7191893786335711,0.7191893786335711,4,42695,3997
ATCATGTC,0.7191275306147693,0.7191275306147693,4,42695,3997
GATAGACA,0.7190759905991011,0.7190759905991011,4,42695,3997
GTTCTATA,0.7187667505050921,0.7187667505050921,4,42695,3997
CTCGGTAT,0.7185708984455532,0.7185708984455532,4,42695,3997
TAAATAGC,0.7185502824392858,0.7185502824392858,4,42695,3997
GTGTTATC,0.7185399744361523,0.7185399744361523,4,42695,3997
GATAACAC,0.7185399744361523,0.7185399744361523,4,42695,3997
TATGTAAT,0.7183338143734795,0.7183338143734795,4,42695,3997
ATTACATA,0.7183338143734795,0.7183338143734795,4,42695,3997
TTTATATT,0.7181688863233414,0.7181688863233414,4,42695,3997
TACATGTA,0.7178081062136643,0.7178081062136643,4,42695,3997
GTGAATAT,0.7175710221415907,0.7175710221415907,4,42695,3997
ATACTAAC,0.7175194821259226,0.7175194821259226,4,42695,3997
CATCTTAT,0.7173236300663836,0.7173236300663836,4,42695,3997
ATAAGATG,0.7173236300663836,0.7173236300663836,4,42695,3997
GGCATCAT,0.7172205500350471,0.7172205500350471,4,42695,3997
ATGATGCC,0.7172205500350471,0.7172205500350471,4,42695,3997
TTTATCTT,0.7169731579598401,0.7169731579598401,4,42695,3997
GAGTCATA,0.7168391539191027,0.7168391539191027,4,42695,3997
TATGACTC,0.7168391539191027,0.7168391539191027,4,42695,3997
TGGGCTAT,0.7168288459159692,0.7168288459159692,4,42695,3997
TCTTCTAT,0.7168288459159692,0.7168288459159692,4,42695,3997
GCTATATT,0.7166329938564301,0.7166329938564301,4,42695,3997
AATATAGC,0.7166329938564301,0.7166329938564301,4,42695,3997
GTGACACT,0.7164577578031583,0.7164577578031583,4,42695,3997
AGTGTCAC,0.7164577578031583,0.7164577578031583,4,42695,3997
CTTGTTAT,0.7162619057436194,0.7162619057436194,4,42695,3997
TGTACTAT,0.7162412897373521,0.7162412897373521,4,42695,3997
TGTGATAA,0.7160660536840804,0.7160660536840804,4,42695,3997
TTATCACA,0.7160660536840804,0.7160660536840804,4,42695,3997
TATTCATC,0.7160248216715458,0.7160248216715458,4,42695,3997
TGTGCGAT,0.7160145136684122,0.7160145136684122,4,42695,3997
GTGTCGGA,0.7157361975838041,0.7157361975838041,4,42695,3997
TCCGACAC,0.7157361975838041,0.7157361975838041,4,42695,3997
GGGATTAG,0.7156228095493341,0.7156228095493341,4,42695,3997
TTACCCCC,0.7152826454459242,0.7152826454459242,4,42695,3997
GAGGATTA,0.7152826454459242,0.7152826454459242,4,42695,3997
ATAGTCTC,0.7151589494083207,0.7151589494083207,4,42695,3997
GAGACTAT,0.7151589494083207,0.7151589494083207,4,42695,3997
TACTATTC,0.7151383334020533,0.7151383334020533,4,42695,3997
TTGCATAT,0.7150249453675833,0.7150249453675833,4,42695,3997
ATATGTTA,0.7149837133550488,0.7149837133550488,4,42695,3997
TAACATAT,0.7149837133550488,0.7149837133550488,4,42695,3997
AATATTTT,0.714839401311178,0.714839401311178,4,42695,3997
GCTATCCC,0.7148187853049107,0.7148187853049107,4,42695,3997
GAGATTAT,0.7147053972704408,0.7147053972704408,4,42695,3997
TATGAACC,0.7146847812641736,0.7146847812641736,4,42695,3997
GGTTCATA,0.7146847812641736,0.7146847812641736,4,42695,3997
AGCTCATA,0.7146744732610398,0.7146744732610398,4,42695,3997
AATCATCT,0.7145095452109017,0.7145095452109017,4,42695,3997
AGATGATT,0.7145095452109017,0.7145095452109017,4,42695,3997
ACTAATAC,0.7144992372077682,0.7144992372077682,4,42695,3997
GTATTAGT,0.7144992372077682,0.7144992372077682,4,42695,3997
GATAATCA,0.714416773182699,0.714416773182699,4,42695,3997
ATCCATAC,0.7143858491732982,0.7143858491732982,4,42695,3997
AGTATATG,0.7143549251638973,0.7143549251638973,4,42695,3997
GAGGGTGT,0.7142003051168928,0.7142003051168928,4,42695,3997
TAGACTAT,0.7141281490949574,0.7141281490949574,4,42695,3997
TATAACAC,0.7135509009194739,0.7135509009194739,4,42695,3997
GTGTTATA,0.7135509009194739,0.7135509009194739,4,42695,3997
ACCATATT,0.7134168968787367,0.7134168968787367,4,42695,3997
GTATAGTG,0.7132313528223313,0.7132313528223313,4,42695,3997
CACTATAC,0.7132313528223313,0.7132313528223313,4,42695,3997
ATGGATAA,0.7131282727909949,0.7131282727909949,4,42695,3997
GGTATGAG,0.7131179647878614,0.7131179647878614,4,42695,3997
CTCATACC,0.7131179647878614,0.7131179647878614,4,42695,3997
GATAGGCC,0.713097348781594,0.713097348781594,4,42695,3997
ATTTTATA,0.7130664247721932,0.7130664247721932,4,42695,3997
GAGCTGAT,0.712819032696986,0.712819032696986,4,42695,3997
TTGACCCC,0.712313940543438,0.712313940543438,4,42695,3997
GGGGTCAA,0.712313940543438,0.712313940543438,4,42695,3997
AGCATATT,0.7121387044901663,0.7121387044901663,4,42695,3997
GAGCCTAT,0.7121077804807653,0.7121077804807653,4,42695,3997
ATAGGAGA,0.7119634684368944,0.7119634684368944,4,42695,3997
AGTGTTAT,0.7117573083742217,0.7117573083742217,4,42695,3997
ATAACACT,0.7117573083742217,0.7117573083742217,4,42695,3997
AATTATAG,0.7117573083742217,0.7117573083742217,4,42695,3997
ATCGATTT,0.7117057683585535,0.7117057683585535,4,42695,3997
ACAATATA,0.7114893002927473,0.7114893002927473,4,42695,3997
CTTTATAC,0.7113449882488764,0.7113449882488764,4,42695,3997
GTATAAAG,0.7113449882488764,0.7113449882488764,4,42695,3997
TTATCAGA,0.7112419082175401,0.7112419082175401,4,42695,3997
TCTGATAA,0.7112419082175401,0.7112419082175401,4,42695,3997
GAGATTAG,0.7111491361893374,0.7111491361893374,4,42695,3997
TGGATCTT,0.7110460561580011,0.7110460561580011,4,42695,3997
GTCATATT,0.7109326681235311,0.7109326681235311,4,42695,3997
AATATGAC,0.7109326681235311,0.7109326681235311,4,42695,3997
AACGACAC,0.7104997319919186,0.7104997319919186,4,42695,3997
GTGTCGTT,0.7104997319919186,0.7104997319919186,4,42695,3997
GGTAGGAT,0.7104275759699832,0.7104275759699832,4,42695,3997
ATCCTACC,0.7104275759699832,0.7104275759699832,4,42695,3997
GTATGAGT,0.7104069599637158,0.7104069599637158,4,42695,3997
GAGCGTAT,0.7102111079041769,0.7102111079041769,4,42695,3997
TGAAATAT,0.7102007999010431,0.7102007999010431,4,42695,3997
CGTATAAG,0.710149259885375,0.710149259885375,4,42695,3997
ACTATCCG,0.7099843318352369,0.7099843318352369,4,42695,3997
GCTATTAT,0.7097163237537624,0.7097163237537624,4,42695,3997
CTTATCAC,0.7096957077474952,0.7096957077474952,4,42695,3997
GTGATAAG,0.7096957077474952,0.7096957077474952,4,42695,3997
TTAGATAA,0.7095720117098916,0.7095720117098916,4,42695,3997
ACGATCTC,0.7095101636910898,0.7095101636910898,4,42695,3997
GAGATCGT,0.7095101636910898,0.7095101636910898,4,42695,3997
GTAATCTA,0.7093040036284172,0.7093040036284172,4,42695,3997
ATCCCATC,0.7092936956252835,0.7092936956252835,4,42695,3997
GATGGGAT,0.7092936956252835,0.7092936956252835,4,42695,3997
ATTGATTC,0.7092833876221498,0.7092833876221498,4,42695,3997
GAATCAAT,0.7092833876221498,0.7092833876221498,4,42695,3997
GATGACCC,0.7087061394466664,0.7087061394466664,4,42695,3997
GGGTCATC,0.7087061394466664,0.7087061394466664,4,42695,3997
TGTGGTGT,0.7081598152805839,0.7081598152805839,4,42695,3997
ATAGTAGC,0.7081495072774502,0.7081495072774502,4,42695,3997
GCTACTAT,0.7081495072774502,0.7081495072774502,4,42695,3997
GCGATCAG,0.708128891271183,0.708128891271183,4,42695,3997
AATAACAC,0.707902115202243,0.707902115202243,4,42695,3997
GTGTTATT,0.707902115202243,0.707902115202243,4,42695,3997
CGCGATAG,0.707902115202243,0.707902115202243,4,42695,3997
ATAATAGT,0.7078711911928421,0.7078711911928421,4,42695,3997
CATACCTT,0.7077474951552385,0.7077474951552385,4,42695,3997
AAGGTATG,0.7077474951552385,0.7077474951552385,4,42695,3997
ATCGATTA,0.7074485630643632,0.7074485630643632,4,42695,3997
CATATTAC,0.7073557910361605,0.7073557910361605,4,42695,3997
GTAATATG,0.7073557910361605,0.7073557910361605,4,42695,3997
AATACCAA,0.7073145590236259,0.7073145590236259,4,42695,3997
TTGGTATT,0.7073145590236259,0.7073145590236259,4,42695,3997
TTATATAG,0.7072836350142251,0.7072836350142251,4,42695,3997
GTCATATG,0.7065208427823362,0.7065208427823362,4,42695,3997
CATATGAC,0.7065208427823362,0.7065208427823362,4,42695,3997
AATATAGG,0.7062425266977281,0.7062425266977281,4,42695,3997
GGTCATAT,0.7062425266977281,0.7062425266977281,4,42695,3997
CAGAATAT,0.7061394466663918,0.7061394466663918,4,42695,3997
ATATTCTG,0.7061394466663918,0.7061394466663918,4,42695,3997
TATATGGC,0.7059539026099865,0.7059539026099865,4,42695,3997
GCCATATA,0.7059539026099865,0.7059539026099865,4,42695,3997
TATAAAAC,0.7057374345441801,0.7057374345441801,4,42695,3997
ATAGTACG,0.7055106584752402,0.7055106584752402,4,42695,3997
AGGTTATA,0.7050261823279594,0.7050261823279594,4,42695,3997
ACAGATCC,0.7048715622809549,0.7048715622809549,4,42695,3997
GGCCGTAT,0.7046035541994805,0.7046035541994805,4,42695,3997
ATAACAAT,0.7041396940584671,0.7041396940584671,4,42695,3997
ATTGTTAT,0.7041396940584671,0.7041396940584671,4,42695,3997
AATACCAG,0.7040572300333979,0.7040572300333979,4,42695,3997
GAATTATA,0.7040366140271307,0.7040366140271307,4,42695,3997
ATGGATAG,0.7038407619675917,0.7038407619675917,4,42695,3997
GGTATGAA,0.7037582979425225,0.7037582979425225,4,42695,3997
TTCATACC,0.7037582979425225,0.7037582979425225,4,42695,3997
ATAACATA,0.7035005978641817,0.7035005978641817,4,42695,3997
TATGTTAT,0.7035005978641817,0.7035005978641817,4,42695,3997
ACACAATA,0.7032222817795737,0.7032222817795737,4,42695,3997
TTCTTATC,0.7031398177545046,0.7031398177545046,4,42695,3997
GTTATCGT,0.7030779697357028,0.7030779697357028,4,42695,3997
GCTATCTG,0.7027274976291592,0.7027274976291592,4,42695,3997
CAGATAGC,0.7027274976291592,0.7027274976291592,4,42695,3997
AGTATACT,0.701779161340865,0.701779161340865,4,42695,3997
CGCATATT,0.7017379293283306,0.7017379293283306,4,42695,3997
CTGATAGA,0.7016657733063951,0.7016657733063951,4,42695,3997
TCTATCAG,0.7016657733063951,0.7016657733063951,4,42695,3997
GTATAATT,0.7016142332907269,0.7016142332907269,4,42695,3997
AATTATAC,0.7016142332907269,0.7016142332907269,4,42695,3997
AGACAATA,0.7012328371747825,0.7012328371747825,4,42695,3997
AATACTAC,0.7009442130870407,0.7009442130870407,4,42695,3997
GTTATCTG,0.700655588999299,0.700655588999299,4,42695,3997
CAGATAAC,0.700655588999299,0.700655588999299,4,42695,3997
GGTCATCC,0.7005628169710963,0.7005628169710963,4,42695,3997
TTTGATAA,0.7003051168927555,0.7003051168927555,4,42695,3997
GGGATCTG,0.7000061848018801,0.7000061848018801,4,42695,3997
GATGTAAT,0.6999237207768111,0.6999237207768111,4,42695,3997
TCTTATCC,0.6996866367047375,0.6996866367047375,4,42695,3997
TTTAATCC,0.6995217086545994,0.6995217086545994,4,42695,3997
TTGTATTA,0.6993464726013277,0.6993464726013277,4,42695,3997
TATAAAGT,0.6993258565950604,0.6993258565950604,4,42695,3997
GATAACCA,0.6989341524759825,0.6989341524759825,4,42695,3997
TGTCTTAT,0.6985527563600379,0.6985527563600379,4,42695,3997
GTTATCTC,0.698521832350637,0.698521832350637,4,42695,3997
GAGATAAC,0.698521832350637,0.698521832350637,4,42695,3997
TCACGATA,0.6982538242691625,0.6982538242691625,4,42695,3997
AAGACATA,0.6981507442378262,0.6981507442378262,4,42695,3997
GGTGTTAC,0.6981301282315591,0.6981301282315591,4,42695,3997
GTAACACC,0.6981301282315591,0.6981301282315591,4,42695,3997
TGTCCCCC,0.6978105801344163,0.6978105801344163,4,42695,3997
GGGGGACA,0.6978105801344163,0.6978105801344163,4,42695,3997
ATTATAGG,0.6976044200717437,0.6976044200717437,4,42695,3997
GTTATATT,0.69759411206861,0.69759411206861,4,42695,3997
AATATAAC,0.69759411206861,0.69759411206861,4,42695,3997
TAGTGTTA,0.6975631880592091,0.6975631880592091,4,42695,3997
ATCTTCTT,0.6975425720529419,0.6975425720529419,4,42695,3997
AAAATATG,0.6973879520059374,0.6973879520059374,4,42695,3997
CGGGTATT,0.6973776440028038,0.6973776440028038,4,42695,3997
AATACCCG,0.6973776440028038,0.6973776440028038,4,42695,3997
CCTGCTAT,0.6971302519275966,0.6971302519275966,4,42695,3997
AGTAATAC,0.6969240918649239,0.6969240918649239,4,42695,3997
TCTAATCC,0.6956974394920217,0.6956974394920217,4,42695,3997
TCGATCAC,0.6956665154826206,0.6956665154826206,4,42695,3997
ATCGACAA,0.6956458994763535,0.6956458994763535,4,42695,3997
AAGGCTAT,0.6956149754669526,0.6956149754669526,4,42695,3997
TAAATATT,0.6955943594606853,0.6955943594606853,4,42695,3997
GGCGTATT,0.6954706634230817,0.6954706634230817,4,42695,3997
GTCGATCC,0.6954397394136809,0.6954397394136809,4,42695,3997
CCGATCTC,0.6952438873541418,0.6952438873541418,4,42695,3997
GAGATCGG,0.6952438873541418,0.6952438873541418,4,42695,3997
CTGATAAC,0.6949140312538655,0.6949140312538655,4,42695,3997
GTTATCAG,0.6949140312538655,0.6949140312538655,4,42695,3997
TATAGCAG,0.6948006432193955,0.6948006432193955,4,42695,3997
CTGCTATA,0.6948006432193955,0.6948006432193955,4,42695,3997
CTAGATCC,0.6945326351379212,0.6945326351379212,4,42695,3997
ATTATAGT,0.6945120191316538,0.6945120191316538,4,42695,3997
ACGATAGA,0.6944604791159857,0.6944604791159857,4,42695,3997
CAGATAAA,0.694171855028244,0.694171855028244,4,42695,3997
TTTATCTG,0.694171855028244,0.694171855028244,4,42695,3997
ATCATTTC,0.6938935389436358,0.6938935389436358,4,42695,3997
GAAATGAT,0.6938935389436358,0.6938935389436358,4,42695,3997
ACATATTC,0.6937904589122995,0.6937904589122995,4,42695,3997
ATAGGTAG,0.6929864346678761,0.6929864346678761,4,42695,3997
CCTATACA,0.6929864346678761,0.6929864346678761,4,42695,3997
TCCCAGAT,0.6923885704861255,0.6923885704861255,4,42695,3997
ATGAGACG,0.69231641446419,0.69231641446419,4,42695,3997
GATAGGAA,0.69231641446419,0.69231641446419,4,42695,3997
CGTCTCAT,0.69231641446419,0.69231641446419,4,42695,3997
TAGCTAAT,0.6919762503607801,0.6919762503607801,4,42695,3997
GAGTTATA,0.6919453263513793,0.6919453263513793,4,42695,3997
TATAACTC,0.6919453263513793,0.6919453263513793,4,42695,3997
CATGATAA,0.6919350183482456,0.6919350183482456,4,42695,3997
TTATCATG,0.6919350183482456,0.6919350183482456,4,42695,3997
TGAGTATG,0.6918834783325774,0.6918834783325774,4,42695,3997
GGGGTAAA,0.6918525543231765,0.6918525543231765,4,42695,3997
TTTACCCC,0.6918525543231765,0.6918525543231765,4,42695,3997
ATATTGAC,0.6916979342761721,0.6916979342761721,4,42695,3997
GATTCATA,0.6914711582072322,0.6914711582072322,4,42695,3997
TCGGTCAT,0.6912649981445594,0.6912649981445594,4,42695,3997
TTGATCAG,0.6910176060693523,0.6910176060693523,4,42695,3997
ACTATCCA,0.690996990063085,0.690996990063085,4,42695,3997
TGTTTTAT,0.6909660660536842,0.6909660660536842,4,42695,3997
ATGTTGTC,0.6908732940254814,0.6908732940254814,4,42695,3997
GTATTTTT,0.6907908300004123,0.6907908300004123,4,42695,3997
GTTATCAC,0.6907805219972787,0.6907805219972787,4,42695,3997
GTGATAAC,0.6907805219972787,0.6907805219972787,4,42695,3997
AAGATCGC,0.6907186739784769,0.6907186739784769,4,42695,3997
GCGATCTT,0.6907186739784769,0.6907186739784769,4,42695,3997
GGATAATT,0.6907186739784769,0.6907186739784769,4,42695,3997
CGCAATAT,0.690409433884468,0.690409433884468,4,42695,3997
GTCGTATA,0.6903578938687996,0.6903578938687996,4,42695,3997
CTTGAGAT,0.6903578938687996,0.6903578938687996,4,42695,3997
TATTACCA,0.6902032738217952,0.6902032738217952,4,42695,3997
GGGGGAGA,0.6901723498123943,0.6901723498123943,4,42695,3997
ATTACCCC,0.6900795777841916,0.6900795777841916,4,42695,3997
TTTAAGAT,0.6898424937121181,0.6898424937121181,4,42695,3997
ATTTTTAT,0.6896569496557127,0.6896569496557127,4,42695,3997
TGATACCT,1.0,1.0,5,53693,4996
TGATATCC,0.9906300251515278,0.9906300251515278,5,53693,4996
GGATATCA,0.9906300251515278,0.9906300251515278,5,53693,4996
TGATATCT,0.9870325320578899,0.9870325320578899,5,53693,4996
TGATACAT,0.9839298231146664,0.9839298231146664,5,53693,4996
TGATACGC,0.9835071949861872,0.9835071949861872,5,53693,4996
TGATACGT,0.9831051828639755,0.9831051828639755,5,53693,4996
TGATACAC,0.983063950851441,0.983063950851441,5,53693,4996
GGATATCG,0.9825485506947594,0.9825485506947594,5,53693,4996
ACATATCA,0.9795592297860058,0.9795592297860058,5,53693,4996
TGATACTT,0.9782810373974353,0.9782810373974353,5,53693,4996
ATACCCCC,0.9774667051498782,0.9774667051498782,5,53693,4996
CCATATCA,0.974724776316332,0.974724776316332,5,53693,4996
TGATACGG,0.9736527439904341,0.9736527439904341,5,53693,4996
TGATATAG,0.9728693357522781,0.9728693357522781,5,53693,4996
GGGTATCT,0.972281779573661,0.972281779573661,5,53693,4996
GTATATCA,0.9713334432853667,0.9713334432853667,5,53693,4996
TGATATCG,0.9713231352822331,0.9713231352822331,5,53693,4996
CGATATCA,0.9713231352822331,0.9713231352822331,5,53693,4996
AGATATCT,0.9677874902073971,0.9677874902073971,5,53693,4996
ATATACCC,0.9668803859316373,0.9668803859316373,5,53693,4996
TCATATCA,0.9574382550612296,0.9574382550612296,5,53693,4996
GGATATCC,0.9548921782872222,0.9548921782872222,5,53693,4996
GTATCGAT,0.9539541500020616,0.9539541500020616,5,53693,4996
ATATATAA,0.9492949325856596,0.9492949325856596,5,53693,4996
GGGGATCA,0.9487073764070424,0.9487073764070424,5,53693,4996
AGATATCC,0.9474394920216056,0.9474394920216056,5,53693,4996
ATATCCTC,0.947398260009071,0.947398260009071,5,53693,4996
CTGTATCA,0.9472436399620665,0.9472436399620665,5,53693,4996
ATATATCG,0.9470374798993939,0.9470374798993939,5,53693,4996
GTATCTAA,0.9415330062260339,0.9415330062260339,5,53693,4996
TACTGATA,0.93715210489424,0.93715210489424,5,53693,4996
TATCAGTA,0.93715210489424,0.93715210489424,5,53693,4996
GTATATCT,0.9360285325526739,0.9360285325526739,5,53693,4996
ACCGTATC,0.9359769925370057,0.9359769925370057,5,53693,4996
TGACACCA,0.9348121881829052,0.9348121881829052,5,53693,4996
TGATATTC,0.932235187399497,0.932235187399497,5,53693,4996
TGTTGATA,0.9309466870077928,0.9309466870077928,5,53693,4996
ATACCTAT,0.9296375706098213,0.9296375706098213,5,53693,4996
ATATCCGT,0.9281119861460437,0.9281119861460437,5,53693,4996
TGATAGGT,0.9280192141178412,0.9280192141178412,5,53693,4996
CGATATGT,0.9264833216509298,0.9264833216509298,5,53693,4996
CGATATGG,0.9235249247515772,0.9235249247515772,5,53693,4996
CTATATCG,0.9230198325980291,0.9230198325980291,5,53693,4996
AGATCACT,0.9229476765760937,0.9229476765760937,5,53693,4996
ATATAGAT,0.9202675957613492,0.9202675957613492,5,53693,4996
ATATCCGC,0.9199377396610728,0.9199377396610728,5,53693,4996
TGATCTAT,0.9167422586896468,0.9167422586896468,5,53693,4996
GTATCGGT,0.9165154826207067,0.9165154826207067,5,53693,4996
ATATCCAC,0.9162680905454995,0.9162680905454995,5,53693,4996
CTATATAT,0.915494990310477,0.915494990310477,5,53693,4996
CCAGATAC,0.9150414381725972,0.9150414381725972,5,53693,4996
CGATATAC,0.9135570857213541,0.9135570857213541,5,53693,4996
TGACACCG,0.9133818496680823,0.9133818496680823,5,53693,4996
GGATATAC,0.9130623015709397,0.9130623015709397,5,53693,4996
GTATATCC,0.9130623015709397,0.9130623015709397,5,53693,4996
CAATATCA,0.9094957324867027,0.9094957324867027,5,53693,4996
ATATCGCG,0.9087329402548139,0.9087329402548139,5,53693,4996
ATTAATCC,0.9074135158537089,0.9074135158537089,5,53693,4996
TAACGATA,0.907269203809838,0.907269203809838,5,53693,4996
TTATATCC,0.9063002515152765,0.9063002515152765,5,53693,4996
GGATATTA,0.9024038263307632,0.9024038263307632,5,53693,4996
ATACCCGT,0.9023729023213624,0.9023729023213624,5,53693,4996
TTGATCCA,0.8986104811775862,0.8986104811775862,5,53693,4996
GGAGGTAT,0.8964767245289242,0.8964767245289242,5,53693,4996
ATATCCAA,0.8957036242939018,0.8957036242939018,5,53693,4996
CCATATAT,0.8944254319053313,0.8944254319053313,5,53693,4996
ATATACCA,0.893281243557498,0.893281243557498,5,53693,4996
AACCGATA,0.8930956995010927,0.8930956995010927,5,53693,4996
GTATCCGT,0.8921679792190657,0.8921679792190657,5,53693,4996
GCATATCT,0.8920855151939966,0.8920855151939966,5,53693,4996
ATATCTCT,0.891796891106255,0.891796891106255,5,53693,4996
TAATATCG,0.8905496227270853,0.8905496227270853,5,53693,4996
ACATATCC,0.8884261740815569,0.8884261740815569,5,53693,4996
AGATCGAT,0.8876530738465345,0.8876530738465345,5,53693,4996
ATATCGGT,0.8862305694140932,0.8862305694140932,5,53693,4996
ATATGGAT,0.885364697150868,0.885364697150868,5,53693,4996
GTATCGGG,0.8845606729064447,0.8845606729064447,5,53693,4996
CGGATCCA,0.883931884715293,0.883931884715293,5,53693,4996
GTATATTT,0.8809013317940049,0.8809013317940049,5,53693,4996
AAATATAC,0.8809013317940049,0.8809013317940049,5,53693,4996
TGATATAA,0.8807260957407331,0.8807260957407331,5,53693,4996
TTATATCA,0.8807260957407331,0.8807260957407331,5,53693,4996
TGATGATC,0.8802416195934523,0.8802416195934523,5,53693,4996
ATCTATCC,0.8800457675339134,0.8800457675339134,5,53693,4996
TTATATCT,0.8800148435245125,0.8800148435245125,5,53693,4996
GGATACAT,0.8799529955057107,0.8799529955057107,5,53693,4996
TATGGATA,0.8797571434461716,0.8797571434461716,5,53693,4996
ATACCGTA,0.8789634272048819,0.8789634272048819,5,53693,4996
CTGATCCA,0.8785614150826702,0.8785614150826702,5,53693,4996
ATACATAT,0.8784995670638683,0.8784995670638683,5,53693,4996
ATAGCTAT,0.8770461386220262,0.8770461386220262,5,53693,4996
GATAGGTA,0.87373726961613,0.87373726961613,5,53693,4996
TGAGGATA,0.8734383375252546,0.8734383375252546,5,53693,4996
CTATATCT,0.8732631014719828,0.8732631014719828,5,53693,4996
GATCACTA,0.8728610893497711,0.8728610893497711,5,53693,4996
GGATCCAT,0.8727786253247021,0.8727786253247021,5,53693,4996
ATATCCAG,0.8727477013153012,0.8727477013153012,5,53693,4996
AGAGATAA,0.8721498371335505,0.8721498371335505,5,53693,4996
CGGATAAA,0.8716859769925369,0.8716859769925369,5,53693,4996
ATACCCAC,0.8715622809549335,0.8715622809549335,5,53693,4996
ATCATGTA,0.8712839648703254,0.8712839648703254,5,53693,4996
ATATCTCG,0.8711087288170536,0.8711087288170536,5,53693,4996
ATATAGCA,0.8707685647136437,0.8707685647136437,5,53693,4996
CGTGATCC,0.8695934523564095,0.8695934523564095,5,53693,4996
CTAGATCA,0.8685008040242445,0.8685008040242445,5,53693,4996
ATATATGC,0.8684904960211107,0.8684904960211107,5,53693,4996
ATGATCAG,0.8684904960211107,0.8684904960211107,5,53693,4996
TTCTATAT,0.8683667999835072,0.8683667999835072,5,53693,4996
AAGTATAC,0.8664701274069188,0.8664701274069188,5,53693,4996
AGATCAGA,0.8648002308992702,0.8648002308992702,5,53693,4996
AGATATGG,0.8647589988867357,0.8647589988867357,5,53693,4996
ATATATGT,0.8620583020657239,0.8620583020657239,5,53693,4996
TTTAGATA,0.8619758380406547,0.8619758380406547,5,53693,4996
TGAGGTAT,0.8618315259967838,0.8618315259967838,5,53693,4996
TGATCTGT,0.8599245454170619,0.8599245454170619,5,53693,4996
CTATCCCC,0.8597905413763247,0.8597905413763247,5,53693,4996
TGATCATG,0.8585948130128231,0.8585948130128231,5,53693,4996
TATCTTTA,0.8577598647589989,0.8577598647589989,5,53693,4996
ATATTTAT,0.8574403166618563,0.8574403166618563,5,53693,4996
CGGATCGT,0.8570383045396446,0.8570383045396446,5,53693,4996
ACGATCCG,0.8570383045396446,0.8570383045396446,5,53693,4996
ATCATCCA,0.856605368408032,0.856605368408032,5,53693,4996
GGGGATCG,0.8553993320413968,0.8553993320413968,5,53693,4996
ATATACAT,0.8541520636622274,0.8541520636622274,5,53693,4996
ATACAGTA,0.8538118995588175,0.8538118995588175,5,53693,4996
TTCCGATA,0.8535335834742095,0.8535335834742095,5,53693,4996
GTATACAG,0.8531109553457304,0.8531109553457304,5,53693,4996
GGGTATTG,0.8522244670762379,0.8522244670762379,5,53693,4996
ATATGGGA,0.8520595390260999,0.8520595390260999,5,53693,4996
ATATACAA,0.8519461509916298,0.8519461509916298,5,53693,4996
GGATATGG,0.8519358429884962,0.8519358429884962,5,53693,4996
ATACCCAT,0.8511421267472065,0.8511421267472065,5,53693,4996
CGATATAA,0.8497917783367006,0.8497917783367006,5,53693,4996
GGATCGCA,0.8491629901455491,0.8491629901455491,5,53693,4996
TGCGATCC,0.8491629901455491,0.8491629901455491,5,53693,4996
GTATCTGA,0.8467509174122789,0.8467509174122789,5,53693,4996
GAGGATCG,0.8466375293778089,0.8466375293778089,5,53693,4996
CATAGTAT,0.8465962973652744,0.8465962973652744,5,53693,4996
TGATCTTC,0.846019049189791,0.846019049189791,5,53693,4996
CGATCACA,0.8446790087824186,0.8446790087824186,5,53693,4996
ATACTACA,0.8420813919927431,0.8420813919927431,5,53693,4996
GTGTCATG,0.8408547396198409,0.8408547396198409,5,53693,4996
GTATATAA,0.8407825835979055,0.8407825835979055,5,53693,4996
TTATATAC,0.8407825835979055,0.8407825835979055,5,53693,4996
GTATGTAT,0.8407516595885045,0.8407516595885045,5,53693,4996
ATACCCGA,0.8407207355791037,0.8407207355791037,5,53693,4996
TTAGGTAT,0.8405970395415,0.8405970395415,5,53693,4996
GCGTATAT,0.8392569991341277,0.8392569991341277,5,53693,4996
ACCGATCC,0.8385663629241743,0.8385663629241743,5,53693,4996
ATCCAATT,0.8369995464478621,0.8369995464478621,5,53693,4996
CTGATCAG,0.8358450500968952,0.8358450500968952,5,53693,4996
TTCGATAG,0.835711046056158,0.835711046056158,5,53693,4996
ATATAGCT,0.8355564260091535,0.8355564260091535,5,53693,4996
TCATATAC,0.8351544138869419,0.8351544138869419,5,53693,4996
ATAGATCC,0.8351028738712737,0.8351028738712737,5,53693,4996
ATAGATGA,0.8349070218117347,0.8349070218117347,5,53693,4996
TGAATATA,0.8343194656331177,0.8343194656331177,5,53693,4996
AGATCAAG,0.8341545375829794,0.8341545375829794,5,53693,4996
GGATCAGC,0.8325361810909991,0.8325361810909991,5,53693,4996
GGGTAGAT,0.8322475570032574,0.8322475570032574,5,53693,4996
ATATTAGT,0.8316806168309074,0.8316806168309074,5,53693,4996
ATATAGTG,0.8281140477466704,0.8281140477466704,5,53693,4996
ACTATCTA,0.8280006597122006,0.8280006597122006,5,53693,4996
AGGGATAA,0.8274027955304499,0.8274027955304499,5,53693,4996
TAACTATC,0.8253102708943224,0.8253102708943224,5,53693,4996
TTAAATAT,0.8246402506906363,0.8246402506906363,5,53693,4996
ATATTTAA,0.8246402506906363,0.8246402506906363,5,53693,4996
ATCAACCC,0.8238053024368119,0.8238053024368119,5,53693,4996
GGATAGCC,0.8232383622644621,0.8232383622644621,5,53693,4996
ACATATCT,0.8228157341359832,0.8228157341359832,5,53693,4996
AGATATGT,0.8228157341359832,0.8228157341359832,5,53693,4996
TTATAGAT,0.8227848101265823,0.8227848101265823,5,53693,4996
TTATCTAT,0.8218880138539562,0.8218880138539562,5,53693,4996
ATATCGAC,0.8216715457881499,0.8216715457881499,5,53693,4996
ATATCTGG,0.8214756937286108,0.8214756937286108,5,53693,4996
GATCACAA,0.820630437471653,0.820630437471653,5,53693,4996
CTATCGCT,0.820290273368243,0.820290273368243,5,53693,4996
AAATATCT,0.8200738053024368,0.8200738053024368,5,53693,4996
CGTAGATA,0.8199604172679669,0.8199604172679669,5,53693,4996
CAACATAT,0.8186719168762628,0.8186719168762628,5,53693,4996
ATATCGAG,0.8186203768605945,0.8186203768605945,5,53693,4996
ATATCCTG,0.8181152847070465,0.8181152847070465,5,53693,4996
TATCTGTC,0.8179091246443739,0.8179091246443739,5,53693,4996
ATTGTGAT,0.817795736609904,0.817795736609904,5,53693,4996
CATGTGAT,0.8177441965942357,0.8177441965942357,5,53693,4996
ATAACCCC,0.817259720446955,0.817259720446955,5,53693,4996
GTATTTAT,0.8170020203686141,0.8170020203686141,5,53693,4996
AAACGGAT,0.8167030882777389,0.8167030882777389,5,53693,4996
CTATCAGG,0.8166824722714716,0.8166824722714716,5,53693,4996
AGTTATCC,0.8165897002432688,0.8165897002432688,5,53693,4996
GGATAACT,0.8165897002432688,0.8165897002432688,5,53693,4996
TAATAATA,0.8161773801179235,0.8161773801179235,5,53693,4996
GGATACAC,0.81594029604585,0.81594029604585,5,53693,4996
AAGATCGT,0.8157753679957119,0.8157753679957119,5,53693,4996
TTATATAA,0.815744443986311,0.815744443986311,5,53693,4996
AGATCTCA,0.8153527398672329,0.8153527398672329,5,53693,4996
AGAGATCC,0.8153011998515648,0.8153011998515648,5,53693,4996
GGATCTCT,0.8153011998515648,0.8153011998515648,5,53693,4996
ATATTACT,0.8152084278233621,0.8152084278233621,5,53693,4996
ATACCGCT,0.8146724116604132,0.8146724116604132,5,53693,4996
GTATACAT,0.8145590236259431,0.8145590236259431,5,53693,4996
CCTGATCC,0.8145177916134086,0.8145177916134086,5,53693,4996
TTTTCATA,0.8140436234692615,0.8140436234692615,5,53693,4996
GTATAAAT,0.8138477714097226,0.8138477714097226,5,53693,4996
ATAACGAT,0.8133632952624418,0.8133632952624418,5,53693,4996
ATACCAAC,0.8126314270399538,0.8126314270399538,5,53693,4996
ATACCAGG,0.8122397229208759,0.8122397229208759,5,53693,4996
AGATAGTT,0.811672782748526,0.811672782748526,5,53693,4996
TATAAACA,0.8111779985981116,0.8111779985981116,5,53693,4996
TGTTTATA,0.8111779985981116,0.8111779985981116,5,53693,4996
ACCGATAG,0.8110439945573744,0.8110439945573744,5,53693,4996
CTATCGGT,0.8110439945573744,0.8110439945573744,5,53693,4996
GTAGTATA,0.8105904424194945,0.8105904424194945,5,53693,4996
ATATGTAC,0.8098070341813385,0.8098070341813385,5,53693,4996
CTCTATAT,0.8094977940873294,0.8094977940873294,5,53693,4996
ATCTATCA,0.8094874860841957,0.8094874860841957,5,53693,4996
GTGTCAGT,0.8093534820434585,0.8093534820434585,5,53693,4996
TCAGAGAT,0.8084773017770998,0.8084773017770998,5,53693,4996
AAATATAT,0.8083226817300952,0.8083226817300952,5,53693,4996
ATATATTT,0.8083226817300952,0.8083226817300952,5,53693,4996
ATGATTAT,0.80791036160475,0.80791036160475,5,53693,4996
TAGATAGG,0.80779697357028,0.80779697357028,5,53693,4996
TACAATAC,0.8066218612130458,0.8066218612130458,5,53693,4996
TATTATAG,0.8065084731785759,0.8065084731785759,5,53693,4996
ATCATAAA,0.8058075289654889,0.8058075289654889,5,53693,4996
ATTGAATA,0.8056116769059497,0.8056116769059497,5,53693,4996
ATCAGGTA,0.8045190285737848,0.8045190285737848,5,53693,4996
CGGCGATA,0.8040551684327713,0.8040551684327713,5,53693,4996
ATATAACT,0.8036325403042922,0.8036325403042922,5,53693,4996
ATCTTTTA,0.8032408361852141,0.8032408361852141,5,53693,4996
GAATATAC,0.8024883519564591,0.8024883519564591,5,53693,4996
ACCGCGAT,0.8024161959345236,0.8024161959345236,5,53693,4996
GATCAATT,0.8019214117841091,0.8019214117841091,5,53693,4996
ATCCGTGA,0.8018080237496393,0.8018080237496393,5,53693,4996
AGGATACG,0.8015709396775657,0.8015709396775657,5,53693,4996
AGTAAGAT,0.8010864635302849,0.8010864635302849,5,53693,4996
CTATCTCA,0.8008184554488105,0.8008184554488105,5,53693,4996
TTAGATCC,0.8003030552921288,0.8003030552921288,5,53693,4996
ACCTAATA,0.7993237949944336,0.7993237949944336,5,53693,4996
ATATTAGG,0.7985094627468767,0.7985094627468767,5,53693,4996
CCTAATAT,0.7985094627468767,0.7985094627468767,5,53693,4996
TGAGAGAT,0.7981486826371995,0.7981486826371995,5,53693,4996
ATACTAAT,0.7976229744773843,0.7976229744773843,5,53693,4996
ATCCAATA,0.7973652743990435,0.7973652743990435,5,53693,4996
CATATTAA,0.7971797303426381,0.7971797303426381,5,53693,4996
ATGTATTA,0.7969323382674309,0.7969323382674309,5,53693,4996
CCGGATCT,0.7959324619634685,0.7959324619634685,5,53693,4996
GTATTTGA,0.7958293819321322,0.7958293819321322,5,53693,4996
ATACCAAA,0.7951387457221787,0.7951387457221787,5,53693,4996
AGATCAAC,0.7947882736156351,0.7947882736156351,5,53693,4996
TAGTATTG,0.7943037974683544,0.7943037974683544,5,53693,4996
GGATCGTG,0.79403578938688,0.79403578938688,5,53693,4996
GGAATGAT,0.7937677813054056,0.7937677813054056,5,53693,4996
ATAAGGTA,0.7935719292458665,0.7935719292458665,5,53693,4996
AAATATCC,0.7927266729889085,0.7927266729889085,5,53693,4996
GGATATTT,0.7927266729889085,0.7927266729889085,5,53693,4996
GATCTTTA,0.7922009648290933,0.7922009648290933,5,53693,4996
TATAAGGT,0.7921494248134252,0.7921494248134252,5,53693,4996
TAGATAAG,0.7918917247350843,0.7918917247350843,5,53693,4996
GGATCCCT,0.7911289325031955,0.7911289325031955,5,53693,4996
AGGGATCC,0.7911289325031955,0.7911289325031955,5,53693,4996
AGGAATAT,0.7907269203809838,0.7907269203809838,5,53693,4996
CTGATCAC,0.7905104523151775,0.7905104523151775,5,53693,4996
ATCGAAAA,0.7905001443120439,0.7905001443120439,5,53693,4996
ATCAATCC,0.7894796520018141,0.7894796520018141,5,53693,4996
AAAATGAT,0.7890982558858698,0.7890982558858698,5,53693,4996
CTAAATAT,0.7883870036696491,0.7883870036696491,5,53693,4996
ATATTTAG,0.7883870036696491,0.7883870036696491,5,53693,4996
GCGGATCT,0.7882426916257782,0.7882426916257782,5,53693,4996
TTAATACG,0.787799447491032,0.787799447491032,5,53693,4996
GGGATAGG,0.7873768193625531,0.7873768193625531,5,53693,4996
TGATCACG,0.7873149713437513,0.7873149713437513,5,53693,4996
GAGTATAG,0.7868614192058714,0.7868614192058714,5,53693,4996
ATTGGTGT,0.7863769430585907,0.7863769430585907,5,53693,4996
GACTATAT,0.7860780109677153,0.7860780109677153,5,53693,4996
ATCGGATT,0.785356450748361,0.785356450748361,5,53693,4996
AGCGATCA,0.7848616665979467,0.7848616665979467,5,53693,4996
CGGTGTAT,0.7844390384694677,0.7844390384694677,5,53693,4996
TCTATTAT,0.7834700861749062,0.7834700861749062,5,53693,4996
CCAGGATC,0.7833154661279018,0.7833154661279018,5,53693,4996
TATCGCAG,0.7832742341153672,0.7832742341153672,5,53693,4996
ATCTCATT,0.7829959180307592,0.7829959180307592,5,53693,4996
CCTGTATA,0.7826248299179482,0.7826248299179482,5,53693,4996
CTATCCGA,0.7821815857832021,0.7821815857832021,5,53693,4996
TTATCTTA,0.7817177256421886,0.7817177256421886,5,53693,4996
ATCGAATA,0.7816558776233867,0.7816558776233867,5,53693,4996
CCTATCTT,0.7814394095575804,0.7814394095575804,5,53693,4996
AGTGGGAT,0.7813569455325116,0.7813569455325116,5,53693,4996
CCACTATC,0.7812332494949078,0.7812332494949078,5,53693,4996
ACCTATAT,0.779882901084402,0.779882901084402,5,53693,4996
AGATCGGT,0.7798622850781347,0.7798622850781347,5,53693,4996
CTATCGTG,0.7798004370593328,0.7798004370593328,5,53693,4996
AGTATAGA,0.7797592050467984,0.7797592050467984,5,53693,4996
AGATCCGA,0.779037644827444,0.779037644827444,5,53693,4996
AGCTGATC,0.7789551808023749,0.7789551808023749,5,53693,4996
ACTGATCG,0.7787284047334351,0.7787284047334351,5,53693,4996
TTGGATAG,0.7786459407083659,0.7786459407083659,5,53693,4996
ATTCGGAT,0.7784913206613616,0.7784913206613616,5,53693,4996
AGGATAAA,0.7782645445924216,0.7782645445924216,5,53693,4996
GATTATAG,0.7779346884921453,0.7779346884921453,5,53693,4996
ACGATCAT,0.7777285284294726,0.7777285284294726,5,53693,4996
TTGAATAT,0.7775636003793345,0.7775636003793345,5,53693,4996
ATCTCAAT,0.7775017523605328,0.7775017523605328,5,53693,4996
ATATGGTT,0.7774399043417309,0.7774399043417309,5,53693,4996
TATTCTCC,0.7770997402383211,0.7770997402383211,5,53693,4996
ACCAGATC,0.7767801921411785,0.7767801921411785,5,53693,4996
GATCTGGT,0.7767801921411785,0.7767801921411785,5,53693,4996
AGATCCAC,0.7764091040283676,0.7764091040283676,5,53693,4996
TTAGATCA,0.7758833958685524,0.7758833958685524,5,53693,4996
TGATCTAA,0.7758833958685524,0.7758833958685524,5,53693,4996
ATCGGACA,0.7756566197996124,0.7756566197996124,5,53693,4996
AGAGGGTA,0.7752752236836681,0.7752752236836681,5,53693,4996
GTAAATAT,0.7742031913577702,0.7742031913577702,5,53693,4996
ATATTTTA,0.7739661072856966,0.7739661072856966,5,53693,4996
TAAGATCC,0.7736877912010885,0.7736877912010885,5,53693,4996
GGGATCCG,0.7736053271760195,0.7736053271760195,5,53693,4996
CGTATCCG,0.7735125551478167,0.7735125551478167,5,53693,4996
TAGATAAA,0.7730486950068033,0.7730486950068033,5,53693,4996
TATTGATT,0.7728734589535315,0.7728734589535315,5,53693,4996
ATTATCTT,0.7727085309033933,0.7727085309033933,5,53693,4996
TATTGATG,0.7725126788438544,0.7725126788438544,5,53693,4996
CCGGGATA,0.7724302148187853,0.7724302148187853,5,53693,4996
ATAACAGA,0.7718323506370346,0.7718323506370346,5,53693,4996
TACATCTT,0.771822042633901,0.771822042633901,5,53693,4996
AATGATCG,0.7711314064239475,0.7711314064239475,5,53693,4996
GTATAAAC,0.7708737063456068,0.7708737063456068,5,53693,4996
GATCCTAC,0.7706263142703996,0.7706263142703996,5,53693,4996
TTAACACC,0.7705438502453305,0.7705438502453305,5,53693,4996
GTATTGAA,0.7701109141137179,0.7701109141137179,5,53693,4996
CGATCACT,0.7695955139570363,0.7695955139570363,5,53693,4996
AGTGATCG,0.7695955139570363,0.7695955139570363,5,53693,4996
CGCTATAT,0.7695542819445017,0.7695542819445017,5,53693,4996
GAGGAATA,0.7692038098379582,0.7692038098379582,5,53693,4996
ATAGCAAT,0.7687708737063457,0.7687708737063457,5,53693,4996
GTACCTAT,0.7680905454995257,0.7680905454995257,5,53693,4996
TGATGTAT,0.7656372407537213,0.7656372407537213,5,53693,4996
ATCGTGTC,0.765420772687915,0.765420772687915,5,53693,4996
TACACCAT,0.7647404444810951,0.7647404444810951,5,53693,4996
ATAGCGAT,0.7647198284748279,0.7647198284748279,5,53693,4996
TTAGGATC,0.7642868923432152,0.7642868923432152,5,53693,4996
ATCAGGTT,0.7638127241990682,0.7638127241990682,5,53693,4996
TGGGATAA,0.7633900960705893,0.7633900960705893,5,53693,4996
CTATACAC,0.7628025398919722,0.7628025398919722,5,53693,4996
TGATAATC,0.7624108357728941,0.7624108357728941,5,53693,4996
TTATGTAT,0.7622974477384241,0.7622974477384241,5,53693,4996
CTATAGAT,0.7622665237290233,0.7622665237290233,5,53693,4996
ATCTATAG,0.7622665237290233,0.7622665237290233,5,53693,4996
ATACGACA,0.761936667628747,0.761936667628747,5,53693,4996
GATAGTCA,0.7618954356162125,0.7618954356162125,5,53693,4996
AAATAACA,0.7616892755535397,0.7616892755535397,5,53693,4996
TATCGGGA,0.7613697274563972,0.7613697274563972,5,53693,4996
TGGGTATT,0.7613594194532635,0.7613594194532635,5,53693,4996
TGACACTC,0.7611532593905909,0.7611532593905909,5,53693,4996
GAGTGTCA,0.7611532593905909,0.7611532593905909,5,53693,4996
ATAGCAGT,0.7606172432276419,0.7606172432276419,5,53693,4996
ATCGATTC,0.7601430750834949,0.7601430750834949,5,53693,4996
CTATCCGT,0.760081227064693,0.760081227064693,5,53693,4996
ATCGCATC,0.759885375005154,0.759885375005154,5,53693,4996
GTGTCACT,0.7591844307920669,0.7591844307920669,5,53693,4996
CTACAATA,0.7591225827732652,0.7591225827732652,5,53693,4996
GGAGATCT,0.7589061147074588,0.7589061147074588,5,53693,4996
GTAGCTAT,0.7587927266729889,0.7587927266729889,5,53693,4996
CGGTATAC,0.7584216385601781,0.7584216385601781,5,53693,4996
TGATTATG,0.7583391745351091,0.7583391745351091,5,53693,4996
GGGAGGAT,0.757751618356492,0.757751618356492,5,53693,4996
TTGGCTAT,0.7575763823032201,0.7575763823032201,5,53693,4996
TTATATGT,0.7574939182781513,0.7574939182781513,5,53693,4996
CGGGAGAT,0.7574526862656167,0.7574526862656167,5,53693,4996
TCAGATCC,0.7573496062342804,0.7573496062342804,5,53693,4996
AGCAATAC,0.7569888261246032,0.7569888261246032,5,53693,4996
ATATTCTC,0.756545581989857,0.756545581989857,5,53693,4996
GTGTCTAT,0.7564218859522532,0.7564218859522532,5,53693,4996
TTTTGTAT,0.7562878819115161,0.7562878819115161,5,53693,4996
CATAATCC,0.7557415577454336,0.7557415577454336,5,53693,4996
GGGGCGAT,0.7556075537046963,0.7556075537046963,5,53693,4996
AGCGTATA,0.7551024615511482,0.7551024615511482,5,53693,4996
GTATCCTG,0.7551024615511482,0.7551024615511482,5,53693,4996
ATAATAGG,0.7545973693976004,0.7545973693976004,5,53693,4996
TGATAACC,0.7544221333443285,0.7544221333443285,5,53693,4996
GTCTTATA,0.7541953572753886,0.7541953572753886,5,53693,4996
AGCCGTAT,0.7537418051375088,0.7537418051375088,5,53693,4996
TATTATAA,0.7535459530779698,0.7535459530779698,5,53693,4996
CAAGATCT,0.7533294850121635,0.7533294850121635,5,53693,4996
ATTTAATC,0.7527316208304128,0.7527316208304128,5,53693,4996
GCGAGTAT,0.7527006968210119,0.7527006968210119,5,53693,4996
ATTATACA,0.7526079247928091,0.7526079247928091,5,53693,4996
GTCAGATA,0.7525151527646065,0.7525151527646065,5,53693,4996
AAAGATAG,0.7525048447614728,0.7525048447614728,5,53693,4996
ATAACTAG,0.7524326887395374,0.7524326887395374,5,53693,4996
GGATAGCA,0.7520306766173257,0.7520306766173257,5,53693,4996
TGATAAGG,0.751968828598524,0.751968828598524,5,53693,4996
ATATGGAA,0.751906980579722,0.751906980579722,5,53693,4996
GACTATCC,0.7509998763039624,0.7509998763039624,5,53693,4996
ATCAAAGC,0.7506906362099535,0.7506906362099535,5,53693,4996
CTCTAATA,0.7502164680658063,0.7502164680658063,5,53693,4996
AATAATAA,0.7490619717148395,0.7490619717148395,5,53693,4996
TATTTTAA,0.7488764276584341,0.7488764276584341,5,53693,4996
CGATAACA,0.748845503649033,0.748845503649033,5,53693,4996
TCATATGT,0.748567187564425,0.748567187564425,5,53693,4996
GGTTATCC,0.7482064074547479,0.7482064074547479,5,53693,4996
TACCTTCT,0.7481136354265452,0.7481136354265452,5,53693,4996
ATCGGTGT,0.7477425473137345,0.7477425473137345,5,53693,4996
AATTATCT,0.7477219313074671,0.7477219313074671,5,53693,4996
CAGATCGG,0.7475879272667298,0.7475879272667298,5,53693,4996
GGTGATGA,0.7467735950191728,0.7467735950191728,5,53693,4996
ATCTCACT,0.7453820145961325,0.7453820145961325,5,53693,4996
GGATTACA,0.7448150744237826,0.7448150744237826,5,53693,4996
ATATAAGT,0.7436193460602812,0.7436193460602812,5,53693,4996
TCAGATAA,0.7435471900383458,0.7435471900383458,5,53693,4996
TATTACCG,0.7435265740320786,0.7435265740320786,5,53693,4996
GGATAAGT,0.7434338020038758,0.7434338020038758,5,53693,4996
GGTGGGAT,0.7433925699913412,0.7433925699913412,5,53693,4996
TAAATAAT,0.7432482579474704,0.7432482579474704,5,53693,4996
GCATATAC,0.7418876015338309,0.7418876015338309,5,53693,4996
TCCGTTAT,0.7417742134993609,0.7417742134993609,5,53693,4996
GTTTAGAT,0.7413103533583475,0.7413103533583475,5,53693,4996
ACATCGAT,0.7406815651671959,0.7406815651671959,5,53693,4996
ATCGATGT,0.7406815651671959,0.7406815651671959,5,53693,4996
AGATCTAA,0.7404341730919887,0.7404341730919887,5,53693,4996
TGTATAAA,0.7401455490042469,0.7401455490042469,5,53693,4996
TGAGATCC,0.7401352410011133,0.7401352410011133,5,53693,4996
AAATGAGA,0.7397023048695007,0.7397023048695007,5,53693,4996
AGATCGCA,0.7394033727786253,0.7394033727786253,5,53693,4996
ATTTAAAC,0.73921782872222,0.73921782872222,5,53693,4996
CATTAATC,0.7389704366470128,0.7389704366470128,5,53693,4996
GATTAATG,0.7389704366470128,0.7389704366470128,5,53693,4996
TATGGTGT,0.7387127365686719,0.7387127365686719,5,53693,4996
ACACCATA,0.7387127365686719,0.7387127365686719,5,53693,4996
GATTATTA,0.7385787325279347,0.7385787325279347,5,53693,4996
GATAAGTA,0.7385787325279347,0.7385787325279347,5,53693,4996
ATCCGACT,0.7377644002803777,0.7377644002803777,5,53693,4996
ATCTTACA,0.7372902321362306,0.7372902321362306,5,53693,4996
TTTACACC,0.737166536098627,0.737166536098627,5,53693,4996
TATACGCG,0.737084072073558,0.737084072073558,5,53693,4996
TTAGGATA,0.7370737640704242,0.7370737640704242,5,53693,4996
GAATATCT,0.736826371995217,0.736826371995217,5,53693,4996
CGATGTAT,0.7363212798416691,0.7363212798416691,5,53693,4996
GTATTAAG,0.7361666597946646,0.7361666597946646,5,53693,4996
GCTTATAT,0.7358058796849875,0.7358058796849875,5,53693,4996
TGCTATCG,0.7354760235847112,0.7354760235847112,5,53693,4996
GGTTATCG,0.7354347915721766,0.7354347915721766,5,53693,4996
GAGCGGAT,0.7353317115408403,0.7353317115408403,5,53693,4996
TTAGCGAT,0.734383375252546,0.734383375252546,5,53693,4996
TTTGATCA,0.7343524512431452,0.7343524512431452,5,53693,4996
TGATCAAA,0.7343524512431452,0.7343524512431452,5,53693,4996
AACCCTAT,0.7343215272337443,0.7343215272337443,5,53693,4996
CTATTATT,0.7342906032243435,0.7342906032243435,5,53693,4996
CGGGATAA,0.7340122871397353,0.7340122871397353,5,53693,4996
TTATCCCG,0.7340122871397353,0.7340122871397353,5,53693,4996
ATGTTGTA,0.7338576670927308,0.7338576670927308,5,53693,4996
GGAAAGAT,0.7330536428483074,0.7330536428483074,5,53693,4996
TATTGGTA,0.7324351626602895,0.7324351626602895,5,53693,4996
CGGATTAC,0.7320743825506124,0.7320743825506124,5,53693,4996
ATCGGATG,0.7315280583845298,0.7315280583845298,5,53693,4996
GTGTGTAT,0.731466210365728,0.731466210365728,5,53693,4996
GAGATCTG,0.7305281820805674,0.7305281820805674,5,53693,4996
TATCTCGT,0.7303632540304292,0.7303632540304292,5,53693,4996
ATGCATAT,0.7301777099740239,0.7301777099740239,5,53693,4996
CAGATCTG,0.7301055539520884,0.7301055539520884,5,53693,4996
GAACCTAT,0.7300952459489548,0.7300952459489548,5,53693,4996
ATCATCCT,0.7300849379458211,0.7300849379458211,5,53693,4996
GGATAGAG,0.7299612419082177,0.7299612419082177,5,53693,4996
TGATAAGT,0.7283428854162372,0.7283428854162372,5,53693,4996
ATCTCCCC,0.7281470333566982,0.7281470333566982,5,53693,4996
GGCTATTA,0.7279408732940255,0.7279408732940255,5,53693,4996
GATAAAAA,0.7275800931843484,0.7275800931843484,5,53693,4996
CCGATTAT,0.7273223931060074,0.7273223931060074,5,53693,4996
TCTCTTAT,0.7273017770997403,0.7273017770997403,5,53693,4996
TACTAATA,0.7270234610151322,0.7270234610151322,5,53693,4996
CAATCCCC,0.7266626809054549,0.7266626809054549,5,53693,4996
GTATAGCT,0.726518368861584,0.726518368861584,5,53693,4996
TTATTTAC,0.7263225168020452,0.7263225168020452,5,53693,4996
GTTCTTAT,0.7261266647425061,0.7261266647425061,5,53693,4996
TCGGCTAT,0.7260545087205706,0.7260545087205706,5,53693,4996
CGACTATC,0.7255494165670227,0.7255494165670227,5,53693,4996
GATCTGAA,0.7251989444604792,0.7251989444604792,5,53693,4996
AAACTATA,0.7250752484228755,0.7250752484228755,5,53693,4996
ATATAAAG,0.7246835443037976,0.7246835443037976,5,53693,4996
GATCTTGT,0.7242815321815858,0.7242815321815858,5,53693,4996
TGTAGATC,0.7239619840844432,0.7239619840844432,5,53693,4996
CTTCTCAC,0.7235084319465633,0.7235084319465633,5,53693,4996
GATAGATG,0.7231785758462871,0.7231785758462871,5,53693,4996
CTTATCGT,0.7230961118212179,0.7230961118212179,5,53693,4996
GACAAGAT,0.7229930317898816,0.7229930317898816,5,53693,4996
CGCTATAC,0.7229930317898816,0.7229930317898816,5,53693,4996
ATGAGGTA,0.7229930317898816,0.7229930317898816,5,53693,4996
TATTAACC,0.7228590277491445,0.7228590277491445,5,53693,4996
TAGTTACC,0.7228281037397436,0.7228281037397436,5,53693,4996
TCGATCGC,0.7227765637240754,0.7227765637240754,5,53693,4996
GTACCCCC,0.7226528676864719,0.7226528676864719,5,53693,4996
GGGGGTAC,0.7226528676864719,0.7226528676864719,5,53693,4996
ATCACCAC,0.7226322516802045,0.7226322516802045,5,53693,4996
ATTATCTG,0.7225394796520018,0.7225394796520018,5,53693,4996
CAGATAAT,0.7225394796520018,0.7225394796520018,5,53693,4996
TGAGACCC,0.7222920875767945,0.7222920875767945,5,53693,4996
CGAGATCT,0.7216117593699749,0.7216117593699749,5,53693,4996
CTATATGT,0.7214777553292376,0.7214777553292376,5,53693,4996
TTATACGC,0.7211375912258277,0.7211375912258277,5,53693,4996
CAGCTATA,0.7210551272007586,0.7210551272007586,5,53693,4996
ATCTCAAC,0.7208901991506206,0.7208901991506206,5,53693,4996
GTAACTAT,0.7199624788685937,0.7199624788685937,5,53693,4996
ATGTCTGA,0.7199315548591927,0.7199315548591927,5,53693,4996
TGCTTATC,0.7195501587432483,0.7195501587432483,5,53693,4996
TGTATTTA,0.7193130746711747,0.7193130746711747,5,53693,4996
TGATAAGC,0.7193027666680412,0.7193027666680412,5,53693,4996
GACATGAT,0.7191275306147693,0.7191275306147693,5,53693,4996
ATTATCTA,0.7191172226116357,0.7191172226116357,5,53693,4996
TATAGTAC,0.7190966066053684,0.7190966066053684,5,53693,4996
TGTTATCT,0.7188698305364285,0.7188698305364285,5,53693,4996
AGATAACA,0.7188698305364285,0.7188698305364285,5,53693,4996
TACCCTGT,0.7188182905207603,0.7188182905207603,5,53693,4996
TATAGAAC,0.7187667505050921,0.7187667505050921,5,53693,4996
ATATGCGT,0.7187255184925577,0.7187255184925577,5,53693,4996
ACGCATAT,0.7187255184925577,0.7187255184925577,5,53693,4996
ATAGATTG,0.7186533624706223,0.7186533624706223,5,53693,4996
GCTATTTA,0.7185502824392858,0.7185502824392858,5,53693,4996
GTTTATGT,0.7185296664330186,0.7185296664330186,5,53693,4996
TCCTTATC,0.7183131983672123,0.7183131983672123,5,53693,4996
TTTAGTAT,0.7182513503484106,0.7182513503484106,5,53693,4996
AATATAAA,0.7181688863233414,0.7181688863233414,5,53693,4996
TAATATGT,0.7177153341854615,0.7177153341854615,5,53693,4996
ATCCTGTC,0.7175607141384571,0.7175607141384571,5,53693,4996
ATACTACC,0.7173236300663836,0.7173236300663836,5,53693,4996
GTTTATAA,0.7171896260256464,0.7171896260256464,5,53693,4996
ATAGAAGA,0.7168288459159692,0.7168288459159692,5,53693,4996
TTCGCTAT,0.7167669978971674,0.7167669978971674,5,53693,4996
ATAACAAG,0.7162619057436194,0.7162619057436194,5,53693,4996
ATAGTACA,0.7162412897373521,0.7162412897373521,5,53693,4996
ATATGTAA,0.7161175936997485,0.7161175936997485,5,53693,4996
TTACATAT,0.7161175936997485,0.7161175936997485,5,53693,4996
TATCTACA,0.7157568135900713,0.7157568135900713,5,53693,4996
TGCTGTAT,0.7156021935430669,0.7156021935430669,5,53693,4996
TAGGATCT,0.7153032614521915,0.7153032614521915,5,53693,4996
ATCCATTT,0.7153032614521915,0.7153032614521915,5,53693,4996
ATATGCAA,0.7150249453675833,0.7150249453675833,5,53693,4996
GCGAAGAT,0.7147981692986434,0.7147981692986434,5,53693,4996
ATAATCTC,0.7147053972704408,0.7147053972704408,5,53693,4996
AATAAGAT,0.7143961571764319,0.7143961571764319,5,53693,4996
GTATGGAT,0.7143858491732982,0.7143858491732982,5,53693,4996
CATATACT,0.7143549251638973,0.7143549251638973,5,53693,4996
TACGACAA,0.714076609079289,0.714076609079289,5,53693,4996
AATATGGT,0.7134168968787367,0.7134168968787367,5,53693,4996
TGCGATAG,0.7131488887972622,0.7131488887972622,5,53693,4996
TATAAAAT,0.7130664247721932,0.7130664247721932,5,53693,4996
ATCAGCTC,0.712819032696986,0.712819032696986,5,53693,4996
TATACGTC,0.711973776440028,0.711973776440028,5,53693,4996
GACGTATA,0.711973776440028,0.711973776440028,5,53693,4996
TCTCCTAT,0.7119634684368944,0.7119634684368944,5,53693,4996
CTATAATT,0.7117573083742217,0.7117573083742217,5,53693,4996
AAATCGAT,0.7117057683585535,0.7117057683585535,5,53693,4996
GTGTCTCA,0.7115923803240837,0.7115923803240837,5,53693,4996
GTGTCAGG,0.7114068362676783,0.7114068362676783,5,53693,4996
CTAATCTC,0.7111491361893374,0.7111491361893374,5,53693,4996
AAGATCCA,0.7110460561580011,0.7110460561580011,5,53693,4996
ATACGCTC,0.7102111079041769,0.7102111079041769,5,53693,4996
CTTATACG,0.710149259885375,0.710149259885375,5,53693,4996
CGGATAGT,0.7099843318352369,0.7099843318352369,5,53693,4996
TGTCAATA,0.7096853997443615,0.7096853997443615,5,53693,4996
TTATCTAA,0.7095720117098916,0.7095720117098916,5,53693,4996
TAGATTAC,0.7093040036284172,0.7093040036284172,5,53693,4996
TTAGAGAT,0.7090669195563436,0.7090669195563436,5,53693,4996
ATCTCTAA,0.7090669195563436,0.7090669195563436,5,53693,4996
CAATGACA,0.7090463035500764,0.7090463035500764,5,53693,4996
TTTACATA,0.7089226075124727,0.7089226075124727,5,53693,4996
AAAACATA,0.7085927514121965,0.7085927514121965,5,53693,4996
TTAATCAC,0.708520595390261,0.708520595390261,5,53693,4996
CAAGTATT,0.7083968993526574,0.7083968993526574,5,53693,4996
CTGATCGC,0.708128891271183,0.708128891271183,5,53693,4996
TGATCGGA,0.7079227312085102,0.7079227312085102,5,53693,4996
GTAAGCTA,0.707706263142704,0.707706263142704,5,53693,4996
CGCGGTAT,0.7075722591019667,0.7075722591019667,5,53693,4996
TCGGATTG,0.7073042510204922,0.7073042510204922,5,53693,4996
CTATATAA,0.7072836350142251,0.7072836350142251,5,53693,4996
TTCGATCT,0.7072630190079578,0.7072630190079578,5,53693,4996
AATCTTAT,0.706551766791737,0.706551766791737,5,53693,4996
ATGGATTT,0.7064486867604007,0.7064486867604007,5,53693,4996
TGCAATAT,0.7063559147321982,0.7063559147321982,5,53693,4996
ATATTGCA,0.7063559147321982,0.7063559147321982,5,53693,4996
ATATGACC,0.7062425266977281,0.7062425266977281,5,53693,4996
TCGTTATC,0.7060569826413228,0.7060569826413228,5,53693,4996
CGTTATCT,0.705799282562982,0.705799282562982,5,53693,4996
GTTTTATA,0.7057374345441801,0.7057374345441801,5,53693,4996
AGTAGGAT,0.7056137385065765,0.7056137385065765,5,53693,4996
ATCTAACT,0.7055415824846412,0.7055415824846412,5,53693,4996
CGTACTAT,0.7055106584752402,0.7055106584752402,5,53693,4996
ATCTTTCT,0.7053663464313693,0.7053663464313693,5,53693,4996
TATAACCT,0.7050261823279594,0.7050261823279594,5,53693,4996
ATACCACG,0.7042015420772688,0.7042015420772688,5,53693,4996
TATAATTC,0.7040366140271307,0.7040366140271307,5,53693,4996
GCGCATAT,0.7037686059456563,0.7037686059456563,5,53693,4996
ATTGTCTA,0.7037686059456563,0.7037686059456563,5,53693,4996
ATGCCTAT,0.7036552179111862,0.7036552179111862,5,53693,4996
GTTCAGAT,0.7033356698140437,0.7033356698140437,5,53693,4996
AAACAATA,0.7030573537294356,0.7030573537294356,5,53693,4996
ATAACTCT,0.7023770255226157,0.7023770255226157,5,53693,4996
GATAAAAT,0.7022224054756113,0.7022224054756113,5,53693,4996
GAAAATAT,0.7019647053972704,0.7019647053972704,5,53693,4996
ATATTCCA,0.7013462252092525,0.7013462252092525,5,53693,4996
ACAATATG,0.7006246649898982,0.7006246649898982,5,53693,4996
ATCTAAAT,0.7006040489836309,0.7006040489836309,5,53693,4996
GGATGACC,0.7005628169710963,0.7005628169710963,5,53693,4996
TTATCAAA,0.7003051168927555,0.7003051168927555,5,53693,4996
TGGATAAG,0.700150496845751,0.700150496845751,5,53693,4996
CAGATCCC,0.7000061848018801,0.7000061848018801,5,53693,4996
ACCCTATA,0.6999237207768111,0.6999237207768111,5,53693,4996
TTTTGCTA,0.6998000247392075,0.6998000247392075,5,53693,4996
AAAGAATA,0.6996969447078712,0.6996969447078712,5,53693,4996
GGATAAGA,0.6996866367047375,0.6996866367047375,5,53693,4996
CGGGATTA,0.6995217086545994,0.6995217086545994,5,53693,4996
GGGTATTT,0.6992330845668576,0.6992330845668576,5,53693,4996
GCTTATAC,0.6989856924916504,0.6989856924916504,5,53693,4996
AGATCCAA,0.6989753844885168,0.6989753844885168,5,53693,4996
AAAGATCT,0.6985939883725725,0.6985939883725725,5,53693,4996
ATAAGACA,0.6985527563600379,0.6985527563600379,5,53693,4996
TCATATTG,0.6985527563600379,0.6985527563600379,5,53693,4996
TCTGGGAT,0.6982950562816971,0.6982950562816971,5,53693,4996
TAAAATAG,0.69827444027543,0.69827444027543,5,53693,4996
CACGATCT,0.6981816682472272,0.6981816682472272,5,53693,4996
TATGTCTT,0.6981507442378262,0.6981507442378262,5,53693,4996
TATTACTT,0.6979858161876882,0.6979858161876882,5,53693,4996
TTATCTAC,0.697429184018472,0.697429184018472,5,53693,4996
CATATTTT,0.6973879520059374,0.6973879520059374,5,53693,4996
ATAGCAGG,0.6971302519275966,0.6971302519275966,5,53693,4996
CGAAATAT,0.6964086917082423,0.6964086917082423,5,53693,4996
CCGTTATA,0.6960685276048324,0.6960685276048324,5,53693,4996
TACTCTAT,0.6960582196016988,0.6960582196016988,5,53693,4996
TAGCTATT,0.695996371582897,0.695996371582897,5,53693,4996
GGTTGATG,0.6959860635797633,0.6959860635797633,5,53693,4996
TCTGTAAT,0.6957180554982889,0.6957180554982889,5,53693,4996
GTGATCGA,0.6956665154826206,0.6956665154826206,5,53693,4996
TTGTCGAT,0.6956458994763535,0.6956458994763535,5,53693,4996
ATAGCCTT,0.6956149754669526,0.6956149754669526,5,53693,4996
AATATTTA,0.6955943594606853,0.6955943594606853,5,53693,4996
ATTATGAG,0.6953881993980127,0.6953881993980127,5,53693,4996
TCTATCGA,0.6953057353729435,0.6953057353729435,5,53693,4996
AACGATTC,0.6946975631880592,0.6946975631880592,5,53693,4996
ACAACACC,0.694676947181792,0.694676947181792,5,53693,4996
TCTATCGT,0.6944604791159857,0.6944604791159857,5,53693,4996
TACTGTAG,0.694450171112852,0.694450171112852,5,53693,4996
CTTACTAT,0.6941512390219767,0.6941512390219767,5,53693,4996
TCAGTGTC,0.6928008906114708,0.6928008906114708,5,53693,4996
ACTGGTGT,0.692512266523729,0.692512266523729,5,53693,4996
GAATAATC,0.6919968663670474,0.6919968663670474,5,53693,4996
GTCAATAT,0.6916979342761721,0.6916979342761721,5,53693,4996
ATTGCGAT,0.6912134581288913,0.6912134581288913,5,53693,4996
AAGATAGA,0.6911825341194904,0.6911825341194904,5,53693,4996
TCTCACCT,0.691110378097555,0.691110378097555,5,53693,4996
CTGATCAA,0.6910176060693523,0.6910176060693523,5,53693,4996
GACAACAT,0.6908732940254814,0.6908732940254814,5,53693,4996
ATTACGAT,0.6908114460066795,0.6908114460066795,5,53693,4996
AATTATCC,0.6907186739784769,0.6907186739784769,5,53693,4996
ATCTCAAG,0.6903578938687996,0.6903578938687996,5,53693,4996
GTAATCCT,0.6902754298437307,0.6902754298437307,5,53693,4996
ATCTTAAA,0.6898424937121181,0.6898424937121181,5,53693,4996
TATTGTTG,0.6897909536964499,0.6897909536964499,5,53693,4996
ATAAAAAT,0.6896569496557127,0.6896569496557127,5,53693,4996
TCTAATCT,0.6895744856306437,0.6895744856306437,5,53693,4996
GCGATCTC,0.6893992495773719,0.6893992495773719,5,53693,4996
GAGATCGC,0.6893992495773719,0.6893992495773719,5,53693,4996
TATAGTCC,0.689285861542902,0.689285861542902,5,53693,4996
GACGATCT,0.6892652455366346,0.6892652455366346,5,53693,4996
TAACCCCC,0.6891827815115656,0.6891827815115656,5,53693,4996
GGGGGTTA,0.6891827815115656,0.6891827815115656,5,53693,4996
TACATATT,0.6889972374551602,0.6889972374551602,5,53693,4996
ACTTATAC,0.6887395373768194,0.6887395373768194,5,53693,4996
GTATAAGT,0.6887395373768194,0.6887395373768194,5,53693,4996
ATAGCATC,0.6883066012452068,0.6883066012452068,5,53693,4996
GATGCTAT,0.6883066012452068,0.6883066012452068,5,53693,4996
TATGATGC,0.6882653692326722,0.6882653692326722,5,53693,4996
GCATCATA,0.6882653692326722,0.6882653692326722,5,53693,4996
GTCAGATC,0.687770585082258,0.687770585082258,5,53693,4996
AAAACTAT,0.6877293530697234,0.6877293530697234,5,53693,4996
TATGACAA,0.6877190450665898,0.6877190450665898,5,53693,4996
ACTATATT,0.6876571970477879,0.6876571970477879,5,53693,4996
ATATGGCG,0.6874922689976497,0.6874922689976497,5,53693,4996
AGTGTCTC,0.6873788809631798,0.6873788809631798,5,53693,4996
GAGACACT,0.6873788809631798,0.6873788809631798,5,53693,4996
CGTCTCAA,0.6872551849255762,0.6872551849255762,5,53693,4996
GTTTTGAT,0.6871314888879726,0.6871314888879726,5,53693,4996
ATCAAAAC,0.6871314888879726,0.6871314888879726,5,53693,4996
TTTTAAAT,0.6869562528347009,0.6869562528347009,5,53693,4996
ATAGCCTC,0.6868840968127655,0.6868840968127655,5,53693,4996
GAGGCTAT,0.6868840968127655,0.6868840968127655,5,53693,4996
AGGGAATA,0.6867397847688946,0.6867397847688946,5,53693,4996
GTCAGATG,0.6865954727250237,0.6865954727250237,5,53693,4996
TATAACAG,0.6864511606811529,0.6864511606811529,5,53693,4996
TACCGGAT,0.6864099286686183,0.6864099286686183,5,53693,4996
ATCCGGTA,0.6864099286686183,0.6864099286686183,5,53693,4996
TTAATAGG,0.6863790046592174,0.6863790046592174,5,53693,4996
CCTATTAA,0.6863790046592174,0.6863790046592174,5,53693,4996
TGGTTATA,0.6861625365934112,0.6861625365934112,5,53693,4996
GATTTATG,0.6857811404774666,0.6857811404774666,5,53693,4996
CATAAATC,0.6857811404774666,0.6857811404774666,5,53693,4996
TATGAAAC,0.685770832474333,0.685770832474333,5,53693,4996
GTTTCATA,0.685770832474333,0.685770832474333,5,53693,4996
AATAACCC,0.6855955964210613,0.6855955964210613,5,53693,4996
CTTACATA,0.685574980414794,0.685574980414794,5,53693,4996
CTGATAAA,0.6853069723333196,0.6853069723333196,5,53693,4996
TTTATCAG,0.6853069723333196,0.6853069723333196,5,53693,4996
GAGGGATT,0.6852348163113842,0.6852348163113842,5,53693,4996
AATCCCTC,0.6852348163113842,0.6852348163113842,5,53693,4996
AATTACCC,0.6850801962643797,0.6850801962643797,5,53693,4996
TTAATCTT,0.6846163361233661,0.6846163361233661,5,53693,4996
ATGGTTAT,0.6845854121139653,0.6845854121139653,5,53693,4996
TAAATCAA,0.6843586360450253,0.6843586360450253,5,53693,4996
TTGATTTA,0.6843586360450253,0.6843586360450253,5,53693,4996
TCGATCCA,0.6843277120356245,0.6843277120356245,5,53693,4996
AGAATCAA,0.6840081639384819,0.6840081639384819,5,53693,4996
ATCGTTTC,0.6838947759040118,0.6838947759040118,5,53693,4996
GGTTTATA,0.6838020038758093,0.6838020038758093,5,53693,4996
TATAAACC,0.6838020038758093,0.6838020038758093,5,53693,4996
GAAAACAA,0.6837298478538738,0.6837298478538738,5,53693,4996
AATACCGG,0.683637075825671,0.683637075825671,5,53693,4996
ACATAGAT,0.6834309157629984,0.6834309157629984,5,53693,4996
ATCTATGT,0.6834309157629984,0.6834309157629984,5,53693,4996
TCGATAAC,0.6833999917535976,0.6833999917535976,5,53693,4996
ATATGACG,0.6833484517379294,0.6833484517379294,5,53693,4996
CGTCATAT,0.6833484517379294,0.6833484517379294,5,53693,4996
GTAATCCC,0.6831732156846576,0.6831732156846576,5,53693,4996
GGTGTAAG,0.6829876716282521,0.6829876716282521,5,53693,4996
CTTACACC,0.6829876716282521,0.6829876716282521,5,53693,4996
GGGTCTAA,0.6829567476188513,0.6829567476188513,5,53693,4996
TAGAATAC,0.6826887395373769,0.6826887395373769,5,53693,4996
CATACGTA,0.6826475075248423,0.6826475075248423,5,53693,4996
GATTATGT,0.6826371995217086,0.6826371995217086,5,53693,4996
ACGTTATC,0.6825856595060406,0.6825856595060406,5,53693,4996
GATAACGT,0.6825856595060406,0.6825856595060406,5,53693,4996
ATAGCCCC,0.6824516554653033,0.6824516554653033,5,53693,4996
GGGGCTAT,0.6824516554653033,0.6824516554653033,5,53693,4996
ATAGCTAA,0.6822454954026306,0.6822454954026306,5,53693,4996
TTTCAATA,0.6819568713148888,0.6819568713148888,5,53693,4996
GTGTTAGA,0.6819156393023543,0.6819156393023543,5,53693,4996
AAATTATA,0.6815754751989445,0.6815754751989445,5,53693,4996
CATCTCTT,0.6814620871644745,0.6814620871644745,5,53693,4996
GCTATATG,0.6814517791613408,0.6814517791613408,5,53693,4996
CTGGTATG,0.6813486991300045,0.6813486991300045,5,53693,4996
TTAGTTAT,0.6812559271018019,0.6812559271018019,5,53693,4996
CGTAGATC,0.6811837710798665,0.6811837710798665,5,53693,4996
ATACAAAT,0.6810085350265946,0.6810085350265946,5,53693,4996
GTCTCATG,0.6810085350265946,0.6810085350265946,5,53693,4996
TGAAATAA,0.6808229909701892,0.6808229909701892,5,53693,4996
GTGTTACG,0.6806992949325857,0.6806992949325857,5,53693,4996
CGTAACAC,0.6806992949325857,0.6806992949325857,5,53693,4996
TATGAGAT,0.6803385148229085,0.6803385148229085,5,53693,4996
ATCTCATA,0.6803385148229085,0.6803385148229085,5,53693,4996
TGGATAAC,0.6802972828103739,0.6802972828103739,5,53693,4996
GTTATCCA,0.6802972828103739,0.6802972828103739,5,53693,4996
ATACGTTA,0.6800395827320331,0.6800395827320331,5,53693,4996
TAACGTAT,0.6800395827320331,0.6800395827320331,5,53693,4996
ATTGATGC,0.6797612666474251,0.6797612666474251,5,53693,4996
GCATCAAT,0.6797612666474251,0.6797612666474251,5,53693,4996
AATATTAC,0.6796891106254896,0.6796891106254896,5,53693,4996
GTAATATT,0.6796891106254896,0.6796891106254896,5,53693,4996
CATCTCAA,0.6794932585659506,0.6794932585659506,5,53693,4996
TTGAGATG,0.6794932585659506,0.6794932585659506,5,53693,4996
CATATTAG,0.6794107945408815,0.6794107945408815,5,53693,4996
CTAATATG,0.6794107945408815,0.6794107945408815,5,53693,4996
ATTGTTTT,0.6792458664907434,0.6792458664907434,5,53693,4996
AAGATCTG,0.6789469343998681,0.6789469343998681,5,53693,4996
TTGATAAC,0.6788747783779326,0.6788747783779326,5,53693,4996
GTTATCAA,0.6788747783779326,0.6788747783779326,5,53693,4996
TTTTGAGA,0.678472766255721,0.678472766255721,5,53693,4996
TTATATTT,0.6782356821836474,0.6782356821836474,5,53693,4996
AAATATAA,0.6782356821836474,0.6782356821836474,5,53693,4996
ATTTATCA,0.6780398301241084,0.6780398301241084,5,53693,4996
TGATAAAT,0.6780398301241084,0.6780398301241084,5,53693,4996
CATAAATA,0.6778852100771038,0.6778852100771038,5,53693,4996
TACGCTAT,0.6774522739454913,0.6774522739454913,5,53693,4996
ATAGCGTA,0.6774522739454913,0.6774522739454913,5,53693,4996
AATACATG,0.6773801179235559,0.6773801179235559,5,53693,4996
CATGTATT,0.6773801179235559,0.6773801179235559,5,53693,4996
TGGATAGA,0.6771842658640168,0.6771842658640168,5,53693,4996
TGTTAGAT,0.6770605698264133,0.6770605698264133,5,53693,4996
AGCGAGAT,0.6769781058013441,0.6769781058013441,5,53693,4996
ATCTCGCT,0.6769781058013441,0.6769781058013441,5,53693,4996
CCCTTATC,0.6769471817919432,0.6769471817919432,5,53693,4996
TGTCTCAA,0.6767616377355379,0.6767616377355379,5,53693,4996
ATCACGCC,0.676730713726137,0.676730713726137,5,53693,4996
GGCGTGAT,0.676730713726137,0.676730713726137,5,53693,4996
CGTTTAAT,0.6766070176885334,0.6766070176885334,5,53693,4996
GATTCGAT,0.6765142456603307,0.6765142456603307,5,53693,4996
ATCGAATC,0.6765142456603307,0.6765142456603307,5,53693,4996
CGACATAT,0.6764420896383952,0.6764420896383952,5,53693,4996
CTGGAATC,0.676339009607059,0.676339009607059,5,53693,4996
TTTCATAC,0.6763183936007916,0.6763183936007916,5,53693,4996
GTATGAAA,0.6763183936007916,0.6763183936007916,5,53693,4996
TTTGCGAT,0.6762977775945245,0.6762977775945245,5,53693,4996
TGCTATAC,0.6759266894817135,0.6759266894817135,5,53693,4996
GTTATAAG,0.675885457469179,0.675885457469179,5,53693,4996
ACCGATAA,0.6756689894033727,0.6756689894033727,5,53693,4996
GTATTACG,0.6754937533501011,0.6754937533501011,5,53693,4996
CGTAATAC,0.6754937533501011,0.6754937533501011,5,53693,4996
AGTGTAAT,0.6751948212592256,0.6751948212592256,5,53693,4996
CAGGTTAT,0.6750711252216222,0.6750711252216222,5,53693,4996
TGTCATCC,0.674988661196553,0.674988661196553,5,53693,4996
GGATGACA,0.674988661196553,0.674988661196553,5,53693,4996
TATTGTAA,0.6748958891683503,0.6748958891683503,5,53693,4996
AATATGAA,0.6748031171401476,0.6748031171401476,5,53693,4996
CGGCATAT,0.6747515771244794,0.6747515771244794,5,53693,4996
GAGGTTAT,0.674596957077475,0.674596957077475,5,53693,4996
TATTGCCC,0.6743495650022677,0.6743495650022677,5,53693,4996
GGCATATG,0.6742671009771988,0.6742671009771988,5,53693,4996
CATATGCC,0.6742671009771988,0.6742671009771988,5,53693,4996
ATAGCACT,0.6740815569207933,0.6740815569207933,5,53693,4996
AGTGCTAT,0.6740815569207933,0.6740815569207933,5,53693,4996
TACACCAC,0.6739681688863234,0.6739681688863234,5,53693,4996
CGGGATCT,0.6739063208675216,0.6739063208675216,5,53693,4996
GTGCTATA,0.673865088854987,0.673865088854987,5,53693,4996
TATAGCAC,0.673865088854987,0.673865088854987,5,53693,4996
TGTCTGAG,0.6737723168267843,0.6737723168267843,5,53693,4996
TTATAAAT,0.6736073887766462,0.6736073887766462,5,53693,4996
CGCATACC,0.6735661567641117,0.6735661567641117,5,53693,4996
TCTATGTA,0.6735661567641117,0.6735661567641117,5,53693,4996
AGATTACA,0.6735661567641117,0.6735661567641117,5,53693,4996
GATAAGTT,0.6733393806951717,0.6733393806951717,5,53693,4996
TCTGCTAT,0.6732053766544345,0.6732053766544345,5,53693,4996
ATAGCAGA,0.6732053766544345,0.6732053766544345,5,53693,4996
CATACGTG,0.673133220632499,0.673133220632499,5,53693,4996
AGATTAAA,0.6727209005071537,0.6727209005071537,5,53693,4996
AAAGGTGA,0.6725147404444811,0.6725147404444811,5,53693,4996
CATCTCAT,0.6723704284006102,0.6723704284006102,5,53693,4996
AGTTAATC,0.672318888384942,0.672318888384942,5,53693,4996
GGATTTAT,0.6720096482909331,0.6720096482909331,5,53693,4996
ATAAATCC,0.6720096482909331,0.6720096482909331,5,53693,4996
TCTATGAC,0.6717416402094586,0.6717416402094586,5,53693,4996
GATAATTT,0.6716797921906569,0.6716797921906569,5,53693,4996
AAATTATC,0.6716797921906569,0.6716797921906569,5,53693,4996
TAAACCCA,0.6714427081185832,0.6714427081185832,5,53693,4996
ATAAACCC,0.6714117841091823,0.6714117841091823,5,53693,4996
GGGTTTAT,0.6714117841091823,0.6714117841091823,5,53693,4996
GGTTTCAG,0.6713602440935142,0.6713602440935142,5,53693,4996
CTGAAACC,0.6713602440935142,0.6713602440935142,5,53693,4996
CAGATAAG,0.6713190120809797,0.6713190120809797,5,53693,4996
TAAATACT,0.6712674720653116,0.6712674720653116,5,53693,4996
TATTTCAC,0.6712571640621778,0.6712571640621778,5,53693,4996
GTGAAATA,0.6712571640621778,0.6712571640621778,5,53693,4996
GGAATACC,0.6711953160433761,0.6711953160433761,5,53693,4996
GGTATTCC,0.6711953160433761,0.6711953160433761,5,53693,4996
GTATTGGA,0.6709582319713026,0.6709582319713026,5,53693,4996
GAACAGAT,0.6707005318929617,0.6707005318929617,5,53693,4996
ATCTGTTC,0.6707005318929617,0.6707005318929617,5,53693,4996
ATCTCCAC,0.6706592998804272,0.6706592998804272,5,53693,4996
TTTGAGAC,0.6705665278522245,0.6705665278522245,5,53693,4996
GTGAGCTA,0.6704634478208881,0.6704634478208881,5,53693,4996
TAGCTCAC,0.6704634478208881,0.6704634478208881,5,53693,4996
TCTACTGT,0.6701954397394138,0.6701954397394138,5,53693,4996
AATCATAC,0.6701129757143447,0.6701129757143447,5,53693,4996
TATGTTAG,0.6700614356986764,0.6700614356986764,5,53693,4996
CTAACATA,0.6700614356986764,0.6700614356986764,5,53693,4996
CATATGAG,0.6693914154949904,0.6693914154949904,5,53693,4996
CTCATATG,0.6693914154949904,0.6693914154949904,5,53693,4996
ATCTCCAA,0.6692161794417186,0.6692161794417186,5,53693,4996
TTGGAGAT,0.6692161794417186,0.6692161794417186,5,53693,4996
TGTCATAC,0.669205871438585,0.669205871438585,5,53693,4996
GTATGACA,0.669205871438585,0.669205871438585,5,53693,4996
CTTGATAA,0.6691543314229167,0.6691543314229167,5,53693,4996
TTATCAAG,0.6691543314229167,0.6691543314229167,5,53693,4996
ATTCATTC,0.6686492392693687,0.6686492392693687,5,53693,4996
TGTCATCG,0.6685976992537006,0.6685976992537006,5,53693,4996
CGATGACA,0.6685976992537006,0.6685976992537006,5,53693,4996
TACCTAAT,0.6684018471941615,0.6684018471941615,5,53693,4996
GCATAATA,0.667968911062549,0.667968911062549,5,53693,4996
GAGACCCC,0.6679070630437473,0.6679070630437473,5,53693,4996
GGGGTCTC,0.6679070630437473,0.6679070630437473,5,53693,4996
GTATGAAT,0.6677833670061436,0.6677833670061436,5,53693,4996
ATTCATAC,0.6677833670061436,0.6677833670061436,5,53693,4996
ACATGAAT,0.6677112109842082,0.6677112109842082,5,53693,4996
ATGTTATA,0.6676905949779409,0.6676905949779409,5,53693,4996
ACTACCCT,0.6676905949779409,0.6676905949779409,5,53693,4996
TATAACAT,0.6676905949779409,0.6676905949779409,5,53693,4996
TCCGATGA,0.6674535109058674,0.6674535109058674,5,53693,4996
TTATGGTA,0.6672885828557292,0.6672885828557292,5,53693,4996
TAGCAATA,0.6671648868181256,0.6671648868181256,5,53693,4996
ATAGACAT,0.6670102667711211,0.6670102667711211,5,53693,4996
TATAGACC,0.6666804106708448,0.6666804106708448,5,53693,4996
TGTGTAAT,0.666422710592504,0.666422710592504,5,53693,4996
CGGACATA,0.666309322558034,0.666309322558034,5,53693,4996
ACTGTTAT,0.666226858532965,0.666226858532965,5,53693,4996
TTCTATAA,0.6659073104358224,0.6659073104358224,5,53693,4996
GGGTCTAT,0.6658660784232878,0.6658660784232878,5,53693,4996
CGACTATA,0.6655465303261452,0.6655465303261452,5,53693,4996
ATAGCCCT,0.6650620541788645,0.6650620541788645,5,53693,4996
CATACGAT,0.6650414381725972,0.6650414381725972,5,53693,4996
ATCTGTTA,0.6648868181255927,0.6648868181255927,5,53693,4996
TAACAGAT,0.6648868181255927,0.6648868181255927,5,53693,4996
GTTTAATA,0.6648249701067909,0.6648249701067909,5,53693,4996
CACAAGAT,0.6647631220879892,0.6647631220879892,5,53693,4996
GGGATTTT,0.6646909660660537,0.6646909660660537,5,53693,4996
AAAATCCC,0.6646909660660537,0.6646909660660537,5,53693,4996
GGTTCTAT,0.66468065806292,0.66468065806292,5,53693,4996
CTGGGATA,0.6644848060033811,0.6644848060033811,5,53693,4996
GGTGTATG,0.66445388199398,0.66445388199398,5,53693,4996
CGTCTCGA,0.6641343338968375,0.6641343338968375,5,53693,4996
AAATCATA,0.6636292417432894,0.6636292417432894,5,53693,4996
TATGATTT,0.6636292417432894,0.6636292417432894,5,53693,4996
TGGAATCC,0.6635880097307549,0.6635880097307549,5,53693,4996
TTTAACCC,0.6635777017276214,0.6635777017276214,5,53693,4996
ATAGAAAT,0.663505545705686,0.663505545705686,5,53693,4996
ATTTCTAT,0.663505545705686,0.663505545705686,5,53693,4996
AATCGGCT,0.663474621696285,0.663474621696285,5,53693,4996
AAAATACC,0.6632375376242114,0.6632375376242114,5,53693,4996
GGTATTTT,0.6632375376242114,0.6632375376242114,5,53693,4996
TTTCATAA,0.6630416855646724,0.6630416855646724,5,53693,4996
AGCAATAT,0.6627427534737972,0.6627427534737972,5,53693,4996
ATATTGCT,0.6627427534737972,0.6627427534737972,5,53693,4996
GATAGAAT,0.662660289448728,0.662660289448728,5,53693,4996
TCTCACAC,0.6624541293860553,0.6624541293860553,5,53693,4996
GGAATACT,0.6624025893703872,0.6624025893703872,5,53693,4996
TCTAACCC,0.6623819733641199,0.6623819733641199,5,53693,4996
TTAGATGC,0.6623407413515854,0.6623407413515854,5,53693,4996
CAGGTGTA,0.6618253411949038,0.6618253411949038,5,53693,4996
TCTATCAT,0.6616191811322311,0.6616191811322311,5,53693,4996
ATGATAGA,0.6616191811322311,0.6616191811322311,5,53693,4996
ATAGCAAA,0.6611243969818167,0.6611243969818167,5,53693,4996
TTTGCTAT,0.6611243969818167,0.6611243969818167,5,53693,4996
GGGAGACA,0.6610419329567476,0.6610419329567476,5,53693,4996
CTTCTCAA,0.6609491609285449,0.6609491609285449,5,53693,4996
TTGAGAAG,0.6609491609285449,0.6609491609285449,5,53693,4996
ATAGAGGG,0.6608770049066095,0.6608770049066095,5,53693,4996
CATGAGAT,0.6607739248752732,0.6607739248752732,5,53693,4996
ATCTCATG,0.6607739248752732,0.6607739248752732,5,53693,4996
GCGAATAT,0.6606089968251351,0.6606089968251351,5,53693,4996
GATAAAGT,0.6603203727373933,0.6603203727373933,5,53693,4996
TTATGTTA,0.6600935966684534,0.6600935966684534,5,53693,4996
GAATCATT,0.6597946645775781,0.6597946645775781,5,53693,4996
AATGATTC,0.6597946645775781,0.6597946645775781,5,53693,4996
CATAACAC,0.6597328165587762,0.6597328165587762,5,53693,4996
GTGTTATG,0.6597328165587762,0.6597328165587762,5,53693,4996
GACAATAT,0.6597225085556426,0.6597225085556426,5,53693,4996
AAAGTGTC,0.6595678885086381,0.6595678885086381,5,53693,4996
TCTATCGG,0.659372036449099,0.659372036449099,5,53693,4996
AACATATG,0.6593514204428319,0.6593514204428319,5,53693,4996
CTTATCTC,0.6592792644208965,0.6592792644208965,5,53693,4996
GAGATAAG,0.6592792644208965,0.6592792644208965,5,53693,4996
GCATCATT,0.6592277244052281,0.6592277244052281,5,53693,4996
AATGATGC,0.6592277244052281,0.6592277244052281,5,53693,4996
ACTGAAAC,0.6588566362924174,0.6588566362924174,5,53693,4996
AGTTTATC,0.6587947882736157,0.6587947882736157,5,53693,4996
ATGAGCTA,0.6586917082422793,0.6586917082422793,5,53693,4996
TATTTCGG,0.6583000041232013,0.6583000041232013,5,53693,4996
GCGATCGT,0.6581556920793304,0.6581556920793304,5,53693,4996
TGTAATAG,0.6579804560260586,0.6579804560260586,5,53693,4996
ACATGAGA,0.6578979920009896,0.6578979920009896,5,53693,4996
AAATAATC,0.6572898198161052,0.6572898198161052,5,53693,4996
GATTATTT,0.6572898198161052,0.6572898198161052,5,53693,4996
ATTGAGAC,0.657238279800437,0.657238279800437,5,53693,4996
GTGATAGA,0.6571248917659671,0.6571248917659671,5,53693,4996
TCTATCAC,0.6571248917659671,0.6571248917659671,5,53693,4996
AATTGTAT,0.6571042757596999,0.6571042757596999,5,53693,4996
CAAACATA,0.6571042757596999,0.6571042757596999,5,53693,4996
TATGTTTG,0.6571042757596999,0.6571042757596999,5,53693,4996
TATTAGCA,0.656929039706428,0.656929039706428,5,53693,4996
AAGTTATC,0.6568053436688245,0.6568053436688245,5,53693,4996
GATAACTT,0.6568053436688245,0.6568053436688245,5,53693,4996
AGATGAAT,0.6566610316249537,0.6566610316249537,5,53693,4996
ATTGAAAC,0.6562487114996083,0.6562487114996083,5,53693,4996
GTTTCAAT,0.6562487114996083,0.6562487114996083,5,53693,4996
TTATCGTC,0.6560631674432029,0.6560631674432029,5,53693,4996
GACGATAA,0.6560631674432029,0.6560631674432029,5,53693,4996
TATTGGAG,0.6559600874118666,0.6559600874118666,5,53693,4996
TGGGTTAT,0.6559085473961984,0.6559085473961984,5,53693,4996
CTAATCTG,0.6558982393930648,0.6558982393930648,5,53693,4996
GTGATTAT,0.6557436193460603,0.6557436193460603,5,53693,4996
AACACTAT,0.655640539314724,0.655640539314724,5,53693,4996
CTTATAAA,0.6555993073021894,0.6555993073021894,5,53693,4996
ATAACCTA,0.6555889992990558,0.6555889992990558,5,53693,4996
TGATAGAC,0.6555374592833877,0.6555374592833877,5,53693,4996
AGCGATAA,0.655527151280254,0.655527151280254,5,53693,4996
GATAGATT,0.6554549952583185,0.6554549952583185,5,53693,4996
AGTGATTA,0.6552488351956459,0.6552488351956459,5,53693,4996
ACGCTATA,0.6549602111079041,0.6549602111079041,5,53693,4996
AAGACTAT,0.6548365150703006,0.6548365150703006,5,53693,4996
GGGGTTTA,0.6548262070671669,0.6548262070671669,5,53693,4996
TAAACCCC,0.6548262070671669,0.6548262070671669,5,53693,4996
GGGTAATC,0.6547746670514989,0.6547746670514989,5,53693,4996
GTACAATA,0.6547746670514989,0.6547746670514989,5,53693,4996
TATTGTAC,0.6547746670514989,0.6547746670514989,5,53693,4996
ATTTCCGA,0.6547231270358306,0.6547231270358306,5,53693,4996
AGTGAGCC,0.6546715870201625,0.6546715870201625,5,53693,4996
ATGCTATA,0.6544551189543562,0.6544551189543562,5,53693,4996
TATAGCAT,0.6544551189543562,0.6544551189543562,5,53693,4996
GACACTCT,0.6543108069104853,0.6543108069104853,5,53693,4996
AGAGTGTC,0.6543108069104853,0.6543108069104853,5,53693,4996
ATAGCATT,0.6538469467694719,0.6538469467694719,5,53693,4996
AATGCTAT,0.6538469467694719,0.6538469467694719,5,53693,4996
TCAATATT,0.6536614027130664,0.6536614027130664,5,53693,4996
AGGCTATT,0.6534861666597946,0.6534861666597946,5,53693,4996
TGTATTAC,0.6533006226033893,0.6533006226033893,5,53693,4996
GTAATACA,0.6533006226033893,0.6533006226033893,5,53693,4996
GGATAGCT,0.6530326145219147,0.6530326145219147,5,53693,4996
CATCATCG,0.652857378468643,0.652857378468643,5,53693,4996
CGATGATG,0.652857378468643,0.652857378468643,5,53693,4996
CTAATATT,0.652857378468643,0.652857378468643,5,53693,4996
CGGAATAT,0.6528470704655095,0.6528470704655095,5,53693,4996
ATCGCTAC,0.6525996783903022,0.6525996783903022,5,53693,4996
TCTCATCG,0.6525893703871687,0.6525893703871687,5,53693,4996
CGATGAGA,0.6525893703871687,0.6525893703871687,5,53693,4996
GTTGTTAT,0.6525584463777677,0.6525584463777677,5,53693,4996
