{"run_id": "00:19:53-01/16/2025", "exp_name": "cbas_Q=0.7_generator=VAE_latent_dim=2_intermediate_dim=250", "model_name": "CNN_hidden_size_100_num_filters_32", "landscape_name": "TF_Binding", "rounds": 10, "sequences_batch_size": 1000, "model_queries_per_batch": 10000}
sequence,model_score,true_score,round,model_cost,measurement_cost
GCTCGAGC,,0.5502102832639261,0,0,1
AATCAGGC,0.31431958,0.43664701274069184,1,1000,1001
TCAGGAGC,0.3386619,0.32871191192842125,1,1000,1001
TCTAGGGC,0.40067014,0.2896961200676205,1,1000,1001
GCTCGACG,0.37985918,0.34366882447532265,1,1000,1001
CCTCCAGA,0.32814577,0.5306147693068899,1,1000,1001
ACTCGAGC,0.4283244,0.3047767286521255,1,1000,1001
GTGAGCGC,0.31892157,0.21497340535191525,1,1000,1001
AACCGAGC,0.34470564,0.35283263926112235,1,1000,1001
ACTGGAGG,0.3904781,0.4583762833463902,1,1000,1001
GAACGGGC,0.345454,0.3663979713849833,1,1000,1001
GCCAGATC,0.3737012,0.7646167484434916,1,1000,1001
GCTTGGGC,0.3861344,0.36738753968581206,1,1000,1001
GCTTGCGG,0.3297986,0.24830948748608417,1,1000,1001
GCCTAAGC,0.31931794,0.262441759782295,1,1000,1001
GCGGGTAC,0.35118774,0.20167608130952872,1,1000,1001
GCGCGAGA,0.35977343,0.3812105718880138,1,1000,1001
GCAGGAGC,0.3624699,0.33495856182740275,1,1000,1001
GCCCGACC,0.33517224,0.37523193007050676,1,1000,1001
GCATAAGC,0.35688582,0.22334350389642516,1,1000,1001
GCTCGCGG,0.33832124,0.3491526821424154,1,1000,1001
GTCCGCGC,0.26802027,0.1972539479652002,1,1000,1001
TCTCGAAC,0.3954282,0.4182369191440234,1,1000,1001
CCTCGATG,0.3935607,0.3839112687090257,1,1000,1001
GCGCTCGC,0.2895403,0.2006658970024327,1,1000,1001
TCTCCTGC,0.31147513,0.6200676205005566,1,1000,1001
CTTGGCAC,0.2978886,0.11341895847936334,1,1000,1001
GCTCTAAT,0.37128282,0.5783098998062096,1,1000,1001
TCTAAAGG,0.38512108,0.47459077227559476,1,1000,1001
TTCCGAGC,0.32407624,0.1390034222570404,1,1000,1001
TCCAGAGC,0.38458478,0.5097101389518822,1,1000,1001
TGTCCAGT,0.30944365,0.4251329732404239,1,1000,1001
GATGTCGC,0.33329454,0.27615140395002685,1,1000,1001
GTTCTAGG,0.36433852,0.40704242774089805,1,1000,1001
GTTAGATC,0.39910766,0.6662371665360985,1,1000,1001
GCTCTAGT,0.4044715,0.4171236548055911,1,1000,1001
GCCCGGGA,0.30117032,0.3258050550447367,1,1000,1001
GAACGCGA,0.33645922,0.3930647754916918,1,1000,1001
GTTCGCAC,0.33869967,0.3043025605079784,1,1000,1001
GCCCGATC,0.3503255,0.7908196924091866,1,1000,1001
GCCAGCGC,0.33455756,0.16855646724116605,1,1000,1001
GCTTGTGA,0.36403513,0.25303055292128807,1,1000,1001
GCGACCGC,0.32270768,0.14555931225003094,1,1000,1001
ACAAGGGC,0.3264055,0.31701232837174786,1,1000,1001
GTTCGCGA,0.3574863,0.43546159238032406,1,1000,1001
GCCCCAAC,0.25116378,0.40297076650311303,1,1000,1001
GCACGAAG,0.36232126,0.1912237661320249,1,1000,1001
ATTCTAGC,0.37100354,0.44340906279635506,1,1000,1001
GGTCAAGC,0.36578032,0.13950851441058834,1,1000,1001
GCCCTAGC,0.35009533,0.33920545911845956,1,1000,1001
ACTAGACC,0.39856294,0.480033397930153,1,1000,1001
GGTCCAGA,0.3179274,0.3790252752236836,1,1000,1001
ACCCGTGC,0.3118064,0.2777697604420072,1,1000,1001
TTTGGCGC,0.30490136,0.24498000247392077,1,1000,1001
ATGCGAGC,0.3296932,0.3736857296004618,1,1000,1001
TCTCGCCC,0.29528376,0.4352451243145178,1,1000,1001
GATCGGTA,0.4043431,0.8333402053354225,1,1000,1001
GATCGAAG,0.38494948,0.5931431163155074,1,1000,1001
TTGCGAGA,0.32059816,0.5434379252051292,1,1000,1001
GGTTGCCC,0.28446737,0.2929019090421804,1,1000,1001
GTGCGAGT,0.33429673,0.3012410835772894,1,1000,1001
GGTCATGC,0.30990812,0.3148682637199522,1,1000,1001
TCTGGCGC,0.33467656,0.2986537747907475,1,1000,1001
GAGCGAGC,0.36453068,0.31976456520842783,1,1000,1001
GCACGGAG,0.3198625,0.22534325650435,1,1000,1001
CCTCGTGT,0.35754752,0.4999381519811982,1,1000,1001
GAACGAGT,0.37026918,0.33585535810002887,1,1000,1001
GCCCAGGC,0.24897094,0.21192223642435987,1,1000,1001
GGTTGGGC,0.36626983,0.4503978889209582,1,1000,1001
GCTGGAGA,0.41039762,0.2616171195316044,1,1000,1001
GGTCGACG,0.3707131,0.393085391497959,1,1000,1001
TGTCGAGC,0.4041624,0.23380612707706266,1,1000,1001
GCTCACAC,0.29631492,0.3265369232672246,1,1000,1001
AATCGCGC,0.3326717,0.2949016616501052,1,1000,1001
ACCCGATC,0.34772557,0.8435966684533872,1,1000,1001
GCTCGTTC,0.34240815,0.484105059167938,1,1000,1001
GCTGGACC,0.37777525,0.23318764688904464,1,1000,1001
GCGGGAGT,0.37930897,0.5086690306353854,1,1000,1001
GCACGAAC,0.38434812,0.32421762256215725,1,1000,1001
TGTCTTGA,0.29613718,0.38966313445759293,1,1000,1001
GGTCGACT,0.38396245,0.24264008576258606,1,1000,1001
AAACGAGC,0.36838776,0.4917329814868264,1,1000,1001
TCGCGAGA,0.34878215,0.423669236795448,1,1000,1001
GTTCGCGC,0.3473316,0.23905290067208182,1,1000,1001
ACGCCACA,0.2671666,0.37144889292046346,1,1000,1001
ACTACAGG,0.371026,0.5490248629035583,1,1000,1001
GCTACAGG,0.36050797,0.2029233496886983,1,1000,1001
GCTAGTTC,0.34819278,0.29955057106337357,1,1000,1001
GCTGGCCC,0.3308474,0.20729394301735868,1,1000,1001
GTTGGGAC,0.35343245,0.2282294973817672,1,1000,1001
ACCCGCTC,0.2769044,0.5057724817548345,1,1000,1001
GCCCGGGC,0.2870518,0.3792005112769555,1,1000,1001
GTCCGTTT,0.29355037,0.24839195151115326,1,1000,1001
GGTCGCGC,0.35895804,0.2700387580917825,1,1000,1001
GTTAGGGC,0.39916766,0.3135385313157135,1,1000,1001
GTTCGGGT,0.381281,0.49954644786212016,1,1000,1001
GCCGGAGC,0.36343345,0.23334226693604918,1,1000,1001
ACCCGAAC,0.34709623,0.49954644786212016,1,1000,1001
GCTCGGGG,0.38611925,0.37176844101760603,1,1000,1001
AGCCCAGC,0.25200158,0.2962004700449429,1,1000,1001
GTTCGAGG,0.40011212,0.2298272378674803,1,1000,1001
GCAAGACC,0.38791093,0.25108234032903143,1,1000,1001
GATTGGGT,0.38416654,0.529542736980992,1,1000,1001
GTCCGTGC,0.2980017,0.3787366511359419,1,1000,1001
GCAGGAGA,0.3513108,0.6200676205005566,1,1000,1001
ACTCGTGT,0.37185234,0.562765431080691,1,1000,1001
GCGCGAGT,0.35411742,0.3982393930647755,1,1000,1001
GAACCAGT,0.28967083,0.33057766049560877,1,1000,1001
GCGCGCGC,0.286131,0.33058796849874245,1,1000,1001
GCACGGGC,0.3405451,0.3431740403249083,1,1000,1001
GCGTGAAC,0.3576114,0.2982723786748031,1,1000,1001
GCTTTTGC,0.3425399,0.4505318929616955,1,1000,1001
GCGTGTGC,0.33483693,0.06460025563847772,1,1000,1001
TCGCATGT,0.27510786,0.5524986599595926,1,1000,1001
TGTCTAGC,0.38174188,0.505308621613821,1,1000,1001
GCACAGGC,0.27881354,0.32151692574114543,1,1000,1001
GCCAGAGC,0.39997894,0.17543190533129918,1,1000,1001
CCACGAGC,0.3715943,0.4696223147651837,1,1000,1001
CATCAAGC,0.33237857,0.41255720941739166,1,1000,1001
GATGGATC,0.37684208,0.8020863398342473,1,1000,1001
CCTCGAGC,0.42829585,0.3609759617366924,1,1000,1001
GCTAGCGC,0.3982652,0.11778955180802374,1,1000,1001
GCCCGGGT,0.29341906,0.23102296623098173,1,1000,1001
GCCCTAAC,0.32677454,0.3135385313157135,1,1000,1001
GCGAGCGC,0.34855354,0.2006658970024327,1,1000,1001
GCTCGACT,0.39959833,0.2983651507030058,1,1000,1001
TCACGATC,0.35792807,0.6706386838741598,1,1000,1001
GATCGCGC,0.3571684,0.7022224054756113,1,1000,1001
GCCCCTGC,0.2293836,0.3446377767698841,1,1000,1001
TGTCGATG,0.37972775,0.5267905001443121,1,1000,1001
GAACGCCC,0.30421153,0.18581206448686763,1,1000,1001
ACTCCTCC,0.2988518,0.40576423535232753,1,1000,1001
GCTTGACC,0.35103455,0.13950851441058834,1,1000,1001
CCTAGATC,0.42111078,0.7653486166659795,1,1000,1001
GCGCGTGC,0.3313413,0.2225394796520018,1,1000,1001
GTTGGGGC,0.34907192,0.40297076650311303,1,1000,1001
TCTCATGC,0.31617543,0.45097513709644166,1,1000,1001
ACTTGCGC,0.3108719,0.45218117346307674,1,1000,1001
GACAGAGC,0.36816433,0.22899228961365606,1,1000,1001
CCTGGTGT,0.34115165,0.7268069929493258,1,1000,1001
TCCTGAGC,0.3377096,0.4367397847688946,1,1000,1001
ACTAGAGT,0.44918597,0.4668700779285037,1,1000,1001
GCCTGAGA,0.3264721,0.4154434502948089,1,1000,1001
ACTCGGAT,0.37720972,0.8429060322434339,1,1000,1001
GCTCGGCA,0.37706512,0.45706716694841876,1,1000,1001
GCTGGATT,0.38839996,0.45450047416814415,1,1000,1001
GATGGCGC,0.33046243,0.24836102750175235,1,1000,1001
TCTCGGGC,0.36472753,0.3305570444893415,1,1000,1001
ACTCCACC,0.3060365,0.5184204015998021,1,1000,1001
ACACGAGA,0.37391305,0.5242134993609038,1,1000,1001
ACTAGAGC,0.45125836,0.4171236548055911,1,1000,1001
TTTTGAGC,0.35824803,0.5009586442914279,1,1000,1001
TCACGAGG,0.3576638,0.5724755700325733,1,1000,1001
TCTCGAGA,0.4190163,0.5900197913660166,1,1000,1001
GATTGGGC,0.37399814,0.3513998268255473,1,1000,1001
GCGCCGGC,0.23279935,0.275275223683668,1,1000,1001
TCTAGAGT,0.43262583,0.6610522409598812,1,1000,1001
ACTCGAGA,0.43673775,0.5540757844390385,1,1000,1001
GCTCCAGA,0.3416282,0.44579021152022436,1,1000,1001
TGTGGAGC,0.37808314,0.15781552797592052,1,1000,1001
GACAGAAC,0.3537544,0.4763843648208469,1,1000,1001
GGACGAGC,0.38445437,0.17404032490825877,1,1000,1001
CTTCGAGC,0.39328504,0.34007133138168477,1,1000,1001
ATTCTTGC,0.3187419,0.36846988001484354,1,1000,1001
GCCTTAGC,0.328718,0.2963344740856801,1,1000,1001
GCTTAATC,0.32942554,0.5870613944666639,1,1000,1001
TAAAGAGC,0.36849457,0.3932709355543644,1,1000,1001
CCGCGTGC,0.30912817,0.24919597575557664,1,1000,1001
CCACGAGT,0.3750733,0.2665340370263472,1,1000,1001
GCTAGTCC,0.3518535,0.415917618438956,1,1000,1001
GCTCGCAG,0.31769115,0.3451634849296994,1,1000,1001
TCTACAGC,0.35721973,0.47327134787448977,1,1000,1001
GCTTGACG,0.34102026,0.26663711705768356,1,1000,1001
CCTCGATC,0.40016106,0.5322640498082712,1,1000,1001
CCCTTAGC,0.3213185,0.3916938110749186,1,1000,1001
GCTCCGGC,0.31719393,0.23334226693604918,1,1000,1001
GCGCATGC,0.28917307,0.42886447037479897,1,1000,1001
GCTACAGC,0.37097013,0.2763678720158331,1,1000,1001
GCATGTGC,0.3235728,0.2328784067950357,1,1000,1001
GGGGGAGG,0.34193078,0.5244093514204428,1,1000,1001
CGTGGAGC,0.37149906,0.2620809796726178,1,1000,1001
GCTTGAGA,0.42098498,0.33383498948583684,1,1000,1001
GGTCGTGT,0.36871427,0.3451841009359667,1,1000,1001
GAGCGGGT,0.31345642,0.5057724817548345,1,1000,1001
TCTCCGGC,0.29942703,0.5140085762586072,1,1000,1001
GCACGCGC,0.29313475,0.2225394796520018,1,1000,1001
GCGCCCGC,0.22222336,0.32721725147404446,1,1000,1001
GCTCCTGC,0.31007278,0.33495856182740275,1,1000,1001
GCTAGGGC,0.42874232,0.33920545911845956,1,1000,1001
CCTCCACC,0.29499197,0.3361645981940378,1,1000,1001
GCGCGTTC,0.304832,0.2869232672246732,1,1000,1001
GCTTGAAC,0.38027224,0.5428709850327794,1,1000,1001
GCTCGGTC,0.38290343,0.18854368531728036,1,1000,1001
TCCCGTAC,0.3180472,0.3031274481507442,1,1000,1001
GCCCCTGA,0.26768488,0.4386158413392158,1,1000,1001
TCCCGTCC,0.2983701,0.40443450294808886,1,1000,1001
ATCAGATC,0.32834825,0.9148146621036574,1,1000,1001
GCTGAACC,0.35388327,0.3319383169092483,1,1000,1001
TGGCGAGC,0.34996328,0.23198161052240962,1,1000,1001
GCGCGAAC,0.35191417,0.23905290067208182,1,1000,1001
TCTCGACG,0.35779133,0.43830660124520676,1,1000,1001
GGGGGAGC,0.36091253,0.12747907475363873,1,1000,1001
AAGGGAGG,0.33812317,0.3856945532511442,1,1000,1001
ACTTGAGC,0.39466858,0.4198037356203356,1,1000,1001
GCTCGATT,0.42931306,0.3265369232672246,1,1000,1001
TATTGTGC,0.3315894,0.5182348575433967,1,1000,1001
GGTTGAGT,0.39728355,0.3145693316290768,1,1000,1001
GCTCAATC,0.35347384,0.550973075495815,1,1000,1001
AAAAGAGC,0.37317035,0.4542015420772688,1,1000,1001
ATACCAGC,0.28410098,0.6819362553086217,1,1000,1001
GCTCGGGC,0.40344158,0.21069558405145758,1,1000,1001
GTTTGAGT,0.39538774,0.41043376077186333,1,1000,1001
TTTGGAGC,0.36234087,0.17776151403950027,1,1000,1001
GATGGCGG,0.32416204,0.34901867810167814,1,1000,1001
ACGCTAGC,0.36423904,0.24613449882488764,1,1000,1001
GGACGCGC,0.29931796,0.28016121716901,1,1000,1001
GTTTGTGG,0.3390606,0.4231744526450336,1,1000,1001
GCTGGTGC,0.38730338,0.24921659176184388,1,1000,1001
GTGCGCGC,0.27624437,0.23769224425844224,1,1000,1001
TCACCAGC,0.27245063,0.5603842823568218,1,1000,1001
GCGCTAGC,0.37576067,0.11778955180802374,1,1000,1001
GCACGAGG,0.3771873,0.32404238650888545,1,1000,1001
GCTGTAGC,0.40841317,0.2763678720158331,1,1000,1001
ACTCGAAT,0.41236925,0.3132499072279718,1,1000,1001
GCTCAAGA,0.38499025,0.48305364284830743,1,1000,1001
TCTCAAGC,0.3585019,0.33383498948583684,1,1000,1001
ATTTGAGC,0.36823848,0.5436750092772028,1,1000,1001
GCTCGATA,0.43744886,0.6783181462087164,1,1000,1001
GATCAAGA,0.370329,0.8278460396651961,1,1000,1001
GAAAGAGC,0.3977273,0.33110336865542406,1,1000,1001
GCTAGTGG,0.3987854,0.48666144394507893,1,1000,1001
GCTCAAAG,0.35164604,0.42065929988042716,1,1000,1001
GATCGAGC,0.42108428,0.6426112233538119,1,1000,1001
GCTTGGCC,0.33988434,0.3556570321197377,1,1000,1001
AATCTAGC,0.38011965,0.5560549210406961,1,1000,1001
GCTAGATG,0.43103978,0.3855399332041397,1,1000,1001
ACTGGAGC,0.40142262,0.4201129757143446,1,1000,1001
GCTGGATG,0.3665609,0.4695604667463819,1,1000,1001
GCAGGATC,0.33398482,0.8535541994804766,1,1000,1001
GTTCCACC,0.27335808,0.16079454088154038,1,1000,1001
GCTGTCTC,0.30228984,0.38616872139529135,1,1000,1001
GTTAGAGA,0.4305279,0.4476353440811446,1,1000,1001
TCCCGCAC,0.23686755,0.37063456067290645,1,1000,1001
ACTCGAGT,0.44286087,0.4263493176101925,1,1000,1001
GGTCGATA,0.41320586,0.7441141302106956,1,1000,1001
GTTCGACC,0.37517083,0.29694264627056444,1,1000,1001
GCTCTAAC,0.38958043,0.4289366263967344,1,1000,1001
GCTCGACA,0.39716193,0.23380612707706266,1,1000,1001
GTTCGAGT,0.42041576,0.39707458871067497,1,1000,1001
GATCACGC,0.31004933,0.8160743000865872,1,1000,1001
CCTGGACC,0.37411132,0.3742835937822125,1,1000,1001
GTTCACGC,0.28245178,0.2982723786748031,1,1000,1001
TCTCGCGG,0.31663072,0.42230858038180846,1,1000,1001
TTTCTGCC,0.28634727,0.2671009771986971,1,1000,1001
GCACGGCC,0.299301,0.25169051251391583,1,1000,1001
ACTTTAGC,0.3546082,0.4434709108151569,1,1000,1001
GCCCCAGC,0.2620603,0.27678019214117844,1,1000,1001
GTTCGCGG,0.3342151,0.4591493835814126,1,1000,1001
TCGCGAGC,0.36129028,0.4827959427699666,1,1000,1001
GATCGATC,0.41367996,0.7932523811487239,1,1000,1001
GTACGAGA,0.38586146,0.596637529377809,1,1000,1001
GCTGGAGG,0.40776154,0.687007792850369,1,1000,1001
GTGCGAAC,0.36094934,0.3043025605079784,1,1000,1001
ATTCATGC,0.30271128,0.39986805755988947,1,1000,1001
CATCTAGG,0.34629282,0.5733929823114666,1,1000,1001
CGTCGAGC,0.41163674,0.34366882447532265,1,1000,1001
GCTTTCGC,0.3220611,0.2881499195975756,1,1000,1001
TCTGGAGC,0.3881547,0.44579021152022436,1,1000,1001
ACTCGACC,0.390197,0.45991217581330146,1,1000,1001
CACCGAGC,0.33356193,0.3708097967261782,1,1000,1001
GCTGGTTC,0.33922833,0.376881210571888,1,1000,1001
GCACGAGA,0.37905157,0.5399125881334268,1,1000,1001
TCGCGAAC,0.35559228,0.43546159238032406,1,1000,1001
GGCCGTGC,0.3029378,0.25169051251391583,1,1000,1001
GGTTGAAG,0.36593273,0.36834618397723995,1,1000,1001
GCAAGAGC,0.4260926,0.2904382962932421,1,1000,1001
CTTCGATG,0.36135086,0.6984909083412362,1,1000,1001
GCTGGGGA,0.36526775,0.38805508596874616,1,1000,1001
GTTCTAGA,0.3825506,0.5992248381643508,1,1000,1001
CCTAGTGC,0.38194093,0.31085845050096894,1,1000,1001
GCGCGCGA,0.30318755,0.4242980249865996,1,1000,1001
CCTCTATC,0.37109485,0.6524553663464313,1,1000,1001
GGCCTAGG,0.306605,0.24044448109512226,1,1000,1001
GTTAGTGC,0.367302,0.17278274852595554,1,1000,1001
GCCCGTGC,0.3081688,0.3431740403249083,1,1000,1001
CTTAGAGC,0.40121058,0.452706881622892,1,1000,1001
GCTCTCCC,0.29858613,0.2730899270193378,1,1000,1001
GCCATATC,0.36843047,0.8531109553457304,1,1000,1001
GGTATAGC,0.41496497,0.756205417886447,1,1000,1001
GAGCTAGC,0.3534428,0.3752422380736403,1,1000,1001
GCGTGCGC,0.30581212,0.20504679833422668,1,1000,1001
GTTCTACC,0.34581268,0.22176637941697935,1,1000,1001
GCACACGC,0.27469167,0.06460025563847772,1,1000,1001
GCTCGAAT,0.42754275,0.40437265492928715,1,1000,1001
CCTCAAGC,0.36661342,0.391456727002845,1,1000,1001
GTGTTATC,0.33015904,0.7185399744361523,1,1000,1001
ACACGGGC,0.32746655,0.5459943099822703,1,1000,1001
TCTCCAGA,0.34074205,0.6452397641528884,1,1000,1001
CCTAGAGA,0.44817123,0.5683420607759865,1,1000,1001
GGTCGTGC,0.3774984,0.4543767781305405,1,1000,1001
GCTAACGC,0.4012763,0.25019585205953904,1,1000,1001
GCTATAGT,0.42978165,0.6138415866078424,1,1000,1001
GCGCTAGT,0.3507351,0.4023729023213623,1,1000,1001
GTTCGGGA,0.3883674,0.37841710303879933,1,1000,1001
GATGGAGC,0.39491713,0.3794066713396281,1,1000,1001
TCTCTAGC,0.38952613,0.5609512225291716,1,1000,1001
GCACTAGA,0.36408618,0.37946851935842985,1,1000,1001
GCCCGATG,0.3417414,0.3737991176349318,1,1000,1001
ACTACAGC,0.36402693,0.3040448604296376,1,1000,1001
GCCCGAGC,0.35387546,0.21069558405145758,1,1000,1001
GCGAAAGC,0.39672995,0.2881499195975756,1,1000,1001
AATCGAGC,0.41358632,0.3265369232672246,1,1000,1001
GAGCGATC,0.36684567,0.8055395208840144,1,1000,1001
AGTCGAGC,0.4241945,0.2983651507030058,1,1000,1001
GCTCTCGT,0.33808094,0.33074258854574695,1,1000,1001
GCACGATG,0.36010954,0.22922937368572957,1,1000,1001
GCTCTCGA,0.3537491,0.41696903475858654,1,1000,1001
ACGTTAGC,0.35310462,0.35534779202572875,1,1000,1001
TCTGTAGC,0.39664435,0.28419164639426053,1,1000,1001
GCCCAGGG,0.27322507,0.30169463571516925,1,1000,1001
GCTGTAGA,0.40141335,0.47327134787448977,1,1000,1001
GCTAAAAC,0.3885401,0.3492557621737517,1,1000,1001
ACTTAAGC,0.3403163,0.36614027130664245,1,1000,1001
ACTCAAGC,0.36119035,0.3580278728404734,1,1000,1001
GCTCATGA,0.34912893,0.4826928627386303,1,1000,1001
CCAGGAGC,0.33477792,0.16274275347379702,1,1000,1001
GGACGTGC,0.33092055,0.30398301241083575,1,1000,1001
GCTCGGGA,0.40317318,0.2588854987011916,1,1000,1001
GTACGAGC,0.37844214,0.46542695748979507,1,1000,1001
CCGCGAGC,0.35221264,0.3491526821424154,1,1000,1001
GATGGAAG,0.37147504,0.4663340617655548,1,1000,1001
GATCGGGC,0.3892891,0.7908196924091866,1,1000,1001
TCATATGA,0.33586997,0.7420422215808354,1,1000,1001
GTTGGAGC,0.39070415,0.289232259926607,1,1000,1001
GGTCCAGC,0.32954702,0.23318764688904464,1,1000,1001
ACTCGAGG,0.42049757,0.3790665072362182,1,1000,1001
GCTTGGGA,0.38105756,0.4129179895270688,1,1000,1001
GCTCTATG,0.36910945,0.40892879231435286,1,1000,1001
GGTGGATC,0.37659222,0.8482146538572548,1,1000,1001
GCCCGGGG,0.28004447,0.32895930400362844,1,1000,1001
GCTCATAC,0.32721096,0.4392137055209665,1,1000,1001
GTCCGAGC,0.34447283,0.25992660701768855,1,1000,1001
GCCTGAGC,0.3353024,0.30723003339793015,1,1000,1001
GGTGTGGC,0.32583183,0.24861872758009318,1,1000,1001
CTGCGACT,0.3022259,0.3622335381189956,1,1000,1001
GCTCCATT,0.32769248,0.4371933369067744,1,1000,1001
ACTTGGGG,0.3509624,0.40645487156228094,1,1000,1001
ACCCATGC,0.27990723,0.4274522739454913,1,1000,1001
ACTCCGTC,0.31122217,0.3921164392033975,1,1000,1001
CATCCATC,0.30532,0.4903310930606523,1,1000,1001
CCGCCAGC,0.25435522,0.2540407372283841,1,1000,1001
GCAGGAGG,0.34526134,0.3668309075165959,1,1000,1001
GCTTAAGT,0.36087602,0.36614027130664245,1,1000,1001
TCTTTGGC,0.31672922,0.3508844266688657,1,1000,1001
TCGGGAGC,0.374673,0.42806044613037564,1,1000,1001
GCACGTCC,0.3003712,0.30398301241083575,1,1000,1001
GGCCCGGC,0.224225,0.18495650022677604,1,1000,1001
ACTTCAGC,0.3116831,0.3032408361852142,1,1000,1001
ACTCCTGC,0.32278755,0.4876407042427741,1,1000,1001
ACACGAGT,0.38640565,0.562765431080691,1,1000,1001
AGTCTAGC,0.38060883,0.30561167690594976,1,1000,1001
GCCCGAGG,0.34805807,0.2461757308374222,1,1000,1001
GCGCGAGC,0.36616808,0.12242815321815857,1,1000,1001
GGTAGACC,0.41489533,0.3700470044942894,1,1000,1001
GCTCGTAC,0.3685125,0.46542695748979507,1,1000,1001
GGATGAGC,0.3645972,0.572537418051375,1,1000,1001
GCGTCATC,0.28439307,0.35461592380324086,1,1000,1001
TCGCGTTC,0.3004913,0.3930647754916918,1,1000,1001
GTTCGGGG,0.37301505,0.38646765348616663,1,1000,1001
GCACGTGC,0.33620617,0.4093823444522327,1,1000,1001
GCTCGAAC,0.4359016,0.21334474085680122,1,1000,1001
AATCGAGA,0.41327345,0.5494681070383046,1,1000,1001
GATAGAAC,0.41372514,0.6592586484146291,1,1000,1001
GCTTGTGC,0.35966036,0.4639941450542201,1,1000,1001
GCAAGAGT,0.40675333,0.3045808765925865,1,1000,1001
TGCCGAGC,0.33617792,0.45706716694841876,1,1000,1001
GGTCGAAT,0.41744098,0.25754545829381936,1,1000,1001
GATCAACC,0.32394233,0.7657712447944585,1,1000,1001
GCTGCTGC,0.30089703,0.36845957201170987,1,1000,1001
GAACGAGG,0.36304674,0.4311219230610646,1,1000,1001
GCAATAGC,0.41453415,0.4811054302560508,1,1000,1001
TCGGTAGC,0.38785285,0.2144580051952336,1,1000,1001
GGCCGAGA,0.3361822,0.29946810703830457,1,1000,1001
GCACGTAC,0.33614528,0.41848431121923063,1,1000,1001
CCTGGAGC,0.40248543,0.3399373273409475,1,1000,1001
GCTTGAGT,0.42497596,0.3580278728404734,1,1000,1001
GCTGGTAG,0.35871896,0.19435739908464933,1,1000,1001
GGTCGGTC,0.36392173,0.3493176101925535,1,1000,1001
CCACAAGG,0.31207144,0.15350678266606194,1,1000,1001
TCTCGACC,0.374146,0.2789757968086422,1,1000,1001
GAACCCGC,0.26264766,0.2951902857378469,1,1000,1001
CCCGGACC,0.3245743,0.22466292829753023,1,1000,1001
GATCTAGT,0.3816441,0.7714612625242239,1,1000,1001
GCTCGCGA,0.36756083,0.4827959427699666,1,1000,1001
GCGTGAGC,0.3732084,0.33876221498371334,1,1000,1001
GCTAGCAC,0.3571222,0.41436110996577746,1,1000,1001
GTACCAGC,0.2652052,0.22278687172720898,1,1000,1001
TCTCGAAA,0.39381635,0.4281222941491774,1,1000,1001
GGTCAAAC,0.35320142,0.20351090586731538,1,1000,1001
CCTCGAGA,0.4313698,0.43482249618603885,1,1000,1001
TCGCCAGC,0.26439717,0.5055766296952955,1,1000,1001
GACCAACC,0.29009622,0.3145693316290768,1,1000,1001
GCTCAGGT,0.3462244,0.30331299220714963,1,1000,1001
GCTTGCGC,0.33755127,0.16129963303508846,1,1000,1001
GCACTACA,0.32156247,0.3913330309652414,1,1000,1001
GCGCGAAA,0.34279922,0.3902919226487445,1,1000,1001
ACTTGGGC,0.35637704,0.20346967385478082,1,1000,1001
ACGCGCAC,0.24558416,0.16644332659877129,1,1000,1001
GCTTGCGA,0.36054334,0.2218797674514493,1,1000,1001
ATTCAAGC,0.32873905,0.4705912670597452,1,1000,1001
GCTCGTGC,0.38351575,0.4142271059250402,1,1000,1001
GCCCCATC,0.2511718,0.23958891683503072,1,1000,1001
GGTAGATC,0.43120015,0.812796355090092,1,1000,1001
CACCGATA,0.3550149,0.8311549086710922,1,1000,1001
TCAAGTGC,0.33734256,0.40301199851564756,1,1000,1001
GTTCGTCC,0.32263035,0.5224508308250525,1,1000,1001
TATCTTGC,0.3135581,0.7048303302684205,1,1000,1001
GCTCGCCA,0.3310538,0.23198161052240962,1,1000,1001
GCTCCAGC,0.3493416,0.2950253576877087,1,1000,1001
GTCTCAGA,0.26126426,0.6053065600131943,1,1000,1001
TTTAGAGC,0.4051492,0.35791448480600335,1,1000,1001
GCTGGGGG,0.3587385,0.354749927843978,1,1000,1001
TCTCGTCC,0.3225289,0.5377375994722302,1,1000,1001
CCCCGAGT,0.3481414,0.5154104646847812,1,1000,1001
GATCGAGG,0.40895355,0.5322640498082712,1,1000,1001
GATCGATG,0.3977634,0.7170762379911764,1,1000,1001
GACCCAGC,0.25514463,0.28717065929988045,1,1000,1001
GCCCGTTC,0.29912058,0.3663979713849833,1,1000,1001
GCCCGAAG,0.32891512,0.41430956995010926,1,1000,1001
CCTCGAAC,0.40931004,0.2298272378674803,1,1000,1001
GTTGGACC,0.36502197,0.34226693604914854,1,1000,1001
GCTGCAGT,0.31141144,0.4049499031047705,1,1000,1001
CCACCAGC,0.2757884,0.4278439780645693,1,1000,1001
TATCGAGC,0.39559796,0.6783181462087164,1,1000,1001
GCTCGCAC,0.33882236,0.24067125716406218,1,1000,1001
CCCCGCGC,0.25822952,0.3725312332494949,1,1000,1001
GCTGGAGC,0.4213184,0.2950253576877087,1,1000,1001
TCTCACGC,0.29383412,0.4971240671257164,1,1000,1001
TATCCAGT,0.32889417,0.8181771327258485,1,1000,1001
GATAGAGC,0.4429522,0.5012266523729023,1,1000,1001
GTGCTAGA,0.32879594,0.3601925534985363,1,1000,1001
GGTCGTAC,0.35788196,0.35621366428895396,1,1000,1001
CCGAGAGC,0.41164422,0.470962355172556,1,1000,1001
TCCGGAGC,0.34164843,0.5153383086628458,1,1000,1001
GTTCGTGT,0.34478602,0.2867274151651342,1,1000,1001
GCTCGTGG,0.37441504,0.4696223147651837,1,1000,1001
GCATGCGC,0.29202145,0.42886447037479897,1,1000,1001
ATTCGCGC,0.3184428,0.30846699377396614,1,1000,1001
GCGTTAGC,0.3682017,0.25019585205953904,1,1000,1001
TAGCGACC,0.35244858,0.4238857048612543,1,1000,1001
GATCGCAC,0.3666774,0.7508658722632252,1,1000,1001
GTTCTAAC,0.37069982,0.41238197336411986,1,1000,1001
GGACGAGA,0.3661831,0.5377375994722302,1,1000,1001
GGCCGAGG,0.33043975,0.22372490001236955,1,1000,1001
GCTAGCGT,0.40804338,0.24613449882488764,1,1000,1001
GTTCTCGC,0.30299678,0.19054343792520514,1,1000,1001
GTTCGAGA,0.41944695,0.4182369191440234,1,1000,1001
CCTCTAGG,0.38197172,0.5956995010926484,1,1000,1001
GTACGAGT,0.37029395,0.2618954356162124,1,1000,1001
CCTCTCGC,0.30572945,0.4438523069311013,1,1000,1001
GTTCGGTC,0.35717285,0.38556054921040694,1,1000,1001
GCTCCAAC,0.3265413,0.289232259926607,1,1000,1001
GCTCAACC,0.34825563,0.3271038634395745,1,1000,1001
GCACGACA,0.35039142,0.4435739908464932,1,1000,1001
GCTGCGGC,0.2944013,0.23700160804848883,1,1000,1001
GTCCGGGC,0.277209,0.25549416567022637,1,1000,1001
GCTCTTGA,0.35861275,0.43628623263101474,1,1000,1001
GATCCAGT,0.3442587,0.7971694223395044,1,1000,1001
CATAGAGC,0.41231707,0.40892879231435286,1,1000,1001
GCGTGGGC,0.3161691,0.20719086298602235,1,1000,1001
ACCCGAGC,0.34660146,0.525244299674267,1,1000,1001
GTTCAAGC,0.34362337,0.5428709850327794,1,1000,1001
GCTATATC,0.40896967,0.9194223395043912,1,1000,1001
CCCCGAGG,0.3457217,0.3761081103368656,1,1000,1001
GCGCGCGT,0.29376864,0.22435368820352122,1,1000,1001
GCGGGTGC,0.3568064,0.464839401311178,1,1000,1001
GCTCTTTC,0.30708542,0.33110336865542406,1,1000,1001
ATTCGATC,0.38091475,0.7222508555642602,1,1000,1001
GCTCAAGC,0.38013384,0.2830474580464272,1,1000,1001
CCTGAAGT,0.32572165,0.4195151115325939,1,1000,1001
GCCCCAGT,0.2712599,0.4608089720859275,1,1000,1001
TTAGGGGC,0.33885837,0.4676225621572589,1,1000,1001
GATGTAGT,0.37343496,0.3834886405805467,1,1000,1001
TCTCCAGT,0.3400291,0.5509627674926812,1,1000,1001
GTTCCAGC,0.31194162,0.1364779614893003,1,1000,1001
ACTAGAAT,0.4126175,0.5192244258442255,1,1000,1001
AGTCGATG,0.40178564,0.40604255143693563,1,1000,1001
GCTCTAGG,0.39513558,0.28876839978559354,1,1000,1001
GGAAGAGC,0.41646767,0.38177751206036364,1,1000,1001
GGTCTATC,0.35722408,0.5985960499731992,1,1000,1001
GTACTAGC,0.35109586,0.27188389065270274,1,1000,1001
GGTTGCGC,0.32613847,0.27127571846781845,1,1000,1001
ACTGAAGC,0.35364878,0.576557539273492,1,1000,1001
GCTCGATC,0.42038047,0.6426112233538119,1,1000,1001
GGATGATT,0.3314093,0.6324475322640498,1,1000,1001
TCGCGATC,0.36019677,0.8011998515647549,1,1000,1001
GGTCGAGT,0.43629444,0.45991217581330146,1,1000,1001
GCTCCATC,0.3273397,0.3794066713396281,1,1000,1001
CCTTGAGC,0.3925102,0.4322145713932297,1,1000,1001
GCTAGTGT,0.399314,0.3761287263431328,1,1000,1001
GATCGTCC,0.32364008,0.7296726178204759,1,1000,1001
GCCCGAGT,0.3553702,0.42809137013977655,1,1000,1001
GCTCGTTA,0.35790887,0.46176761637735536,1,1000,1001
GATAGAGA,0.4413437,0.5933080443656454,1,1000,1001
GCTTGAGC,0.42131752,0.2830474580464272,1,1000,1001
GTGCGCGT,0.2810785,0.16644332659877129,1,1000,1001
GTACGTGT,0.30971614,0.4893724487692244,1,1000,1001
ATTGTAGC,0.3483082,0.501041108316497,1,1000,1001
GCGGGGGA,0.297664,0.6325918443079207,1,1000,1001
TCTCGAGC,0.41481486,0.2924689729105677,1,1000,1001
GCTCGCCC,0.31952906,0.38070547973446583,1,1000,1001
GATAAAGC,0.37251297,0.5668474003216097,1,1000,1001
CCTCGCGC,0.3315348,0.38677689358017564,1,1000,1001
CCACGATC,0.37152272,0.6553003752113141,1,1000,1001
GAACGAAT,0.3655821,0.43397723992908094,1,1000,1001
GCTCGGAG,0.36963043,0.5486640827938812,1,1000,1001
GCTCTACA,0.35165897,0.3297117882323837,1,1000,1001
GTTCGACT,0.36980402,0.2895208840143488,1,1000,1001
TCTGCAGC,0.2986168,0.3788809631798128,1,1000,1001
GCTCTCGC,0.33224604,0.2040159980208634,1,1000,1001
CCACGACC,0.34866652,0.24821671545788151,1,1000,1001
ACGCTAGA,0.36623058,0.525244299674267,1,1000,1001
GTTCGGGC,0.37712625,0.19857337236630518,1,1000,1001
GCTCGACC,0.39454672,0.35574980414794044,1,1000,1001
GATCGTTC,0.3428167,0.7276419412031501,1,1000,1001
CGTCGACC,0.37408087,0.393085391497959,1,1000,1001
GCCCGCGA,0.29847795,0.37761307879437594,1,1000,1001
ACTCGATT,0.42218438,0.5665484682307343,1,1000,1001
TGTAATGC,0.35559714,0.2764606440440358,1,1000,1001
CGGCGAGC,0.3415893,0.2353523275471076,1,1000,1001
TCCCATGC,0.28018233,0.5457056858945285,1,1000,1001
CCTCCAGC,0.3318073,0.687007792850369,1,1000,1001
GGTCGGAC,0.38329697,0.3672947676576093,1,1000,1001
AATCGATC,0.4018431,0.7759246278810868,1,1000,1001
GCTGGAAT,0.4057924,0.41753597493093636,1,1000,1001
CCTCGTGC,0.36831102,0.32404238650888545,1,1000,1001
GTTCTAGC,0.38494912,0.40538283923638313,1,1000,1001
TGTCGAAC,0.3926885,0.47541541252628544,1,1000,1001
GTTCGGCC,0.3519576,0.08859728693357526,1,1000,1001
GGTCGATC,0.41265702,0.5027728528429473,1,1000,1001
TTTCGATC,0.36992088,0.7050364903310931,1,1000,1001
GTGCCAGG,0.22487982,0.3109512225291717,1,1000,1001
ACTCCAGC,0.35281107,0.5190079577784191,1,1000,1001
GCCTGTGC,0.29773882,0.32151692574114543,1,1000,1001
TGCCTATC,0.3224774,0.8499360903805715,1,1000,1001
GCTGTCGA,0.36836496,0.3536366635055457,1,1000,1001
GCTCTATC,0.37342802,0.5012266523729023,1,1000,1001
GCTCGTGA,0.37965325,0.41161918113223106,1,1000,1001
ACTCGATC,0.41103205,0.6555993073021894,1,1000,1001
GCACGTGG,0.31808776,0.3440914526038016,1,1000,1001
GCTGGGCC,0.33941975,0.199954644786212,1,1000,1001
GATAATGC,0.350035,0.696418999711376,1,1000,1001
ACACAACC,0.31071422,0.2048921782872222,1,1000,1001
CGTTGAGC,0.36462796,0.3876324578402672,1,1000,1001
GATTGTGC,0.3590708,0.39602317239104445,1,1000,1001
ACTCGGGT,0.39536774,0.547179730342638,1,1000,1001
GCTTGTGT,0.3608355,0.3830453964458005,1,1000,1001
GCGCGACC,0.3478843,0.2700387580917825,1,1000,1001
GATCGTGC,0.36305198,0.7648332165092978,1,1000,1001
CTGCGCGC,0.24899727,0.47908506164185877,1,1000,1001
GCTGCACC,0.28093094,0.15557869129592217,1,1000,1001
CACCTAGA,0.32162914,0.4436152228590277,1,1000,1001
GCGCGGGC,0.29906568,0.21894198655836394,1,1000,1001
GCCAGGAC,0.30527252,0.35067826660619306,1,1000,1001
GCATATAC,0.3688354,0.7418876015338309,1,1000,1001
CCTCGAGT,0.43689355,0.3790665072362182,1,1000,1001
GCTCTAGC,0.40474543,0.3601100894734672,1,1000,1001
GCTCTAAG,0.36758432,0.452706881622892,1,1000,1001
TATCAAGC,0.34377787,0.9089081763080856,1,1000,1001
GAACGAGA,0.3850672,0.3629654063414835,1,1000,1001
GCTGACGC,0.3371431,0.21078835607966026,1,1000,1001
ACTAATGC,0.37010437,0.2826454459242156,1,1000,1001
TCCCAAGC,0.30915722,0.4129179895270688,1,1000,1001
GCTCTAAA,0.37742,0.35791448480600335,1,1000,1001
GCTTGATT,0.4017541,0.46955015874324824,1,1000,1001
GGTTTCGC,0.28080428,0.3586669690347586,1,1000,1001
TCTGGAGT,0.39740574,0.40242444233703045,1,1000,1001
GCTCATGC,0.33646718,0.42995711870696407,1,1000,1001
CCTCGGGC,0.37649897,0.2461757308374222,1,1000,1001
GTCCGGCC,0.27665305,0.29098462045932466,1,1000,1001
GCTTGAGG,0.40920204,0.391456727002845,1,1000,1001
GCTAATGC,0.37532693,0.23677483197954893,1,1000,1001
GATAGGGC,0.40345833,0.8535129674679421,1,1000,1001
ACTCTAGC,0.39535877,0.4594895476848225,1,1000,1001
GCGTGGTC,0.2691097,0.311363542654517,1,1000,1001
GCGCGCCT,0.25144973,0.19470787119119284,1,1000,1001
GCACGCGT,0.29982185,0.282212509792603,1,1000,1001
TCTCGAGT,0.42147508,0.5540757844390385,1,1000,1001
GCTTCACC,0.2764741,0.25853502659464805,1,1000,1001
ACTCAACC,0.3357481,0.3145693316290768,1,1000,1001
GCTCGTCC,0.33169046,0.17404032490825877,1,1000,1001
GCCCGCGC,0.27978048,0.21894198655836394,1,1000,1001
CTTCTAAT,0.34297734,0.5672494124438214,1,1000,1001
GCTCCAGT,0.35516527,0.4201129757143446,1,1000,1001
GTTGTAGC,0.37669823,0.2397435368820352,1,1000,1001
GCCCGAGA,0.3565672,0.3305570444893415,1,1000,1001
GGTCGAGC,0.43460864,0.35574980414794044,1,1000,1001
GATCAAGC,0.35865715,0.8098585741970066,1,1000,1001
GATCTAGC,0.38696972,0.6526821424153713,1,1000,1001
GGTCGGGC,0.39390612,0.37523193007050676,1,1000,1001
GAACGAGC,0.3842095,0.484105059167938,1,1000,1001
GGGCGAGC,0.35798264,0.38070547973446583,1,1000,1001
GCTAGAAC,0.43346217,0.40538283923638313,1,1000,1001
GCTCCGCC,0.2846246,0.2900775161835649,1,1000,1001
GGTCGAGA,0.4304679,0.2789757968086422,1,1000,1001
GGAAAGGT,0.34627342,0.49130004535521377,1,1000,1001
GCTAGAGC,0.47211736,0.3601100894734672,1,1000,1001
GCGTGAGA,0.35832998,0.4971240671257164,1,1000,1001
CTTACAGG,0.3140106,0.4889188966313446,1,1000,1001
TCTAGAGC,0.43818003,0.5563435451284378,1,1000,1001
GCTCAATT,0.35233656,0.5200696821011834,1,1000,1001
CCTAGTAC,0.3570147,0.4180204510782171,1,1000,1001
GGCCGATC,0.33268568,0.7415165134210201,1,1000,1001
GTTCTATC,0.36391875,0.6592586484146291,1,1000,1001
CCTAGACC,0.4058537,0.4069908877252299,1,1000,1001
ACTCGTAT,0.35878512,0.6476930688986929,1,1000,1001
GCTCAACT,0.3442414,0.34159691584546237,1,1000,1001
GAGCTCGC,0.28685245,0.360171937492269,1,1000,1001
GCCCGATT,0.33688024,0.4548303302684204,1,1000,1001
GCGTGATC,0.3479848,0.8160743000865872,1,1000,1001
GTTAGAGC,0.43100518,0.4289366263967344,1,1000,1001
GCGCAAGT,0.32033986,0.45218117346307674,1,1000,1001
GCTCCGGG,0.3080275,0.327145095452109,1,1000,1001
GCGCGCCC,0.25319088,0.14334309157629985,1,1000,1001
ACAGGCGC,0.26478744,0.2652764606440441,1,1000,1001
ATTCGTAC,0.3492306,0.5531068321444771,1,1000,1001
GAGAGAGC,0.3932441,0.3513998268255473,1,1000,1001
GCGCGATC,0.36260274,0.7022224054756113,1,1000,1001
GCTCGGCG,0.35136116,0.2845524265039377,1,1000,1001
GCTTGTCC,0.3145925,0.332649569125469,1,1000,1001
GTGCCAGC,0.23088767,0.3197954892178287,1,1000,1001
GTTCGAAA,0.40685514,0.28160433760771864,1,1000,1001
TCGTGCGT,0.30743504,0.4575207190862986,1,1000,1001
GCTTCGGC,0.32752424,0.41885539933204147,1,1000,1001
CATCGGGC,0.3688599,0.3737991176349318,1,1000,1001
GAACGATC,0.36102086,0.7276419412031501,1,1000,1001
GCTAGGTT,0.41280112,0.42054591184595724,1,1000,1001
CATCGGGG,0.36518893,0.36174906197171486,1,1000,1001
TCACGACC,0.3420751,0.5846905537459284,1,1000,1001
GCCCTCTC,0.26566422,0.18013235476023587,1,1000,1001
GCTGTACC,0.3673631,0.3567909124644374,1,1000,1001
GCTAGACT,0.42790774,0.30561167690594976,1,1000,1001
TGTCCAGA,0.31379214,0.35614150826701857,1,1000,1001
GAACCGGC,0.2694316,0.23727992413309693,1,1000,1001
ACCAGGGC,0.3169168,0.20129468519358432,1,1000,1001
ACCCGCAC,0.24804139,0.4980002473920752,1,1000,1001
GCTCACGC,0.31646487,0.33876221498371334,1,1000,1001
GCTCGTGT,0.38228986,0.3638415866078423,1,1000,1001
GATTTTGG,0.315061,0.3732424854657156,1,1000,1001
GCTCTACG,0.3420915,0.34014348740362016,1,1000,1001
GCTCGCGT,0.3641511,0.19339875479322147,1,1000,1001
GATCGAAC,0.41484892,0.5907207355791035,1,1000,1001
GCTTTAGT,0.38185412,0.4263493176101925,1,1000,1001
GCACAAGC,0.338859,0.4639941450542201,1,1000,1001
GCGCAAGC,0.3347078,0.16129963303508846,1,1000,1001
TTACGAGC,0.35643435,0.595091328907764,1,1000,1001
ATTCGAGC,0.39113855,0.40437265492928715,1,1000,1001
GCACCAAC,0.28086418,0.25308209293695627,1,1000,1001
GCTCAGGC,0.3428145,0.30723003339793015,1,1000,1001
GCTCGAGA,0.44782585,0.2924689729105677,1,1000,1001
GAGCCAGC,0.2640033,0.30882777388364324,1,1000,1001
GGTTGAAC,0.373237,0.4096709685399744,1,1000,1001
GCTCCATA,0.3364616,0.4337916958726755,1,1000,1001
GCATGAGT,0.36764735,0.507019750134004,1,1000,1001
GCACGAAT,0.37325442,0.38141673195068654,1,1000,1001
GGCCCAGA,0.24322167,0.4080010720323259,1,1000,1001
GCCCCGGT,0.25351262,0.27961489300292747,1,1000,1001
GTTCGAAG,0.37896478,0.19824351626602893,1,1000,1001
GCTAAAGA,0.425409,0.4208242279305653,1,1000,1001
GCTTAAGC,0.35618702,0.22475570032573286,1,1000,1001
GCCTGCGT,0.27916685,0.29345854121139653,1,1000,1001
GCGCGATA,0.35758853,0.8551210159567888,1,1000,1001
GATCGTAC,0.3639337,0.7983136106873376,1,1000,1001
GCTCGAAG,0.40899986,0.34007133138168477,1,1000,1001
GCAACATC,0.3138647,0.38259184430792065,1,1000,1001
AGGCGAGC,0.34505388,0.28897455984826625,1,1000,1001
GGCAGAGC,0.37896094,0.34201954397394135,1,1000,1001
TTTCGGGC,0.3377357,0.26140065146579805,1,1000,1001
CCTGTAGC,0.37187684,0.2029233496886983,1,1000,1001
GCATGGGC,0.31809825,0.28607801096771535,1,1000,1001
GCCCTATG,0.31537944,0.39779614893002924,1,1000,1001
GATCGTGT,0.35155553,0.8040139364202367,1,1000,1001
TCTCATGT,0.3127244,0.6578979920009896,1,1000,1001
GTTCAAGA,0.34611905,0.3124664989898157,1,1000,1001
GCTATTGG,0.37684426,0.4533047458046427,1,1000,1001
GGTCTAGC,0.38770288,0.2884076196759164,1,1000,1001
AATCGAGT,0.40957004,0.5665484682307343,1,1000,1001
ATTCGAAA,0.37917876,0.4795179977734713,1,1000,1001
CCGCAAGC,0.3126985,0.24830948748608417,1,1000,1001
GCCCGGTC,0.28483528,0.3999299055786913,1,1000,1001
CCTCCTGC,0.2908763,0.3668309075165959,1,1000,1001
CCATAAGC,0.3320014,0.22849750546324163,1,1000,1001
TCTCGCGC,0.32590172,0.3812105718880138,1,1000,1001
GTTACAGG,0.330683,0.3912917989527069,1,1000,1001
CCCCGAGC,0.34520265,0.37176844101760603,1,1000,1001
ACACGAGC,0.38057417,0.3638415866078423,1,1000,1001
TCCCGAGC,0.34909844,0.2588854987011916,1,1000,1001
GCTTCAGC,0.32171008,0.1768647177668742,1,1000,1001
GGTAGCGC,0.38444105,0.2476910072980662,1,1000,1001
GCTCCAGG,0.3338657,0.3399373273409475,1,1000,1001
GCACGATC,0.37473398,0.7648332165092978,1,1000,1001
GCTCTTGC,0.3459392,0.2904382962932421,1,1000,1001
GACCGAGC,0.35311177,0.18854368531728036,1,1000,1001
TGAGGATC,0.33890703,0.8338246814827032,1,1000,1001
TCAAGAGC,0.40341744,0.43628623263101474,1,1000,1001
ACGCGAGC,0.36061072,0.19339875479322147,1,1000,1001
CCTAAAGC,0.39656022,0.39350801962643794,1,1000,1001
TCTAGAGG,0.42469722,0.6651135941945326,1,1000,1001
CATCGACC,0.36014867,0.43019420277903764,1,1000,1001
GATTGAGC,0.40423495,0.550973075495815,1,1000,1001
TCTAGCTC,0.33287135,0.5071743701810085,1,1000,1001
TCTCCAGC,0.33065632,0.2616171195316044,1,1000,1001
GCTGCCCC,0.27911276,0.27785222446707625,1,1000,1001
GGTTGAGC,0.4001465,0.3271038634395745,1,1000,1001
GCTCCGTC,0.30365178,0.2325176266853585,1,1000,1001
GCTCGAGC,0.44747323,0.5502102832639261,1,1000,1001
GATGTAAC,0.36064702,0.29173710468807984,1,1000,1001
GCTTACGC,0.3296794,0.3847359089597163,1,1000,1001
GCTCGCTG,0.33022735,0.4081556920793304,1,1000,1001
ACACATGC,0.29439047,0.4370284088566363,1,1000,1001
GCTCGGTT,0.38660446,0.35283263926112235,1,1000,1001
GCTCCACC,0.3057072,0.27909949284624586,1,1000,1001
CTTCGTGC,0.33705622,0.1912237661320249,1,1000,1001
CCCAGATC,0.35384047,0.8490186781016782,1,1000,1001
GGTCGGGT,0.38855803,0.4698078588215891,1,1000,1001
GCGGGAGC,0.39465418,0.15059992578237744,1,1000,1001
GCCCTACC,0.32199827,0.3275574155774543,1,1000,1001
GCTGGAGT,0.42064956,0.5190079577784191,1,1000,1001
GCCCTAGT,0.33649212,0.386766585577042,1,1000,1001
ACGCAAGC,0.32000396,0.2490619717148394,1,1000,1001
ACTCGGGC,0.38341722,0.42809137013977655,1,1000,1001
ACTCATGC,0.32702488,0.507019750134004,1,1000,1001
GCACCTGC,0.2563601,0.22780686925328827,1,1000,1001
GGTAGAGC,0.45334646,0.19440893910031748,1,1000,1001
CCTCTGGC,0.32820436,0.48304333484517376,1,1000,1001
GCACCACC,0.26469404,0.33744279058260834,1,1000,1001
GCCCACCC,0.23960504,0.2749247515771245,1,1000,1001
GCTCGCTC,0.34117144,0.31976456520842783,1,1000,1001
TTTCGAGC,0.37902385,0.44395538696243764,1,1000,1001
GGTGGAGC,0.4010989,0.27909949284624586,1,1000,1001
CCCAGAGA,0.36420527,0.4378324331010596,1,1000,1001
GCTAGGTA,0.42258748,0.4622314765183689,1,1000,1001
ACTCGTTC,0.35798317,0.33585535810002887,1,1000,1001
GCTCTCGG,0.322529,0.470962355172556,1,1000,1001
GCGATAGC,0.4302549,0.7507627922318888,1,1000,1001
GCTCTCTC,0.2931119,0.3513998268255473,1,1000,1001
GCTGGAAC,0.40212888,0.1364779614893003,1,1000,1001
GCTTTAGC,0.37294143,0.3706448686760401,1,1000,1001
GCTCGGCC,0.3661422,0.19329567476188514,1,1000,1001
GCCATAGT,0.36894885,0.4128458335051334,1,1000,1001
TCCCGATC,0.34630647,0.7070156269327506,1,1000,1001
GGTCGACC,0.38885513,0.1424566033068074,1,1000,1001
GCTAGTGC,0.4025285,0.42018513173628,1,1000,1001
GGGTGAGC,0.35296613,0.36276955428194446,1,1000,1001
GCTAGAGA,0.46446395,0.5609512225291716,1,1000,1001
GCTTTATG,0.3333318,0.3173524924751577,1,1000,1001
GCTAGCGA,0.41996923,0.4009297818826537,1,1000,1001
GCTCGCCT,0.32543674,0.28897455984826625,1,1000,1001
GGACGAGG,0.37035856,0.3018286397559065,1,1000,1001
TCACCAGA,0.27799627,0.458520595390261,1,1000,1001
AATCGACC,0.36851335,0.4249061971714839,1,1000,1001
CGGCAAGC,0.30506572,0.3093431740403249,1,1000,1001
GCACGGGG,0.33030775,0.33250525708159817,1,1000,1001
CCGCGGGC,0.28468975,0.35377066754628295,1,1000,1001
GCTTTAAC,0.34855935,0.4589226075124727,1,1000,1001
GTAAGAGC,0.39414328,0.40076485383251553,1,1000,1001
GCTGGACG,0.3593133,0.22290025976167896,1,1000,1001
GCTTTGGA,0.33527178,0.6199851564754876,1,1000,1001
GGGCAAGC,0.3173456,0.24439244629530366,1,1000,1001
GCCTGCGG,0.26565498,0.2680802374963922,1,1000,1001
GCGCAATA,0.31974986,0.5345008864882695,1,1000,1001
GAGCGGGC,0.31097364,0.14198243516266026,1,1000,1001
GCTGCAGG,0.30226904,0.3978064569331629,1,1000,1001
GCTAGACC,0.42854056,0.2884076196759164,1,1000,1001
ACACGTGG,0.327475,0.35791448480600335,1,1000,1001
ACAGGAGC,0.34199908,0.34422545664453885,1,1000,1001
GATCGAGA,0.4265677,0.7499381519811982,1,1000,1001
GCACGACC,0.3532674,0.4543767781305405,1,1000,1001
GTTCGATC,0.40156734,0.5907207355791035,1,1000,1001
GGTTCAGA,0.3238422,0.5800210283263927,1,1000,1001
TCTGGGGC,0.3342729,0.2389601286438791,1,1000,1001
TGTGGAAC,0.35737407,0.36588257122830165,1,1000,1001
CCACGAGA,0.36908877,0.5117511235723415,1,1000,1001
ACTCGAAC,0.41218838,0.39707458871067497,1,1000,1001
CCTTAGGC,0.3310199,0.31841421679792187,1,1000,1001
GCTCGAGG,0.4314922,0.3609759617366924,1,1000,1001
ATTCGACA,0.3632112,0.506122953861378,1,1000,1001
TCGTGAAC,0.3524621,0.2594318228672742,1,1000,1001
TTTCGAGG,0.362165,0.42869954232466084,1,1000,1001
ACGCGAGT,0.35330516,0.40554776728652125,1,1000,1001
ACGAGAGC,0.42205325,0.33074258854574695,1,1000,1001
GCCCGATA,0.35804138,0.7269306889869295,1,1000,1001
TCTCGATC,0.39208525,0.7499381519811982,1,1000,1001
TCTCGTGC,0.3591706,0.5399125881334268,1,1000,1001
GCTCGCGC,0.35473242,0.12242815321815857,1,1000,1001
TCACAAGC,0.32208082,0.25303055292128807,1,1000,1001
GCTCTGGG,0.3400577,0.23537294355337482,1,1000,1001
GCCCAACC,0.30533347,0.4503978889209582,1,1000,1001
TCTCGTGG,0.358045,0.5117511235723415,1,1000,1001
GATCCAGC,0.3356119,0.7077990351709067,1,1000,1001
GATCGACG,0.36566755,0.6187585041025853,1,1000,1001
CTTTGAGC,0.36531383,0.42065929988042716,1,1000,1001
GCGGGAAC,0.38699073,0.3144456355914732,1,1000,1001
GCTGGAAG,0.38998637,0.19853214035377068,1,1000,1001
GTACGATA,0.37351614,0.9126602894487279,1,1000,1001
ACTCGTGC,0.3737721,0.36955222034387497,1,1000,1001
TTTCGTGC,0.328485,0.23303302684204016,1,1000,1001
GCTCTGTC,0.32539138,0.22899228961365606,1,1000,1001
GCGAGAGC,0.43946865,0.2040159980208634,1,1000,1001
TCTCGAGG,0.4052053,0.43482249618603885,1,1000,1001
CCTAGAGC,0.44925487,0.28876839978559354,1,1000,1001
TCGCGGGC,0.2889375,0.37761307879437594,1,1000,1001
GCTACACC,0.32203543,0.48119820228425353,1,1000,1001
GCCGGGGC,0.2876221,0.30941533006226035,1,1000,1001
GCCACAGC,0.31134287,0.35038964251845134,1,1000,1001
GCATGAAC,0.34251383,0.2457221786995423,1,1000,1001
GCTCAGAG,0.32598406,0.3253824269162578,1,1000,1001
TATCGAGG,0.37912714,0.747670391291799,1,1000,1001
CCCCGACC,0.33813778,0.30126169958355664,1,1000,1001
CCACAAAC,0.33146212,0.4231744526450336,1,1000,1001
GGCCGGGC,0.27299187,0.28578938687997363,1,1000,1001
GCTGGTGT,0.36740905,0.4538510699707253,1,1000,1001
ACTGGAAC,0.3795169,0.4723436275924628,1,1000,1001
TAGCGAGA,0.34956467,0.5044839813631303,1,1000,1001
GCACCAGC,0.28701487,0.24921659176184388,1,1000,1001
GTGCGAGC,0.3590231,0.24067125716406218,1,1000,1001
GCGTAACA,0.3587027,0.4625304086092442,1,1000,1001
GCACTAAC,0.35783482,0.17278274852595554,1,1000,1001
GCACTAGC,0.3643996,0.42018513173628,1,1000,1001
TATGAAGC,0.33178866,0.43692532882529994,1,1000,1001
GGTCCGGC,0.3030378,0.25117511235723416,1,1000,1001
CCTCGATA,0.4122504,0.747670391291799,1,1000,1001
GCCCAAGC,0.3100523,0.36738753968581206,1,1000,1001
GAACGATG,0.34630403,0.1961612996330351,1,1000,1001
GCCAGACA,0.35198307,0.48832103244959385,1,1000,1001
GCACCGCA,0.2598255,0.43858491732981486,1,1000,1001
GCTTATGC,0.34660283,0.22334350389642516,1,1000,1001
CCTGGCGC,0.32030812,0.19073928998474415,1,1000,1001
GCGAGAGG,0.40701297,0.4438523069311013,1,1000,1001
GCACGAGC,0.38578528,0.4142271059250402,1,1000,1001
GCTCAAGT,0.38632643,0.4198037356203356,1,1000,1001
GATCTGGG,0.3406025,0.8490186781016782,1,1000,1001
GCTAGAGT,0.4692314,0.4594895476848225,1,1000,1001
GCGAGCAC,0.32160407,0.2750278316084608,1,1000,1001
TTTCGAAA,0.36546737,0.31281697109635925,1,1000,1001
GCTTCAGA,0.33563325,0.29046922030264294,1,1000,1001
CATCGAGC,0.39625266,0.41728858285572923,1,1000,1001
GCTCGGAC,0.3859045,0.25992660701768855,1,1000,1001
TTGCGAGC,0.33492088,0.3164866202119326,1,1000,1001
GCCCTCGC,0.29331654,0.40191935018348246,1,1000,1001
GCTCGAAA,0.41994944,0.44395538696243764,1,1000,1001
GTTCGTGC,0.35181096,0.32421762256215725,1,1000,1001
GCTAAAGC,0.41987497,0.3706448686760401,1,1000,1001
GGACAAGC,0.32598308,0.332649569125469,1,1000,1001
GATCTGCT,0.29728147,0.7849441306230157,1,1000,1001
GCTGGTAC,0.37116423,0.22278687172720898,1,1000,1001
GCGCTATC,0.35113594,0.6710613120026389,1,1000,1001
TCACGAGC,0.36763924,0.41161918113223106,1,1000,1001
AGTCGAGG,0.41148794,0.3411433637075825,1,1000,1001
GTCCGAGT,0.33244556,0.4137323217746258,1,1000,1001
GATCTATC,0.37559664,0.8524203191357771,1,1000,1001
GCATGAGC,0.37071764,0.42995711870696407,1,1000,1001
GCAAGAGA,0.3983562,0.4605821960169876,1,1000,1001
GCTCTGGC,0.35176507,0.17543190533129918,1,1000,1001
GCGCGAGG,0.35367832,0.38677689358017564,1,1000,1001
ACTTGAAC,0.35649002,0.43573990846493216,1,1000,1001
GCTCGAGT,0.45151493,0.3047767286521255,1,1000,1001
ACGCGACC,0.33828357,0.311446006679586,1,1000,1001
GCATGTGG,0.3193683,0.34071042757597,1,1000,1001
GTCCGAGA,0.3341821,0.47480724034140104,1,1000,1001
GCCCGAAC,0.33792263,0.19857337236630518,1,1000,1001
TCTGAAGC,0.35336897,0.29046922030264294,1,1000,1001
TCACGCGC,0.27306128,0.37871603512967467,1,1000,1001
CCTCTAGC,0.39013937,0.3006122953861378,1,1000,1001
GCCAAAGC,0.36250958,0.37948913536469714,1,1000,1001
GTTTGCGT,0.32388988,0.3265987712860265,1,1000,1001
GCTTGATC,0.3857783,0.8098585741970066,1,1000,1001
GATCTCGC,0.32806313,0.6493835814126088,1,1000,1001
GATAGTGC,0.3790261,0.7563188059209169,1,1000,1001
GGCCGAGT,0.33024773,0.24919597575557664,1,1000,1001
TTTCCAGC,0.2960671,0.38462252092524635,1,1000,1001
TTCCGACC,0.3140295,0.3409990516637117,1,1000,1001
TGTCCTGC,0.28068373,0.21781841421679793,1,1000,1001
GTTCGTGG,0.34688455,0.46785964622933246,1,1000,1001
GGTTGAGG,0.3966512,0.2551746175730838,1,1000,1001
GCTGAAGC,0.36879846,0.1768647177668742,1,1000,1001
GCTCTACC,0.3619619,0.19440893910031748,1,1000,1001
AGTGGTGT,0.34164026,0.812538655011751,1,1000,1001
TTTCAAGA,0.33025613,0.5468807982517627,1,1000,1001
CCTCAATC,0.34000605,0.4626850286562487,1,1000,1001
GCTTGAAT,0.39383957,0.4705912670597452,1,1000,1001
GCTAGATC,0.4406086,0.6526821424153713,1,1000,1001
CCACGTGC,0.32830325,0.3440914526038016,1,1000,1001
AGTCGCTC,0.30921343,0.2141899971137591,1,1000,1001
GCTTGATA,0.40754786,0.9089081763080856,1,1000,1001
GCTGGGGC,0.3681316,0.27678019214117844,1,1000,1001
GATAGCGC,0.39330018,0.6710613120026389,1,1000,1001
GCACCCGC,0.23957312,0.464839401311178,1,1000,1001
GCTCTGGT,0.36594447,0.35354389147734294,1,1000,1001
GCCAGTGC,0.3322597,0.26166865954727253,1,1000,1001
GCCCCCGC,0.22938257,0.3512555147816765,1,1000,1001
GCTCGGGT,0.40284425,0.525244299674267,1,1000,1001
TGTCGATC,0.3907789,0.6145012988083949,1,1000,1001
GCTTGAAA,0.38759258,0.3944357399084649,1,1000,1001
GGTCGAAC,0.4322887,0.29694264627056444,1,1000,1001
GTACGCCC,0.29670545,0.5169772811610935,1,1000,1001
GTTCGAGC,0.4119246,0.21334474085680122,1,1000,1001
GCTGGGAC,0.35415554,0.2904176802869748,1,1000,1001
ACGCGAGA,0.35552394,0.5415515606316744,1,1000,1001
CCACGAAC,0.36812314,0.46785964622933246,1,1000,1001
GCTTTAGA,0.3754348,0.4031253865501175,1,1000,1001
ACTATAGC,0.4194909,0.6138415866078424,1,1000,1001
GGTCGACA,0.3860403,0.3333402053354224,1,1000,1001
GCTGGCGC,0.35129598,0.16273244547066343,1,1000,1001
GAGCGCGG,0.28819245,0.3407722755947718,1,1000,1001
TCGCGTGT,0.2940196,0.509266894817136,1,1000,1001
GCTCCCGC,0.2919578,0.15059992578237744,1,1000,1001
GCGCTACC,0.33323073,0.2476910072980662,1,1000,1001
GTCCATTC,0.2804183,0.21422092112316002,1,1000,1001
TCCCCACA,0.26079053,0.4394920216055746,1,1000,1001
CATCGCGC,0.32592243,0.2702036861419206,1,1000,1001
GTACGACC,0.33959427,0.35621366428895396,1,1000,1001
TATCCAGC,0.32562253,0.7173545540757844,1,1000,1001
GCTACCGC,0.35472506,0.37451036985115244,1,1000,1001
CTTCGAGA,0.40240568,0.37355172555972455,1,1000,1001
GCTCAATG,0.34084576,0.3059724570156269,1,1000,1001
ACTCGTCC,0.34040427,0.423978476889457,1,1000,1001
GAACGAAC,0.378879,0.4313177751206036,1,1000,1001
GCTATAGC,0.43587813,0.5587350018554406,1,1000,1001
ATACGAGC,0.35769987,0.6417144270811859,1,1000,1001
ACTCAATC,0.33809248,0.3952088401434874,1,1000,1001
ACTTTATC,0.34219658,0.6603203727373933,1,1000,1001
CAACGAGC,0.36747932,0.26724528924256796,1,1000,1001
CCTACAGC,0.34769043,0.36616088731290974,1,1000,1001
GTTACAGC,0.3191262,0.199645404692203,1,1000,1001
GCGCAATC,0.3110615,0.4103203727373933,1,1000,1001
ACAAGTGC,0.3379725,0.26367872015833094,1,1000,1001
CCTCGCCC,0.30056423,0.3959200923597081,1,1000,1001
GCTGGATC,0.38163504,0.7077990351709067,1,1000,1001
GTTCGCCC,0.3136644,0.3787778831484765,1,1000,1001
GATCGACC,0.37712246,0.5027728528429473,1,1000,1001
GGTCGCGT,0.35371935,0.311446006679586,1,1000,1001
GCTAGCTC,0.3690052,0.3752422380736403,1,1000,1001
GCTCTAGA,0.40725577,0.5563435451284378,1,1000,1001
GTTTGAGC,0.38828352,0.47254978765513544,1,1000,1001
CCAATAGG,0.36198303,0.5546221086051211,1,1000,1001
ACTCCGGC,0.3145842,0.33520595390261,1,1000,1001
ACTCGCGC,0.33649892,0.3982393930647755,1,1000,1001
TCTTAAGC,0.35166383,0.513173628004783,1,1000,1001
GCTCCGAC,0.30638257,0.20399538201459616,1,1000,1001
CCTCGCGG,0.32354176,0.44331629076815243,1,1000,1001
GCCTTAGG,0.3148923,0.3156722879643756,1,1000,1001
CCTCGAGG,0.42002383,0.6860079165464067,1,1000,1001
GTTCGAAC,0.40426683,0.4397187976745145,1,1000,1001
GATCCTGC,0.29048,0.8535541994804766,1,1000,1001
CGTCAAGC,0.33492273,0.26663711705768356,1,1000,1001
GTGCGATC,0.35807902,0.7508658722632252,1,1000,1001
ACTCAGAC,0.32898605,0.5837009854450995,1,1000,1001
GCTCATTC,0.29512516,0.39626025646311797,1,1000,1001
CGTCCAGC,0.30273125,0.22290025976167896,1,1000,1001
GCTAGCGG,0.39446044,0.39745598482661937,1,1000,1001
ACGCCACC,0.24417439,0.2581020904630355,1,1000,1001
CCTCTAAC,0.37613413,0.5794643961571765,1,1000,1001
GCTGCAGC,0.311669,0.3627798622850782,1,1000,1001
GGGCGGGC,0.28715712,0.24613449882488764,1,1000,1001
GGTATAGA,0.41019225,0.8074465014637364,1,1000,1001
TCTAGTGC,0.384913,0.37946851935842985,1,1000,1001
TCTTGAGC,0.3891231,0.48305364284830743,1,1000,1001
GCTTAAGG,0.3460465,0.3072094173916629,1,1000,1001
GGAGGAGC,0.36618546,0.39879602523399166,1,1000,1001
GCTTTGAC,0.3255244,0.16648455861130582,1,1000,1001
GCTCAAGG,0.36713347,0.4322145713932297,1,1000,1001
GGTCGCGA,0.35298786,0.44602729559229787,1,1000,1001
GGCCGAGC,0.348067,0.19329567476188514,1,1000,1001
GTTCCTGC,0.2780823,0.31087906650723623,1,1000,1001
GCGCCAGC,0.26778612,0.16273244547066343,1,1000,1001
GCGCAACC,0.30706748,0.27127571846781845,1,1000,1001
GCTCGATG,0.4107633,0.41728858285572923,1,1000,1001
GAGTGATC,0.34916425,0.8390611470745887,1,1000,1001
GACGAAGT,0.32518148,0.315857832020781,1,1000,1001
GGTCGAGG,0.42208284,0.5245639714674473,1,1000,1001
GCCCTATC,0.32752693,0.8535129674679421,1,1000,1001
GGTGGACC,0.37051484,0.16079454088154038,1,1000,1001
GTTTCAGC,0.28925884,0.3151362718014266,1,1000,1001
CCTTGAAT,0.36149457,0.4152063662227353,1,1000,1001
ACTAGCGC,0.3754348,0.4023729023213623,1,1000,1001
GCATGATC,0.33688334,0.7414134333896838,1,1000,1001
GTTACAGT,0.3253792,0.26757514534284416,1,1000,1001
TCAGGACC,0.32870784,0.38425143281243557,1,1000,1001
GCTAGAGG,0.45242885,0.3006122953861378,1,1000,1001
GCTCAAAC,0.36901677,0.47254978765513544,1,1000,1001
GGTCAATC,0.3395782,0.5131942440110502,1,1000,1001
CCCCCGGC,0.2139816,0.30496227270853093,1,1000,1001
ACTCCAGA,0.35999745,0.40242444233703045,1,1000,1001
GATTAGGC,0.31728873,0.4542840061023379,1,1000,1001
GCCGCAGC,0.24791919,0.23700160804848883,1,1000,1001
GATCGAGT,0.4229479,0.6555993073021894,1,1000,1001
GCAAGGTC,0.3188259,0.32923762008823654,1,1000,1001
CCTCGACC,0.38132176,0.5245639714674473,1,1000,1001
TCTCAAGG,0.34393477,0.6511462499484599,1,1000,1001
GCTAGAAG,0.4178047,0.3495959262771615,1,1000,1001
ATATTATA,1.0913669,0.8591514451820393,2,11020,2000
TGCATATA,1.0079772,0.6208922607512473,2,11020,2000
ATTATATA,1.0065663,0.8700882365068239,2,11020,2000
TTCTTATA,1.0000025,0.6664742506081722,2,11020,2000
CTCTGATA,0.98294985,0.8497093143116315,2,11020,2000
TCAATATA,0.9813692,0.8704387086133675,2,11020,2000
ATAGGATA,0.9786739,0.9287098503277945,2,11020,2000
AGGTTATA,0.9786419,0.7050261823279594,2,11020,2000
TTGTGATA,0.9778335,0.907743371953985,2,11020,2000
ATGTTATA,0.97768044,0.6676905949779409,2,11020,2000
ATAGTATA,0.9725106,0.8855605492104069,2,11020,2000
TTAAGATA,0.966538,0.8400507153754175,2,11020,2000
CTGATATA,0.96201843,0.9452026553416072,2,11020,2000
CGCATATA,0.9566502,0.686306848637282,2,11020,2000
TTGTTATA,0.95184505,0.8032305281820805,2,11020,2000
TACAGATA,0.94921404,0.7840988743660577,2,11020,2000
CTCAGATA,0.94673526,0.7848307425885457,2,11020,2000
TTCAGATA,0.94406515,0.7781511565579516,2,11020,2000
CTAAGATA,0.941308,0.8613161258401023,2,11020,2000
GTCTGATA,0.93487775,0.8317836968622437,2,11020,2000
TCGTTATA,0.92923695,0.7181585783202078,2,11020,2000
CACTTATA,0.92719156,0.583268049313487,2,11020,2000
GTCATATA,0.92444664,0.7961386220261412,2,11020,2000
AGATTATC,0.9232913,0.7847276625572094,2,11020,2000
TGATATCA,0.91112643,0.9998247639467284,2,11020,2000
TGCATATC,0.9070751,0.9039294107945408,2,11020,2000
TGATGATC,0.90374744,0.8802416195934523,2,11020,2000
TATATATT,0.9031115,0.8876633818496681,2,11020,2000
GGAATATA,0.89725065,0.789737352080155,2,11020,2000
GGTATATA,0.8963904,0.9296994186286234,2,11020,2000
TGATTATC,0.89456046,0.714416773182699,2,11020,2000
GGCATATA,0.8921003,0.8279078876839978,2,11020,2000
TCCCTATA,0.891022,0.732280542613285,2,11020,2000
CAGATATA,0.88962746,0.8144147115820723,2,11020,2000
TGCCTATA,0.88791,0.6452706881622893,2,11020,2000
TCAGGATA,0.88569903,0.8702840885663629,2,11020,2000
GGATATCA,0.88563347,0.9906300251515278,2,11020,2000
GTGATATA,0.8855205,0.961973776440028,2,11020,2000
TGATCATT,0.88356966,0.8430812682967056,2,11020,2000
CCCATATC,0.8823317,0.9523461015132149,2,11020,2000
ATGATATC,0.8819308,0.9794561497546695,2,11020,2000
CGATTATC,0.8790882,0.724642312291263,2,11020,2000
CGATATAT,0.87694013,0.9470374798993939,2,11020,2000
ATTATATT,0.8750125,0.7950872057065105,2,11020,2000
AATGTATA,0.8746631,0.8349791778336701,2,11020,2000
CACAGATA,0.87308776,0.7691316538160229,2,11020,2000
ATGATATT,0.8726825,0.9232156846575682,2,11020,2000
ATATATAT,0.8696883,0.9705191110378097,2,11020,2000
ATAGCATA,0.8694298,0.7264668288459161,2,11020,2000
AGATATAC,0.8680161,0.9360285325526739,2,11020,2000
ATAATATC,0.86790365,0.8941986558363915,2,11020,2000
CTCATATT,0.8668529,0.6209025687543809,2,11020,2000
GAGTGATA,0.8665402,0.9481816682472273,2,11020,2000
CGTAGATA,0.8651006,0.8199604172679669,2,11020,2000
TGAATATC,0.8644144,0.8319383169092484,2,11020,2000
ATCGTATC,0.8642737,0.9294726425596833,2,11020,2000
ATCACATA,0.8608634,0.8582752649156805,2,11020,2000
CGATGATC,0.8597897,0.8837360326557538,2,11020,2000
GTCGGATA,0.85892755,0.8654187110872883,2,11020,2000
TATCATTA,0.8581989,0.9248546571558158,2,11020,2000
GGTAGATA,0.85740703,0.8682534119490373,2,11020,2000
GGCTTATA,0.8569496,0.6486620211932544,2,11020,2000
AGATCATG,0.8567484,0.7933554611800602,2,11020,2000
CTATATTA,0.8558564,0.8606048736238815,2,11020,2000
ATATCCTA,0.8546899,0.9165464066301076,2,11020,2000
ACTAGATA,0.85375714,0.8645528388240631,2,11020,2000
ATGTCATA,0.8533945,0.5410155444687256,2,11020,2000
TGATGATT,0.8515255,0.5551168927555353,2,11020,2000
GCCTGATA,0.84763634,0.7901393642023666,2,11020,2000
CAAAGATA,0.8475607,0.8194553251144188,2,11020,2000
GGGAGATA,0.8470606,0.9374407289819816,2,11020,2000
CGATAATC,0.84674126,0.7246938523069311,2,11020,2000
GATATATC,0.846629,0.9725188636457345,2,11020,2000
TCTATATT,0.8464668,0.9019502741928833,2,11020,2000
GGATATTA,0.8452718,0.9024038263307632,2,11020,2000
CATATATC,0.8450488,0.9251948212592257,2,11020,2000
GTATAATA,0.84409606,0.8617799859811158,2,11020,2000
TAGATATC,0.8438265,0.9729827237867481,2,11020,2000
CGATATAC,0.8427636,0.9135570857213541,2,11020,2000
GATATATT,0.8420344,0.9091452603801592,2,11020,2000
ATCGGATC,0.84183586,0.8946625159774049,2,11020,2000
TGCAAATA,0.8413309,0.4487383004164433,2,11020,2000
ACCGTATC,0.8399735,0.9359769925370057,2,11020,2000
AGGTTATC,0.83833325,0.7329196388075702,2,11020,2000
TTAGCATA,0.8368721,0.6361584133921576,2,11020,2000
CTGATATC,0.8364308,0.9750546324166083,2,11020,2000
AGCAGATC,0.8361042,0.7849441306230157,2,11020,2000
GTTATATC,0.83537465,0.8678823238362264,2,11020,2000
TTCAGATC,0.8352132,0.7251989444604792,2,11020,2000
CTAACATA,0.83498657,0.6700614356986764,2,11020,2000
CTGATATT,0.83466405,0.7816868016327877,2,11020,2000
AACTGATC,0.834392,0.8914361109965778,2,11020,2000
ACGATATC,0.8339128,0.9820228425349441,2,11020,2000
TATCTAGA,0.8321684,0.7674205252958397,2,11020,2000
CGATCTTA,0.83186334,0.7262091287675752,2,11020,2000
AATACATA,0.8316778,0.7380221003587185,2,11020,2000
GAGCGATA,0.83060634,0.8173215684657568,2,11020,2000
TATATATG,0.82976365,0.9319774873211563,2,11020,2000
CGAATATT,0.82937145,0.5810621366428895,2,11020,2000
AAGATATC,0.82523745,0.973209499855688,2,11020,2000
CCTATATT,0.82334757,0.7062425266977281,2,11020,2000
ACAGCATA,0.8225752,0.5797530202449181,2,11020,2000
CGATGATT,0.8224628,0.42275182451655463,2,11020,2000
CTCTTATC,0.82244337,0.7349090834123614,2,11020,2000
ATGAGATC,0.8221164,0.8210942976126664,2,11020,2000
ATCGCATA,0.8219336,0.7908403084154537,2,11020,2000
ACGCGATA,0.81945217,0.7216736073887766,2,11020,2000
TATATACA,0.81935906,0.8666556714633241,2,11020,2000
AGATCAAT,0.81921244,0.9097843565744445,2,11020,2000
AGATCTAA,0.818404,0.7404341730919887,2,11020,2000
TATCTATG,0.81812483,0.9019399661897497,2,11020,2000
CGGATATT,0.81765085,0.8674287716983466,2,11020,2000
CTCAAATA,0.81723136,0.718096730301406,2,11020,2000
AGTTGATC,0.8163814,0.7529274728899517,2,11020,2000
GATCATTA,0.8156326,0.9107945408815404,2,11020,2000
AGATTTTA,0.8155691,0.539654888055086,2,11020,2000
TGCAGATT,0.8104155,0.4789510576011215,2,11020,2000
GATTGATC,0.8102021,0.8586257370222241,2,11020,2000
TGATCTCA,0.80805314,0.8194862491238198,2,11020,2000
AGTAGATC,0.806795,0.8567909124644374,2,11020,2000
TGTTTATC,0.80676216,0.7433925699913412,2,11020,2000
ATATCCTC,0.80668795,0.947398260009071,2,11020,2000
AGATATGT,0.806451,0.8228157341359832,2,11020,2000
ATATATCC,0.8056435,0.9604275759699832,2,11020,2000
ATATTACA,0.8053771,0.830206572382798,2,11020,2000
GGATCTTA,0.8047343,0.7736877912010885,2,11020,2000
GGATATCC,0.80414087,0.9548921782872222,2,11020,2000
GTAACATA,0.80411345,0.5721354059291633,2,11020,2000
CAGCGATA,0.8025764,0.8907351667834907,2,11020,2000
CGAGGATC,0.80255455,0.8221354059291635,2,11020,2000
CGGATATC,0.8025325,0.9737352080155032,2,11020,2000
GCCAGATA,0.80235445,0.6669174947429184,2,11020,2000
CGCCGATA,0.80094403,0.7824805178740775,2,11020,2000
GACCTATA,0.8004862,0.6032449593864676,2,11020,2000
TATATCTG,0.8002511,0.8144147115820723,2,11020,2000
TTATCTAA,0.79957837,0.7095720117098916,2,11020,2000
GATCGTTA,0.7991068,0.7776769884138045,2,11020,2000
GGATCATC,0.79853743,0.9452438873541418,2,11020,2000
TGATATGA,0.7974659,0.9574382550612296,2,11020,2000
TTCACATA,0.7957855,0.5186884096812766,2,11020,2000
TCGAGATT,0.79574305,0.4756937286108935,2,11020,2000
AGTACATA,0.79427946,0.5815156887807694,2,11020,2000
AATCAATA,0.793989,0.7728734589535315,2,11020,2000
CGCTGATC,0.7927599,0.7885106997072527,2,11020,2000
ATATATAC,0.7926571,0.9564074547478663,2,11020,2000
AGATCGAT,0.79211164,0.8876530738465345,2,11020,2000
CGATCTCA,0.7920342,0.7582670185131736,2,11020,2000
CATAGATC,0.791898,0.8221354059291635,2,11020,2000
TGATCTCT,0.78947324,0.886684121551973,2,11020,2000
TATATGCA,0.7893701,0.6208922607512473,2,11020,2000
GATATCAG,0.78935,0.9750546324166083,2,11020,2000
TATCTAGT,0.7893208,0.8645528388240631,2,11020,2000
TGGTTATT,0.7890191,0.5710118335875973,2,11020,2000
CTCGGATC,0.788191,0.8098791902032738,2,11020,2000
CGATCTCG,0.7878915,0.6414876510122459,2,11020,2000
GATAGATT,0.7875653,0.6554549952583185,2,11020,2000
TTACGATC,0.78658813,0.8007256834206077,2,11020,2000
TCTCTATA,0.7861209,0.7286624335133798,2,11020,2000
TGATCATG,0.78585815,0.8585948130128231,2,11020,2000
CTTAGATC,0.7853243,0.7829237620088237,2,11020,2000
ATGGTATC,0.7835485,0.94563559147322,2,11020,2000
GATATCTG,0.7831707,0.9682719663546777,2,11020,2000
AGATCGTT,0.7793825,0.7661217169010021,2,11020,2000
ATAGAATA,0.77930766,0.8050344287304664,2,11020,2000
AAAGATAT,0.77898246,0.9322764194120315,2,11020,2000
CGATTTAT,0.77839667,0.5560549210406961,2,11020,2000
GTGGTATA,0.77834445,0.8198882612460314,2,11020,2000
GACTGATC,0.77830106,0.8238774584587475,2,11020,2000
ACCGCATA,0.77794284,0.6340246567434956,2,11020,2000
GATCCTCA,0.7776869,0.8338246814827032,2,11020,2000
TGATCTTG,0.77753127,0.818187440728982,2,11020,2000
CGAGTATC,0.7771835,0.8971673607388777,2,11020,2000
GACATATC,0.77713233,0.929256174493877,2,11020,2000
TGTAGATT,0.77600753,0.6253968581206448,2,11020,2000
CTAAAATA,0.7759227,0.7816352616171196,2,11020,2000
TTATCCTG,0.77563936,0.7757596998309488,2,11020,2000
GAATATTA,0.77556574,0.6855234403991258,2,11020,2000
TTACATAT,0.77536696,0.7161175936997485,2,11020,2000
TATAAATT,0.7749472,0.6829773636251185,2,11020,2000
ATATAAAA,0.77413404,0.7843359584381314,2,11020,2000
CGTGTATA,0.77408457,0.7768832721725148,2,11020,2000
ATATCGTA,0.77407867,0.9614893002927474,2,11020,2000
CGAAAATA,0.7732999,0.6496103574815487,2,11020,2000
AGATAATG,0.7732094,0.7148290933080444,2,11020,2000
TTCCGATC,0.772376,0.7404754051045233,2,11020,2000
CAAATATC,0.7720303,0.8070341813383912,2,11020,2000
CTATCGAT,0.7718529,0.8683771079866408,2,11020,2000
TGCCGATC,0.7714322,0.6289943512142827,2,11020,2000
AGATCACT,0.7713554,0.9229476765760937,2,11020,2000
CTATATAG,0.77126086,0.7712551024615512,2,11020,2000
TTATATAG,0.77097726,0.7072836350142251,2,11020,2000
AGATCGAA,0.7699338,0.7072630190079578,2,11020,2000
AGAAAATC,0.7698324,0.4310806910485301,2,11020,2000
GTCTGATC,0.76962644,0.8382158908176308,2,11020,2000
CTAAGATT,0.76937735,0.43442048406382716,2,11020,2000
CCGGTATC,0.7692636,0.9221642683379375,2,11020,2000
GTGATATT,0.76908064,0.9453057353729436,2,11020,2000
TTCGCATA,0.76848114,0.6337669566651548,2,11020,2000
ACCGGATC,0.7677435,0.864831154908671,2,11020,2000
TGCACATA,0.7677273,0.43088483898899105,2,11020,2000
CACGTATC,0.7660946,0.8919721271595267,2,11020,2000
CTGGGATC,0.7659811,0.7726879148971262,2,11020,2000
GTATATCT,0.76593626,0.9360285325526739,2,11020,2000
TAATATTG,0.7657216,0.6940481589906403,2,11020,2000
ACGGTATC,0.7656162,0.9306271389106502,2,11020,2000
CGATAGAT,0.76503086,0.7626994598606359,2,11020,2000
GATCTTCA,0.7645854,0.8538634395744856,2,11020,2000
CGATCATG,0.7640978,0.6457139322970354,2,11020,2000
GGCTAATA,0.76398903,0.651063785923391,2,11020,2000
TATAATAA,0.76276386,0.7240032160969776,2,11020,2000
GAGTTATC,0.76186615,0.7624314517791614,2,11020,2000
ATGGGATC,0.7617533,0.8379169587267555,2,11020,2000
TATCCAGA,0.76114875,0.8285263678720158,2,11020,2000
TTATCATG,0.7609986,0.6919350183482456,2,11020,2000
GTGTGATC,0.7607849,0.8910340988743661,2,11020,2000
GTCTTATC,0.7605672,0.5913082917577207,2,11020,2000
GTATCATC,0.76027936,0.9861872758009319,2,11020,2000
CCGTTATC,0.75957954,0.5683523687791201,2,11020,2000
TATCTAGG,0.7592981,0.8435038964251845,2,11020,2000
ATATCGTT,0.75905156,0.9541293860553334,2,11020,2000
GTATATCC,0.75900835,0.9130623015709397,2,11020,2000
CGGTCATA,0.75860953,0.5959262771615882,2,11020,2000
GATCCTGG,0.75785583,0.7833154661279018,2,11020,2000
GATATCCT,0.757697,0.9755081845544881,2,11020,2000
GATACTGA,0.7575879,0.9182266111408898,2,11020,2000
AGCTCATC,0.75725335,0.5695996371582897,2,11020,2000
CCCGGATC,0.75724053,0.9000948336288294,2,11020,2000
TATCTCTG,0.75708777,0.8414010637859234,2,11020,2000
TATCACTT,0.75622904,0.9290706304374716,2,11020,2000
GATCGTGA,0.75608146,0.6706386838741598,2,11020,2000
ACCGGATT,0.7560795,0.6411371789057023,2,11020,2000
AACTGATT,0.75561666,0.4619634684368944,2,11020,2000
AGATCTCC,0.755558,0.7589061147074588,2,11020,2000
TATACTTG,0.75505984,0.7468560590442419,2,11020,2000
TAATATAG,0.75477475,0.8606048736238815,2,11020,2000
ACTTGATC,0.7544566,0.8437203644909909,2,11020,2000
CCGGGATC,0.7544129,0.7750793716241289,2,11020,2000
GTGAGATC,0.75419116,0.7525048447614728,2,11020,2000
ATCAAATC,0.753573,0.7517420525295839,2,11020,2000
CGTTTATC,0.7535035,0.622892013359172,2,11020,2000
TAATATCG,0.7532887,0.8905496227270853,2,11020,2000
GATATGAA,0.75272614,0.785047210654352,2,11020,2000
TATCTCAT,0.7525332,0.7936028532552674,2,11020,2000
AGATCCTT,0.75250953,0.8049519647053973,2,11020,2000
CTGGTATT,0.7521161,0.7040572300333979,2,11020,2000
GAGATATC,0.75207657,0.965035253370717,2,11020,2000
AGATAGTA,0.7517687,0.817682348575434,2,11020,2000
AAATATTG,0.7512673,0.6719374922689977,2,11020,2000
AGATAGTC,0.7512439,0.7113140642394755,2,11020,2000
ATGCTATC,0.7510654,0.7690079577784191,2,11020,2000
CGATCGAA,0.75049675,0.6586298602234776,2,11020,2000
GATAGATG,0.75040203,0.7231785758462871,2,11020,2000
GTATCCTT,0.75032824,0.8808291757720694,2,11020,2000
TATACTTT,0.7498793,0.7589473467199934,2,11020,2000
TATCAGGT,0.7492187,0.8918587391250568,2,11020,2000
GATCTGCA,0.7490719,0.7772749762915928,2,11020,2000
GAGGGATA,0.7489499,0.8976827608955593,2,11020,2000
CGCGGATC,0.748445,0.8108275264915681,2,11020,2000
AAATTTAT,0.7482718,0.4890941326846164,2,11020,2000
ATATATGG,0.7479907,0.8944254319053313,2,11020,2000
TGATCTGA,0.7478349,0.8206922854904548,2,11020,2000
AGATGGTA,0.74777716,0.5499113511730507,2,11020,2000
AGATCTGA,0.747762,0.7478559353482044,2,11020,2000
ATATGACA,0.74708503,0.8006947594112068,2,11020,2000
GATACTCA,0.746761,0.9193192594730549,2,11020,2000
CGTGGATA,0.7460447,0.8448748608419577,2,11020,2000
AGACGATC,0.7459026,0.7827382179524183,2,11020,2000
ACCAAATC,0.74562234,0.5213375664866202,2,11020,2000
TGATAATG,0.74552613,0.7286315095039789,2,11020,2000
ACTTCATA,0.7452871,0.5986063579763329,2,11020,2000
GCAATATC,0.74501354,0.821083989609533,2,11020,2000
TGACGATC,0.7446051,0.635168845091329,2,11020,2000
CCATATAG,0.7441015,0.7086030594153301,2,11020,2000
TAGTGATT,0.74327224,0.5900197913660166,2,11020,2000
ATATCAGC,0.74217373,0.904857131076568,2,11020,2000
CGAAAATC,0.7421488,0.4076299839195151,2,11020,2000
GATATTCG,0.741961,0.8169092483404115,2,11020,2000
TTGATATG,0.7419033,0.9700449428936627,2,11020,2000
AGATCGCT,0.74178207,0.7972518863645736,2,11020,2000
AATATTTT,0.74166036,0.714839401311178,2,11020,2000
GGATCTAG,0.74134815,0.6945326351379212,2,11020,2000
AGAAAATT,0.7413337,0.35251309116397966,2,11020,2000
CGGAGATT,0.7412884,0.5011029563352988,2,11020,2000
AATTCATC,0.74112236,0.49525831855852886,2,11020,2000
TGATCCTA,0.7404856,0.9308436069764565,2,11020,2000
AAGTATAT,0.7395685,0.7699872180761143,2,11020,2000
AGATCACG,0.7391175,0.817177256421886,2,11020,2000
GATCATTC,0.7389777,0.8154455118954357,2,11020,2000
TATTTACA,0.73848486,0.775357687708737,2,11020,2000
CGTAAATA,0.73824525,0.5898342473096112,2,11020,2000
GTATCTAA,0.7375849,0.9415330062260339,2,11020,2000
CGCAAATC,0.73708445,0.36295509833834994,2,11020,2000
TGATCGTA,0.7361492,0.786170782995918,2,11020,2000
TTTCTATC,0.73600113,0.6740300169051251,2,11020,2000
TATATACG,0.73576194,0.8974766008328866,2,11020,2000
CAGTATAA,0.7351955,0.7831711540840309,2,11020,2000
GCCAAATA,0.73464864,0.6061724322764195,2,11020,2000
CTATTTAT,0.73456454,0.7464231229126294,2,11020,2000
GTATCTCG,0.7344105,0.8160639920834536,2,11020,2000
GATATTAG,0.7343507,0.8889518822413722,2,11020,2000
AGATCACC,0.73386043,0.7951696697315795,2,11020,2000
GGTTGATC,0.73286515,0.7657712447944585,2,11020,2000
TATTAATC,0.7325693,0.8546056158001072,2,11020,2000
GTATCAAA,0.7322093,0.9884550364903311,2,11020,2000
TATCGCTA,0.73204285,0.864047746670515,2,11020,2000
TATGTTTA,0.7319988,0.6685461592380324,2,11020,2000
AGATGCTA,0.73129064,0.5838349894858368,2,11020,2000
TGATAGAG,0.731211,0.6022553910856389,2,11020,2000
GATATACG,0.7310047,0.8703871685976992,2,11020,2000
GAATATAC,0.73068064,0.8024883519564591,2,11020,2000
TACTAATC,0.7293893,0.6803797468354431,2,11020,2000
CTGCGATC,0.72909254,0.7496701438997238,2,11020,2000
ATAATATG,0.7288025,0.7873974353688205,2,11020,2000
CGTTGATC,0.72835225,0.7669154331422917,2,11020,2000
GCGATATC,0.72830665,0.9771574650558693,2,11020,2000
CGTTCATA,0.7277526,0.47501340040407375,2,11020,2000
GTTTGATC,0.72742784,0.7215086793386386,2,11020,2000
TATACTAG,0.7268029,0.8523378551107079,2,11020,2000
AATCTTTT,0.7262789,0.48304333484517376,2,11020,2000
GCCTGATC,0.72451866,0.7512369603760359,2,11020,2000
TTATAGTG,0.7243491,0.5409846204593246,2,11020,2000
TGATTAAA,0.72372466,0.6658660784232878,2,11020,2000
ACAGTATT,0.72368836,0.7424030016905125,2,11020,2000
TAAGCATA,0.72268003,0.6478786129550983,2,11020,2000
AGATGTTA,0.7224766,0.45373768193625535,2,11020,2000
TAATCTAA,0.7223297,0.6217890570238733,2,11020,2000
AGATTAAT,0.72221833,0.7765224920628376,2,11020,2000
AATGCATA,0.7222001,0.5277182204263391,2,11020,2000
AGGGGATC,0.7219459,0.8472147775532924,2,11020,2000
TCACTATC,0.7216181,0.7860161629489135,2,11020,2000
CGAGATCG,0.7214715,0.6414876510122459,2,11020,2000
TATTCTGA,0.72134894,0.5948748608419576,2,11020,2000
ACGATATG,0.72133213,0.943130746711747,2,11020,2000
AGAATATG,0.7213054,0.6715560961530532,2,11020,2000
AGCACATT,0.720932,0.2969735702799654,2,11020,2000
TGATTTCA,0.7209036,0.5381293035913083,2,11020,2000
GTCGTATC,0.7208832,0.8717890570238733,2,11020,2000
GATCCTTG,0.72001725,0.8260421391168103,2,11020,2000
AGATTCTA,0.7199701,0.5924318640992866,2,11020,2000
TCTGGATC,0.7198162,0.7899435121428278,2,11020,2000
TATCAGTC,0.7197513,0.9137632457840268,2,11020,2000
TTATACTG,0.71960396,0.7831711540840309,2,11020,2000
CTCATATG,0.71951425,0.6693914154949904,2,11020,2000
CGACGATC,0.7190688,0.6781841421679793,2,11020,2000
CGATCACA,0.7190015,0.8446790087824186,2,11020,2000
ATATACTG,0.71829426,0.8748917659670968,2,11020,2000
AATCCGTA,0.718102,0.6078217127778006,2,11020,2000
TATATGGT,0.7180575,0.845905661155321,2,11020,2000
ACGTATAA,0.71802586,0.8641508267018514,2,11020,2000
GATAAATC,0.7179491,0.5355626108110337,2,11020,2000
GGGAAATA,0.71788055,0.5241207273327011,2,11020,2000
CTAAAATC,0.7177388,0.3742011297571435,2,11020,2000
GTGAGATT,0.7176535,0.5894425431905332,2,11020,2000
TGACCATA,0.71756965,0.40301199851564756,2,11020,2000
TGATAGAC,0.715228,0.6555374592833877,2,11020,2000
ATATAGTC,0.71497405,0.7860780109677153,2,11020,2000
GATACCAG,0.7145466,0.9206592998804272,2,11020,2000
CTCGCATA,0.71386194,0.4722611635673937,2,11020,2000
AGCTCATT,0.7138304,0.6422607512472684,2,11020,2000
CGATCACT,0.71360326,0.7695955139570363,2,11020,2000
TGTGTATC,0.7132506,0.8498123943429678,2,11020,2000
GCATATAG,0.7130425,0.6425699913412773,2,11020,2000
GATATAGG,0.7129233,0.929596338597287,2,11020,2000
CTATCCAA,0.7129117,0.7786459407083659,2,11020,2000
GATACTAA,0.7127329,0.9022285902774915,2,11020,2000
GATACATC,0.7125128,0.9289881664124026,2,11020,2000
AAACTATC,0.7123018,0.8112913866325816,2,11020,2000
TATAGGTC,0.7117164,0.6032449593864676,2,11020,2000
AATCCGGA,0.71171486,0.7505978641817507,2,11020,2000
ATCCTATT,0.71170294,0.8596977693481219,2,11020,2000
AAATCTAA,0.7116083,0.5333154661279017,2,11020,2000
AAATCGAT,0.7114471,0.7117057683585535,2,11020,2000
GATCCCAT,0.71116495,0.8379169587267555,2,11020,2000
AGATGATG,0.710807,0.5865769183193831,2,11020,2000
CTGATATG,0.71039695,0.9595513957036244,2,11020,2000
ATCTGATG,0.7102697,0.7610914113717892,2,11020,2000
GATATTGG,0.70986885,0.8724900012369603,2,11020,2000
CCGATATG,0.7096844,0.9072073557910362,2,11020,2000
CAATAATT,0.7093433,0.3997443615222859,2,11020,2000
GATCTTTC,0.70840025,0.7278584092689564,2,11020,2000
CGATCGCA,0.7082963,0.7846039665196058,2,11020,2000
ATATCCGC,0.7082957,0.9199377396610728,2,11020,2000
AAATCAAA,0.7081484,0.6330144724363996,2,11020,2000
GATACATG,0.708031,0.8900857625860719,2,11020,2000
GATATCAT,0.7079324,0.9794561497546695,2,11020,2000
GATCACGG,0.7076842,0.8100853502659464,2,11020,2000
CTAGATTC,0.707181,0.4031460025563848,2,11020,2000
AAAGTATC,0.706856,0.952593493588422,2,11020,2000
AATCCTTC,0.70633036,0.5700428812930359,2,11020,2000
GATATGAG,0.70606744,0.8261658351544139,2,11020,2000
ATATCGGT,0.705103,0.8862305694140932,2,11020,2000
AGATTTAG,0.7050271,0.4922380736403744,2,11020,2000
CTGGAATA,0.70500594,0.5104213911681029,2,11020,2000
GACACATA,0.7049605,0.6296746794211026,2,11020,2000
CTGGGATT,0.7044972,0.5618480188017977,2,11020,2000
AGAGCATC,0.70437926,0.5556941409310188,2,11020,2000
GTATACAT,0.70431054,0.8145590236259431,2,11020,2000
TATATCAT,0.70376855,0.9571908629860224,2,11020,2000
GATATCAC,0.7037655,0.9942172102420319,2,11020,2000
GTGACATA,0.70329326,0.4674164020945863,2,11020,2000
CATATACA,0.7032484,0.778027460520348,2,11020,2000
ATATCCGT,0.7030864,0.9281119861460437,2,11020,2000
GCCTTATC,0.70298064,0.582062012946852,2,11020,2000
CTCTCATC,0.70297676,0.4336267678225374,2,11020,2000
ACTGGATC,0.70245874,0.7971694223395044,2,11020,2000
GATGATCA,0.7022291,0.8891168102915104,2,11020,2000
GGCAGATT,0.7014341,0.5597554941656703,2,11020,2000
CGCCGATC,0.7014275,0.6763699336164598,2,11020,2000
GATCCTCG,0.7013358,0.8221354059291635,2,11020,2000
CGGGGATT,0.7013072,0.5845153176926565,2,11020,2000
ATAGATTC,0.7012535,0.6254174741269122,2,11020,2000
CTAACATC,0.7012204,0.42521543726549293,2,11020,2000
GTATCCAA,0.7010197,0.888395250072156,2,11020,2000
CCTTATAT,0.7006827,0.7831093060652291,2,11020,2000
TTTTATAA,0.7005704,0.5605079783944255,2,11020,2000
GGATCACG,0.70029646,0.8695934523564095,2,11020,2000
GGATACCG,0.69986826,0.8052715128025398,2,11020,2000
GATCTTGC,0.69965816,0.7374654681895023,2,11020,2000
CGATACCG,0.6992556,0.8815919680039583,2,11020,2000
TAGCTATC,0.69851434,0.7874386673813549,2,11020,2000
GATATCGT,0.69831795,0.9820228425349441,2,11020,2000
TTATAGTC,0.69827867,0.4896816888632334,2,11020,2000
ATACCTAT,0.6978538,0.9296375706098213,2,11020,2000
GATACTAG,0.6977098,0.8544819197625036,2,11020,2000
GATAGTGA,0.69769645,0.7860161629489135,2,11020,2000
GATCTTAT,0.69756037,0.8011276955428195,2,11020,2000
GTCAGATT,0.6970333,0.6715664041561868,2,11020,2000
TGATCAGT,0.6970253,0.8320826289531192,2,11020,2000
CAATCTCT,0.6964342,0.7220240794953202,2,11020,2000
CAATCGAT,0.6959773,0.6897806456933163,2,11020,2000
GTCAAATC,0.69589627,0.5598585741970066,2,11020,2000
ATATAGGT,0.6956634,0.779882901084402,2,11020,2000
GGTTTATC,0.6955732,0.6212633488640581,2,11020,2000
ATTATAGA,0.6954454,0.7849235146167485,2,11020,2000
AGATCGTG,0.6951952,0.6981816682472272,2,11020,2000
GCATATCG,0.69510424,0.9249165051746177,2,11020,2000
GATCTCTC,0.69477624,0.7970251102956335,2,11020,2000
TATAGTAT,0.69458914,0.9304519028573784,2,11020,2000
GGCACATA,0.69447833,0.4414711582072321,2,11020,2000
AATACATG,0.6943033,0.6773801179235559,2,11020,2000
AATATTAA,0.69429326,0.7936543932709356,2,11020,2000
CTTATATG,0.6942093,0.7394446047911599,2,11020,2000
CCGGAATA,0.6941276,0.6505896177792438,2,11020,2000
TTAGATAC,0.69406354,0.9415330062260339,2,11020,2000
ATATAAGA,0.6940309,0.9106605368408033,2,11020,2000
GATATGAT,0.693936,0.9700243268873954,2,11020,2000
GATAAGTT,0.6937166,0.6733393806951717,2,11020,2000
CGACTATT,0.6935031,0.5428091370139777,2,11020,2000
AATAATAT,0.6934544,0.8197645652084278,2,11020,2000
GGATAAAT,0.69340885,0.7640910402836762,2,11020,2000
ATCATAGA,0.6934012,0.9149280501381273,2,11020,2000
TGAGAATC,0.69333524,0.5394178039830124,2,11020,2000
AATATTAG,0.69321626,0.652857378468643,2,11020,2000
TTCAGATG,0.6928392,0.5365315631055951,2,11020,2000
TGATAACG,0.69197583,0.608038180843607,2,11020,2000
GATCAAAT,0.69170785,0.7559477178081062,2,11020,2000
GATAATCG,0.69156694,0.724642312291263,2,11020,2000
GATCTCAC,0.6912496,0.7525048447614728,2,11020,2000
GTCGAATA,0.69084424,0.5601059662722138,2,11020,2000
CTATAGTA,0.69019353,0.7485568795612914,2,11020,2000
CTTTAATA,0.6900534,0.776007091906156,2,11020,2000
GATCAGTG,0.6900494,0.8284439038469468,2,11020,2000
AAGCTATC,0.69001055,0.8674596957077475,2,11020,2000
ACAGAATA,0.6897554,0.6717210242031914,2,11020,2000
TATAGTCG,0.689485,0.6655465303261452,2,11020,2000
ATAGGCTA,0.68944407,0.6816888632334145,2,11020,2000
CGGTATTT,0.689035,0.7034078258359792,2,11020,2000
AGACAATC,0.68862236,0.5340782583597906,2,11020,2000
CTATTGAT,0.68857944,0.8633777264668289,2,11020,2000
ATAATTAT,0.68832767,0.7907990764029192,2,11020,2000
AATATTAT,0.6881335,0.7687811817094793,2,11020,2000
TATATTGT,0.68812037,0.7114893002927473,2,11020,2000
CGATCAGA,0.6881033,0.7630499319671794,2,11020,2000
TGTACATC,0.6880499,0.4822290025976168,2,11020,2000
ATCGAATC,0.6878258,0.6765142456603307,2,11020,2000
AGATCAGG,0.6877915,0.7419185255432318,2,11020,2000
GGATCAAT,0.68712413,0.938471529295345,2,11020,2000
TATATGGC,0.68712234,0.7059539026099865,2,11020,2000
TATCTACG,0.6864848,0.8199604172679669,2,11020,2000
ACTGCATA,0.685795,0.44815074423782625,2,11020,2000
CGAGCATC,0.68567413,0.43300828763451943,2,11020,2000
CATTATAA,0.68534714,0.6219024450583432,2,11020,2000
GAAAGATT,0.6853189,0.4412856141508267,2,11020,2000
CGATACAG,0.68530625,0.8705108646353029,2,11020,2000
CGACATCT,0.68506986,0.3009524594895477,2,11020,2000
CGTCTATC,0.68498677,0.5494887230445719,2,11020,2000
GATATTAT,0.6849343,0.8941986558363915,2,11020,2000
AGATCGAG,0.68473715,0.6281903269698593,2,11020,2000
CGACATCA,0.6846346,0.4364717766874201,2,11020,2000
AGTTAATC,0.68444246,0.672318888384942,2,11020,2000
CTATACCG,0.6840958,0.7001814208551519,2,11020,2000
GATTCTTA,0.68409276,0.5311714014761061,2,11020,2000
GATAGTTG,0.6837911,0.8156207479487074,2,11020,2000
ATCAGATG,0.68378204,0.8244443986310972,2,11020,2000
AATGTATT,0.68355745,0.6326227683173217,2,11020,2000
TTAGCATC,0.6835285,0.37074794870737643,2,11020,2000
TAAGTATC,0.68321425,0.9067125716406219,2,11020,2000
TGAGCATT,0.68310755,0.3945903599554694,2,11020,2000
AAGATTTT,0.6829218,0.45450047416814415,2,11020,2000
TTAGAATC,0.68271524,0.47976538984867856,2,11020,2000
GATCAGTC,0.68242854,0.8238774584587475,2,11020,2000
ATCTGTTA,0.68242675,0.6648868181255927,2,11020,2000
GTATTTAT,0.68214905,0.8170020203686141,2,11020,2000
TAAGATAC,0.6821084,0.9181956871314889,2,11020,2000
TGATTTCG,0.681913,0.37413928173834166,2,11020,2000
TGATAGGG,0.6818293,0.9469343998680575,2,11020,2000
CGCACATT,0.6812737,0.5065352739867233,2,11020,2000
TCCACATT,0.68118745,0.4979590153795407,2,11020,2000
TGGTTTTA,0.68104804,0.610986269739826,2,11020,2000
TATCAGGC,0.6806346,0.7901393642023666,2,11020,2000
TATCCCTC,0.68019855,0.8976827608955593,2,11020,2000
GTACTTAT,0.680181,0.5576526615264091,2,11020,2000
AAATTATG,0.6801061,0.38082917577206943,2,11020,2000
TTACATCT,0.6799428,0.5353255267389601,2,11020,2000
GACTAATC,0.6798734,0.44568713148888794,2,11020,2000
GATACTAT,0.6798129,0.9461509916299015,2,11020,2000
AAATCCTA,0.67979914,0.49493877046138623,2,11020,2000
AGATCGAC,0.6797014,0.602729559229786,2,11020,2000
TGTCTATT,0.67921144,0.6205417886447038,2,11020,2000
GAGATTTG,0.6785099,0.3850039170411908,2,11020,2000
GATTTAGA,0.6783512,0.6358079412856141,2,11020,2000
GAGATATG,0.67808044,0.8461427452273945,2,11020,2000
CACATCTA,0.6775796,0.5652496598358966,2,11020,2000
TATAAGAT,0.6775365,0.869438832309405,2,11020,2000
CGAGCATT,0.6771592,0.24710345111944915,2,11020,2000
CGATTCAT,0.67707026,0.5723312579887024,2,11020,2000
GGATACAG,0.6770612,0.8475549416567023,2,11020,2000
GACAAATC,0.67667335,0.42837999422751827,2,11020,2000
GATACACA,0.6765173,0.8498123943429678,2,11020,2000
ATAGAATT,0.6762825,0.5533954562322188,2,11020,2000
CGGTATAG,0.6759838,0.7001814208551519,2,11020,2000
AAGTAATC,0.6758235,0.6564136395497465,2,11020,2000
CGAAATTT,0.6757917,0.4147528140848555,2,11020,2000
TCCGTCTA,0.6755123,0.6479713849833011,2,11020,2000
ATAAATTT,0.67543566,0.4890941326846164,2,11020,2000
ATGTGCTA,0.67497927,0.42268997649775286,2,11020,2000
GATAAGCA,0.6749766,0.7195501587432483,2,11020,2000
GATCTAAG,0.6743116,0.7829237620088237,2,11020,2000
TACGTTTA,0.674248,0.6031521873582649,2,11020,2000
GATCCGGG,0.67418426,0.9000948336288294,2,11020,2000
GATCCCAG,0.6741614,0.7726879148971262,2,11020,2000
GATCGCAT,0.6741215,0.7884797756978519,2,11020,2000
GGATTAAA,0.673607,0.6995217086545994,2,11020,2000
TATATCAC,0.67296076,0.961973776440028,2,11020,2000
CGATTGTA,0.67278975,0.5211520224302149,2,11020,2000
GCAGTATC,0.672612,0.8951882241372201,2,11020,2000
TTAGATAG,0.6726041,0.8029419040943389,2,11020,2000
AGAAATTA,0.6723722,0.4228755205541582,2,11020,2000
TCATAGAT,0.6722281,0.8860553333608213,2,11020,2000
CTATGCTC,0.67211056,0.38655011751123575,2,11020,2000
AATGTTTA,0.6717377,0.5938956005442625,2,11020,2000
GTATCACG,0.6716197,0.9489238444728487,2,11020,2000
GATATCGC,0.67159724,0.9771574650558693,2,11020,2000
GTATTTAA,0.67130524,0.8334742093761597,2,11020,2000
ATCGGTTA,0.67128867,0.8178472766255721,2,11020,2000
GAATCATC,0.67118,0.6519502741928833,2,11020,2000
CAACGATC,0.67101336,0.7683173215684658,2,11020,2000
TAGTAATC,0.6706165,0.4909804972580712,2,11020,2000
CCCGTTTA,0.67060626,0.6714633241248505,2,11020,2000
GAATCGAT,0.67060095,0.7601430750834949,2,11020,2000
GTATTTTC,0.670537,0.6183771079866408,2,11020,2000
CCAAAATC,0.67029697,0.3732424854657156,2,11020,2000
AATCTGTC,0.66995186,0.48911474869088356,2,11020,2000
TTATAACT,0.6698628,0.6086051210159568,2,11020,2000
AATCCGAT,0.66943544,0.785356450748361,2,11020,2000
TATACTAC,0.66930383,0.8105904424194945,2,11020,2000
GATCTCCG,0.66920346,0.823578526367872,2,11020,2000
GATCTGGC,0.6690153,0.7646167484434916,2,11020,2000
GACAAATT,0.66883373,0.4755906485795572,2,11020,2000
ATGATTAT,0.6685149,0.80791036160475,2,11020,2000
GAGCATTT,0.66838425,0.152269822290026,2,11020,2000
TGATGTTA,0.6679062,0.5015977404857132,2,11020,2000
TCATATCC,0.66789156,0.8735414175565909,2,11020,2000
TAGATGTA,0.6678252,0.6510431699171236,2,11020,2000
ATAGTTTA,0.6674744,0.6681132231064199,2,11020,2000
AATCAGGT,0.66734374,0.6245412938605533,2,11020,2000
CCGCTATC,0.66720253,0.8314229167525666,2,11020,2000
AGCGAATC,0.6669844,0.5072671422092112,2,11020,2000
AGTCTATT,0.66679573,0.5132973240423865,2,11020,2000
GTATCAAT,0.6667919,0.9944852183235064,2,11020,2000
GTATCCCT,0.6667463,0.8665628994351214,2,11020,2000
CGATCGTC,0.6666351,0.5879581907392899,2,11020,2000
GATAGCAG,0.6664699,0.8142497835319341,2,11020,2000
TATACGAT,0.6662343,0.8967756566197996,2,11020,2000
GAATCTCA,0.6661966,0.48424937121180883,2,11020,2000
CAATAGTT,0.6660103,0.5468911062548962,2,11020,2000
CTCAGATG,0.6658059,0.4838164350801963,2,11020,2000
TATAAGGT,0.66577816,0.7921494248134252,2,11020,2000
ATCGTCTA,0.6654794,0.7417123654805592,2,11020,2000
GATATTGT,0.6652981,0.8552344039912588,2,11020,2000
CGATGTTA,0.6651281,0.49776316332000164,2,11020,2000
CTACATCA,0.6650772,0.45718055498288873,2,11020,2000
ATGAGATG,0.66498244,0.6723704284006102,2,11020,2000
CTAATTAT,0.6649601,0.7199624788685937,2,11020,2000
CCGATTTA,0.6647455,0.6487651012245909,2,11020,2000
AGCTTATG,0.66447556,0.31499195975755573,2,11020,2000
GACCTATC,0.664465,0.8166824722714716,2,11020,2000
TATCAGCT,0.66442996,0.8572753886117183,2,11020,2000
AAAGATAC,0.6642526,0.9067434956500228,2,11020,2000
TGATTCTA,0.6641068,0.6533212386096566,2,11020,2000
TTACGATT,0.6640641,0.5977507937162413,2,11020,2000
AGATAGGC,0.6639997,0.7589679627262607,2,11020,2000
GTGGTATC,0.66381246,0.9176184389560055,2,11020,2000
AGATGTAT,0.6635569,0.8481218818290521,2,11020,2000
AGTACATT,0.6634371,0.3679750958644291,2,11020,2000
GGATTTTG,0.66335386,0.4950418504927226,2,11020,2000
CGATAACC,0.6633051,0.7354347915721766,2,11020,2000
TATGATTC,0.6632129,0.5958231971302519,2,11020,2000
ATCTTACA,0.66240305,0.7372902321362306,2,11020,2000
CTAGTTAT,0.6620251,0.7524326887395374,2,11020,2000
CGATTTCG,0.6618575,0.34930730218941985,2,11020,2000
AATCACAT,0.6615984,0.5579206696078836,2,11020,2000
GTATCGAG,0.6615112,0.8548117758627798,2,11020,2000
AAGATAGA,0.6612837,0.6911825341194904,2,11020,2000
TACCAATC,0.6611456,0.7157361975838041,2,11020,2000
GGATAAAG,0.66096723,0.751010184307096,2,11020,2000
TTATAGAC,0.6609668,0.6973982600090711,2,11020,2000
ACATATCC,0.6609128,0.8884261740815569,2,11020,2000
TAACTATT,0.660741,0.6050900919473879,2,11020,2000
CGATCCAG,0.6605442,0.6694944955263267,2,11020,2000
TGGATTTA,0.6604397,0.5333051581247681,2,11020,2000
ATAGTTAT,0.6604246,0.7343936832556798,2,11020,2000
ATATTAAC,0.66039425,0.808693769842906,2,11020,2000
GATCGTCT,0.6603295,0.7827382179524183,2,11020,2000
AAGATCTA,0.6597825,0.7696367459695708,2,11020,2000
GCAAGATT,0.6594391,0.5182863975590649,2,11020,2000
ATATTCTG,0.6591129,0.7061394466663918,2,11020,2000
GCATCTAT,0.65906453,0.4838885911021317,2,11020,2000
ATGTGGTA,0.6588098,0.6318290520760318,2,11020,2000
GATCAGGC,0.65872544,0.7512369603760359,2,11020,2000
AATCATGG,0.6586576,0.3416793798705315,2,11020,2000
GATATAGC,0.6586122,0.9194223395043912,2,11020,2000
TGTAGATG,0.65824765,0.5811755246773596,2,11020,2000
GAATCTTA,0.65811116,0.5185544056405392,2,11020,2000
CTTTTATT,0.65805095,0.5487362388158167,2,11020,2000
ATCTCATG,0.6575737,0.6607739248752732,2,11020,2000
TATAATAC,0.6572698,0.9227105925040202,2,11020,2000
GTAATATG,0.65698594,0.7073557910361605,2,11020,2000
TATGGTCA,0.6567713,0.40301199851564756,2,11020,2000
TTATTCTT,0.6566305,0.611347049849503,2,11020,2000
AAGATTTG,0.65649927,0.41199026924504184,2,11020,2000
GACATATG,0.6563514,0.5564260091535067,2,11020,2000
GTAGATTG,0.6562883,0.47808518533789635,2,11020,2000
GATACAGG,0.6558517,0.866294891353647,2,11020,2000
AGCTTGTA,0.6554524,0.3655320991217581,2,11020,2000
GATACTCC,0.65544003,0.9356574444398631,2,11020,2000
GGATCGCT,0.65538466,0.8183008287634519,2,11020,2000
GATAGTCG,0.6551619,0.7255494165670227,2,11020,2000
AGACTTAT,0.655071,0.6254690141425803,2,11020,2000
CGATTGTT,0.6547426,0.5305632292912217,2,11020,2000
AATCCCAT,0.6547,0.7347956953778914,2,11020,2000
CGATGATG,0.6545696,0.652857378468643,2,11020,2000
GTATCTGC,0.654426,0.8363913742629778,2,11020,2000
TATGCTGA,0.654361,0.5088236506823898,2,11020,2000
GATTTGGA,0.6543522,0.49614480682802126,2,11020,2000
GGATAGGG,0.65432334,0.8276914196181916,2,11020,2000
ACCGTATG,0.654322,0.7012946851935843,2,11020,2000
GATTATTC,0.6542983,0.6919968663670474,2,11020,2000
GTATCGTC,0.6542223,0.9469137838617903,2,11020,2000
CCGGTATG,0.6540785,0.5299859811157382,2,11020,2000
AATATACC,0.6539672,0.8960334803941781,2,11020,2000
GGATCTGC,0.65365976,0.685379128355255,2,11020,2000
AGATCCGG,0.65341777,0.7959324619634685,2,11020,2000
GATAGGAT,0.65325135,0.9053622232301158,2,11020,2000
TTCGGTTA,0.65316707,0.4460479115985651,2,11020,2000
GAATTTTA,0.653059,0.39446666391786583,2,11020,2000
CTGATTAT,0.6523106,0.7338267430833298,2,11020,2000
GATAGAAT,0.6519562,0.662660289448728,2,11020,2000
CGAAATCG,0.6518651,0.34930730218941985,2,11020,2000
TTCGTTTA,0.65169334,0.4240815569207933,2,11020,2000
GCCGCATA,0.65158325,0.5206056982641323,2,11020,2000
ATAGTATG,0.651486,0.7806456933162907,2,11020,2000
CTGGTATG,0.65096414,0.6813486991300045,2,11020,2000
AATCTCCA,0.6507835,0.5468292582360945,2,11020,2000
GGAAATTT,0.650684,0.32550612295386133,2,11020,2000
ATTCATAT,0.6506133,0.7917164886818125,2,11020,2000
TATATTAC,0.65027916,0.8491217581330145,2,11020,2000
TAGTATTC,0.6498688,0.7015833092813261,2,11020,2000
GATATAAC,0.64977145,0.8678823238362264,2,11020,2000
TGAATACA,0.6494507,0.5047416814414711,2,11020,2000
CACGCATA,0.64923954,0.44680039582732034,2,11020,2000
AGGATTTA,0.6490588,0.6103368655424071,2,11020,2000
GTCCTATC,0.6484431,0.8242588545746918,2,11020,2000
ATTTTCTA,0.64817196,0.6031624953613985,2,11020,2000
TGAAGATG,0.64782166,0.37363418958479366,2,11020,2000
TATTTCTC,0.6478066,0.5193687378880963,2,11020,2000
GTCATATG,0.6477829,0.7065208427823362,2,11020,2000
AGCTGGTA,0.64776057,0.4275759699830949,2,11020,2000
CTGATTTA,0.64768976,0.43303921164392034,2,11020,2000
AAAAATCA,0.64741933,0.4622624005277698,2,11020,2000
GTATTTCT,0.64711875,0.5202139941450542,2,11020,2000
CAATCCTA,0.64700705,0.5349028986104812,2,11020,2000
GATAAGAT,0.64684165,0.839586855234404,2,11020,2000
GATAGAGG,0.64676887,0.6524553663464313,2,11020,2000
GATAGTGG,0.64661145,0.7812332494949078,2,11020,2000
ATCATACA,0.6464086,0.8891992743165794,2,11020,2000
TATTCTAA,0.646366,0.6686904712819033,2,11020,2000
CGTAAATC,0.64636165,0.6019255349853626,2,11020,2000
GTATACCA,0.6460558,0.8204655094215149,2,11020,2000
GATGCTTA,0.64601904,0.5239351832762956,2,11020,2000
GATTGTTA,0.64554405,0.6718859522533295,2,11020,2000
GCCAAATC,0.6452291,0.21115944419247107,2,11020,2000
ATTCAATA,0.64499927,0.7163856017812229,2,11020,2000
GATACGAG,0.64494544,0.8430194202779039,2,11020,2000
GATATTGC,0.6449413,0.821083989609533,2,11020,2000
GTTAAATC,0.6449291,0.46496309734878155,2,11020,2000
CGTTGATT,0.6445961,0.426926565785676,2,11020,2000
ATAGGGTA,0.6445408,0.8338659134952378,2,11020,2000
AGAGATCC,0.6445293,0.8153011998515648,2,11020,2000
TCAATTTA,0.64438146,0.5036593411124397,2,11020,2000
AGTAGATG,0.6443181,0.6731229126293654,2,11020,2000
GTGATTAT,0.644218,0.6557436193460603,2,11020,2000
TATATGAC,0.64416283,0.7961386220261412,2,11020,2000
AAGATAAT,0.6438819,0.7727085309033933,2,11020,2000
GTATACAG,0.64383984,0.8531109553457304,2,11020,2000
CAATGATG,0.6437491,0.5140085762586072,2,11020,2000
CAGTATTG,0.6437005,0.5641879355131324,2,11020,2000
TCGTATTG,0.6436668,0.7448356904300499,2,11020,2000
ATAACACA,0.64360815,0.6189646641652579,2,11020,2000
TATAGTAC,0.6427299,0.7190966066053684,2,11020,2000
GTCGGATT,0.6426705,0.5807219725394797,2,11020,2000
AATATTGT,0.6421925,0.6453119201748237,2,11020,2000
GATATTAC,0.64217836,0.8874881457963963,2,11020,2000
AGCTGCTA,0.64196134,0.3215787737599472,2,11020,2000
GATAGTTC,0.6418988,0.8434832804189173,2,11020,2000
CTGACATT,0.64176834,0.29867439079701474,2,11020,2000
GTATAACT,0.6414443,0.7622046757102214,2,11020,2000
GATAACGT,0.6410329,0.6825856595060406,2,11020,2000
AGAATCTA,0.6408656,0.5227703789221952,2,11020,2000
GTCTATAT,0.64074993,0.7762544839813632,2,11020,2000
TCATCTGA,0.640679,0.791953572753886,2,11020,2000
GATCGGAC,0.64062184,0.704170618067868,2,11020,2000
ATTTATAC,0.6404139,0.8138477714097226,2,11020,2000
CCTGCATA,0.6403549,0.4207005318929617,2,11020,2000
CGATCCCA,0.63974476,0.8024677359501916,2,11020,2000
GGAGATCC,0.63974124,0.8271141714427082,2,11020,2000
TGGTGATG,0.639635,0.4602111079041768,2,11020,2000
CAGAATAT,0.63958955,0.7061394466663918,2,11020,2000
CATACTTA,0.6391539,0.5380983795819074,2,11020,2000
AGAAATAC,0.63913554,0.5202139941450542,2,11020,2000
TGATCCCA,0.63904643,0.8842308168061683,2,11020,2000
CCCACATC,0.6389947,0.3689028161464561,2,11020,2000
CGTATCTA,0.6389478,0.8790046592174164,2,11020,2000
CAATTATG,0.6388697,0.5482517626685358,2,11020,2000
AAATTGAT,0.63886875,0.542324660866697,2,11020,2000
CAGATAAT,0.6387612,0.7225394796520018,2,11020,2000
CCGTATAC,0.63862896,0.8182080567352493,2,11020,2000
TAATCTAG,0.6384387,0.6109656537335587,2,11020,2000
GTATCAAG,0.6383562,0.9517276213251968,2,11020,2000
GGAACATC,0.638311,0.3575227806869254,2,11020,2000
AATTTTGA,0.6382285,0.4521914814662104,2,11020,2000
TATAGCAT,0.6381708,0.6544551189543562,2,11020,2000
AAACGATT,0.63789624,0.5908959716323754,2,11020,2000
TTAAGACA,0.6376276,0.5537459283387622,2,11020,2000
CTAGACTA,0.63715947,0.5511380035459531,2,11020,2000
TACATGTA,0.6370883,0.7178081062136643,2,11020,2000
CTATACCC,0.63704586,0.8504721065435205,2,11020,2000
AAGATACA,0.63689363,0.8451016369108976,2,11020,2000
ATGGATAT,0.6364474,0.8911990269245043,2,11020,2000
CACTTTTA,0.6363612,0.2859543149301118,2,11020,2000
ATACATTC,0.63586515,0.7229517997773471,2,11020,2000
GGATTTAG,0.63584274,0.5315527975920504,2,11020,2000
CTGAAATC,0.635804,0.5228116109347297,2,11020,2000
TTACATTA,0.63569844,0.6571145837628335,2,11020,2000
TTAAATAG,0.63550127,0.6708654599430998,2,11020,2000
CCAGATAG,0.63549757,0.7055312744815074,2,11020,2000
CTATTGAG,0.63531893,0.6512905619923308,2,11020,2000
CCATTTAA,0.63517356,0.38675627757390835,2,11020,2000
TAGTATAC,0.6348635,0.8136003793345153,2,11020,2000
GATATGAC,0.63471794,0.8708097967261782,2,11020,2000
AGATGGTC,0.634685,0.26462705644662515,2,11020,2000
TATAATGC,0.63464254,0.7708221663299385,2,11020,2000
ATGTATAG,0.63451594,0.7282501133880345,2,11020,2000
TGCTTTTA,0.6342462,0.4937121180884839,2,11020,2000
CCGCGATT,0.63422155,0.4176081309528718,2,11020,2000
AAGTATAC,0.6341926,0.8664701274069188,2,11020,2000
CGATGTTT,0.63395596,0.32818620376860597,2,11020,2000
ATGTTTAT,0.6339549,0.7622871397352905,2,11020,2000
TGTATTTA,0.6338467,0.7193130746711747,2,11020,2000
TGAATTAT,0.6336328,0.6716694841875231,2,11020,2000
AAGATTAG,0.63358897,0.6397971384983301,2,11020,2000
AATCGTAC,0.63350445,0.38937451036985116,2,11020,2000
GTGTATCA,0.6333701,0.983063950851441,2,11020,2000
TGATGGTC,0.6333086,0.22282810373974352,2,11020,2000
CGATCCCT,0.63326025,0.8518739949696944,2,11020,2000
GTATAACG,0.6332073,0.7198697068403909,2,11020,2000
ATGCTTAT,0.63305175,0.5646311796478787,2,11020,2000
ACGTTATG,0.63277215,0.4518719333690677,2,11020,2000
GTAACATC,0.6325291,0.45264503360409025,2,11020,2000
CGATTACT,0.63251907,0.39090009483362886,2,11020,2000
TATTCAGG,0.631717,0.5358718509050426,2,11020,2000
TATGAATT,0.631606,0.5034737970560342,2,11020,2000
GCATCTAA,0.6315947,0.6623407413515854,2,11020,2000
GATCGTCG,0.6315816,0.6781841421679793,2,11020,2000
AAATGGTC,0.63147825,0.35387374757761925,2,11020,2000
GAATTACA,0.63119966,0.4016101100894735,2,11020,2000
AATAACTT,0.630962,0.4404197418876015,2,11020,2000
TATAACCG,0.63078296,0.8027460520347999,2,11020,2000
CTGGTTTA,0.63054585,0.4899496969447079,2,11020,2000
CAGCATAT,0.6303158,0.7805116892755536,2,11020,2000
AATATGAG,0.6298219,0.6209025687543809,2,11020,2000
CAATTCAT,0.6297334,0.5410361604749927,2,11020,2000
GGTTATCA,0.6296323,0.7544221333443285,2,11020,2000
TTGACATC,0.62923115,0.4234321527233744,2,11020,2000
GACTTCTA,0.62903893,0.20364490990805262,2,11020,2000
CAGAATAA,0.62898487,0.36993361645981937,2,11020,2000
AGGTGTTA,0.62892026,0.7129942687502576,2,11020,2000
ATCGGGTA,0.6287672,0.7954067538036531,2,11020,2000
GCCTAATC,0.6287522,0.4542840061023379,2,11020,2000
AAATCCAA,0.6287447,0.48080649816517546,2,11020,2000
ATACATAG,0.6285925,0.6634952377025523,2,11020,2000
GATTACAA,0.628451,0.5309033933946316,2,11020,2000
GATCGCGG,0.62836385,0.7671731332206326,2,11020,2000
GATAGTGT,0.6282305,0.8464829093308044,2,11020,2000
ATCTACTC,0.62801963,0.8121675668989404,2,11020,2000
TTCTACTA,0.6279795,0.4220921123160022,2,11020,2000
AAAGTTAT,0.62790495,0.6634952377025523,2,11020,2000
GGCAAATT,0.6277862,0.2897682760895559,2,11020,2000
CTGATAAA,0.627768,0.6853069723333196,2,11020,2000
CGTATACA,0.627683,0.8188574609326681,2,11020,2000
AGATTACC,0.62753606,0.6301797715746507,2,11020,2000
CTCTTATG,0.6270827,0.47150867933863855,2,11020,2000
AGATACGA,0.62705547,0.8627386302725435,2,11020,2000
CTAGGATG,0.6270524,0.5327588339586855,2,11020,2000
AATGATGT,0.626848,0.3220426339009607,2,11020,2000
CCATCTTC,0.6267806,0.49855687956129136,2,11020,2000
GTATAACC,0.6266558,0.8326289531192017,2,11020,2000
ACATTTTA,0.6265645,0.45446955015874324,2,11020,2000
CGCTATAT,0.62654346,0.7695542819445017,2,11020,2000
TTTAAATT,0.62649715,0.5101327670803611,2,11020,2000
TCCGCATT,0.62633574,0.40373355873500183,2,11020,2000
TGATTTCC,0.62615186,0.40740320785057516,2,11020,2000
TTATTGTC,0.6260877,0.6388384942069023,2,11020,2000
CCATCTAC,0.6259127,0.4626850286562487,2,11020,2000
ATAGCCTA,0.62552655,0.7955510658475239,2,11020,2000
TGCATAGA,0.6255085,0.6114192058714385,2,11020,2000
GATTCTCA,0.62547874,0.5394178039830124,2,11020,2000
GGATCCTC,0.6254765,0.8009318434832805,2,11020,2000
ATTAAATT,0.6254587,0.4563146827196636,2,11020,2000
CATATACG,0.62511086,0.8064260091535068,2,11020,2000
AGAAATCC,0.6250548,0.5267286521255102,2,11020,2000
GAATGCTA,0.62489766,0.4728177957366099,2,11020,2000
GAAACTAT,0.624729,0.723827980043706,2,11020,2000
ACGTGATG,0.6247088,0.3940234197831196,2,11020,2000
AATACGGT,0.62465876,0.7119531604337608,2,11020,2000
CTAAGATG,0.62457955,0.49982476394672826,2,11020,2000
GGGGTATC,0.62453777,0.9909186492392693,2,11020,2000
GTGTTTAT,0.6244026,0.6749680451902857,2,11020,2000
TCAAGATG,0.6242081,0.30079783944254324,2,11020,2000
TATTTCAT,0.6239312,0.5813095287180967,2,11020,2000
AATCGTGG,0.6237506,0.41496928215066176,2,11020,2000
GTATGCTT,0.6236326,0.5659196800395827,2,11020,2000
GCATCTTT,0.6235395,0.2758730878654187,2,11020,2000
GAGACTAA,0.62342584,0.46267472065311505,2,11020,2000
ACGTATAC,0.6231606,0.7655135447161175,2,11020,2000
ATCTAGTA,0.6231406,0.7512163443697687,2,11020,2000
TGCTATAA,0.6228768,0.5128231558982393,2,11020,2000
AGGTTGTA,0.6228289,0.5241825753515029,2,11020,2000
GGGTATTG,0.622806,0.8522244670762379,2,11020,2000
TTATTCTG,0.62260985,0.36993361645981937,2,11020,2000
CCTAAATC,0.622599,0.4356780604461304,2,11020,2000
TATCCGCG,0.6223354,0.8130334391621655,2,11020,2000
AGAAATCG,0.6220828,0.3894157423823857,2,11020,2000
TGGTGGTA,0.62190276,0.517327753267637,2,11020,2000
ACGATCTA,0.6217524,0.7333216509297819,2,11020,2000
AAAGCATC,0.6215695,0.37679874654681894,2,11020,2000
AGAAATTG,0.6215543,0.4640147610604874,2,11020,2000
GTATTCAA,0.6215196,0.7689254937533501,2,11020,2000
ATATTACG,0.621469,0.7322290025976168,2,11020,2000
AATCGTAG,0.6214205,0.5133179400486537,2,11020,2000
CATATTAA,0.62141824,0.7971797303426381,2,11020,2000
GCTTTATC,0.62123144,0.5668474003216097,2,11020,2000
CGTGCATA,0.621121,0.4642827691419618,2,11020,2000
GATTTCCA,0.62103283,0.2753679957118707,2,11020,2000
ATTATTTT,0.6208989,0.6688450913289078,2,11020,2000
TGCATTTA,0.6208787,0.3972601327670804,2,11020,2000
TGGGATAA,0.6207764,0.7633900960705893,2,11020,2000
CGAATAGA,0.6207629,0.5798870242856553,2,11020,2000
ATGTTGTA,0.62073886,0.7338576670927308,2,11020,2000
GCTTAATA,0.6206693,0.6689894033727787,2,11020,2000
CCGAGATG,0.62046427,0.5523543479157217,2,11020,2000
AAAGATTC,0.6203595,0.548839318847153,2,11020,2000
CGATTTGA,0.6202372,0.5872572465262029,2,11020,2000
GAGCTTTA,0.62016857,0.3208984455531274,2,11020,2000
AATAAGGT,0.6200811,0.4961344988248877,2,11020,2000
GTGGAATA,0.619912,0.48214653857254774,2,11020,2000
ATGAAATT,0.619752,0.48863027254360286,2,11020,2000
TTAACATG,0.6193302,0.47414752814084854,2,11020,2000
CTAAATCG,0.61908627,0.5463757060982147,2,11020,2000
ATTTCATT,0.6189989,0.32502164680658063,2,11020,2000
GAAATTCA,0.6189835,0.3215993897662145,2,11020,2000
TAACTTTA,0.61889565,0.6468375046386015,2,11020,2000
TATTACAT,0.6188588,0.7960149259885375,2,11020,2000
GATAAAGG,0.6187181,0.6577846039665196,2,11020,2000
GTATTTAC,0.6184684,0.6168515235228631,2,11020,2000
GTTTATAA,0.6183354,0.7171896260256464,2,11020,2000
AGTGATAT,0.6177856,0.9626953366593825,2,11020,2000
TGTTATAG,0.61759716,0.6248196099451614,2,11020,2000
GTATTCAT,0.61758965,0.8059827650187606,2,11020,2000
ATAGGACA,0.61751366,0.6043788397311672,2,11020,2000
AATCGGAG,0.61735004,0.5660846080897208,2,11020,2000
TATGGATG,0.61715335,0.4343174040324908,2,11020,2000
GTGTATTA,0.6167843,0.8180637446913784,2,11020,2000
CAACTATT,0.6166718,0.4788582855729188,2,11020,2000
AGGATACA,0.61658067,0.8291345400569001,2,11020,2000
ATACCACA,0.6160613,0.794736733599967,2,11020,2000
GAGTATAG,0.615946,0.7868614192058714,2,11020,2000
GATCACCG,0.61588115,0.8334535933698924,2,11020,2000
CGATTCAA,0.6157954,0.4138457098090958,2,11020,2000
AATCCTAG,0.6157271,0.5576732775326764,2,11020,2000
TCCATAAA,0.6156313,0.44799612419082174,2,11020,2000
GATCAGAC,0.6155421,0.8382158908176308,2,11020,2000
TACGAATC,0.6152379,0.5589927019337814,2,11020,2000
GCATCTTA,0.6149868,0.5717952418257536,2,11020,2000
GAGTAATC,0.6148794,0.5839380695171731,2,11020,2000
CGCGAATT,0.61487854,0.38908588628210944,2,11020,2000
CTGAAATT,0.61478215,0.28147033356698137,2,11020,2000
CTTATACA,0.614717,0.5790623840349648,2,11020,2000
TGTTTATG,0.6144597,0.6363645734548303,2,11020,2000
AACATTAT,0.6143902,0.6310044118253412,2,11020,2000
AGATTGCA,0.6143091,0.42232919638807576,2,11020,2000
AATGTTAT,0.61405724,0.7517832845421185,2,11020,2000
CCTATACA,0.61395985,0.6929864346678761,2,11020,2000
GATTCGGA,0.613598,0.5580752896548881,2,11020,2000
CGGATCTT,0.613499,0.8325567970972663,2,11020,2000
ATGTATAC,0.6131797,0.8145590236259431,2,11020,2000
AATCTAAC,0.6131566,0.38490083700985445,2,11020,2000
AGCGGTTA,0.6130053,0.37929328330515816,2,11020,2000
CGACCTAT,0.61284894,0.6380241619593452,2,11020,2000
CTGTTCTA,0.6127769,0.5417267966849462,2,11020,2000
ATGGTTTA,0.6127426,0.6094916092854492,2,11020,2000
TAATTTTG,0.6124614,0.4930214818785305,2,11020,2000
GGATGATG,0.6124472,0.4506040489836309,2,11020,2000
ATCATAAA,0.6123968,0.8058075289654889,2,11020,2000
TATTGAAT,0.6119854,0.7163856017812229,2,11020,2000
AGACATTC,0.6118958,0.5381499195975756,2,11020,2000
CAAATAAA,0.6117703,0.5306147693068899,2,11020,2000
GAGCTATC,0.6117586,0.7918504927225497,2,11020,2000
CAATCGTA,0.6116634,0.428245990186781,2,11020,2000
GATAAGCT,0.6114544,0.6141714427081186,2,11020,2000
ATAAATCG,0.6111876,0.5560549210406961,2,11020,2000
AGTTGGTA,0.6111579,0.5864635302849133,2,11020,2000
AATCGTGC,0.61105096,0.44517173133220633,2,11020,2000
GGATCCCT,0.6108583,0.7911289325031955,2,11020,2000
TTACTGAT,0.61074644,0.9002700696821012,2,11020,2000
TCTGTTTA,0.6107348,0.5416443326598772,2,11020,2000
GAATTTCA,0.61062914,0.34737970560343046,2,11020,2000
AAATCTCC,0.61055094,0.45545911845957204,2,11020,2000
GTAACATT,0.610456,0.26709066919556346,2,11020,2000
GCAGATTT,0.6102486,0.4260194615099163,2,11020,2000
CATATGTC,0.6098274,0.5564260091535067,2,11020,2000
AATGATGA,0.6095622,0.6054199480476642,2,11020,2000
CTAACATG,0.60950094,0.45065558899929903,2,11020,2000
TAGTTTTC,0.60946447,0.5924937121180885,2,11020,2000
TATTTAGC,0.6093491,0.6578670679915887,2,11020,2000
GATTGTAA,0.6091834,0.6368181255927102,2,11020,2000
AAGTTTAT,0.60915446,0.5242444233703047,2,11020,2000
GAATCTGA,0.60904115,0.6503525337071703,2,11020,2000
TGGAAATT,0.60894626,0.25032985610027625,2,11020,2000
CTGTCTAT,0.60860497,0.5630231311590319,2,11020,2000
CTACATTC,0.60853755,0.30536428483074257,2,11020,2000
CGATTCTC,0.60851747,0.5245021234486456,2,11020,2000
TAGGTATG,0.60837305,0.5483754587061395,2,11020,2000
AGACCTAT,0.608322,0.6461159444192471,2,11020,2000
TTGGGATG,0.60830826,0.6070898445553127,2,11020,2000
CGTAAATT,0.60824853,0.2991588669442956,2,11020,2000
GATTGTCA,0.60814464,0.5706613614810538,2,11020,2000
GATCTGCC,0.6080939,0.7635447161175937,2,11020,2000
TGATGTAA,0.6080321,0.47165299138250943,2,11020,2000
CTGGAATC,0.60764074,0.676339009607059,2,11020,2000
TAAAAATT,0.6075816,0.44459448315672284,2,11020,2000
GAAAAATT,0.6075667,0.2961592380324084,2,11020,2000
CATATCAT,0.60744476,0.9850946274687667,2,11020,2000
ATAGCATG,0.60735744,0.5766296952954274,2,11020,2000
GATAGCAT,0.6073315,0.7690079577784191,2,11020,2000
TATCGCCT,0.60722107,0.8040139364202367,2,11020,2000
TATGAATC,0.6072035,0.6914711582072322,2,11020,2000
CGACATTG,0.60719186,0.31771327258483484,2,11020,2000
GAATTTCT,0.60715145,0.3949717560714139,2,11020,2000
TAAGATGT,0.60714316,0.4526965736197584,2,11020,2000
TAGATTGA,0.60712636,0.5844843936832557,2,11020,2000
TTGTGTTA,0.6070866,0.6211190368201872,2,11020,2000
CTGACATC,0.6070323,0.324392858615429,2,11020,2000
CCGATTAT,0.6069053,0.7273223931060074,2,11020,2000
TGACCTTA,0.6068745,0.46163361233661815,2,11020,2000
CGGAAATT,0.6068079,0.23376489506452808,2,11020,2000
CCGCATAT,0.60678416,0.7266523729023214,2,11020,2000
GAATCCAT,0.6067806,0.525471075743207,2,11020,2000
TTACTATG,0.60661244,0.5867624623757886,2,11020,2000
TCCAAATG,0.6066101,0.5592916340246568,2,11020,2000
TGATGCTT,0.606322,0.5558899929905579,2,11020,2000
TGACCTAT,0.6059779,0.6080897208592752,2,11020,2000
AGAGGATG,0.605898,0.6600626726590525,2,11020,2000
GAATTAAA,0.605872,0.4952686265616625,2,11020,2000
ATGATAAT,0.60567486,0.7612357234156599,2,11020,2000
AAATCGAC,0.60559475,0.27428565538283917,2,11020,2000
AGAGCTTA,0.60550016,0.5461283140230074,2,11020,2000
GACTGCTA,0.6054319,0.24085680122046757,2,11020,2000
CTGCTTAT,0.60499436,0.7179111862450006,2,11020,2000
ATCGGATA,1.078646,0.9257617614315755,3,21040,2999
ATATGATA,1.0464667,0.9761988207644415,3,21040,2999
AGATATCA,1.0258902,0.9870325320578899,3,21040,2999
ATGGTATA,0.99879056,0.8760565703211973,3,21040,2999
TGTATATA,0.9842286,0.8666556714633241,3,21040,2999
ATATATCG,0.9769373,0.9470374798993939,3,21040,2999
ATATCCTG,0.97345674,0.8181152847070465,3,21040,2999
TATCAATC,0.96962816,0.9094751164804356,3,21040,2999
AGATATCC,0.9673044,0.9474394920216056,3,21040,2999
ACCATATA,0.96708316,0.845905661155321,3,21040,2999
TGGATATC,0.96587396,0.9623242485465716,3,21040,2999
AGATATTA,0.96204567,0.8808085597658022,3,21040,2999
GTATCCCA,0.95418525,0.7626273038387005,3,21040,2999
AACGTATC,0.9503068,0.8869727456397147,3,21040,2999
GTATCGTA,0.9478924,0.9355440564053931,3,21040,2999
GTATCCCG,0.9453825,0.8025192759658599,3,21040,2999
GTATCGCA,0.94432276,0.916144394507896,3,21040,2999
GGATCCTG,0.943186,0.7954892178287222,3,21040,2999
GTATCTGA,0.9424673,0.8467509174122789,3,21040,2999
TTATATCG,0.93935746,0.8497917783367006,3,21040,2999
ATGAGATA,0.9374316,0.7936028532552674,3,21040,2999
CTATATCA,0.9343699,0.9728693357522781,3,21040,2999
TGATACTT,0.9318325,0.9782810373974353,3,21040,2999
ACAGTATA,0.931394,0.8124768069929493,3,21040,2999
GATATATG,0.9313148,0.9251948212592257,3,21040,2999
CTCGGATA,0.9308375,0.8967962726260669,3,21040,2999
GTGAGATA,0.9304145,0.9081763080855977,3,21040,2999
ATATCGAA,0.92998666,0.9011565579515937,3,21040,2999
AGGTATCC,0.92560875,0.907238279800437,3,21040,2999
AGATCAAA,0.9193077,0.8424730961118213,3,21040,2999
GATCAGGT,0.9191118,0.801869871768441,3,21040,2999
GTATCAGC,0.9184926,0.9250814332247558,3,21040,2999
GTGGGATA,0.9153909,0.8337731414670351,3,21040,2999
GATCCGGT,0.9123076,0.864831154908671,3,21040,2999
ATATATTA,0.9112429,0.878932503195481,3,21040,2999
GGATCCGA,0.9105345,0.836133674184637,3,21040,2999
AGAATATA,0.91040224,0.8072712654104647,3,21040,2999
GTCATATC,0.90992075,0.8708097967261782,3,21040,2999
CTGGTATC,0.9091529,0.9206592998804272,3,21040,2999
ATATACCT,0.90850127,0.8896940584669938,3,21040,2999
CACATATC,0.9078807,0.9244011050179359,3,21040,2999
GATATTCT,0.90660286,0.8561208922607513,3,21040,2999
GGATCATA,0.90506667,0.9501092648332166,3,21040,2999
CTCGTATC,0.90365493,0.8430194202779039,3,21040,2999
GATACCAA,0.903538,0.8976209128767576,3,21040,2999
TTAGTATA,0.90287495,0.7311054302560508,3,21040,2999
GTATCATA,0.9019563,0.9827031707417639,3,21040,2999
TATCCGGT,0.90132433,0.8104770543850245,3,21040,2999
TGATATAC,0.9001794,0.9713334432853667,3,21040,2999
GAATGATA,0.89678496,0.9412340741351586,3,21040,2999
CTATCAAA,0.8941583,0.9334618397723993,3,21040,2999
TATGTATA,0.89340764,0.8208159815280583,3,21040,2999
TGATACCG,0.8929571,0.9879293283305158,3,21040,2999
ACTGTATA,0.892616,0.7495567558652538,3,21040,2999
TTGGTATC,0.8921459,0.8976209128767576,3,21040,2999
TTGAGATA,0.89170754,0.9006514657980456,3,21040,2999
AGGTATAC,0.89125323,0.8547499278439781,3,21040,2999
TGTTGATA,0.8912446,0.9309466870077928,3,21040,2999
GAATATAT,0.89007354,0.8696243763658104,3,21040,2999
GCATGATA,0.8898239,0.9233084566857709,3,21040,2999
GATCCTGT,0.88939524,0.7674411413021069,3,21040,2999
CGATATCT,0.88934016,0.9444501711128521,3,21040,2999
GGGTATAT,0.88886505,0.9668803859316373,3,21040,2999
TAGTATCC,0.8872239,0.8437822125097927,3,21040,2999
AGCTGATA,0.8865056,0.8572753886117183,3,21040,2999
GACGTATC,0.88486886,0.8763864264214737,3,21040,2999
GATATAAT,0.8846843,0.9310806910485301,3,21040,2999
AAAGTATA,0.88324,0.7589473467199934,3,21040,2999
ATATCATC,0.8827935,0.9670350059786418,3,21040,2999
CGGATAGA,0.8822786,0.8313610687337649,3,21040,2999
GATACTCG,0.8822168,0.8971673607388777,3,21040,2999
TATCCTTA,0.8801263,0.795891229950934,3,21040,2999
GTATAATC,0.87940586,0.8709438007669155,3,21040,2999
GATACCTA,0.87924707,0.979724157836144,3,21040,2999
ACAATATC,0.87858856,0.8552344039912588,3,21040,2999
TAAGGATA,0.8781662,0.795891229950934,3,21040,2999
CGATGATA,0.8774595,0.94793427617202,3,21040,2999
ATATCGTC,0.877206,0.8903846946769471,3,21040,2999
GATATGGA,0.8772059,0.9239887848925906,3,21040,2999
TCCATATA,0.87696654,0.7792334968869831,3,21040,2999
CATATCCC,0.8767767,0.8628932503195481,3,21040,2999
TGATCTAT,0.8763088,0.9167422586896468,3,21040,2999
AGACGATA,0.8753033,0.8732631014719828,3,21040,2999
GATACGGA,0.87437826,0.9055786912959222,3,21040,2999
TATATAAT,0.8727488,0.8700882365068239,3,21040,2999
TTATCCCA,0.8723699,0.7633900960705893,3,21040,2999
AGATAGGT,0.87133837,0.8120438708613367,3,21040,2999
GATCCTGA,0.8711975,0.7840988743660577,3,21040,2999
GTATACTA,0.87056816,0.8136003793345153,3,21040,2999
AGCGTATC,0.87026876,0.8690368201871933,3,21040,2999
GGATACGA,0.8701821,0.7260132767080362,3,21040,2999
ATAGGATC,0.8688353,0.8761184183399991,3,21040,2999
GTATGATC,0.8687868,0.8940234197831196,3,21040,2999
AAAATATA,0.8672194,0.761854203603678,3,21040,2999
GATCCTCT,0.866197,0.860058549457799,3,21040,2999
AGGTATTA,0.8660045,0.9366367047375582,3,21040,2999
TGATACCA,0.864993,0.9544077021399414,3,21040,2999
AGATCAGT,0.8647405,0.9038778707788728,3,21040,2999
TTGGATAT,0.86471987,0.8957036242939018,3,21040,2999
GACGGATA,0.86446416,0.8054467488558116,3,21040,2999
CGGGTATC,0.864418,0.9653032614521915,3,21040,2999
ATAGATAG,0.86355823,0.8819218241042345,3,21040,2999
TCAGTATC,0.86298746,0.9182266111408898,3,21040,2999
ACGTATCA,0.8629014,0.9831051828639755,3,21040,2999
GATCCTTA,0.8628855,0.8385251309116397,3,21040,2999
ATATCATT,0.8621595,0.9719106914608502,3,21040,2999
GATCATAT,0.86188745,0.9301220467571023,3,21040,2999
TGATCCGA,0.8608557,0.9261843895600543,3,21040,2999
GTATCTTA,0.86054474,0.9181956871314889,3,21040,2999
CGAGGATA,0.8600455,0.8333917453510905,3,21040,2999
ATCTATCC,0.8596718,0.8800457675339134,3,21040,2999
TGAGTATA,0.8596434,0.7956747618851276,3,21040,2999
CGGATAGT,0.85929155,0.7099843318352369,3,21040,2999
GTATAGAT,0.85909814,0.8864470374798995,3,21040,2999
AACGGATC,0.85879564,0.8721395291304168,3,21040,2999
CGATATCG,0.8582904,0.9555828144971756,3,21040,2999
ATGTATCG,0.857961,0.9130107615552714,3,21040,2999
CCCGTATC,0.85581267,0.9411000700944213,3,21040,2999
CATATCAG,0.85540235,0.9595513957036244,3,21040,2999
TTATCTAT,0.85530794,0.8218880138539562,3,21040,2999
TGATACTG,0.8552991,0.970684039087948,3,21040,2999
TGTATAGA,0.8550141,0.741939141549499,3,21040,2999
TTGCTATA,0.8548275,0.7405991011421267,3,21040,2999
CGTTGATA,0.8541062,0.9195048035294604,3,21040,2999
TAGCTATC,0.85331947,0.7874386673813549,3,21040,2999
CAAGTATC,0.8528616,0.9232156846575682,3,21040,2999
TGAGTATC,0.8522565,0.9193192594730549,3,21040,2999
TATACGGA,0.85219026,0.693862614934235,3,21040,2999
CGGATATG,0.8519144,0.8956314682719664,3,21040,2999
GATCATGA,0.8517105,0.8310415206366223,3,21040,2999
GTTTGATC,0.85166293,0.7215086793386386,3,21040,2999
ATTGTATC,0.8509626,0.8582855729188142,3,21040,2999
GATACCGT,0.8499991,0.9306271389106502,3,21040,2999
ATACAGAA,0.8495559,0.8346390137302603,3,21040,2999
TTGCGATA,0.849462,0.7680080814744569,3,21040,2999
TTATCTCA,0.8485896,0.7233641199026924,3,21040,2999
GGAATATA,0.84844536,0.789737352080155,3,21040,2999
ATTAGATC,0.84767824,0.7868923432152723,3,21040,2999
CGAATATA,0.8468097,0.7228590277491445,3,21040,2999
TGGGTATC,0.84629285,0.9444501711128521,3,21040,2999
GCGTGATC,0.8459335,0.8160743000865872,3,21040,2999
TGATCCCT,0.84569687,0.9595307796973571,3,21040,2999
ATGGATAC,0.8439666,0.900837009854451,3,21040,2999
GATACCGA,0.84386283,0.8527707912423205,3,21040,2999
AGAAGATA,0.8433853,0.8264647672452893,3,21040,2999
AGCCGATA,0.8428863,0.7470725271100482,3,21040,2999
GAAGATAA,0.8419164,0.796478786129551,3,21040,2999
TATACCGT,0.84177923,0.7463612748938276,3,21040,2999
GATATGGT,0.84086984,0.8862821094297613,3,21040,2999
GGGATAAA,0.84086835,0.7951181297159114,3,21040,2999
GATACCTC,0.84040046,0.9544386261493425,3,21040,2999
TTATACCT,0.84005237,0.8270110914113719,3,21040,2999
CGATAATA,0.8392957,0.8548736238815817,3,21040,2999
GATCGGAT,0.837579,0.8842720488187028,3,21040,2999
GCATATCA,0.8358209,0.9712303632540304,3,21040,2999
TCGGATAT,0.83549774,0.9509854450995753,3,21040,2999
CGGAGATA,0.8354108,0.8316600008246403,3,21040,2999
AGAGATAC,0.83508384,0.8931472395167608,3,21040,2999
TATCCGCC,0.8350745,0.8386488269492435,3,21040,2999
AGCCTATA,0.8348734,0.6724425844225457,3,21040,2999
GTCAGATC,0.83476096,0.687770585082258,3,21040,2999
TGATCGAT,0.8331954,0.7863047870366553,3,21040,2999
AAAGATAA,0.83313435,0.689285861542902,3,21040,2999
CGGATAAA,0.8329151,0.8716859769925369,3,21040,2999
GATCGATC,0.8328833,0.7932523811487239,3,21040,2999
GATCACCT,0.83227265,0.872696161299633,3,21040,2999
GATAACAT,0.8316491,0.7654104646847812,3,21040,2999
ATGTATTC,0.83159167,0.5513750876180267,3,21040,2999
TTATAATA,0.8315707,0.7535459530779698,3,21040,2999
TGTATACA,0.83143115,0.8610481177586279,3,21040,2999
GGTATAGA,0.831309,0.8074465014637364,3,21040,2999
GCCTATAT,0.8307759,0.7495670638683875,3,21040,2999
GTATCTGT,0.8304341,0.8218777058508226,3,21040,2999
CGCATATC,0.83039427,0.9181132231064199,3,21040,2999
AGTATAGA,0.83002806,0.7797592050467984,3,21040,2999
GTATATGG,0.8298971,0.7375479322145714,3,21040,2999
TTGTATCT,0.829772,0.8216921617944172,3,21040,2999
TGATCCTG,0.82868546,0.8806848637281987,3,21040,2999
GATACAGA,0.82866985,0.8474930936379006,3,21040,2999
AGTTGATC,0.82852066,0.7529274728899517,3,21040,2999
TTATACTT,0.8271849,0.8066527852224468,3,21040,2999
CTATCAAT,0.8267687,0.8425143281243557,3,21040,2999
ATATCGAG,0.8264446,0.8186203768605945,3,21040,2999
ATATATTT,0.82568634,0.8083226817300952,3,21040,2999
TATATAGC,0.82467353,0.8788809631798128,3,21040,2999
TGATCACT,0.82433367,0.8649239269368738,3,21040,2999
GATAGCTG,0.82285714,0.8196717931802251,3,21040,2999
CAGTATCA,0.82160133,0.970684039087948,3,21040,2999
CGAGTATA,0.82131106,0.7867377231682678,3,21040,2999
GTATAGTA,0.82094234,0.8432771203562445,3,21040,2999
TATCTCAC,0.8208818,0.9081763080855977,3,21040,2999
ACTATAGA,0.8207357,0.6745866490743413,3,21040,2999
CTATCTCA,0.81994605,0.8008184554488105,3,21040,2999
TGGTATAC,0.8197848,0.8204655094215149,3,21040,2999
CTTTGATC,0.8193243,0.8482765018760565,3,21040,2999
GGATACCG,0.8192504,0.8052715128025398,3,21040,2999
TGATACGC,0.8187881,0.9835071949861872,3,21040,2999
ATATAGAA,0.81801015,0.8683667999835072,3,21040,2999
GCCTGATA,0.81752676,0.7901393642023666,3,21040,2999
GTCCGATC,0.81676763,0.704170618067868,3,21040,2999
AATACTAT,0.8156535,0.8895600544262565,3,21040,2999
GCGCGATA,0.8156132,0.8551210159567888,3,21040,2999
TATGGATC,0.81514025,0.8607801096771533,3,21040,2999
TGATCCAT,0.81474423,0.9001979136601658,3,21040,2999
AAAGGATC,0.81420434,0.8642332907269203,3,21040,2999
GTATACGG,0.814195,0.8182080567352493,3,21040,2999
GGTATCAT,0.814067,0.989691996866367,3,21040,2999
CTGTATAT,0.81391287,0.8383395868552344,3,21040,2999
GTTAGATA,0.8136786,0.853038799323795,3,21040,2999
CTATAATC,0.8135936,0.7779346884921453,3,21040,2999
CTATATAC,0.81338483,0.8785098750670021,3,21040,2999
ATGATACA,0.81335455,0.9761163567393725,3,21040,2999
CGAATATC,0.81200594,0.8169092483404115,3,21040,2999
ATAATTAT,0.8119749,0.7907990764029192,3,21040,2999
AAGTATCA,0.81157476,0.9782810373974353,3,21040,2999
GGAGTATA,0.8110556,0.8351028738712737,3,21040,2999
ATACGTAT,0.8102889,0.9486661443945079,3,21040,2999
CAAGTATA,0.8102235,0.7468560590442419,3,21040,2999
CCTATATG,0.80974054,0.6066466004205666,3,21040,2999
AGTATACA,0.8094456,0.7767492681317775,3,21040,2999
TGATATAG,0.8091197,0.9728693357522781,3,21040,2999
ATCCATAT,0.80870366,0.885364697150868,3,21040,2999
TATCCTGC,0.80843884,0.6547540510452315,3,21040,2999
ATACTTAC,0.8084184,0.7399600049478415,3,21040,2999
AATATCCT,0.80765355,0.8169092483404115,3,21040,2999
TTGCTATC,0.80687124,0.8199604172679669,3,21040,2999
GATAGCTA,0.8062404,0.7874386673813549,3,21040,2999
CGGATAAC,0.80611324,0.8534305034428731,3,21040,2999
AGGCGATA,0.805877,0.8040139364202367,3,21040,2999
CATAATAT,0.8055473,0.8067970972663175,3,21040,2999
CGGATCTA,0.8054423,0.8312992207149631,3,21040,2999
AATGGATC,0.80539876,0.8683667999835072,3,21040,2999
CGGATACA,0.80526376,0.8796643714179689,3,21040,2999
AAGTTATA,0.8049334,0.7422689976497753,3,21040,2999
TATATTAA,0.8027811,0.8543582237249,3,21040,2999
GTATTACA,0.8025973,0.7775326763699336,3,21040,2999
CGCAGATC,0.80251336,0.6132952624417598,3,21040,2999
ATTGGATC,0.80237305,0.9010534779202573,3,21040,2999
TTACGATC,0.8018634,0.8007256834206077,3,21040,2999
AGGAGATC,0.80172926,0.87339710551272,3,21040,2999
TCTCATAT,0.80137825,0.733569043004989,3,21040,2999
CGGGTGAT,0.7999572,0.8439059085473961,3,21040,2999
GGATCTTA,0.7996911,0.7736877912010885,3,21040,2999
GCCATATA,0.7985286,0.7059539026099865,3,21040,2999
CGGATAGC,0.7982614,0.811982022842535,3,21040,2999
ACCTATAC,0.7976665,0.8365356863068486,3,21040,2999
CTGAGATC,0.7972753,0.7830886900589618,3,21040,2999
TAACGATA,0.797,0.907269203809838,3,21040,2999
ACGTATAC,0.7964568,0.7655135447161175,3,21040,2999
TGACGATA,0.7963885,0.847956953778914,3,21040,2999
AATCGATC,0.79623455,0.7759246278810868,3,21040,2999
AGGTACTT,0.79584867,0.5497154991135118,3,21040,2999
GATAGTAA,0.7958158,0.7449284624582526,3,21040,2999
TTGGGATC,0.7956777,0.7408671092236012,3,21040,2999
GTATATGC,0.7956226,0.7418876015338309,3,21040,2999
AGATCTCT,0.7948926,0.8012926235929576,3,21040,2999
TGGTACAT,0.79450786,0.5272646682884592,3,21040,2999
GTATCTTT,0.79385257,0.9067434956500228,3,21040,2999
GGATCTCA,0.7933263,0.7401352410011133,3,21040,2999
CTGATTAT,0.7932168,0.7338267430833298,3,21040,2999
GCGTATCC,0.7924219,0.7786047086958313,3,21040,2999
CAGTATAT,0.792421,0.8748917659670968,3,21040,2999
GATCTCAC,0.79206216,0.7525048447614728,3,21040,2999
ATAATATT,0.7914015,0.7687811817094793,3,21040,2999
ACGAGATC,0.7911162,0.8017770997402383,3,21040,2999
GATAGGAC,0.7907957,0.8242588545746918,3,21040,2999
GTATCTAG,0.7906752,0.866995835566734,3,21040,2999
GATATGGC,0.7905424,0.8531109553457304,3,21040,2999
GATCCTGG,0.78977245,0.7833154661279018,3,21040,2999
TCGCTATC,0.7893457,0.7495464478621201,3,21040,2999
GCTTGATC,0.7892635,0.8098585741970066,3,21040,2999
TCAGATAA,0.7890136,0.7435471900383458,3,21040,2999
TGATCTTA,0.7889562,0.8881787820063497,3,21040,2999
TAGAGATC,0.7884653,0.7564528099616542,3,21040,2999
TATCTCAT,0.7884608,0.7936028532552674,3,21040,2999
CATATCTA,0.7883746,0.8813858079412857,3,21040,2999
AGATCAAC,0.7881922,0.7947882736156351,3,21040,2999
CTGGGATC,0.78796226,0.7726879148971262,3,21040,2999
ATCTAGAT,0.7878341,0.8611718137962314,3,21040,2999
AGATCGGT,0.78766125,0.7798622850781347,3,21040,2999
CACAGATA,0.7871819,0.7691316538160229,3,21040,2999
ATGATAAT,0.78707784,0.7612357234156599,3,21040,2999
GTTGTATA,0.7868839,0.7411660413144766,3,21040,2999
ACATGATC,0.7868209,0.8787675751453429,3,21040,2999
TCGATAGA,0.78663325,0.6953057353729435,3,21040,2999
TGCGATAT,0.786398,0.8872819857337237,3,21040,2999
GACCGATC,0.7860052,0.7470622191069145,3,21040,2999
ATACTAAC,0.7859046,0.7175194821259226,3,21040,2999
GTATAAGC,0.78578264,0.6989856924916504,3,21040,2999
TCGTATAC,0.785646,0.7699150620541788,3,21040,2999
ACAGGATC,0.7852001,0.7674411413021069,3,21040,2999
TTAGGATC,0.78494745,0.7642868923432152,3,21040,2999
GATCAACT,0.7848898,0.7529274728899517,3,21040,2999
CATGGATC,0.7847343,0.8117964787861295,3,21040,2999
TTCCTATA,0.784668,0.6336432606275513,3,21040,2999
GGACGATA,0.7846396,0.8490083700985445,3,21040,2999
CGCATATA,0.78454065,0.686306848637282,3,21040,2999
TATCCACT,0.7842201,0.8104255143693565,3,21040,2999
GTATACCT,0.7841084,0.8547499278439781,3,21040,2999
TGATCGTA,0.7829618,0.786170782995918,3,21040,2999
CTAGATAT,0.78275543,0.8462561332618646,3,21040,2999
TGCAGATC,0.78192127,0.7772749762915928,3,21040,2999
ACTGGATC,0.7818193,0.7971694223395044,3,21040,2999
CTAGGATC,0.781523,0.8520595390260999,3,21040,2999
AGCTGATC,0.78111666,0.7789551808023749,3,21040,2999
GATCCTAG,0.7803693,0.8520595390260999,3,21040,2999
ATATTACT,0.78030556,0.8152084278233621,3,21040,2999
ATCGTATG,0.77984583,0.6650414381725972,3,21040,2999
TAAGGATC,0.77966166,0.8385251309116397,3,21040,2999
AATATCTT,0.77950794,0.8252793468849214,3,21040,2999
GCGATAGA,0.77850163,0.5904939595101637,3,21040,2999
GTGTATAA,0.7783466,0.6760710015255844,3,21040,2999
GATAGTAC,0.7778662,0.78314023007463,3,21040,2999
TCGTGATC,0.77763397,0.7874283593782213,3,21040,2999
CCTAGATC,0.77761835,0.7653486166659795,3,21040,2999
TGGTGATC,0.77755547,0.8079825176266854,3,21040,2999
GATAAAAT,0.7768554,0.7022224054756113,3,21040,2999
GATCTCGT,0.7762189,0.8017770997402383,3,21040,2999
GATAGATG,0.7760663,0.7231785758462871,3,21040,2999
AATATAAC,0.77582055,0.69759411206861,3,21040,2999
ATGCGATC,0.7752143,0.7884797756978519,3,21040,2999
GATAATAC,0.7748196,0.9114336370758258,3,21040,2999
AGGATACT,0.77465975,0.846833381437348,3,21040,2999
ATGGATAG,0.7741266,0.7038407619675917,3,21040,2999
GATCTAGG,0.77394855,0.7653486166659795,3,21040,2999
AAGTATAT,0.7738361,0.7699872180761143,3,21040,2999
CTATATGC,0.77379715,0.6425699913412773,3,21040,2999
GTACCGAT,0.7732865,0.5382529996289119,3,21040,2999
GCTAATAT,0.77328223,0.6019667669978971,3,21040,2999
TGATAGCG,0.7732503,0.9297818826536923,3,21040,2999
AGGGTATT,0.7724648,0.8503896425184514,3,21040,2999
ATGGATCA,0.7723935,0.9001979136601658,3,21040,2999
AATCCGAT,0.77231413,0.785356450748361,3,21040,2999
TGATTATA,0.7723097,0.7642868923432152,3,21040,2999
TATCCCGG,0.7720536,0.7724302148187853,3,21040,2999
TGCAATAT,0.77184916,0.7063559147321982,3,21040,2999
CCGATTAT,0.7717678,0.7273223931060074,3,21040,2999
TATGATAG,0.77163553,0.9243804890116687,3,21040,2999
TGTATCCT,0.7714025,0.8291345400569001,3,21040,2999
ATAATATG,0.77132195,0.7873974353688205,3,21040,2999
TTGTTATA,0.7708647,0.8032305281820805,3,21040,2999
TTCTAGAT,0.7704176,0.6343132808312374,3,21040,2999
CGGATGAT,0.770357,0.7648641405186988,3,21040,2999
GCATTATA,0.76969814,0.7708221663299385,3,21040,2999
ATGGATCG,0.76967406,0.849977322393106,3,21040,2999
TAATAGAT,0.7693125,0.8375974106296129,3,21040,2999
CCAGGATC,0.7687998,0.7833154661279018,3,21040,2999
ATACTGAA,0.7683852,0.6643817259720447,3,21040,2999
TTGTAGAT,0.7681739,0.7069331629076816,3,21040,2999
GCATATCC,0.7679628,0.8792623592957571,3,21040,2999
CCTATAGA,0.7678424,0.7679256174493877,3,21040,2999
AGATAGCA,0.76739883,0.7701727621325197,3,21040,2999
ACAGGTAT,0.76731414,0.7847173545540758,3,21040,2999
TGTATCGT,0.76676625,0.9111553209912175,3,21040,2999
ATCGGATT,0.7664397,0.785356450748361,3,21040,2999
TATATGAC,0.76590973,0.7961386220261412,3,21040,2999
CGATATGC,0.76585424,0.9249165051746177,3,21040,2999
CGAAGATA,0.76569563,0.8205170494371831,3,21040,2999
GATCTCGA,0.7654636,0.6141508267018513,3,21040,2999
GTGTAGAT,0.765203,0.6718344122376614,3,21040,2999
GATAGGTT,0.76495737,0.8143734795695378,3,21040,2999
GTGGGATC,0.7647697,0.8215993897662145,3,21040,2999
GCCGGATC,0.7646489,0.8777264668288459,3,21040,2999
CTGATAAC,0.7644997,0.6949140312538655,3,21040,2999
GCATGATC,0.76435435,0.7414134333896838,3,21040,2999
TCGAGATC,0.76435137,0.6141508267018513,3,21040,2999
CCTGGATC,0.7632173,0.6994907846451985,3,21040,2999
TGGATAAT,0.76317424,0.7148806333237125,3,21040,2999
AGGCTATC,0.7627952,0.8948377520306767,3,21040,2999
AGGATTAT,0.762758,0.8275471075743207,3,21040,2999
TCCTATAC,0.76273334,0.742165917618439,3,21040,2999
GATCGCAT,0.7626142,0.7884797756978519,3,21040,2999
TTATACAG,0.762421,0.712478868593576,3,21040,2999
ATAGGTAA,0.7619971,0.6916051622479693,3,21040,2999
ATGTTATC,0.7616691,0.7654104646847812,3,21040,2999
GATCGGCT,0.7615444,0.8444522327134788,3,21040,2999
GATAGTCA,0.7614313,0.7618954356162125,3,21040,2999
GAGGATAC,0.7614156,0.835906898115697,3,21040,2999
GTCTTATA,0.7613723,0.7541953572753886,3,21040,2999
GATAACTT,0.7612496,0.6568053436688245,3,21040,2999
AAGTATCG,0.76086617,0.9094132684616335,3,21040,2999
CGGATAGG,0.7607309,0.7306106461056364,3,21040,2999
TTTATACA,0.7606436,0.7401455490042469,3,21040,2999
TATAATAG,0.75999653,0.785974930936379,3,21040,2999
GGTATAAT,0.7595396,0.9022595142868923,3,21040,2999
TCTATCCT,0.7593724,0.6368902816146456,3,21040,2999
GATGTATC,0.759071,0.9289881664124026,3,21040,2999
TCCTATAA,0.7584599,0.6430338514822909,3,21040,2999
CTTATAAA,0.7582952,0.6555993073021894,3,21040,2999
GTAATAAA,0.7574313,0.5999257823774378,3,21040,2999
ATACGACA,0.7570561,0.761936667628747,3,21040,2999
CTATACCT,0.7558185,0.854554075784439,3,21040,2999
CGGATCAT,0.75538373,0.9577165711458376,3,21040,2999
GGCCGATA,0.7553559,0.7294561497546695,3,21040,2999
CCGATACA,0.7552086,0.8994866614439451,3,21040,2999
CAACGATA,0.7546327,0.8399476353440812,3,21040,2999
TCAGGATC,0.7541953,0.7840988743660577,3,21040,2999
AGATCGCA,0.75417036,0.7394033727786253,3,21040,2999
GATCTGAG,0.75395316,0.7839957943347214,3,21040,2999
GTATAAAC,0.7529162,0.7708737063456068,3,21040,2999
CTTAATAT,0.7525765,0.775666927802746,3,21040,2999
GCTGGATC,0.7524622,0.7077990351709067,3,21040,2999
TAGTATCT,0.7523578,0.8902094586236754,3,21040,2999
GCTATTAT,0.75235623,0.7097163237537624,3,21040,2999
ACTTAGAT,0.7517994,0.7198593988372572,3,21040,2999
GCTAGATA,0.7517753,0.7679977734713231,3,21040,2999
GATCGCGT,0.75147516,0.7664206489918772,3,21040,2999
CGATCAAT,0.7512877,0.7216736073887766,3,21040,2999
GTTAGATC,0.7512715,0.6662371665360985,3,21040,2999
GTATTACC,0.7511448,0.7748732115614563,3,21040,2999
ACGATAGT,0.75075114,0.8398548633158784,3,21040,2999
TGTATACT,0.75051385,0.7767492681317775,3,21040,2999
GATCCAAG,0.74967766,0.8139199274316581,3,21040,2999
GATCTAAT,0.7491969,0.7868923432152723,3,21040,2999
GTACGATC,0.7487474,0.7983136106873376,3,21040,2999
AGTATCTA,0.7486063,0.9117222611635674,3,21040,2999
GGTATATT,0.748426,0.8960334803941781,3,21040,2999
ATCTCGAT,0.7481027,0.8181668247227147,3,21040,2999
AGGTACAC,0.7480051,0.34752401764730134,3,21040,2999
AAGTATAG,0.7473291,0.6602069847029233,3,21040,2999
AGATCTCA,0.74698794,0.8153527398672329,3,21040,2999
ACCTGATC,0.74621856,0.801869871768441,3,21040,2999
GATAACGG,0.7459533,0.5683523687791201,3,21040,2999
CCGATGAT,0.7458546,0.7352904795283057,3,21040,2999
AATATAAG,0.7452596,0.7946130375623633,3,21040,2999
ATAAATAC,0.7452166,0.8170020203686141,3,21040,2999
CGGATACT,0.7452166,0.8700882365068239,3,21040,2999
CGATCCGA,0.7448739,0.8229806621861212,3,21040,2999
AGATAAGC,0.74438745,0.44158454624170207,3,21040,2999
CCGCGATC,0.7442697,0.7671731332206326,3,21040,2999
GGGGTTAT,0.74381423,0.817259720446955,3,21040,2999
ATCATACC,0.74373007,0.8750566940172351,3,21040,2999
GATCGTAC,0.74351305,0.7983136106873376,3,21040,2999
TATAAGTC,0.7431747,0.6259637982929948,3,21040,2999
GATAGCAT,0.7430317,0.7690079577784191,3,21040,2999
GTATGGGA,0.7423159,0.5888962190244507,3,21040,2999
GTGATTAT,0.742168,0.6557436193460603,3,21040,2999
TTATACGG,0.7421656,0.746010802787284,3,21040,2999
GATCGCTG,0.7419571,0.7568032820681977,3,21040,2999
AGGATCCT,0.74159765,0.8525543231765143,3,21040,2999
CGGGATAA,0.7412986,0.7340122871397353,3,21040,2999
ATAGTATG,0.7410552,0.7806456933162907,3,21040,2999
AACTTATC,0.74082655,0.6733393806951717,3,21040,2999
AGTCTATC,0.7407479,0.5959984331835236,3,21040,2999
GTAGCGGA,0.7407287,0.41063992083453593,3,21040,2999
ATGTCTAT,0.7403387,0.6670102667711211,3,21040,2999
TGGATCTT,0.74016225,0.7110460561580011,3,21040,2999
GTGTATTG,0.73999494,0.6882859852389395,3,21040,2999
TAGTATAG,0.73984754,0.7653589246691131,3,21040,2999
GATCCCCT,0.7396057,0.8472147775532924,3,21040,2999
TCTTAGAT,0.7393703,0.8938378757267141,3,21040,2999
GATAACTG,0.738764,0.7507524842287552,3,21040,2999
ATGGTTAT,0.7387575,0.6845854121139653,3,21040,2999
GATCTGGC,0.7386266,0.7646167484434916,3,21040,2999
GAAGGATC,0.7384729,0.8457819651177175,3,21040,2999
AAGATAAC,0.7381732,0.7405578691295922,3,21040,2999
AGGAATAT,0.7376797,0.7907269203809838,3,21040,2999
TGGATAAC,0.73764044,0.6802972828103739,3,21040,2999
TATAATTG,0.73756546,0.6864099286686183,3,21040,2999
TTATTTAT,0.73729545,0.6463942605038552,3,21040,2999
GTGGTATG,0.7371012,0.5285016286644951,3,21040,2999
CGATCAGT,0.73662496,0.7787284047334351,3,21040,2999
AATTATAC,0.73650473,0.7016142332907269,3,21040,2999
GTTATCAT,0.7363208,0.7348163113841587,3,21040,2999
ATCTATCT,0.73627144,0.8064363171566404,3,21040,2999
TTTGGATC,0.7361927,0.7799756731126046,3,21040,2999
ACTTATAC,0.7348752,0.6887395373768194,3,21040,2999
ATATTGGA,0.73482454,0.836556302313116,3,21040,2999
GGATAGCG,0.734812,0.7837793262689151,3,21040,2999
GTATGCTA,0.7345527,0.6282934070011958,3,21040,2999
CATTATAT,0.7344553,0.7618438956005442,3,21040,2999
TCTATCAG,0.7341816,0.7016657733063951,3,21040,2999
CGTATCTT,0.73352367,0.8441842246320044,3,21040,2999
TGATCTAA,0.73347795,0.7758833958685524,3,21040,2999
TCGCGATC,0.73346347,0.8011998515647549,3,21040,2999
GAACTATA,0.73341525,0.6776996660206984,3,21040,2999
CGGATCCT,0.7325108,0.7550818455448811,3,21040,2999
AGCTATAC,0.73218155,0.726518368861584,3,21040,2999
GTAGATCG,0.7320203,0.7160763616872139,3,21040,2999
CGATTATC,0.73201716,0.724642312291263,3,21040,2999
CATGATAG,0.73176914,0.8851069970725272,3,21040,2999
CAATCTAT,0.7317116,0.7186533624706223,3,21040,2999
CCGATAGT,0.7311503,0.6519296581866161,3,21040,2999
CTTATACA,0.7308578,0.5790623840349648,3,21040,2999
GATACAGC,0.7307508,0.8837875726714222,3,21040,2999
TGGGTTAT,0.73033243,0.6559085473961984,3,21040,2999
TGGATACT,0.73025066,0.8819424401105018,3,21040,2999
GATCCCTG,0.7299397,0.823413598317734,3,21040,2999
GTTATACA,0.7299192,0.7868098791902034,3,21040,2999
ATATGGAT,0.7298698,0.885364697150868,3,21040,2999
TATCGCAA,0.72932833,0.7680080814744569,3,21040,2999
ACGTATCT,0.7292684,0.832031088937451,3,21040,2999
ATCGTTAT,0.7291555,0.8133632952624418,3,21040,2999
GGATAGGC,0.7289608,0.7109017441141302,3,21040,2999
TCCATATG,0.7288168,0.589896095328413,3,21040,2999
CCTCTATC,0.7282254,0.6524553663464313,3,21040,2999
CTCTTATA,0.7282117,0.754298437306725,3,21040,2999
TAATATTA,0.7282094,0.8237125304086093,3,21040,2999
TGGGAGAT,0.7281236,0.7231682678431534,3,21040,2999
GGAGATAG,0.72764796,0.8194450171112853,3,21040,2999
CTATAGTA,0.7274406,0.7485568795612914,3,21040,2999
CAGATCTA,0.7274113,0.7450830825052571,3,21040,2999
GGGGTATT,0.72697806,0.8892508143322476,3,21040,2999
TATAGTAA,0.72648907,0.7122211685152352,3,21040,2999
TGATAGGC,0.7264799,0.8911474869088359,3,21040,2999
TATCTTGC,0.72629076,0.7048303302684205,3,21040,2999
GTATTAGC,0.72626966,0.6455902362594318,3,21040,2999
GTATTTCA,0.72595817,0.5721560219354307,3,21040,2999
CGTATACC,0.72592574,0.7658021688038593,3,21040,2999
CTAGTTAT,0.725686,0.7524326887395374,3,21040,2999
GATCTGTC,0.72510386,0.734888467406094,3,21040,2999
ATAGTTAA,0.72505355,0.6935636828433596,3,21040,2999
GCGCGATC,0.7241084,0.7022224054756113,3,21040,2999
GTAATTAT,0.72396725,0.6413639549746423,3,21040,2999
CCTATCAT,0.7239446,0.9467076237991177,3,21040,2999
AGACAGAT,0.7239319,0.7094792396816889,3,21040,2999
ATACGCTA,0.72386634,0.8114563146827196,3,21040,2999
AGTATTAT,0.7236562,0.8688306601245207,3,21040,2999
TGAAATAT,0.7236549,0.7102007999010431,3,21040,2999
AATGGTAT,0.72319156,0.817878200634973,3,21040,2999
CTACAGAT,0.7228807,0.5159052488351956,3,21040,2999
TGGTCTAT,0.72277087,0.5510452315177504,3,21040,2999
TGATCTGC,0.7219318,0.8460087411866573,3,21040,2999
AACTATAC,0.7212683,0.751123572341566,3,21040,2999
TACAATAT,0.72117674,0.8095802581123985,3,21040,2999
ATACCCTA,0.7205403,0.9199686636704738,3,21040,2999
GATGAGAT,0.72029155,0.7887271677730591,3,21040,2999
AAATACAT,0.7201529,0.6662783985486331,3,21040,2999
CGATCGGT,0.7198946,0.7531027089432235,3,21040,2999
ATAGGCTA,0.7195005,0.6816888632334145,3,21040,2999
AAAGATCC,0.7187916,0.8046118006019873,3,21040,2999
CCGATAGG,0.7187727,0.815321815857832,3,21040,2999
AAATTATC,0.7184269,0.6716797921906569,3,21040,2999
CCGATCTA,0.71809214,0.8049931967179318,3,21040,2999
CGATTGAT,0.71800876,0.768987341772152,3,21040,2999
CGGGAGAT,0.71790296,0.7574526862656167,3,21040,2999
CGGTATGA,0.7176714,0.6342514328124356,3,21040,2999
AAATCTAT,0.7176531,0.5316868016327877,3,21040,2999
ATCTTGAT,0.7175974,0.7470106790912464,3,21040,2999
GATAGCCA,0.7172379,0.819898569249165,3,21040,2999
TCTATACA,0.71707225,0.741939141549499,3,21040,2999
CGTATAGT,0.71689856,0.686080072568342,3,21040,2999
TCAGATAC,0.7166893,0.8467509174122789,3,21040,2999
TGTATAAA,0.7165874,0.7401455490042469,3,21040,2999
CTGCTGAT,0.7159913,0.6363645734548303,3,21040,2999
GTATTGGT,0.71597713,0.7852224467076238,3,21040,2999
GATCCATG,0.71577805,0.8117964787861295,3,21040,2999
GATAGGCT,0.7141637,0.8120644868676041,3,21040,2999
CCTATGAT,0.7134585,0.7426400857625861,3,21040,2999
GTAATGAT,0.71301186,0.7725642188595224,3,21040,2999
GCTATCAT,0.7130037,0.9723333195893292,3,21040,2999
AAATAGAT,0.7125359,0.7934585412113965,3,21040,2999
CTTGGTAT,0.7121109,0.7444336783078382,3,21040,2999
AGTTATAC,0.712009,0.7622046757102214,3,21040,2999
GGGATGAT,0.7118618,0.8157032119737765,3,21040,2999
ATACGATT,0.7117012,0.6128004782913453,3,21040,2999
TGTTATCA,0.71136045,0.717787490207397,3,21040,2999
TATTATAC,0.71082,0.8617799859811158,3,21040,2999
TTCATACA,0.7104506,0.6031934193707995,3,21040,2999
GTCTATCC,0.70972264,0.605512720075867,3,21040,2999
AATTGTAT,0.70923674,0.6571042757596999,3,21040,2999
GATAATTT,0.70910025,0.6716797921906569,3,21040,2999
TAATATGT,0.70896846,0.7177153341854615,3,21040,2999
ACGTAGAT,0.7086141,0.6413227229621078,3,21040,2999
CGATCAAG,0.7085078,0.5706922854904548,3,21040,2999
CGGTTATC,0.70838,0.7549478415041438,3,21040,2999
ATCGCAGA,0.7083255,0.689059085473962,3,21040,2999
TGGATCTC,0.70768607,0.7334556549705191,3,21040,2999
TGTCTATC,0.70751494,0.7190759905991011,3,21040,2999
GTCTAATC,0.70749956,0.5963695212963345,3,21040,2999
AGCTATCC,0.7072123,0.6530326145219147,3,21040,2999
TTCATATG,0.70709634,0.5590133179400486,3,21040,2999
ATGTTGAT,0.70702463,0.8193110130705479,3,21040,2999
AGATCGGG,0.70693564,0.768142085515194,3,21040,2999
ATATGAAT,0.7067714,0.7917164886818125,3,21040,2999
GTGGTGAT,0.70676166,0.7226322516802045,3,21040,2999
CTGATAAG,0.70662,0.7270646930276666,3,21040,2999
CTGTATTA,0.70644933,0.7314249783531934,3,21040,2999
GCTATCAG,0.70637697,0.8950129880839484,3,21040,2999
GGGGAGAT,0.706349,0.7281470333566982,3,21040,2999
TATTCAGA,0.70630985,0.6801735867727704,3,21040,2999
CTGATACA,0.7061165,0.9403888178782007,3,21040,2999
TTGATAAT,0.7060115,0.8164247721931308,3,21040,2999
CGATAGTC,0.70597225,0.7976642064899188,3,21040,2999
CATAAGAT,0.7058371,0.6229641693811074,3,21040,2999
ATCTCTCT,0.70572823,0.783645322228178,3,21040,2999
ATTATAAC,0.70569384,0.6403640786706799,3,21040,2999
AGTATAGC,0.70517045,0.6268915185750217,3,21040,2999
CCGTGATC,0.7050591,0.8100853502659464,3,21040,2999
ATCTATTC,0.70496756,0.7758833958685524,3,21040,2999
AATATCGG,0.70463836,0.8192903970642808,3,21040,2999
ATCCCACA,0.70457256,0.7151074093926525,3,21040,2999
CTGATAGT,0.7044471,0.8445346967385479,3,21040,2999
ATATGTGA,0.70425224,0.8710365727951181,3,21040,2999
GATCGTAG,0.7041144,0.7519791366016575,3,21040,2999
ATGTATGA,0.703265,0.7892116439203398,3,21040,2999
CCGTTGAT,0.70310414,0.6515894940832062,3,21040,2999
TCATAAAT,0.70289147,0.7438564301323548,3,21040,2999
CCAGGTAT,0.70284265,0.652692450418505,3,21040,2999
AGATCTAC,0.70281863,0.7569785181214695,3,21040,2999
AAATATGA,0.7024301,0.7236630519935678,3,21040,2999
TTGATAGT,0.70209515,0.905918855399332,3,21040,2999
ATAGCAGA,0.7019015,0.6732053766544345,3,21040,2999
AGTTATCC,0.70170945,0.8165897002432688,3,21040,2999
TGTATACG,0.70058566,0.8188574609326681,3,21040,2999
ATTTATCT,0.6995002,0.7406300251515276,3,21040,2999
CCATTGAT,0.69938993,0.6739578608831897,3,21040,2999
GATCGCAC,0.6992149,0.7508658722632252,3,21040,2999
ATGATACC,0.69916964,0.989691996866367,3,21040,2999
CACGATAT,0.69913006,0.8611924298024987,3,21040,2999
ACTGTTAT,0.6989313,0.666226858532965,3,21040,2999
ATACGCCA,0.69884866,0.7996639590978436,3,21040,2999
CATACACG,0.6986177,0.5130705479734466,3,21040,2999
CTAGATAG,0.69858235,0.7013668412155197,3,21040,2999
TGATCCAG,0.6978837,0.8656557951593618,3,21040,2999
ATACCGCA,0.6977716,0.8421638560178122,3,21040,2999
GATCCAGG,0.69720393,0.6994907846451985,3,21040,2999
CCTATCTT,0.69714737,0.7814394095575804,3,21040,2999
TGTACCAT,0.69697666,0.548725930812683,3,21040,2999
GATAGCGA,0.6969561,0.7495464478621201,3,21040,2999
CGTTAGAT,0.69694984,0.5783202078093431,3,21040,2999
GGATCTAG,0.6966471,0.6945326351379212,3,21040,2999
GGTATACC,0.696644,0.8749329979796313,3,21040,2999
AATGGGAT,0.696623,0.6771636498577496,3,21040,2999
ATGTACCC,0.69636,0.4298849626850287,3,21040,2999
CGATCAGC,0.6962075,0.6217890570238733,3,21040,2999
GATCCCGC,0.69596595,0.7647919844967633,3,21040,2999
TGATCCCC,0.6959137,0.9487073764070424,3,21040,2999
TCGTTGAT,0.69566447,0.7907990764029192,3,21040,2999
ATATTCTG,0.6955168,0.7061394466663918,3,21040,2999
ATCGATAC,0.69542927,0.9539541500020616,3,21040,2999
GTACTCAT,0.6950619,0.6059456562074795,3,21040,2999
ATCTAACA,0.6949545,0.6770605698264133,3,21040,2999
TGATCTAC,0.6949245,0.8594916092854492,3,21040,2999
AAAGGTAT,0.69457823,0.8981363130334391,3,21040,2999
GGAATGAT,0.694575,0.7937677813054056,3,21040,2999
TTCATATT,0.6942193,0.6748031171401476,3,21040,2999
TGATAGTC,0.6939935,0.9098152805838453,3,21040,2999
AGCTATAA,0.6937855,0.6599492846245825,3,21040,2999
ATCGTTTC,0.69373626,0.6838947759040118,3,21040,2999
GTATAGCC,0.6935728,0.6917700902981075,3,21040,2999
AGTTATCT,0.6933965,0.6480847730177709,3,21040,2999
ACGTATTG,0.69335735,0.6395497464231229,3,21040,2999
AATCTATG,0.692994,0.5673937244876923,3,21040,2999
ACAGGTAA,0.6926615,0.4512019131653816,3,21040,2999
ATCGGTAC,0.69257814,0.5382529996289119,3,21040,2999
TGTATCAA,0.69254315,0.9631695048035296,3,21040,2999
GCTATCAA,0.6921386,0.9257617614315755,3,21040,2999
CCCGGTGA,0.6919886,0.2851915226982229,3,21040,2999
TATAATCG,0.69169044,0.7600296870490248,3,21040,2999
GATCTACC,0.6913749,0.812796355090092,3,21040,2999
TTGTTTAT,0.69129264,0.7978703665525915,3,21040,2999
AATACAGA,0.6912372,0.6165216674225868,3,21040,2999
AGATAACG,0.6911148,0.705799282562982,3,21040,2999
GTTACTAT,0.69108444,0.5184100935966685,3,21040,2999
TTTCGATC,0.6909833,0.7050364903310931,3,21040,2999
TTATAGCG,0.69065446,0.4679214942481343,3,21040,2999
ATAGGTAC,0.6905143,0.7680905454995257,3,21040,2999
GTCTTGAT,0.69024557,0.6381581660000825,3,21040,2999
CCCTGATC,0.69020855,0.7471962231476519,3,21040,2999
TGTATCGA,0.69013226,0.8764998144559436,3,21040,2999
GGATTAAC,0.6899577,0.7553498536263555,3,21040,2999
TCGTATTG,0.6899016,0.7448356904300499,3,21040,2999
ATGGGTAT,0.6898105,0.8511421267472065,3,21040,2999
GCCTAGAT,0.68948275,0.56605368408032,3,21040,2999
ATCTCAGT,0.6886149,0.5818867768935801,3,21040,2999
CCAGTATT,0.68839014,0.5695068651300871,3,21040,2999
TGTATCGG,0.68807465,0.8994866614439451,3,21040,2999
CTAGCGGA,0.6874109,0.21808642229827235,3,21040,2999
TACATCTA,0.6873999,0.6510431699171236,3,21040,2999
GTGTATGA,0.687279,0.701387457221787,3,21040,2999
TTAAATAC,0.68721455,0.8334742093761597,3,21040,2999
CTACCGGA,0.68677884,0.4382550612295386,3,21040,2999
TGTATCAC,0.6866767,0.9714674473261039,3,21040,2999
AGTTACAC,0.68634075,0.5905970395415,3,21040,2999
ACTGGTAT,0.68628603,0.8308456685770832,3,21040,2999
ATGATTAC,0.6862479,0.5149775285531687,3,21040,2999
TATTCCCT,0.68609387,0.6867397847688946,3,21040,2999
GCATCTGA,0.68601644,0.4512122211685152,3,21040,2999
TCGATGAT,0.68598413,0.8878695419123408,3,21040,2999
GGGTCTAT,0.68575466,0.6658660784232878,3,21040,2999
ATATGCGA,0.68562615,0.7779553044984125,3,21040,2999
ATTTTTAT,0.68546253,0.6896569496557127,3,21040,2999
GTAAGACA,0.6849696,0.42672040572300335,3,21040,2999
TAGATACC,0.6849479,0.9621490124932999,3,21040,2999
ATATTTCT,0.6844879,0.6085020409846205,3,21040,2999
ATAGGATG,0.68446165,0.7624623757885622,3,21040,2999
GTATGGAA,0.68443257,0.3282995918030759,3,21040,2999
GGTATCCT,0.6843963,0.8845194408939101,3,21040,2999
TGGATCAA,0.68433225,0.8986104811775862,3,21040,2999
AGCATACA,0.6839712,0.4885581165216674,3,21040,2999
TGGTACTG,0.68367076,0.3508122706469303,3,21040,2999
ATCGTCTA,0.6836472,0.7417123654805592,3,21040,2999
ACGGATAG,0.6836003,0.760081227064693,3,21040,2999
CGTAACAT,0.68310845,0.27552261575887516,3,21040,2999
GATTAAAT,0.6829212,0.7527316208304128,3,21040,2999
GATCGTCG,0.68274796,0.6781841421679793,3,21040,2999
ATTTATTC,0.68248576,0.5845565497051911,3,21040,2999
TAGATAGC,0.6820861,0.7684616336123367,3,21040,2999
GTCATATG,0.68189764,0.7065208427823362,3,21040,2999
AAAGCTAT,0.6817826,0.6829979796313859,3,21040,2999
CATCCGAT,0.68136644,0.7315280583845298,3,21040,2999
TAATTATC,0.6813099,0.7437224260916175,3,21040,2999
AAGAATAT,0.68092686,0.7031810497670391,3,21040,2999
TCGATAGG,0.6807413,0.7319300705067415,3,21040,2999
AGATCTAG,0.68055916,0.7416917494742918,3,21040,2999
CAGATTAT,0.6804676,0.774574279470581,3,21040,2999
GAAACTAT,0.6804351,0.723827980043706,3,21040,2999
CAGCATAT,0.68030286,0.7805116892755536,3,21040,2999
TGATAACC,0.680257,0.7544221333443285,3,21040,2999
CTCCTCAT,0.68012863,0.45998433183523685,3,21040,2999
ACTATCAT,0.6799387,0.9216901001937905,3,21040,2999
CTAGATCG,0.67986715,0.7431142539067331,3,21040,2999
ATAAATAG,0.67973864,0.7464231229126294,3,21040,2999
AGTGATAC,0.6795582,0.9879602523399167,3,21040,2999
TGGCATAT,0.67919856,0.8250525708159815,3,21040,2999
ATCGAATC,0.6791723,0.6765142456603307,3,21040,2999
CTATAAAT,0.67899364,0.580402424442337,3,21040,2999
ATGTGTAT,0.6787317,0.798808394837752,3,21040,2999
TGTTATCT,0.67868084,0.7188698305364285,3,21040,2999
CGACTATC,0.6785079,0.7255494165670227,3,21040,2999
GGGTCGAT,0.6785004,0.6618871892137055,3,21040,2999
ATACATAG,0.6784492,0.6634952377025523,3,21040,2999
ATAGGGAT,0.67835796,0.8568424524801056,3,21040,2999
TCATTGAT,0.67833894,0.8170123283717479,3,21040,2999
ATTATCAT,0.67833793,0.7612357234156599,3,21040,2999
GCTCGATA,0.6782947,0.6783181462087164,3,21040,2999
ATCGGTAA,0.6782207,0.7768935801756482,3,21040,2999
CAATTGAT,0.6779585,0.6366016575269039,3,21040,2999
GGATTCAT,0.6778974,0.5029583968993526,3,21040,2999
ATCACAGA,0.6778864,0.7779346884921453,3,21040,2999
CTGTCGAT,0.6775804,0.5551272007586691,3,21040,2999
AGTATCGT,0.6772577,0.933358759741063,3,21040,2999
TTTATAAA,0.67722476,0.6195109883313404,3,21040,2999
GTGAATAT,0.6770726,0.7175710221415907,3,21040,2999
AGGGTGAT,0.67701167,0.8735311095534573,3,21040,2999
CTCATACA,0.6766453,0.599049602111079,3,21040,2999
CATACTCC,0.6764538,0.6170061435698677,3,21040,2999
ATCGATAA,0.67637795,0.7912629365439326,3,21040,2999
CTAGTGAT,0.6763215,0.7651630726095741,3,21040,2999
ATAGGATT,0.67611945,0.7574011462499484,3,21040,2999
CAATACCT,0.6761194,0.7914587886034717,3,21040,2999
GATAAATC,0.6755402,0.5355626108110337,3,21040,2999
GTCTCATA,0.67551786,0.7406712571640621,3,21040,2999
ACCGTACA,0.6754874,0.42255597245701565,3,21040,2999
AAAATATG,0.67487353,0.6973879520059374,3,21040,2999
AAGATAAG,0.6748224,0.6597534325650435,3,21040,2999
CGGGTATG,0.67481244,0.652269822290026,3,21040,2999
CGATCGAA,0.67480206,0.6586298602234776,3,21040,2999
GATAGCGG,0.6742794,0.8314229167525666,3,21040,2999
TGAATTAT,0.6742107,0.6716694841875231,3,21040,2999
TATAAACC,0.6740076,0.6838020038758093,3,21040,2999
GATCTACA,0.673995,0.7239619840844432,3,21040,2999
TGGTACTC,0.6737835,0.45619098668206,3,21040,2999
CCTTTGAT,0.6736616,0.7264255968333815,3,21040,2999
ATGGGTAA,0.67365104,0.47976538984867856,3,21040,2999
GCTATGAT,0.6736071,0.7530820929369563,3,21040,2999
ATACGGAA,0.6731995,0.6924710345111945,3,21040,2999
ATTGATCG,0.6727955,0.7216736073887766,3,21040,2999
TGCATATT,0.6727376,0.5025770007834083,3,21040,2999
ATTGCTAT,0.67250884,0.7687708737063457,3,21040,2999
GTTATAAT,0.6723408,0.6403640786706799,3,21040,2999
CTATTGTA,0.6722448,0.6748340411495485,3,21040,2999
AGTATAAT,0.67195797,0.82385684245248,3,21040,2999
TGATCTAG,0.67175674,0.8685008040242445,3,21040,2999
TGCTCTAT,0.6717228,0.511627427534738,3,21040,2999
TTTATAGG,0.67117006,0.6152950150496846,3,21040,2999
ATAGATTG,0.67106926,0.7186533624706223,3,21040,2999
CTCTTGAT,0.6710204,0.6944089391003175,3,21040,2999
GCATTATC,0.67101747,0.696418999711376,3,21040,2999
CATCCTAT,0.67095804,0.7624623757885622,3,21040,2999
CTGATCTA,0.670443,0.8753350101018431,3,21040,2999
GCGTTTAT,0.6702575,0.48769224425844226,3,21040,2999
CATCTCAT,0.6701367,0.6723704284006102,3,21040,2999
CTGGATAG,0.6700007,0.6669484187523192,3,21040,2999
TTACCGGA,0.669917,0.5030202449181544,3,21040,2999
CATACACA,0.6691587,0.6266647425060817,3,21040,2999
GACATATG,0.6690934,0.5564260091535067,3,21040,2999
TCAGTATT,0.6689512,0.5849379458211355,3,21040,2999
GCTAAGAT,0.6688835,0.580010720323259,3,21040,2999
CTGATCTC,0.6688628,0.80263266400033,3,21040,2999
CCGATCAT,0.6686291,0.8431225003092402,3,21040,2999
GTGATAAG,0.6683832,0.7096957077474952,3,21040,2999
ATCCGAGA,0.6682134,0.8104873623881582,3,21040,2999
ACGATACT,0.6681427,0.933358759741063,3,21040,2999
ATGGGATT,0.66801035,0.7347956953778914,3,21040,2999
CATATGAG,0.667929,0.6693914154949904,3,21040,2999
TATTTACA,0.66782093,0.775357687708737,3,21040,2999
AGATTCTT,0.66779816,0.4412546901414258,3,21040,2999
GTATTGAC,0.6674742,0.6852348163113842,3,21040,2999
AGGATGAT,0.6672395,0.7300849379458211,3,21040,2999
CGATCCTC,0.6672303,0.8466375293778089,3,21040,2999
GCTATAAT,0.6671915,0.7819135777017276,3,21040,2999
ATAGTTCT,0.6671385,0.6677112109842082,3,21040,2999
AGCTAGAT,0.6668412,0.6887086133674185,3,21040,2999
ATCTCTGA,0.66597295,0.8084773017770998,3,21040,2999
ATAGCGCA,0.6656997,0.588999299055787,3,21040,2999
ATGTACAC,0.66551864,0.616830907516596,3,21040,2999
ATTCGGAT,0.6653209,0.7784913206613616,3,21040,2999
GTACCCAA,0.6646975,0.42550406135323465,3,21040,2999
CGAATGAT,0.66426176,0.798416690718674,3,21040,2999
ATACTTTA,0.6641008,0.835906898115697,3,21040,2999
CGTATAAC,0.6638555,0.7483507194986186,3,21040,2999
ATAAAGAT,0.6638467,0.7962210860512101,3,21040,2999
GACGATAC,0.6636406,0.9469137838617903,3,21040,2999
GTACCCGG,0.66347414,0.4460479115985651,3,21040,2999
AATGTTAT,0.6631828,0.7517832845421185,3,21040,2999
GCGATAGT,0.66316336,0.8232280542613285,3,21040,2999
GTTATAGG,0.6628177,0.742671009771987,3,21040,2999
AGACCTAT,0.66263384,0.6461159444192471,3,21040,2999
GAATTGAT,0.6625717,0.6884715292953448,3,21040,2999
ATATTGCA,0.6625232,0.7063559147321982,3,21040,2999
GTAGCTCA,0.6621351,0.4812497422999217,3,21040,2999
TCCTCTAT,0.6620297,0.7723992908093844,3,21040,2999
AATTATAG,0.6618392,0.7117573083742217,3,21040,2999
ATGATCTT,0.6618241,0.8583268049313487,3,21040,2999
ATACTCAG,0.6615064,0.7898301241083577,3,21040,2999
GTATTGGA,0.6614084,0.6709582319713026,3,21040,2999
ATGATTAG,0.66131157,0.6196140683626767,3,21040,2999
ATACACTC,0.66100615,0.7981074506246649,3,21040,2999
ATCGAGAT,0.6608844,0.8181668247227147,3,21040,2999
CTAACGAT,0.6608167,0.8010349235146168,3,21040,2999
GTAGCCTA,0.6604622,0.31233249494907844,3,21040,2999
ATGATAGG,0.6602065,0.9467076237991177,3,21040,2999
ACCGGATT,0.65977097,0.6411371789057023,3,21040,2999
GATTGATG,0.65954846,0.6094194532635138,3,21040,2999
CGGAATAA,0.659384,0.40954727250237083,3,21040,2999
CAGGTGAT,0.65937734,0.8318970848967138,3,21040,2999
CAATATGT,0.65918696,0.6529089184843112,3,21040,2999
CTGATGAT,0.65917724,0.7662969529542738,3,21040,2999
ATTGTATG,0.65901196,0.513173628004783,3,21040,2999
TTTTCTAT,0.65888983,0.587927266729889,3,21040,2999
TATGATTC,0.6587562,0.5958231971302519,3,21040,2999
CCTATACT,0.6587484,0.6967179318022513,3,21040,2999
GTCTCGAA,0.6585011,0.3984558611305818,3,21040,2999
AGAATACA,0.65848255,0.6853069723333196,3,21040,2999
CGATAGCC,0.6583386,0.8534717354554076,3,21040,2999
GTGTAATC,0.6579816,0.6473941368078175,3,21040,2999
CATACACT,0.6579706,0.5160701768853339,3,21040,2999
ACACCGAT,0.65792185,0.7477425473137345,3,21040,2999
CTCATGAT,0.6578468,0.7369088360202862,3,21040,2999
TTTATAGC,0.65769863,0.672545664453882,3,21040,2999
TATTGGGA,0.6576789,0.6702779037644827,3,21040,2999
ATAATCAT,0.6576505,0.80791036160475,3,21040,2999
GTAAATAC,0.65764236,0.6168515235228631,3,21040,2999
GTACCCTA,0.6574859,0.6102647095204716,3,21040,2999
TTCATTAT,0.65744317,0.6312724199068157,3,21040,2999
AGATTCAT,0.65726787,0.6002247144683132,3,21040,2999
TAGATCAT,0.6572042,0.9150826701851317,3,21040,2999
ATGTACCG,0.6570684,0.4107533088690059,3,21040,2999
AATATTGA,0.6570117,0.6536614027130664,3,21040,2999
ATCGGCTA,0.65685534,0.767554529336577,3,21040,2999
TGCTATTT,0.65666926,0.6307054797344659,3,21040,2999
TTTATACG,0.6564922,0.7956026058631922,3,21040,2999
CCGGCTAT,0.6563709,0.7769245041850493,3,21040,2999
GATAAGCT,0.6559705,0.6141714427081186,3,21040,2999
ACATAAAT,0.6558393,0.5701871933369068,3,21040,2999
CTGATAGC,0.6555614,0.8950129880839484,3,21040,2999
CAAGAGAT,0.6555161,0.7393518327629571,3,21040,2999
TCATCAGA,0.65447754,0.5756916670102669,3,21040,2999
ATCCCAAA,0.65427476,0.6128210942976127,3,21040,2999
CAGATAGG,0.6542346,0.796252010060611,3,21040,2999
TATTTGAT,0.6541826,0.9125984414299262,3,21040,2999
CTACGACA,0.65416247,0.6269430585906899,3,21040,2999
TAGCAGAT,0.6539364,0.7572465262029441,3,21040,2999
TTCTCAAA,0.6537934,0.6752566692780275,3,21040,2999
CGATCTCG,0.65376574,0.6414876510122459,3,21040,2999
GCATACAT,0.6536099,0.40057930977611017,3,21040,2999
CGGGATCG,0.6533473,0.7652249206283759,3,21040,2999
ATGTCTAC,0.6532745,0.5022368366799984,3,21040,2999
GCTGATAC,0.6528245,0.9250814332247558,3,21040,2999
CGATCCAG,0.6524161,0.6694944955263267,3,21040,2999
CTGATCAT,0.6522612,0.8684904960211107,3,21040,2999
CGGACTAT,0.6517785,0.5946893167855523,3,21040,2999
GTACCGCA,0.65165114,0.26561662474745396,3,21040,2999
TTCGTATT,0.65164125,0.6556508473178577,3,21040,2999
GGTATTTA,0.6515397,0.7787902527522368,3,21040,2999
GCTCATAT,0.65128464,0.7580711664536346,3,21040,2999
GATAAGTC,0.65122443,0.6403846946769471,3,21040,2999
AGATCGGC,0.6512119,0.5631365191935018,3,21040,2999
ATAGTACA,0.6510447,0.7162412897373521,3,21040,2999
ATCTTGAA,0.650669,0.6654949903104771,3,21040,2999
TGTACCCT,0.65064996,0.49618603884055584,3,21040,2999
CATCTAAT,0.64975005,0.6822351873994971,3,21040,2999
ACGTTTAT,0.6494641,0.5189976497752855,3,21040,2999
CGAGTGAT,0.64938074,0.7747185915144519,3,21040,2999
GTAGGTAT,0.6491745,0.8492660701768854,3,21040,2999
GTTTTATC,0.64909554,0.6425287593287428,3,21040,2999
CTGATACT,0.6490405,0.9653548014678596,3,21040,2999
GATTCGAT,0.6490316,0.6765142456603307,3,21040,2999
CTCTATAC,0.64885515,0.46673607388776645,3,21040,2999
CAGATACC,0.6486569,0.905918855399332,3,21040,2999
ATTCTAGA,0.6486534,0.6311899558817466,3,21040,2999
GTGATGAT,0.64860606,0.7995918030759082,3,21040,2999
TTAGCGGA,0.6481341,0.5492413309693647,3,21040,2999
GAATACCT,0.64801455,0.60160598688822,3,21040,2999
CACATCTC,0.6478888,0.6085535810002886,3,21040,2999
TGCGTTAT,0.6476086,0.6118933740155856,3,21040,2999
CGGATACG,0.64749956,0.7735125551478167,3,21040,2999
GGTAACAT,0.6474203,0.44668700779285037,3,21040,2999
CGAGAGAT,0.64740396,0.6608976209128767,3,21040,2999
TTCTTGAT,0.6473965,0.6846988001484352,3,21040,2999
ATGGTGAT,0.6472253,0.728992289613656,3,21040,2999
GTCGTGAT,0.64712644,0.7037686059456563,3,21040,2999
ATCATCAT,0.64705783,0.7940770213994146,3,21040,2999
AAGTATGA,0.64703506,0.6828433595843814,3,21040,2999
ATTGGGAT,0.64692116,0.7810683214447698,3,21040,2999
GTTATAAG,0.6468694,0.675885457469179,3,21040,2999
CCTATAGC,0.64686316,0.6679379870531481,3,21040,2999
GTCTCGTT,0.6466161,0.4405228219189379,3,21040,2999
TTGTAGTA,0.6463467,0.7201377149218654,3,21040,2999
AGCTACTC,0.6461558,0.3214756937286109,3,21040,2999
TCGTCGAT,0.6461213,0.5545911845957201,3,21040,2999
GAACCTAT,0.64598775,0.7300952459489548,3,21040,2999
AGACTTAT,0.64589083,0.6254690141425803,3,21040,2999
ATTGTGAT,0.6458523,0.817795736609904,3,21040,2999
CGCTATAC,0.64558583,0.7229930317898816,3,21040,2999
GTCATTAT,0.64536005,0.5887209829711788,3,21040,2999
TGCTATCG,0.64523965,0.7354760235847112,3,21040,2999
ATGCCTAT,0.6451792,0.7036552179111862,3,21040,2999
GCGATCAT,0.6451555,0.8015297076650311,3,21040,2999
ATACTGAG,0.6449336,0.7456706386838742,3,21040,2999
TATTGGAA,0.6447181,0.5819073928998475,3,21040,2999
AGTATAAC,0.64470595,0.7448769224425845,3,21040,2999
CGGATGGT,0.64450634,0.6509400898857873,3,21040,2999
TGTATTCT,0.64433354,0.6853069723333196,3,21040,2999
ATCATGAT,0.6441537,0.9071764317816353,3,21040,2999
CTACCCTA,0.6438386,0.4803220220178947,3,21040,2999
GTTGGTAT,0.64369744,0.8126314270399538,3,21040,2999
ACAGATCA,0.64361054,0.8599245454170619,3,21040,2999
TTGCTTAT,0.6435848,0.633004164433266,3,21040,2999
CTGATCAA,0.6433533,0.6910176060693523,3,21040,2999
TTAGTTAA,0.64319044,0.4936915020822166,3,21040,2999
GCGATCAA,0.64318,0.7782851605986888,3,21040,2999
CTTACTAT,0.643009,0.6941512390219767,3,21040,2999
AGTATGAT,0.6429739,0.8060755370469632,3,21040,2999
CCGTCGAT,0.6428198,0.5536840803199604,3,21040,2999
CGACTTAT,0.6426843,0.5698573372366306,3,21040,2999
ATACGCTC,0.6426587,0.7102111079041769,3,21040,2999
GTCTCAAT,0.6424935,0.657238279800437,3,21040,2999
AATGAAAT,0.64245284,0.32502164680658063,3,21040,2999
TGCTCGAT,0.64241153,0.45211932544427497,3,21040,2999
CCGTATGT,0.6423668,0.5563950851441058,3,21040,2999
ATCCATCC,0.64191157,0.83509256586814,3,21040,2999
ATGTTTAC,0.6418863,0.6031831113676659,3,21040,2999
ATACGCAT,0.6418736,0.8100235022471447,3,21040,2999
GTAGATCT,0.6416885,0.7569785181214695,3,21040,2999
CATACTCG,0.641622,0.45672700284500883,3,21040,2999
ACGATTAA,0.64153236,0.6506514657980457,3,21040,2999
CTAGGGTA,0.64147377,0.4571290149672205,3,21040,2999
GTATTAGG,0.64139646,0.8055292128808808,3,21040,2999
GCGTACAT,0.6411576,0.3662330433348452,3,21040,2999
CGATCTGG,0.641144,0.6555993073021894,3,21040,2999
GGGATCTG,0.64103174,0.7000061848018801,3,21040,2999
GGCTTATC,0.6409656,0.6175215437265493,3,21040,2999
GCTATCAC,0.640911,0.9339669319259473,3,21040,2999
TGTAAGAT,0.6408938,0.7372902321362306,3,21040,2999
GTACCTGA,0.6408125,0.534964746629283,3,21040,2999
TGTTATTT,0.6404586,0.7616892755535397,3,21040,2999
GTAGAGAT,0.640133,0.6548365150703006,3,21040,2999
TTGATAAG,0.640131,0.7697192099946399,3,21040,2999
ATGGCTAT,0.6400897,0.6610110089473467,3,21040,2999
ATGACTAT,0.6400854,0.6888116933987548,3,21040,2999
GACTTATC,0.6400437,0.6403846946769471,3,21040,2999
TCGATCAG,0.6399314,0.6653094462540716,3,21040,2999
ATGCTGAT,0.63981324,0.6571351997691007,3,21040,2999
CTGATGAA,0.63968885,0.34620459324619635,3,21040,2999
ACTGGGAT,0.63956815,0.6372613697274564,3,21040,2999
AATCCATT,0.6395315,0.6563517915309446,3,21040,2999
TTACATAG,0.6394019,0.6312414958974147,3,21040,2999
TCATCTAA,0.639376,0.6411990269245043,3,21040,2999
ATATGCCT,0.6392355,0.784511194491403,3,21040,2999
ATCTTCAT,0.6392122,0.6764317816352616,3,21040,2999
CATAGTAC,0.63898414,0.4516039252875933,3,21040,2999
CCTATAGG,0.6388139,0.5728878901579186,3,21040,2999
CATACACC,0.63881224,0.66445388199398,3,21040,2999
GGTATCAA,0.6386507,0.9929802498659959,3,21040,2999
CTGGGTAT,0.63844323,0.7966952541953572,3,21040,2999
GAGATCAG,0.63841397,0.80263266400033,3,21040,2999
TGTTATCG,0.63832283,0.748845503649033,3,21040,2999
TGCTACCT,0.63806427,0.468911062548963,3,21040,2999
CGGTACCG,0.6380642,0.11472807487733477,3,21040,2999
GTGTACCA,0.6380151,0.3570589205459118,3,21040,2999
ATAGCAAT,0.6378422,0.7687708737063457,3,21040,2999
ATGTGATT,0.6377973,0.5579206696078836,3,21040,2999
ACCAGTAT,0.6374277,0.7562775739083825,3,21040,2999
ATCTTCTA,0.637121,0.834587473714592,3,21040,2999
ATAACTAC,0.63710034,0.5899579433472147,3,21040,2999
TCACATAA,0.6370939,0.5389127118294644,3,21040,2999
ATCGTTCT,0.6370143,0.7468663670473756,3,21040,2999
TATGTATT,0.63696736,0.7380221003587185,3,21040,2999
TCTGGTGT,0.63679415,0.6541252628540798,3,21040,2999
ATTCTGAT,0.6367281,0.654795283057766,3,21040,2999
TCCGCTGA,0.6367213,0.4793221457139323,3,21040,2999
GTAGGGGA,0.63670605,0.5762276831732157,3,21040,2999
ATACTAAG,0.6367016,0.6593101884302973,3,21040,2999
GCTATCTA,0.63667774,0.7684616336123367,3,21040,2999
ATACGCAA,0.6366569,0.7190966066053684,3,21040,2999
TGTACTAT,0.6362197,0.7162412897373521,3,21040,2999
ATGATATC,1.0387998,0.9794561497546695,4,31060,3998
AGAGATAT,1.0062753,0.891796891106255,4,31060,3998
GATATCAG,1.0012186,0.9750546324166083,4,31060,3998
TATATCCC,0.99768126,0.9485733723663053,4,31060,3998
GGGTATCA,0.99684083,0.9973714592009236,4,31060,3998
TGAGATAT,0.9947185,0.9295138745722179,4,31060,3998
CGATATCA,0.9913208,0.9713231352822331,4,31060,3998
GTATCACC,0.9811564,0.9883519564589948,4,31060,3998
TATCCTAT,0.9776661,0.9287098503277945,4,31060,3998
TCCGATAT,0.9775138,0.9331732156846575,4,31060,3998
GTGATATA,0.97332275,0.961973776440028,4,31060,3998
GATATCAC,0.9707247,0.9942172102420319,4,31060,3998
GATGATAT,0.9676,0.9670350059786418,4,31060,3998
TGTATATC,0.96624506,0.9114336370758258,4,31060,3998
GCGGTATC,0.9643988,0.9176390549622727,4,31060,3998
GATATCGT,0.96409154,0.9820228425349441,4,31060,3998
GTATCCTT,0.9636765,0.8808291757720694,4,31060,3998
TGGTATCG,0.96124774,0.9380901331794005,4,31060,3998
TCATATCG,0.9564799,0.8234032903146002,4,31060,3998
AATATCTC,0.9457142,0.8315156887807694,4,31060,3998
TCGTATCA,0.9456594,0.9555931225003093,4,31060,3998
AGGATCAG,0.94423246,0.861749061971715,4,31060,3998
ATTGGTAT,0.9416102,0.768307013565332,4,31060,3998
GTATCAAG,0.9394533,0.9517276213251968,4,31060,3998
ACGGTATC,0.93934506,0.9306271389106502,4,31060,3998
GATATCTG,0.93849087,0.9682719663546777,4,31060,3998
TGATCTCT,0.9341657,0.886684121551973,4,31060,3998
TGATAGCT,0.92876875,0.9469653238774585,4,31060,3998
GGATATCT,0.9284543,0.9474394920216056,4,31060,3998
ATATCCTA,0.92811036,0.9165464066301076,4,31060,3998
ATGTATCA,0.92721295,0.9839298231146664,4,31060,3998
CCGGTATC,0.9267562,0.9221642683379375,4,31060,3998
CGTATCAT,0.9255707,0.9847338473590895,4,31060,3998
GGATGATA,0.92547894,0.9454912794293491,4,31060,3998
TTATATCC,0.9245778,0.9063002515152765,4,31060,3998
CGATACTT,0.92423195,0.9094132684616335,4,31060,3998
GTATCCTA,0.92352366,0.8741186657320745,4,31060,3998
TGATGATA,0.9211016,0.9240506329113923,4,31060,3998
GATCATCG,0.9210229,0.8837360326557538,4,31060,3998
ATGGTATC,0.9191057,0.94563559147322,4,31060,3998
GTATCATG,0.9190397,0.9717045313981776,4,31060,3998
GATACGAT,0.9183874,0.9294726425596833,4,31060,3998
TAGATATA,0.91727775,0.931925947305488,4,31060,3998
TATATCAT,0.91667205,0.9571908629860224,4,31060,3998
CGATATCC,0.9151738,0.9825485506947594,4,31060,3998
CGTATCGT,0.91335624,0.8959613243722425,4,31060,3998
TGAGATAC,0.91334313,0.904290190904218,4,31060,3998
CCAGTATC,0.9111449,0.8536263555024121,4,31060,3998
GGATCACT,0.91065216,0.9659217416402095,4,31060,3998
TTATATCT,0.9088311,0.8800148435245125,4,31060,3998
GATCACTT,0.9065033,0.9092792644208963,4,31060,3998
AGATCACC,0.9058359,0.7951696697315795,4,31060,3998
GGATCAGT,0.90435666,0.8938069517173133,4,31060,3998
GATATTAG,0.9042383,0.8889518822413722,4,31060,3998
AAGATACC,0.9021461,0.9268544097637406,4,31060,3998
TGATATTT,0.9020103,0.8833752525460767,4,31060,3998
TATCCGTA,0.9019472,0.8854883931884715,4,31060,3998
TGATATGC,0.9018716,0.9712303632540304,4,31060,3998
TCGGTATC,0.90168417,0.8527707912423205,4,31060,3998
TGATACTA,0.901328,0.9665711458376283,4,31060,3998
CTAGTATC,0.90122163,0.8544819197625036,4,31060,3998
TTTTGATA,0.8996943,0.9173091988619965,4,31060,3998
CCCATATC,0.8990117,0.9523461015132149,4,31060,3998
TCTATCTA,0.89886034,0.7797592050467984,4,31060,3998
GGGATACT,0.8988471,0.8343710056487856,4,31060,3998
ACTGATAC,0.8985525,0.9528821176761637,4,31060,3998
TCATATCC,0.89826775,0.8735414175565909,4,31060,3998
TCGTATCG,0.89821804,0.8509565826908011,4,31060,3998
ACATATCG,0.89806724,0.9264833216509298,4,31060,3998
AGGTATCG,0.8966812,0.9741062961283141,4,31060,3998
GAGGTATC,0.89619166,0.9544386261493425,4,31060,3998
GCCGTATC,0.8958307,0.9013111779985981,4,31060,3998
GAATGATC,0.8946774,0.8154455118954357,4,31060,3998
GATACTCA,0.8946365,0.9193192594730549,4,31060,3998
GTATCCGG,0.893061,0.835793510081227,4,31060,3998
CCGGATAT,0.892922,0.8661608873129096,4,31060,3998
GTATCGAA,0.8918194,0.9326062755123078,4,31060,3998
CATATCAA,0.89154464,0.9700449428936627,4,31060,3998
CTGGATAT,0.89108205,0.8727477013153012,4,31060,3998
GATACGAA,0.8909819,0.8128685111120274,4,31060,3998
GGATCAAT,0.89018774,0.938471529295345,4,31060,3998
TATCCTTA,0.88950205,0.795891229950934,4,31060,3998
GGTATCTC,0.8875689,0.9001772976538985,4,31060,3998
ATGATATG,0.8871314,0.9850946274687667,4,31060,3998
TGTATCGC,0.88700026,0.8803240836185214,4,31060,3998
GTATCAGG,0.88673556,0.9351626602894486,4,31060,3998
AGGGATAC,0.88613605,0.8665628994351214,4,31060,3998
GATATTGA,0.88544625,0.855708572135406,4,31060,3998
GATCGATA,0.88482594,0.9319774873211563,4,31060,3998
AGTATCAC,0.8837031,0.9694780027213128,4,31060,3998
CTGTATCA,0.88229877,0.9472436399620665,4,31060,3998
TCTATCAA,0.8821446,0.7270131530119985,4,31060,3998
TGGATCCT,0.88129324,0.7970251102956335,4,31060,3998
GATACACG,0.8809503,0.8884570980909577,4,31060,3998
TTATCACA,0.8802843,0.7160660536840804,4,31060,3998
TTATCATA,0.8796168,0.8397723992908094,4,31060,3998
GGATAATA,0.87876797,0.8951469921246857,4,31060,3998
CTGTGATA,0.87870926,0.9134436976868842,4,31060,3998
GGTATCAC,0.87844765,0.9939079701480229,4,31060,3998
GATGATCA,0.8767794,0.8891168102915104,4,31060,3998
TAATATAC,0.8766712,0.8590689811569703,4,31060,3998
AGGTGATA,0.87612534,0.9200923597080775,4,31060,3998
CGGATCAA,0.87600255,0.9298024986599597,4,31060,3998
TATCCTAG,0.875694,0.834587473714592,4,31060,3998
GATACTGA,0.8755783,0.9182266111408898,4,31060,3998
GGCATATC,0.87516105,0.9485527563600379,4,31060,3998
GTCTGATA,0.87494,0.8317836968622437,4,31060,3998
AGATATGA,0.8743544,0.8468746134498826,4,31060,3998
GAGTATCG,0.8739752,0.9335443037974684,4,31060,3998
CGTATCAA,0.873857,0.982589782707294,4,31060,3998
ATATCAGC,0.8736695,0.904857131076568,4,31060,3998
GATCCGCA,0.8724754,0.81318805920917,4,31060,3998
TAGGGATC,0.87201524,0.8678720158330927,4,31060,3998
GGATCATG,0.8720006,0.9129901455490043,4,31060,3998
TCTGATAC,0.8719092,0.9707458871067497,4,31060,3998
ATCGGATC,0.8712312,0.8946625159774049,4,31060,3998
GCATATCG,0.8706931,0.9249165051746177,4,31060,3998
GGATCCCG,0.87048215,0.7615346555065353,4,31060,3998
TAAGGATA,0.86980397,0.795891229950934,4,31060,3998
GTATCCGT,0.86960024,0.8921679792190657,4,31060,3998
GATACGTT,0.86872566,0.8869727456397147,4,31060,3998
TGTGGATA,0.8675024,0.7940460973900136,4,31060,3998
ATATATGA,0.8665121,0.9140827938811694,4,31060,3998
GATACTTA,0.8661182,0.9067125716406219,4,31060,3998
TAAGATAA,0.8660154,0.7817177256421886,4,31060,3998
TGATCTGA,0.865414,0.8206922854904548,4,31060,3998
GATACCTG,0.8653936,0.9586752154372655,4,31060,3998
TGATCCTA,0.86522603,0.9308436069764565,4,31060,3998
GATCATCT,0.8651296,0.9131756896054096,4,31060,3998
TGATCCGC,0.86357677,0.9047849750546325,4,31060,3998
AATTGATA,0.8633763,0.8980538490083702,4,31060,3998
AGTATACC,0.8619953,0.8726343132808312,4,31060,3998
AATATCAT,0.86126375,0.9232156846575682,4,31060,3998
TCCGGATA,0.86032844,0.8418339999175359,4,31060,3998
AGATATGC,0.8599334,0.8920855151939966,4,31060,3998
ATATTAAT,0.85982907,0.9030738465344494,4,31060,3998
CGTAGATA,0.85946286,0.8199604172679669,4,31060,3998
GATCATTG,0.85937077,0.8911681029151033,4,31060,3998
TTGATCAT,0.8592076,0.7884591596915845,4,31060,3998
TATACCTA,0.8590639,0.9075062878819116,4,31060,3998
GATCCTAA,0.85886395,0.7642868923432152,4,31060,3998
TATCTCTA,0.857373,0.8527192512266524,4,31060,3998
GATCCTAC,0.8564798,0.7706263142703996,4,31060,3998
GTATCGCT,0.8562208,0.9320496433430916,4,31060,3998
AATGATCT,0.85545236,0.9316063992083453,4,31060,3998
TGATATTC,0.85541314,0.932235187399497,4,31060,3998
CAAGATAC,0.8531559,0.8133323712530409,4,31060,3998
CGATACAT,0.85269624,0.9130107615552714,4,31060,3998
CGGATACC,0.8523438,0.8688615841339216,4,31060,3998
AGCGGATC,0.851758,0.8281140477466704,4,31060,3998
CTATATCC,0.8515534,0.9028264544592421,4,31060,3998
CAGCGATC,0.8505632,0.7568032820681977,4,31060,3998
GTAGATAC,0.85048336,0.8490186781016782,4,31060,3998
ATCGGGAT,0.8504435,0.7977363625118542,4,31060,3998
TGATCAAT,0.8503771,0.7988599348534202,4,31060,3998
GTGCGATA,0.85024124,0.8386488269492435,4,31060,3998
CACGTATC,0.84981126,0.8919721271595267,4,31060,3998
TGATCAGT,0.8495915,0.8320826289531192,4,31060,3998
CTATCGTA,0.8492009,0.8716241289737352,4,31060,3998
TGATAGCC,0.8491771,0.9534799818579145,4,31060,3998
ATGGATCT,0.84848475,0.73646559188554,4,31060,3998
GATCCAAT,0.84845704,0.9010534779202573,4,31060,3998
ATCTCATA,0.8484104,0.6803385148229085,4,31060,3998
AGTATCGC,0.84807247,0.9248958891683503,4,31060,3998
TCATATCT,0.84738594,0.8468746134498826,4,31060,3998
CGATCCTG,0.8471573,0.7221374675297902,4,31060,3998
ATATACTT,0.8465624,0.7699872180761143,4,31060,3998
GATACTAA,0.8464079,0.9022285902774915,4,31060,3998
GGATACTA,0.84635186,0.8437822125097927,4,31060,3998
TGTTGATC,0.8459861,0.8014060116274276,4,31060,3998
AGATCCTC,0.8458126,0.7991897909536964,4,31060,3998
GATACGTA,0.8455569,0.9254834453469675,4,31060,3998
TGGATCGA,0.8454027,0.6843277120356245,4,31060,3998
GGGATAAT,0.8447422,0.8310518286397559,4,31060,3998
TATCAACT,0.8444686,0.9025996783903022,4,31060,3998
CGATACGT,0.844206,0.8876839978559353,4,31060,3998
TATACAAT,0.84388435,0.855595184100936,4,31060,3998
TGGATACA,0.8437825,0.8161052240959881,4,31060,3998
TATACCAC,0.8436898,0.8198882612460314,4,31060,3998
GATGATCG,0.8436645,0.8672535356450748,4,31060,3998
GATAGCAG,0.8421867,0.8142497835319341,4,31060,3998
TGGATAGT,0.8412065,0.690996990063085,4,31060,3998
GTATCTAC,0.8411571,0.8490186781016782,4,31060,3998
GATCACCA,0.8402452,0.8079825176266854,4,31060,3998
AGTATCCT,0.84017766,0.846833381437348,4,31060,3998
GTGATACC,0.8400668,0.9939079701480229,4,31060,3998
AGGATACG,0.83991474,0.8015709396775657,4,31060,3998
TCGGGATC,0.8397263,0.7963138580794129,4,31060,3998
TATACTAG,0.83958834,0.8523378551107079,4,31060,3998
GGATATGG,0.8395199,0.8519358429884962,4,31060,3998
GATAATCC,0.83877456,0.8185172968292582,4,31060,3998
TGATCATA,0.83835405,0.8684801880179772,4,31060,3998
TAGTGATC,0.83823055,0.8728610893497711,4,31060,3998
CTAATATC,0.83721817,0.8889518822413722,4,31060,3998
GATTATCG,0.8371029,0.7246938523069311,4,31060,3998
TGATCTCC,0.8368458,0.9254731373438339,4,31060,3998
ATATTCAA,0.83671796,0.7775636003793345,4,31060,3998
TATGATCC,0.8361399,0.9501092648332166,4,31060,3998
TTATCCTA,0.83587074,0.7935616212427329,4,31060,3998
GGATATGC,0.83582246,0.8792623592957571,4,31060,3998
ACGATACC,0.8358024,0.9577578031583721,4,31060,3998
TACGTATC,0.8357962,0.9254834453469675,4,31060,3998
CGTATCTA,0.83556306,0.8790046592174164,4,31060,3998
TATATTTA,0.83542913,0.840122871397353,4,31060,3998
TGATCTCA,0.8351208,0.8194862491238198,4,31060,3998
GATCCTGA,0.8350344,0.7840988743660577,4,31060,3998
ATTGTTAT,0.83492935,0.7041396940584671,4,31060,3998
ATGAATAT,0.83432627,0.6561147074588711,4,31060,3998
ACCTATCC,0.8342478,0.7428668618315261,4,31060,3998
CCCGGATC,0.83409166,0.9000948336288294,4,31060,3998
ATACCTGA,0.83409035,0.8450707129014967,4,31060,3998
ATATTGTA,0.8339673,0.8095802581123985,4,31060,3998
CTTGGTAT,0.8337589,0.7444336783078382,4,31060,3998
CAAGGATA,0.83374774,0.8488949820640745,4,31060,3998
TATGATCT,0.8336667,0.8825093802828515,4,31060,3998
AGTATCAG,0.8331954,0.9653548014678596,4,31060,3998
CAGATCAT,0.83308786,0.8980435410052365,4,31060,3998
CTGCGATA,0.8329452,0.7832742341153672,4,31060,3998
TTATCAGA,0.83260167,0.7112419082175401,4,31060,3998
AATTGATC,0.8324204,0.8019214117841091,4,31060,3998
ATCTCTGA,0.83152527,0.8084773017770998,4,31060,3998
TAGTGATA,0.8314488,0.9022492062837586,4,31060,3998
AACGGTAT,0.83142614,0.7447841504143817,4,31060,3998
AGATCCGT,0.83102375,0.743794582113553,4,31060,3998
CAAGGATC,0.83067364,0.8260421391168103,4,31060,3998
TCGATACT,0.83017784,0.9347503401641034,4,31060,3998
TAGCGATC,0.8299379,0.8055601368902816,4,31060,3998
GCCATATC,0.82965696,0.8531109553457304,4,31060,3998
ATACGGGA,0.8291479,0.8408031996041726,4,31060,3998
CGGATAGC,0.82894903,0.811982022842535,4,31060,3998
CGATCATA,0.82892704,0.8207025934935884,4,31060,3998
GATCGTTT,0.82854545,0.8059930730218942,4,31060,3998
CGGATCTC,0.82810915,0.746825135034841,4,31060,3998
CAGTGATC,0.8278903,0.8977343009112275,4,31060,3998
GATCGCTT,0.82769823,0.7856347668329691,4,31060,3998
CTAGGATA,0.82767683,0.834587473714592,4,31060,3998
TGTATATG,0.8276135,0.778027460520348,4,31060,3998
CATGATCC,0.8269389,0.9129901455490043,4,31060,3998
GTATCGGT,0.8267402,0.9165154826207067,4,31060,3998
TATCGGTA,0.82664615,0.8007566074300085,4,31060,3998
CACGGATC,0.82623637,0.8637075825671052,4,31060,3998
CTATATGA,0.82595515,0.7331979548921783,4,31060,3998
TGATCTAA,0.8259154,0.7758833958685524,4,31060,3998
TATCTGGC,0.825661,0.6669174947429184,4,31060,3998
ACGGGATC,0.825584,0.7644415123902198,4,31060,3998
GTGATCAT,0.8249108,0.902414134333897,4,31060,3998
CGGTATCT,0.82451206,0.8737888096317982,4,31060,3998
TGTGGATC,0.8244301,0.8219601698758916,4,31060,3998
TATACCGG,0.8241746,0.8074465014637364,4,31060,3998
TCTACGAT,0.82379603,0.7074897950768977,4,31060,3998
CTATCACG,0.8223873,0.7479280913701398,4,31060,3998
TCTATCGT,0.82236475,0.6944604791159857,4,31060,3998
AGATATGG,0.822028,0.8647589988867357,4,31060,3998
CTTGGATA,0.8218634,0.737279924133097,4,31060,3998
GATCACGT,0.821833,0.8278666556714633,4,31060,3998
GTGATACT,0.8216695,0.9694780027213128,4,31060,3998
GATCCTGT,0.82052666,0.7674411413021069,4,31060,3998
GGATCCCA,0.8204873,0.7480311714014761,4,31060,3998
GTTGATAG,0.81987864,0.9051663711705769,4,31060,3998
ACGATACA,0.81894004,0.9111553209912175,4,31060,3998
CCGAGATA,0.81804425,0.6504865377479074,4,31060,3998
TGTAGATA,0.8180213,0.7157568135900713,4,31060,3998
ACTATCTC,0.81794584,0.8415762998391951,4,31060,3998
GTGGATCG,0.8177652,0.8174968045190285,4,31060,3998
CTATACTA,0.81557554,0.7653589246691131,4,31060,3998
ATACTAGA,0.81439686,0.7946542695748979,4,31060,3998
ACATATAC,0.813791,0.773564095163485,4,31060,3998
ATATACCG,0.81359893,0.8678307838205583,4,31060,3998
TGATCATC,0.813547,0.8891168102915104,4,31060,3998
TTTGAGAT,0.81353563,0.8076526615264091,4,31060,3998
GGTATCGC,0.81219155,0.9493361645981941,4,31060,3998
TTGATAGC,0.81172013,0.9257617614315755,4,31060,3998
TGGATCTA,0.8112253,0.7782336205830207,4,31060,3998
TGGATAGG,0.8111507,0.7473508431946564,4,31060,3998
ATACTCTT,0.8111128,0.7602358471116974,4,31060,3998
ATAGCGAT,0.8108754,0.7647198284748279,4,31060,3998
TATACAAC,0.8107597,0.7411660413144766,4,31060,3998
AGTATCGG,0.8106358,0.9145363460190493,4,31060,3998
CCCCTATC,0.8105928,0.8704902486290356,4,31060,3998
ATATGCTT,0.81015444,0.759462746876675,4,31060,3998
AACTGATA,0.8095319,0.9296169546035542,4,31060,3998
TGAGGATC,0.8094337,0.8338246814827032,4,31060,3998
AGTGTATC,0.80897987,0.9470580959056611,4,31060,3998
GATCGTAC,0.808498,0.7983136106873376,4,31060,3998
ACATATCT,0.8084729,0.8228157341359832,4,31060,3998
GATCGTTA,0.8082542,0.7776769884138045,4,31060,3998
TTGTGATC,0.8078574,0.820630437471653,4,31060,3998
ACTGAGAT,0.8065133,0.5818867768935801,4,31060,3998
GTTATCAT,0.8057075,0.7348163113841587,4,31060,3998
GGATTATC,0.8056014,0.8185172968292582,4,31060,3998
CGTATCGC,0.80558854,0.8940234197831196,4,31060,3998
GATACAGG,0.8052773,0.866294891353647,4,31060,3998
ATCATCAT,0.80512947,0.7940770213994146,4,31060,3998
GGTGATAA,0.80484825,0.7499072279717973,4,31060,3998
CGATATAC,0.8047105,0.9135570857213541,4,31060,3998
GTATTAAC,0.8046877,0.8304642724611389,4,31060,3998
TACCATAT,0.8044486,0.7554838576670927,4,31060,3998
AGATCCCG,0.80390644,0.6739063208675216,4,31060,3998
GATCCTGG,0.8037757,0.7833154661279018,4,31060,3998
GATACAGT,0.80325246,0.8987444852183236,4,31060,3998
CAGATCAG,0.8032147,0.8421844720240795,4,31060,3998
GTTGATCG,0.80321103,0.6303034676122541,4,31060,3998
TTGCGATA,0.8027925,0.7680080814744569,4,31060,3998
ATCTCTAT,0.8014777,0.8139096194285244,4,31060,3998
AGTGATCC,0.80144304,0.9659217416402095,4,31060,3998
CGTATCGG,0.8007464,0.862419082175401,4,31060,3998
AAGCGATC,0.8005922,0.7856347668329691,4,31060,3998
CTATGATC,0.799773,0.8673463076732776,4,31060,3998
TGATCAGA,0.7997359,0.7358264956912547,4,31060,3998
CCGGGATC,0.7996926,0.7750793716241289,4,31060,3998
TATCGTAG,0.79964757,0.8402465674349565,4,31060,3998
GTATTAAA,0.799146,0.8543272997154991,4,31060,3998
TTAAATAT,0.798904,0.8246402506906363,4,31060,3998
CTGATAGA,0.79878396,0.7016657733063951,4,31060,3998
CGACGATA,0.79871494,0.8152187358264957,4,31060,3998
GATCTAGG,0.79869044,0.7653486166659795,4,31060,3998
ATATTCGC,0.7985776,0.6606089968251351,4,31060,3998
TATCTTGA,0.7983477,0.7927060569826414,4,31060,3998
GATCTGGA,0.7976902,0.709139075578279,4,31060,3998
AGAGGGAT,0.7975937,0.8725209252463614,4,31060,3998
AGATATTC,0.79745543,0.736826371995217,4,31060,3998
GATCTCTC,0.7972614,0.7970251102956335,4,31060,3998
GATCTCAT,0.79716605,0.8210942976126664,4,31060,3998
ACTATACC,0.7969367,0.8123428029522122,4,31060,3998
GATAGTCA,0.7964721,0.7618954356162125,4,31060,3998
AGGATAAG,0.79621637,0.7716880385931637,4,31060,3998
GATCGGCA,0.79600406,0.6289943512142827,4,31060,3998
GAACGATA,0.79591554,0.9060940914526039,4,31060,3998
AAGCTATC,0.795902,0.8674596957077475,4,31060,3998
CAGATACA,0.7958395,0.7973961984084443,4,31060,3998
ACCGATAA,0.7958155,0.6756689894033727,4,31060,3998
AGTGTATA,0.79570514,0.854554075784439,4,31060,3998
TCTATGAT,0.7955771,0.9149280501381273,4,31060,3998
TATATTAC,0.7951304,0.8491217581330145,4,31060,3998
TCGATACA,0.79498595,0.8764998144559436,4,31060,3998
CGTTGATC,0.79487044,0.7669154331422917,4,31060,3998
TGATCCTC,0.7947689,0.9099492846245826,4,31060,3998
AGTATACA,0.7947571,0.7767492681317775,4,31060,3998
CGCGGATC,0.79450524,0.8108275264915681,4,31060,3998
CCTATCAC,0.7943228,0.9200408196924091,4,31060,3998
TTGGGATC,0.7942229,0.7408671092236012,4,31060,3998
TGATCGTA,0.79386294,0.786170782995918,4,31060,3998
CTATTATA,0.7937974,0.785974930936379,4,31060,3998
GATCCATG,0.79351896,0.8117964787861295,4,31060,3998
GATCTAGA,0.7934856,0.8317424648497094,4,31060,3998
TGATCAGC,0.79324794,0.7539582732033151,4,31060,3998
CGTATACA,0.7929361,0.8188574609326681,4,31060,3998
GATCCTTG,0.79288936,0.8260421391168103,4,31060,3998
GATCCTGC,0.79261804,0.8535541994804766,4,31060,3998
AGTGGATA,0.79236907,0.8104255143693565,4,31060,3998
TGAATATC,0.79226696,0.8319383169092484,4,31060,3998
GATCACAG,0.7922512,0.8210736816063993,4,31060,3998
ATACGCCA,0.79212743,0.7996639590978436,4,31060,3998
TAAGTATA,0.7920103,0.8150641157794912,4,31060,3998
TTAGATCA,0.79173,0.7758833958685524,4,31060,3998
GCGATACT,0.7915679,0.9248958891683503,4,31060,3998
ACTATCAA,0.7912968,0.905918855399332,4,31060,3998
GCCTGATA,0.79084164,0.7901393642023666,4,31060,3998
CGATATGA,0.7904442,0.8234032903146002,4,31060,3998
TGCTGATC,0.79039776,0.7938605533336083,4,31060,3998
CGATATTC,0.7903092,0.799148558941162,4,31060,3998
AATTATAC,0.79020166,0.7016142332907269,4,31060,3998
TATCACAC,0.79019976,0.9519956294066715,4,31060,3998
GATATGCA,0.790184,0.9039294107945408,4,31060,3998
CGATACAA,0.7900382,0.8317836968622437,4,31060,3998
CGGTGATC,0.79000854,0.8334535933698924,4,31060,3998
ATGATCAA,0.78985447,0.7884591596915845,4,31060,3998
TGAGATCA,0.78945,0.8194862491238198,4,31060,3998
TGCGGATC,0.78854316,0.81318805920917,4,31060,3998
GTCAGATC,0.7879809,0.687770585082258,4,31060,3998
CGATACGC,0.7879136,0.8412876757514534,4,31060,3998
TCGGATCG,0.78773457,0.8229806621861212,4,31060,3998
CCTAGATC,0.7876327,0.7653486166659795,4,31060,3998
TCGATATG,0.78753537,0.8870861336741847,4,31060,3998
ATGATCTA,0.7872121,0.9150826701851317,4,31060,3998
ATATAGGT,0.7870708,0.779882901084402,4,31060,3998
GATTGTAT,0.7869118,0.7400218529666434,4,31060,3998
TCCTGATA,0.7868903,0.8646765348616666,4,31060,3998
CGTATCGA,0.7867091,0.8546983878283099,4,31060,3998
ATTGATCG,0.7866095,0.7216736073887766,4,31060,3998
CAGATAGT,0.78647995,0.7366614439450789,4,31060,3998
TTTCGATA,0.78640616,0.8825815363047871,4,31060,3998
CGGATGAT,0.7861952,0.7648641405186988,4,31060,3998
TGTAGATC,0.78596884,0.7239619840844432,4,31060,3998
CTGGATCG,0.7856943,0.6694944955263267,4,31060,3998
GCTTATAT,0.785518,0.7358058796849875,4,31060,3998
AGATCAGC,0.78550124,0.810971838535439,4,31060,3998
ATACATAC,0.7851642,0.8407516595885045,4,31060,3998
GTGGATAC,0.78492606,0.8137756153877872,4,31060,3998
TTAGCTAT,0.7847625,0.6822454954026306,4,31060,3998
CGGATACG,0.7846004,0.7735125551478167,4,31060,3998
GATAGTAA,0.7845634,0.7449284624582526,4,31060,3998
CAGATAGC,0.7845009,0.7027274976291592,4,31060,3998
CTGATACG,0.784381,0.9283284542118501,4,31060,3998
TGGGATAA,0.7843257,0.7633900960705893,4,31060,3998
CATATAGA,0.7840147,0.8284026718344122,4,31060,3998
ATGGATAG,0.7839934,0.7038407619675917,4,31060,3998
ATATTAGC,0.783583,0.6019667669978971,4,31060,3998
TGTGATCC,0.78340656,0.9320290273368244,4,31060,3998
TATCCACG,0.7825603,0.8448748608419577,4,31060,3998
GATAATTA,0.78240436,0.7437224260916175,4,31060,3998
AGATCATG,0.7823835,0.7933554611800602,4,31060,3998
ACAAGATA,0.7819816,0.7640085762586072,4,31060,3998
GAGATCAG,0.78190213,0.80263266400033,4,31060,3998
TATCTTAA,0.78184277,0.8400507153754175,4,31060,3998
TTGGATCG,0.7817823,0.6472807487733476,4,31060,3998
TATTTATA,0.7811185,0.8519358429884962,4,31060,3998
CTGATCTC,0.78093225,0.80263266400033,4,31060,3998
TGAATGAT,0.78080446,0.7051086463530285,4,31060,3998
CGAATATC,0.7806055,0.8169092483404115,4,31060,3998
TTTGTGAT,0.78049904,0.7525048447614728,4,31060,3998
GTGATCAG,0.78014547,0.7905104523151775,4,31060,3998
CTATCGGG,0.77990365,0.6984187523193007,4,31060,3998
TATTCTAT,0.77967525,0.8050344287304664,4,31060,3998
GATACTTG,0.7795872,0.9232156846575682,4,31060,3998
ATTATATG,0.77912915,0.7818104976703913,4,31060,3998
GATATGCG,0.7789617,0.9181132231064199,4,31060,3998
TATGGTAT,0.7788856,0.8718715210489424,4,31060,3998
AGCATATA,0.77859634,0.8036325403042922,4,31060,3998
GGGATGAT,0.7785958,0.8157032119737765,4,31060,3998
TGTTATCA,0.77854586,0.717787490207397,4,31060,3998
GGAAGATA,0.77851236,0.8750051540015668,4,31060,3998
GTAGATCA,0.7782435,0.8594916092854492,4,31060,3998
TCGTGATC,0.77806497,0.7874283593782213,4,31060,3998
ATAAATAC,0.77782875,0.8170020203686141,4,31060,3998
TGGATAGC,0.77774936,0.7654310806910486,4,31060,3998
GTGAGATC,0.77774596,0.7525048447614728,4,31060,3998
TCGAGATA,0.777644,0.7897270440770214,4,31060,3998
TCTATACG,0.77750826,0.7608852513091166,4,31060,3998
AACGATAA,0.7774929,0.5866078423287842,4,31060,3998
AGATCAAC,0.7774011,0.7947882736156351,4,31060,3998
AGGCTATA,0.77710336,0.7281676493629654,4,31060,3998
TTACGATC,0.77698785,0.8007256834206077,4,31060,3998
GCGATCAG,0.7764806,0.708128891271183,4,31060,3998
GCAATATC,0.7759453,0.821083989609533,4,31060,3998
CGGATAGG,0.77592134,0.7306106461056364,4,31060,3998
GATCGTCC,0.77587986,0.7296726178204759,4,31060,3998
TATAGGAC,0.7755015,0.6726178204758174,4,31060,3998
CGTCGATA,0.7753403,0.7186842864800231,4,31060,3998
GTGATCGT,0.77398807,0.7223127035830619,4,31060,3998
CGATAGTC,0.7737624,0.7976642064899188,4,31060,3998
TGTATACG,0.7735943,0.8188574609326681,4,31060,3998
CTCGGATC,0.7732906,0.8098791902032738,4,31060,3998
TCATCTGA,0.77323794,0.791953572753886,4,31060,3998
ATTATACA,0.7728769,0.7526079247928091,4,31060,3998
CTGATCAG,0.77287304,0.8358450500968952,4,31060,3998
ATCCATCT,0.7726346,0.7188389065270275,4,31060,3998
ATCATACT,0.77243096,0.8060755370469632,4,31060,3998
TTATCTCA,0.7718269,0.7233641199026924,4,31060,3998
GATCTCCA,0.77137333,0.786366635055457,4,31060,3998
TATCGAGT,0.7709039,0.8031686801632787,4,31060,3998
TCTATAGG,0.77086484,0.7679256174493877,4,31060,3998
ATCGATAG,0.7704533,0.8683771079866408,4,31060,3998
CATAGTAT,0.76996356,0.8465962973652744,4,31060,3998
TGTATAAC,0.76979715,0.7868098791902034,4,31060,3998
TCAATATC,0.76965654,0.855708572135406,4,31060,3998
ATCCGTAT,0.7695831,0.8414319877953242,4,31060,3998
ACGGATCC,0.76934236,0.8424834041149548,4,31060,3998
TTGATCTA,0.76932204,0.8723972292087577,4,31060,3998
TAACGTAT,0.7692434,0.6800395827320331,4,31060,3998
CTCAGATC,0.76892745,0.7839957943347214,4,31060,3998
GGATACGG,0.76831335,0.8267430833298973,4,31060,3998
ACGATCAC,0.7682354,0.7223127035830619,4,31060,3998
TTGGATAG,0.7681447,0.7786459407083659,4,31060,3998
CATATACA,0.7680059,0.778027460520348,4,31060,3998
GTATACTG,0.7677166,0.7762338679750959,4,31060,3998
CGATCGTA,0.7674176,0.7940254813837463,4,31060,3998
GTGATACG,0.7673717,0.9751680204510783,4,31060,3998
GATCCAGG,0.76700586,0.6994907846451985,4,31060,3998
GATCCAAA,0.7667686,0.7799756731126046,4,31060,3998
ATGTTGAT,0.7666899,0.8193110130705479,4,31060,3998
GGATTAAT,0.7666892,0.9074135158537089,4,31060,3998
TCATGATC,0.7664133,0.8310415206366223,4,31060,3998
CCAGATAC,0.76631397,0.9150414381725972,4,31060,3998
GTCATATA,0.766283,0.7961386220261412,4,31060,3998
TTAGATCG,0.76568884,0.6612068610068857,4,31060,3998
GTTGATCT,0.76550466,0.7947882736156351,4,31060,3998
ATGTGTAT,0.7652932,0.798808394837752,4,31060,3998
CAGTATAA,0.7652898,0.7831711540840309,4,31060,3998
TTGTTATC,0.76516825,0.73635220385107,4,31060,3998
TATCGTAA,0.76508915,0.7944790335216262,4,31060,3998
CAGTATAC,0.7650761,0.7762338679750959,4,31060,3998
TAACCGAT,0.76496416,0.8178472766255721,4,31060,3998
TGTTTATC,0.76470786,0.7433925699913412,4,31060,3998
AGTTGATC,0.76456535,0.7529274728899517,4,31060,3998
GGAATATA,0.76441276,0.789737352080155,4,31060,3998
TTGATAAG,0.7641274,0.7697192099946399,4,31060,3998
CTGGATCA,0.7636911,0.8656557951593618,4,31060,3998
TATCGTGC,0.7636634,0.7922215808353607,4,31060,3998
TAGATCTA,0.76356363,0.803694388323094,4,31060,3998
CGATATGT,0.76318854,0.9264833216509298,4,31060,3998
CCGTATAC,0.7630488,0.8182080567352493,4,31060,3998
CAAAATAT,0.7626145,0.708912299509339,4,31060,3998
CTGATAAC,0.76237327,0.6949140312538655,4,31060,3998
GCTATAAT,0.7623351,0.7819135777017276,4,31060,3998
ATCGCATA,0.76204556,0.7908403084154537,4,31060,3998
CCGGATCG,0.7618679,0.8679957118706965,4,31060,3998
ATTATTAT,0.76182854,0.7568135900713313,4,31060,3998
CGTATAGA,0.76174474,0.7608852513091166,4,31060,3998
TCGCGATC,0.76169056,0.8011998515647549,4,31060,3998
ATACCCAT,0.76158,0.8511421267472065,4,31060,3998
CCGCGATC,0.7611809,0.7671731332206326,4,31060,3998
CTACTGAT,0.7608149,0.7291262936543933,4,31060,3998
TGATCAAC,0.7603994,0.7191893786335711,4,31060,3998
GATCGTAG,0.7603645,0.7519791366016575,4,31060,3998
TGGCGATC,0.76014847,0.715344493464726,4,31060,3998
ATCCTCAT,0.7600756,0.7560611058425762,4,31060,3998
ACGCTATC,0.7599803,0.8316806168309074,4,31060,3998
TTATTATC,0.7599367,0.8290726920380984,4,31060,3998
CTATAATC,0.7597518,0.7779346884921453,4,31060,3998
ATCGGGTA,0.75916225,0.7954067538036531,4,31060,3998
ATATGCGT,0.7590152,0.7187255184925577,4,31060,3998
CCGCTATA,0.75870025,0.6101719374922691,4,31060,3998
ATCACATA,0.7585767,0.8582752649156805,4,31060,3998
AGATAGCC,0.7580418,0.8298870242856554,4,31060,3998
ATTTATCG,0.75768375,0.5737125304086093,4,31060,3998
ATCGTCTA,0.75751245,0.7417123654805592,4,31060,3998
ATGTGATC,0.7569788,0.8888900342225705,4,31060,3998
AAGATCTT,0.7561926,0.7867789551808024,4,31060,3998
CTGTATTA,0.75595856,0.7314249783531934,4,31060,3998
ACTATCGT,0.7556325,0.8398548633158784,4,31060,3998
GCCATATA,0.7554315,0.7059539026099865,4,31060,3998
AGTGGGAT,0.75528187,0.7813569455325116,4,31060,3998
AGTGGATC,0.7547972,0.8189502329608708,4,31060,3998
TAGCAGAT,0.7547232,0.7572465262029441,4,31060,3998
GCCGATCC,0.75468606,0.7828825299962892,4,31060,3998
GTAGATCG,0.7546727,0.7160763616872139,4,31060,3998
CTAGATCC,0.7546475,0.6945326351379212,4,31060,3998
GAAGGTAT,0.75447476,0.8240114624994846,4,31060,3998
GGATCTGC,0.75373113,0.685379128355255,4,31060,3998
CCATATCT,0.75336707,0.8647589988867357,4,31060,3998
ATCCTAGA,0.75305855,0.7998288871479817,4,31060,3998
GATCAAGC,0.7529387,0.8098585741970066,4,31060,3998
TTACAGAT,0.7529354,0.5777841916463943,4,31060,3998
GTGTTATC,0.75148696,0.7185399744361523,4,31060,3998
GTGATCAA,0.7512969,0.8063332371253041,4,31060,3998
CTGGATCT,0.75059736,0.7292706056982642,4,31060,3998
CGATAGGC,0.7505775,0.8005504473673359,4,31060,3998
CGTATCCC,0.75041807,0.7617614315754752,4,31060,3998
TCCCTATA,0.7504089,0.732280542613285,4,31060,3998
ATGGCTAT,0.75038224,0.6610110089473467,4,31060,3998
ATGAGTAT,0.75000536,0.8179194326475075,4,31060,3998
CGATAGTA,0.74973226,0.7803673772316827,4,31060,3998
TTATCTAA,0.7492286,0.7095720117098916,4,31060,3998
TGGATGAG,0.74900943,0.5370469632622769,4,31060,3998
TTGCGATC,0.7489797,0.6884199892796768,4,31060,3998
CTATATAG,0.7489089,0.7712551024615512,4,31060,3998
ATACTAAA,0.7477989,0.7182513503484106,4,31060,3998
CAGGATCG,0.7473472,0.7221374675297902,4,31060,3998
CTGATCAA,0.74725825,0.6910176060693523,4,31060,3998
CGTTTATA,0.7468089,0.7679565414587886,4,31060,3998
GAATCTAT,0.7467415,0.6254174741269122,4,31060,3998
GGATCTCA,0.74672043,0.7401352410011133,4,31060,3998
GATCGCAG,0.74657905,0.7496701438997238,4,31060,3998
TAGATAGA,0.74653095,0.7797592050467984,4,31060,3998
TCAGATCG,0.74614555,0.8457613491114501,4,31060,3998
ATACGCAT,0.7460172,0.8100235022471447,4,31060,3998
TAAATATA,0.7455899,0.840122871397353,4,31060,3998
AATTATCT,0.7455577,0.7477219313074671,4,31060,3998
TAGTATAC,0.7455219,0.8136003793345153,4,31060,3998
TTCGGATC,0.7451989,0.8568218364738384,4,31060,3998
CAGATCTA,0.7443616,0.7450830825052571,4,31060,3998
ACTCCGAT,0.74395055,0.6186038840555808,4,31060,3998
ATACCCTT,0.74365574,0.8678823238362264,4,31060,3998
ATACTCCA,0.7436009,0.8276604956087906,4,31060,3998
TACAAGAT,0.7432614,0.6959242155609615,4,31060,3998
GACTATAC,0.7431499,0.7739351832762957,4,31060,3998
ACGGATAG,0.7423517,0.760081227064693,4,31060,3998
GGATAATT,0.74224573,0.6907186739784769,4,31060,3998
TAGGATCC,0.74190086,0.8347214777553292,4,31060,3998
ACGTGATC,0.74145067,0.8278666556714633,4,31060,3998
TATCGTTG,0.7413428,0.8399476353440812,4,31060,3998
CCGATCAG,0.7411517,0.7075928751082341,4,31060,3998
TCGATACC,0.741001,0.9541500020616006,4,31060,3998
CCACTATC,0.74099,0.7812332494949078,4,31060,3998
GTGTATAA,0.74098563,0.6760710015255844,4,31060,3998
CGATCAGA,0.74097174,0.7630499319671794,4,31060,3998
GATTATAA,0.7409526,0.7768935801756482,4,31060,3998
TAATATGG,0.7408062,0.8181462087164475,4,31060,3998
CGAGTATA,0.7407027,0.7867377231682678,4,31060,3998
TGGATTAT,0.7406743,0.7991794829505628,4,31060,3998
TTATCATG,0.74067193,0.6919350183482456,4,31060,3998
ATCGTCTC,0.74054533,0.8531624953613987,4,31060,3998
CTGTGATC,0.74020505,0.8210736816063993,4,31060,3998
TTTATACA,0.74018234,0.7401455490042469,4,31060,3998
TATAGTAG,0.7400842,0.7902939842493713,4,31060,3998
TTGTATTG,0.7400487,0.6137797385890406,4,31060,3998
CGGGATCC,0.7399873,0.7615346555065353,4,31060,3998
GTATACGT,0.73966175,0.7655135447161175,4,31060,3998
ATCGGCTA,0.7395012,0.767554529336577,4,31060,3998
GCGTATCT,0.7391952,0.8563167443202903,4,31060,3998
AACTATCG,0.73883075,0.7917164886818125,4,31060,3998
TGATCATG,0.7386709,0.8585948130128231,4,31060,3998
ACACGATC,0.7386409,0.8040139364202367,4,31060,3998
TGAATATA,0.73862517,0.8343194656331177,4,31060,3998
CTAGTGAT,0.7378787,0.7651630726095741,4,31060,3998
ATCTGACA,0.73771673,0.7653589246691131,4,31060,3998
ATCTGTGA,0.7368102,0.7447532264049809,4,31060,3998
CTGTATAA,0.7364063,0.712478868593576,4,31060,3998
TCGATAGG,0.736356,0.7319300705067415,4,31060,3998
AGACGATC,0.7362591,0.7827382179524183,4,31060,3998
GCGATAGA,0.7355502,0.5904939595101637,4,31060,3998
CTGATCCT,0.7349399,0.861749061971715,4,31060,3998
CCGATATT,0.73491126,0.8192903970642808,4,31060,3998
CGAATATA,0.7348358,0.7228590277491445,4,31060,3998
GATCTAAA,0.7348059,0.7729249989691998,4,31060,3998
TGACTGAT,0.7346662,0.7911701645157301,4,31060,3998
ATACTTGA,0.7345661,0.8240630025151527,4,31060,3998
TTTTAATA,0.73400563,0.8075495814950728,4,31060,3998
AATATAGC,0.7339735,0.7166329938564301,4,31060,3998
TTGTATGA,0.7334852,0.6277883148476476,4,31060,3998
ATAATATG,0.7333197,0.7873974353688205,4,31060,3998
ATAGTATT,0.7332244,0.8895600544262565,4,31060,3998
CTCATATA,0.73306626,0.8557704201542078,4,31060,3998
ATACTATT,0.7329484,0.8498742423617697,4,31060,3998
GTATTACC,0.7327127,0.7748732115614563,4,31060,3998
GGATAAAC,0.7324578,0.7908815404279883,4,31060,3998
TCATATGA,0.73224425,0.7420422215808354,4,31060,3998
ATTATCGT,0.73169583,0.7890570238733352,4,31060,3998
AAGATAAG,0.7314114,0.6597534325650435,4,31060,3998
ATCTGGAT,0.7313327,0.7670700531892963,4,31060,3998
AGATAGGC,0.73131716,0.7589679627262607,4,31060,3998
TATAGTAC,0.73130697,0.7190966066053684,4,31060,3998
GTTATACA,0.7312157,0.7868098791902034,4,31060,3998
CAGAGATC,0.7311668,0.8498227023461016,4,31060,3998
ACCGTATT,0.731012,0.7119531604337608,4,31060,3998
TGACATAC,0.73042125,0.3638003545953078,4,31060,3998
TAAGAGAT,0.7298383,0.7924071248917659,4,31060,3998
CCAGGTAT,0.72911066,0.652692450418505,4,31060,3998
CATGCTAT,0.72814155,0.5766296952954274,4,31060,3998
AGACTATA,0.7280391,0.7633076320455201,4,31060,3998
TCTGATCT,0.7280199,0.8648002308992702,4,31060,3998
CATGTTAT,0.72794414,0.5886075949367089,4,31060,3998
CAGATCAC,0.72778875,0.8790458912299509,4,31060,3998
TGCAGATC,0.7277093,0.7772749762915928,4,31060,3998
TATGTTAT,0.7274908,0.7035005978641817,4,31060,3998
ATACTAGC,0.7272719,0.673865088854987,4,31060,3998
GACTATCG,0.7270866,0.7976642064899188,4,31060,3998
ATCGTTAC,0.72707206,0.5727951181297158,4,31060,3998
CATTATAC,0.72706664,0.8158372160145138,4,31060,3998
GATCGGTG,0.72680527,0.7235599719622315,4,31060,3998
TTAGTATA,0.72666484,0.7311054302560508,4,31060,3998
CTGCGATC,0.72652435,0.7496701438997238,4,31060,3998
TATACTTG,0.72648454,0.7468560590442419,4,31060,3998
CGATCGTG,0.7264751,0.7306106461056364,4,31060,3998
ATCGCTCT,0.72593564,0.8023440399125882,4,31060,3998
TCCTAGAT,0.7259008,0.8015193996618974,4,31060,3998
ATTATCGA,0.7257945,0.6971405599307302,4,31060,3998
CCGATACG,0.7255517,0.862419082175401,4,31060,3998
GATCGCAA,0.7255225,0.6884199892796768,4,31060,3998
ATTTATCT,0.7254992,0.7406300251515276,4,31060,3998
CCGATCAA,0.72543526,0.6367047375582402,4,31060,3998
AGCTGATC,0.72539,0.7789551808023749,4,31060,3998
ATAATACA,0.7251374,0.8679338638518947,4,31060,3998
CATGTGAT,0.72492033,0.8177441965942357,4,31060,3998
CTACTATA,0.7249139,0.7902939842493713,4,31060,3998
GTATTACT,0.72490275,0.6969240918649239,4,31060,3998
ATCGCTGA,0.7246609,0.8620995340782583,4,31060,3998
TGTATGAG,0.72463125,0.599049602111079,4,31060,3998
AGCCTATC,0.72420126,0.8120644868676041,4,31060,3998
GAATTATC,0.72417045,0.7298581618768812,4,31060,3998
ACGCGATC,0.7241152,0.7664206489918772,4,31060,3998
GTGATCGG,0.72401124,0.8976209128767576,4,31060,3998
ACTACGAT,0.7239846,0.6732259926607017,4,31060,3998
CTCGTATA,0.72345483,0.6887704613862203,4,31060,3998
TGTATAAG,0.72309667,0.5790623840349648,4,31060,3998
GCCGATCT,0.72306955,0.5631365191935018,4,31060,3998
AGTTATCT,0.723007,0.6480847730177709,4,31060,3998
TCGGATAC,0.7224803,0.8693976002968705,4,31060,3998
ACTATCTG,0.72245103,0.7366614439450789,4,31060,3998
ATGCTATT,0.72243494,0.6680513750876181,4,31060,3998
ATCGGTGA,0.7223785,0.7340225951428689,4,31060,3998
CCGTGATC,0.72201794,0.8100853502659464,4,31060,3998
ATCCGATG,0.7218279,0.6484455531274482,4,31060,3998
AAGTTATC,0.7218274,0.6568053436688245,4,31060,3998
TATAAGTT,0.7217624,0.6889250814332247,4,31060,3998
GTATAAGC,0.7215092,0.6989856924916504,4,31060,3998
GGAGATCG,0.72145194,0.7750278316084609,4,31060,3998
ATCCTCCC,0.7211767,0.757751618356492,4,31060,3998
ACACGTAT,0.72096187,0.8682018719333691,4,31060,3998
AGATCTAC,0.7208663,0.7569785181214695,4,31060,3998
TTATCTGG,0.72076243,0.6805549828887149,4,31060,3998
GCAGATCC,0.7206703,0.685379128355255,4,31060,3998
TATAGATT,0.7203999,0.7940873294025481,4,31060,3998
TGTATTTT,0.7201818,0.6643611099657775,4,31060,3998
CGCGATAC,0.7196845,0.9118253411949037,4,31060,3998
TCGATACG,0.71968144,0.8546983878283099,4,31060,3998
ATAACGAA,0.7196157,0.7320434585412113,4,31060,3998
ACGAATAT,0.7194898,0.7976332824805179,4,31060,3998
GCATGATC,0.7190567,0.7414134333896838,4,31060,3998
ATTGTATT,0.7190401,0.632890776398796,4,31060,3998
ATCCTACA,0.7187144,0.6930792066960789,4,31060,3998
GTGTATTG,0.718549,0.6882859852389395,4,31060,3998
TCGAGATC,0.7184934,0.6141508267018513,4,31060,3998
ATCACTCT,0.71843785,0.7710180183894776,4,31060,3998
ACATCCCA,0.7183836,0.48961984084443166,4,31060,3998
TATAGCAC,0.7179888,0.673865088854987,4,31060,3998
ATATTCCA,0.7174025,0.7013462252092525,4,31060,3998
AGACTATC,0.71730673,0.8424112480930194,4,31060,3998
ATGATGAT,0.71722114,0.7940770213994146,4,31060,3998
GTTATCAG,0.71703506,0.6949140312538655,4,31060,3998
AAGATTAT,0.7169244,0.8047664206489918,4,31060,3998
TGATCAGG,0.71656114,0.8691295922153961,4,31060,3998
TGTATAAA,0.7161972,0.7401455490042469,4,31060,3998
TCAGATCC,0.71618795,0.7573496062342804,4,31060,3998
ATCCACAT,0.7160408,0.7097678637694307,4,31060,3998
AAGTTATA,0.71562386,0.7422689976497753,4,31060,3998
CGTATACT,0.7155219,0.7390116686595473,4,31060,3998
TAAGGTAT,0.71546924,0.8880653939718797,4,31060,3998
ATCTTTGA,0.71519214,0.8126726590524883,4,31060,3998
ATGTAGAT,0.7148171,0.5810518286397559,4,31060,3998
CATTTATC,0.7147645,0.7208901991506206,4,31060,3998
TGGATCTG,0.71434927,0.732167154578815,4,31060,3998
CTATCTCG,0.71429294,0.6091411371789057,4,31060,3998
CGCAATAT,0.71426654,0.690409433884468,4,31060,3998
TGACCTAT,0.71417093,0.6080897208592752,4,31060,3998
TCATCTCA,0.7139224,0.7165402218282275,4,31060,3998
AGTGATCA,0.7138743,0.8649239269368738,4,31060,3998
CGGCGATC,0.7138528,0.6636601657526904,4,31060,3998
CGGGAGAT,0.7135887,0.7574526862656167,4,31060,3998
TAGGTGAT,0.71352684,0.7682348575433966,4,31060,3998
ATAGCATA,0.71328574,0.7264668288459161,4,31060,3998
ATAGTCTA,0.7132771,0.7141281490949574,4,31060,3998
AATCCGTT,0.71325535,0.7311260462623181,4,31060,3998
TATGCTAT,0.7132437,0.7264668288459161,4,31060,3998
AGATCTGC,0.71316826,0.7367026759576134,4,31060,3998
TTGATAAC,0.71273947,0.6788747783779326,4,31060,3998
TTGTAGAT,0.7120543,0.7069331629076816,4,31060,3998
ATACAACA,0.7120242,0.8142394755288006,4,31060,3998
AGTAAGAT,0.71201265,0.8010864635302849,4,31060,3998
CTTTTGAT,0.7116755,0.7582360945037727,4,31060,3998
TATAAGTG,0.7116304,0.583268049313487,4,31060,3998
AGGTTATC,0.711372,0.7329196388075702,4,31060,3998
ATGGAGAT,0.7113315,0.7853049107326928,4,31060,3998
CGATTATA,0.7108865,0.7600296870490248,4,31060,3998
GATAACGT,0.71074295,0.6825856595060406,4,31060,3998
ACGTATTG,0.710632,0.6395497464231229,4,31060,3998
ACATCTCT,0.71018183,0.3788603471735455,4,31060,3998
CTTATATG,0.7101071,0.7394446047911599,4,31060,3998
TATATGCC,0.7100713,0.8279078876839978,4,31060,3998
TTTATCAA,0.70972055,0.5773306395085145,4,31060,3998
CCGGATCT,0.7096604,0.7959324619634685,4,31060,3998
ATCATCTG,0.7093754,0.8649857749556756,4,31060,3998
ATGATCGA,0.7089698,0.7217457634107121,4,31060,3998
GTATTCGT,0.70881975,0.5586937698429061,4,31060,3998
GGTATAGC,0.70856726,0.756205417886447,4,31060,3998
TTATCAGG,0.7079902,0.6096977693481219,4,31060,3998
CTGAATAT,0.7078766,0.7182307343421432,4,31060,3998
GGTTATCG,0.707713,0.7354347915721766,4,31060,3998
TGACAGAT,0.7075112,0.6713911681029151,4,31060,3998
AGCTATAG,0.7072387,0.6108522656990888,4,31060,3998
ATCCGTCT,0.70679116,0.8397414752814086,4,31060,3998
CTGTTATA,0.7058282,0.6864511606811529,4,31060,3998
ATAGTTTA,0.7057987,0.6681132231064199,4,31060,3998
GATAGAGT,0.70562965,0.7463406588875603,4,31060,3998
TATGTGAT,0.70542294,0.8582752649156805,4,31060,3998
AGAGATCG,0.70477724,0.6967900878241867,4,31060,3998
ATACATTA,0.70472676,0.7995711870696408,4,31060,3998
TCACATAC,0.7046979,0.495928338762215,4,31060,3998
GTATTGAG,0.70462394,0.7775326763699336,4,31060,3998
ATCTTAGC,0.7044006,0.580010720323259,4,31060,3998
ATACCTTG,0.70432884,0.8154867439079702,4,31060,3998
GGCGATCC,0.7042104,0.773646559188554,4,31060,3998
ATAGTCAT,0.70406455,0.6888116933987548,4,31060,3998
TTATCCAG,0.7040539,0.6105842576176143,4,31060,3998
CGTATAGC,0.70401144,0.7166433018595638,4,31060,3998
CTGTATAG,0.70376945,0.7169010019379046,4,31060,3998
TTGTGTAT,0.7028261,0.8003855193171979,4,31060,3998
TAGAGATC,0.70282304,0.7564528099616542,4,31060,3998
GTATTTGT,0.7023444,0.6453943841998927,4,31060,3998
ATAACTGT,0.70210594,0.5738568424524801,4,31060,3998
TCTTATAG,0.7018385,0.6126458582443409,4,31060,3998
TCGATTAG,0.701435,0.39893002927472887,4,31060,3998
AGGTATTC,0.7011334,0.60160598688822,4,31060,3998
CGATCAGT,0.70093477,0.7787284047334351,4,31060,3998
ATAGGGAA,0.700768,0.5363563270523234,4,31060,3998
ACTATAGT,0.7006775,0.7391869047128191,4,31060,3998
ATGTCTAT,0.7005296,0.6670102667711211,4,31060,3998
AAGATCGC,0.7004756,0.6907186739784769,4,31060,3998
TGCCGATC,0.70041555,0.6289943512142827,4,31060,3998
CAGAATAT,0.70015866,0.7061394466663918,4,31060,3998
CTAGATCA,0.6998525,0.8685008040242445,4,31060,3998
CTATCGAG,0.6995264,0.6063579763328248,4,31060,3998
ATACACAC,0.69946176,0.731466210365728,4,31060,3998
CTTATCAG,0.69944435,0.7270646930276666,4,31060,3998
CTGTTATC,0.699214,0.8184245248010557,4,31060,3998
GCCGATCG,0.69878864,0.743681194079083,4,31060,3998
TAAGCTAT,0.69875747,0.736774831979549,4,31060,3998
GCGCTATC,0.69856095,0.6710613120026389,4,31060,3998
CGATCAAA,0.6984634,0.6320970601575063,4,31060,3998
TTCGAGAT,0.6983966,0.5885251309116398,4,31060,3998
ATCCCTCG,0.69836897,0.7843668824475323,4,31060,3998
TTGGGGAT,0.69809616,0.6975734960623429,4,31060,3998
TCAATGAT,0.6980643,0.9339050839071456,4,31060,3998
ATCTTCGC,0.6980217,0.7147981692986434,4,31060,3998
TCGTATTG,0.6979622,0.7448356904300499,4,31060,3998
ATAGATGA,0.6970103,0.8349070218117347,4,31060,3998
ATGAATCT,0.69699436,0.6002247144683132,4,31060,3998
AGATAGTC,0.6968485,0.7113140642394755,4,31060,3998
AGTGCTAT,0.6968192,0.6740815569207933,4,31060,3998
GGATCTTG,0.69598436,0.8025811239846616,4,31060,3998
ACTATACA,0.6957619,0.7663484929699418,4,31060,3998
ATCCCTGA,0.6955284,0.736548055910609,4,31060,3998
CTCATCAT,0.69520545,0.5243062713891065,4,31060,3998
ACTTTGAT,0.69500095,0.7266420648991877,4,31060,3998
AGATCGTC,0.6948085,0.6892652455366346,4,31060,3998
ACTAGGAT,0.69451976,0.684451408073228,4,31060,3998
ATAACCTT,0.6944739,0.5552302807900054,4,31060,3998
AGCGATCA,0.6941226,0.7848616665979467,4,31060,3998
AATCCATT,0.693906,0.6563517915309446,4,31060,3998
TCCAGTAT,0.69382334,0.8077660495608792,4,31060,3998
GCGGTATT,0.69378126,0.7848925906073474,4,31060,3998
CTAACGAT,0.6934029,0.8010349235146168,4,31060,3998
ATAGCAAA,0.69335705,0.6611243969818167,4,31060,3998
TTGATTGT,0.6931074,0.3451841009359667,4,31060,3998
TCTCCTCA,0.6929251,0.4608708201047293,4,31060,3998
TATAATTG,0.6928949,0.6864099286686183,4,31060,3998
TCAACTAT,0.6925242,0.76398796025234,4,31060,3998
ATCGCGAT,0.6923055,0.902692450418505,4,31060,3998
GTATGACA,0.6922635,0.669205871438585,4,31060,3998
GTGATCTT,0.69223195,0.83279388116934,4,31060,3998
GTATTGTA,0.69207823,0.8066218612130458,4,31060,3998
TGTATTGA,0.6920002,0.7359811157382592,4,31060,3998
AGACATAC,0.6919654,0.520698470292335,4,31060,3998
CTATACGT,0.6919481,0.7159732816558776,4,31060,3998
CTAATATG,0.69155,0.6794107945408815,4,31060,3998
CATATTGA,0.69152766,0.7486496515894941,4,31060,3998
TTTATAGG,0.6912287,0.6152950150496846,4,31060,3998
ATACTGAA,0.6911475,0.6643817259720447,4,31060,3998
ACACTGAT,0.6910346,0.7278377932626892,4,31060,3998
ATTTGGAT,0.6907113,0.6713911681029151,4,31060,3998
AACTCAGA,0.6897107,0.5283263926112234,4,31060,3998
CTTATCTA,0.6895516,0.7918917247350843,4,31060,3998
CATGATCG,0.6892577,0.6457139322970354,4,31060,3998
GCGAGATC,0.6892326,0.6493835814126088,4,31060,3998
CTTGATCA,0.68899244,0.7503401641034099,4,31060,3998
GTATGGTA,0.6888332,0.6190780521997279,4,31060,3998
AATACCCG,0.68881094,0.6973776440028038,4,31060,3998
TGTCGATC,0.6885228,0.6145012988083949,4,31060,3998
GCTTATAC,0.68848354,0.6989856924916504,4,31060,3998
TTCAAGAT,0.68813515,0.6654949903104771,4,31060,3998
GTAACGAT,0.68812984,0.5727951181297158,4,31060,3998
GCTAATAT,0.6880787,0.6019667669978971,4,31060,3998
ATCGCTGT,0.6879537,0.4936502700696821,4,31060,3998
CCGATCAC,0.6879091,0.8976209128767576,4,31060,3998
TTGATGGT,0.6878422,0.3449573248670268,4,31060,3998
AAAAGGAT,0.68735874,0.7787593287428359,4,31060,3998
ATACGAAT,0.6872567,0.657547519894446,4,31060,3998
ATAGCGTA,0.68724823,0.6774522739454913,4,31060,3998
ATAGGCGA,0.6869903,0.6779882901084401,4,31060,3998
ACGATAGC,0.68660307,0.811415082670185,4,31060,3998
ATAGCCTA,0.68651336,0.7955510658475239,4,31060,3998
GTATTAGA,0.6864984,0.8252896548880551,4,31060,3998
ATAGCCGA,0.6863015,0.7260545087205706,4,31060,3998
AATTTGAT,0.6859919,0.6905331299220715,4,31060,3998
TTAAAGAT,0.68577254,0.7711210984208139,4,31060,3998
CGATAGGT,0.6850669,0.8082299097018926,4,31060,3998
TGTATTAG,0.68473864,0.7245495402630603,4,31060,3998
TTAATACA,0.68460613,0.8588422050880304,4,31060,3998
GTTGCTAT,0.68459874,0.6183152599678391,4,31060,3998
AACATATT,0.68456995,0.6276336948006432,4,31060,3998
GAACTATC,0.6845189,0.8434832804189173,4,31060,3998
TATAAGTC,0.6843812,0.6259637982929948,4,31060,3998
GTGATCTG,0.68401814,0.8790458912299509,4,31060,3998
ATATGTCA,0.68359566,0.7850162866449512,4,31060,3998
ATCGGAGA,0.6834639,0.779656125015462,4,31060,3998
TCGGATCC,0.6833903,0.836133674184637,4,31060,3998
CCATATAG,0.6832,0.7086030594153301,4,31060,3998
CGGATGAG,0.6830003,0.5275326763699336,4,31060,3998
ATGCCTAT,0.68295234,0.7036552179111862,4,31060,3998
ATCATGGT,0.68295085,0.7278893332783574,4,31060,3998
AGATCGTG,0.68269825,0.6981816682472272,4,31060,3998
ATAGACCC,0.6824015,0.6658660784232878,4,31060,3998
ATCAGCTA,0.68220824,0.7266936049148558,4,31060,3998
CGATAGAA,0.6821432,0.6319218241042346,4,31060,3998
TTATACTG,0.6821335,0.7831711540840309,4,31060,3998
ATTCTCAT,0.6819767,0.5679400486537748,4,31060,3998
ATAGTCCC,0.68162745,0.5684142167979219,4,31060,3998
GTATAGTC,0.68148434,0.7739351832762957,4,31060,3998
TGTATTCT,0.6812142,0.6853069723333196,4,31060,3998
ATAGTAAT,0.68116945,0.6575681359007134,4,31060,3998
TGTATGGA,0.6810696,0.5966787613903435,4,31060,3998
ATACCGTA,0.6809991,0.8789634272048819,4,31060,3998
CTACGTAT,0.6808759,0.7247660083288665,4,31060,3998
AATTCGAT,0.68012583,0.6090586731538367,4,31060,3998
ATACGCAG,0.680105,0.6872551849255762,4,31060,3998
ATAGATGG,0.6797924,0.5797427122417845,4,31060,3998
ATCATCGA,0.679407,0.8878695419123408,4,31060,3998
CGAGATCT,0.67905533,0.7216117593699749,4,31060,3998
GATAAGGG,0.6790523,0.6769471817919432,4,31060,3998
ATCACTGA,0.6788925,0.8856223972292087,4,31060,3998
GTATAGCT,0.6785346,0.726518368861584,4,31060,3998
ATCCCTGT,0.6785032,0.6933884467900878,4,31060,3998
ACTGGGAT,0.6782514,0.6372613697274564,4,31060,3998
AATCCGTA,0.67704725,0.6078217127778006,4,31060,3998
CGAAGATC,0.6769608,0.7364965158949408,4,31060,3998
TATTTGTA,0.6768174,0.6791324784562734,4,31060,3998
TGATCGTC,0.6765747,0.708438131365192,4,31060,3998
GATTCTAT,0.67654526,0.6421164392033976,4,31060,3998
ATGAGATG,0.6765162,0.6723704284006102,4,31060,3998
ATCGTCCT,0.676498,0.6793283305158125,4,31060,3998
GAATAGTA,0.67636865,0.7151383334020533,4,31060,3998
CTAGATCG,0.67614585,0.7431142539067331,4,31060,3998
ATGTATTC,0.67560303,0.5513750876180267,4,31060,3998
CGATCATG,0.6755095,0.6457139322970354,4,31060,3998
ACGGCTAT,0.6749514,0.5629303591308291,4,31060,3998
CTTATCAA,0.67488265,0.7697192099946399,4,31060,3998
ATGTGGAT,0.674766,0.7097678637694307,4,31060,3998
GATAATGC,0.6744449,0.696418999711376,4,31060,3998
CTATTGTA,0.6740991,0.6748340411495485,4,31060,3998
ATCTTGCT,0.67379624,0.6455593122500309,4,31060,3998
ATCCAGCT,0.67351294,0.602420319135777,4,31060,3998
AATATTCA,0.6730135,0.6272626066878324,4,31060,3998
TGGGTGTT,0.67288536,0.5474786624335134,4,31060,3998
GTAACTAT,0.6728194,0.7199624788685937,4,31060,3998
TCTACCAT,0.6727149,0.396569496557127,4,31060,3998
TGGTATGG,0.6721621,0.44194532635137923,4,31060,3998
TTATTCAT,0.67205477,0.7054385024533047,4,31060,3998
TTGCAATC,0.67198455,0.330825052570816,4,31060,3998
GATAGACG,0.67184216,0.5494887230445719,4,31060,3998
CCGTTATA,0.67180187,0.6960685276048324,4,31060,3998
CGATCTTA,0.67167103,0.7262091287675752,4,31060,3998
CAGTTGAT,0.6716586,0.655723003339793,4,31060,3998
CATCTAAT,0.67149967,0.6822351873994971,4,31060,3998
ATACTGAC,0.6714842,0.6715457881499196,4,31060,3998
ATATAGCC,0.67145854,0.7792231888838494,4,31060,3998
ATGCGTAT,0.67139804,0.8100235022471447,4,31060,3998
ATCCCTCC,0.67106426,0.7836247062219107,4,31060,3998
AGCATTAT,0.67100096,0.6353956211602688,4,31060,3998
TAATCTTA,0.6709025,0.7342081391992743,4,31060,3998
ATCGGTAC,0.67082703,0.5382529996289119,4,31060,3998
TTGAAGAT,0.67082363,0.7127778006844514,4,31060,3998
GTTTATAG,0.6704832,0.7243639962066549,4,31060,3998
AATCTAAT,0.67042446,0.38397311672782747,4,31060,3998
TATAGCTT,0.6702976,0.6407867067991588,4,31060,3998
ATGACATA,0.66986495,0.5189048777470828,4,31060,3998
CGCTATAC,0.6698584,0.7229930317898816,4,31060,3998
TCGCCTGA,0.6697344,0.4414608502040985,4,31060,3998
ATACTGTA,0.6695608,0.8836741846369521,4,31060,3998
AGATTATT,0.66922355,0.7363006638354018,4,31060,3998
GCTACGAT,0.669215,0.6106667216426833,4,31060,3998
GGGATCCC,0.6691017,0.7809858574197006,4,31060,3998
ATCGCAGA,0.6690246,0.689059085473962,4,31060,3998
TCATCTTA,0.66875786,0.5943697686884096,4,31060,3998
TAGTATGA,0.668564,0.6729786005854946,4,31060,3998
ATCACACA,0.6685298,0.8156104399455737,4,31060,3998
ATCCCCGA,0.6684906,0.7955510658475239,4,31060,3998
ATACATTG,0.66828734,0.7936853172803365,4,31060,3998
CGGATTAC,0.668235,0.7320743825506124,4,31060,3998
TGAAGATC,0.66810954,0.8538634395744856,4,31060,3998
ATACCATT,0.66800565,0.817878200634973,4,31060,3998
GCGGTGAT,0.6677929,0.6284686430544676,4,31060,3998
CGCTTATC,0.6674178,0.542407124891766,4,31060,3998
AACGCATA,0.6673337,0.6151094709932792,4,31060,3998
ATCGCATC,0.6670068,0.759885375005154,4,31060,3998
TTCATACC,0.666997,0.7037582979425225,4,31060,3998
CTATCCAC,0.66697145,0.7531130169463571,4,31060,3998
TTTCCGAT,0.6668233,0.7865727951181296,4,31060,3998
TGATGGAT,0.6667678,0.6920793303921164,4,31060,3998
CGATCTTC,0.66648984,0.7649878365563023,4,31060,3998
CTCCAATC,0.666388,0.4792912217045314,4,31060,3998
CGTTTATC,0.6663126,0.622892013359172,4,31060,3998
ACTCTGAT,0.6659766,0.695460355419948,4,31060,3998
AAGTAGAT,0.66578287,0.7590916587638643,4,31060,3998
CCTTAGAT,0.6656925,0.6928730466334061,4,31060,3998
CGATCTGA,0.6655038,0.8457613491114501,4,31060,3998
CCTATAAA,0.66520864,0.6152950150496846,4,31060,3998
GAATAATA,0.6650519,0.8095287180967302,4,31060,3998
CATACCAT,0.66477686,0.4820022265286769,4,31060,3998
GTAATTAT,0.6647494,0.6413639549746423,4,31060,3998
AACGGATT,0.66426903,0.7311260462623181,4,31060,3998
TATTAGGT,0.66418767,0.7993237949944336,4,31060,3998
TTAGCGAT,0.6641769,0.734383375252546,4,31060,3998
GTATTCTA,0.6638087,0.6826887395373769,4,31060,3998
CATTATAA,0.6633727,0.6219024450583432,4,31060,3998
CTTATACG,0.6631458,0.710149259885375,4,31060,3998
ATCTGTCA,0.6630299,0.6713911681029151,4,31060,3998
ATATGCTG,0.66289955,0.7805116892755536,4,31060,3998
GTTAATAC,0.6626111,0.8304642724611389,4,31060,3998
ATAGGATG,0.6625712,0.7624623757885622,4,31060,3998
CTCTATCA,0.66210735,0.6022553910856389,4,31060,3998
TCTGCGAT,0.6619768,0.689059085473962,4,31060,3998
CGTATGTC,0.661962,0.5373871273656867,4,31060,3998
CGTCTATC,0.66178393,0.5494887230445719,4,31060,3998
ATACGACT,0.661651,0.7331670308827775,4,31060,3998
CGTATCCA,0.66165054,0.8261967591638147,4,31060,3998
ATAGTGTC,0.661644,0.7870366552591432,4,31060,3998
TAGAATAT,0.6616302,0.8111676905949778,4,31060,3998
ACTGTGAT,0.66162974,0.7054797344658393,4,31060,3998
CGAAGTAT,0.6615476,0.7656578567599884,4,31060,3998
TCCACGAT,0.661241,0.6568465756813591,4,31060,3998
CATTATAG,0.6606305,0.5598379581907392,4,31060,3998
CGATCAGG,0.6602853,0.6841730919886199,4,31060,3998
AGAATATG,0.66025347,0.6715560961530532,4,31060,3998
ATCATTAC,0.6602095,0.7725642188595224,4,31060,3998
TAGCCGAT,0.6597727,0.767554529336577,4,31060,3998
ATAGCATC,0.65962833,0.6883066012452068,4,31060,3998
ATCTCAGC,0.6592762,0.6881829052076032,4,31060,3998
ATAGTCGA,0.6591463,0.6314476559600875,4,31060,3998
TGATATCA,1.0898802,0.9998247639467284,5,41080,4997
ACGTATCA,1.0643107,0.9831051828639755,5,41080,4997
TGATACCT,1.0620143,1.0,5,41080,4997
GTATCAAA,1.046449,0.9884550364903311,5,41080,4997
GATATCCC,1.0385913,0.9840638271554034,5,41080,4997
GCGTATCA,1.032862,0.9835071949861872,5,41080,4997
GATATCAA,1.0297831,0.9935059580258113,5,41080,4997
TGATATCC,1.0244598,0.9906300251515278,5,41080,4997
TGATACCG,1.0239944,0.9879293283305158,5,41080,4997
AGGATCAT,1.0235012,0.9030532305281821,5,41080,4997
GTATCAAT,1.0146046,0.9944852183235064,5,41080,4997
AGTATCAT,1.0111603,0.9804354100523647,5,41080,4997
TGATACTG,1.0090003,0.970684039087948,5,41080,4997
CTATGATA,1.0040978,0.923246608666969,5,41080,4997
GTATCGAT,1.0039111,0.9539541500020616,5,41080,4997
GGGATCAT,1.0028477,0.9514183812311879,5,41080,4997
GATATCGC,1.0010406,0.9771574650558693,5,41080,4997
CGTATCAC,0.9992095,0.9751680204510783,5,41080,4997
CGGATCAT,0.99836177,0.9577165711458376,5,41080,4997
AAGTATCA,0.9980983,0.9782810373974353,5,41080,4997
AGTATCAA,0.99744725,0.9781985733723663,5,41080,4997
ACCGTATC,0.99602413,0.9359769925370057,5,41080,4997
GTTGATAC,0.9937122,0.9746835443037974,5,41080,4997
CTGATACC,0.9917274,0.9533975178328453,5,41080,4997
GATGATCC,0.98980016,0.9452438873541418,5,41080,4997
TGTATCAA,0.9892485,0.9631695048035296,5,41080,4997
GGAGTATC,0.98801816,0.9356574444398631,5,41080,4997
GTATCACT,0.985993,0.9879602523399167,5,41080,4997
GAGTATCA,0.98269844,0.979724157836144,5,41080,4997
TGGATCAT,0.98204213,0.8873953737681937,5,41080,4997
GATATCCT,0.9792621,0.9755081845544881,5,41080,4997
TATCCGAT,0.97621524,0.9257617614315755,5,41080,4997
TGATACTC,0.9739573,0.979724157836144,5,41080,4997
AATGATAT,0.97237587,0.9719106914608502,5,41080,4997
ATATATCA,0.97179025,0.9676225621572588,5,41080,4997
TTATGATA,0.97167724,0.9177215189873419,5,41080,4997
ATAGGTAT,0.9678572,0.9296375706098213,5,41080,4997
GTATCATT,0.96730536,0.9794149177421351,5,41080,4997
TGAGTATC,0.965359,0.9193192594730549,5,41080,4997
ACGATACT,0.96424395,0.933358759741063,5,41080,4997
GTGATAGG,0.96036375,0.9200408196924091,5,41080,4997
ATATCATA,0.9603541,0.9794870737640705,5,41080,4997
GACGATAC,0.96034,0.9469137838617903,5,41080,4997
GAGATACC,0.9576292,0.9001772976538985,5,41080,4997
ATATCACG,0.9548752,0.9684059703954151,5,41080,4997
AATGATAG,0.95465565,0.9190409433884469,5,41080,4997
CGTTGATA,0.95428354,0.9195048035294604,5,41080,4997
GGTATCAG,0.9529583,0.9533975178328453,5,41080,4997
TGATCCGG,0.95242995,0.9410485300787532,5,41080,4997
CGAGTATC,0.95149153,0.8971673607388777,5,41080,4997
ATATATAC,0.95107764,0.9564074547478663,5,41080,4997
GAAGATAC,0.9507,0.8255576629695296,5,41080,4997
CCATGATA,0.9503937,0.8570176885333773,5,41080,4997
ATGATAGC,0.95003766,0.9723333195893292,5,41080,4997
GTGGTATC,0.9490358,0.9176184389560055,5,41080,4997
TGTTGATA,0.9476914,0.9309466870077928,5,41080,4997
AAACGATA,0.9474439,0.8701294685193585,5,41080,4997
ATGATAGG,0.94531137,0.9467076237991177,5,41080,4997
CTGATACT,0.9452938,0.9653548014678596,5,41080,4997
TTAGGTAT,0.94264835,0.8405970395415,5,41080,4997
AGAGATAC,0.942565,0.8931472395167608,5,41080,4997
TGGATATC,0.94184434,0.9623242485465716,5,41080,4997
GGGATCAA,0.9407909,0.9142271059250403,5,41080,4997
AGATATAC,0.93931115,0.9360285325526739,5,41080,4997
CATGATAC,0.9390835,0.9717045313981776,5,41080,4997
GATAGGAT,0.9372374,0.9053622232301158,5,41080,4997
ATACCGAT,0.936923,0.8075805055044737,5,41080,4997
GGGGATAC,0.93632036,0.8780666309322558,5,41080,4997
ACAGTATC,0.9360039,0.9251020492310229,5,41080,4997
TGGGTATA,0.9352339,0.8711396528264546,5,41080,4997
TTGATATG,0.9343407,0.9700449428936627,5,41080,4997
TGTATATA,0.93346626,0.8666556714633241,5,41080,4997
AAAGGATA,0.9334378,0.8830660124520678,5,41080,4997
CAGGGATA,0.9332098,0.8180431286851112,5,41080,4997
GATATTAT,0.93183744,0.8941986558363915,5,41080,4997
ATATAGAT,0.9314048,0.9202675957613492,5,41080,4997
ATGTGATA,0.930867,0.9387086133674185,5,41080,4997
CAGATACC,0.92966366,0.905918855399332,5,41080,4997
CCGATACA,0.92575485,0.8994866614439451,5,41080,4997
AGGATACT,0.92410946,0.846833381437348,5,41080,4997
AGCGTATC,0.92290753,0.8690368201871933,5,41080,4997
AATATCAG,0.9226146,0.7816868016327877,5,41080,4997
ATGTATCG,0.9222787,0.9130107615552714,5,41080,4997
GAAGTATC,0.92181015,0.9264317816352615,5,41080,4997
TGTATCGG,0.92125815,0.8994866614439451,5,41080,4997
GATTATCC,0.91875863,0.8316393848183729,5,41080,4997
CAGATACT,0.9184944,0.8504205665278523,5,41080,4997
GTGAGATA,0.91758066,0.9081763080855977,5,41080,4997
CGTATCAG,0.91733104,0.9283284542118501,5,41080,4997
TCGCGATA,0.91682076,0.8537294355337484,5,41080,4997
CGTATATA,0.91660714,0.8974766008328866,5,41080,4997
GTATCAGT,0.91340333,0.9528821176761637,5,41080,4997
GTCGTATC,0.91257834,0.8717890570238733,5,41080,4997
GGTAGATA,0.912088,0.8682534119490373,5,41080,4997
TGTATCAG,0.91169536,0.9403888178782007,5,41080,4997
ATGATCAT,0.911657,0.8832721725147404,5,41080,4997
GTGGATCA,0.9116308,0.8919515111532593,5,41080,4997
TAAGGATC,0.9109407,0.8385251309116397,5,41080,4997
AGGTGATC,0.9099977,0.872696161299633,5,41080,4997
GCTATCAT,0.90974146,0.9723333195893292,5,41080,4997
CTGATACA,0.90883404,0.9403888178782007,5,41080,4997
GATATGGT,0.9086532,0.8862821094297613,5,41080,4997
CGTATCCT,0.90858877,0.8015709396775657,5,41080,4997
AGCGATAC,0.9084681,0.9320496433430916,5,41080,4997
AGAGTGAT,0.90732783,0.7710180183894776,5,41080,4997
TTAGTATC,0.9068277,0.9022285902774915,5,41080,4997
TGGATCAA,0.9063928,0.8986104811775862,5,41080,4997
TATCTGAT,0.9062034,0.9222261163567395,5,41080,4997
TGACGATA,0.9056465,0.847956953778914,5,41080,4997
TAAGTATC,0.9056401,0.9067125716406219,5,41080,4997
ATGATCAG,0.9053684,0.8684904960211107,5,41080,4997
TCTATATA,0.904961,0.7917474126912134,5,41080,4997
ATGATACA,0.90495276,0.9761163567393725,5,41080,4997
TTAATATC,0.90491235,0.8984146291180473,5,41080,4997
TGGATCAG,0.904557,0.8785614150826702,5,41080,4997
GTATATCC,0.90400124,0.9130623015709397,5,41080,4997
CAGTATCT,0.9037166,0.8183626767822537,5,41080,4997
AAGATACT,0.9035494,0.8800973075495815,5,41080,4997
CCATATCC,0.90347064,0.8519358429884962,5,41080,4997
TGCGTATC,0.9026082,0.8483692739042592,5,41080,4997
TATATATG,0.90010524,0.9319774873211563,5,41080,4997
AAGGATAT,0.8997836,0.8856945532511441,5,41080,4997
GCTATCAA,0.8994953,0.9257617614315755,5,41080,4997
TATATAGT,0.899155,0.8548633158784481,5,41080,4997
GAATATCG,0.8981785,0.799148558941162,5,41080,4997
GCTGATAT,0.8970234,0.904857131076568,5,41080,4997
GGAGTATA,0.89657265,0.8351028738712737,5,41080,4997
AGTATCTA,0.8958487,0.9117222611635674,5,41080,4997
TAGATACG,0.89544886,0.8790046592174164,5,41080,4997
AGCGGATC,0.8951525,0.8281140477466704,5,41080,4997
TATATCGC,0.8951248,0.9281841421679792,5,41080,4997
ACTATATC,0.8951199,0.921875644250196,5,41080,4997
CAATATCT,0.8942924,0.8408959716323754,5,41080,4997
CTGATAGG,0.8936676,0.8798602234775079,5,41080,4997
GCTATATA,0.89231414,0.8788809631798128,5,41080,4997
GATATACT,0.89206636,0.937770585082258,5,41080,4997
ATCATCTA,0.8914421,0.8828701603925287,5,41080,4997
GGATACCA,0.89043576,0.8813342679256174,5,41080,4997
CTGATAGC,0.8901706,0.8950129880839484,5,41080,4997
GCTTGATA,0.8892286,0.9089081763080856,5,41080,4997
GGATCGTA,0.88836586,0.8645631468271966,5,41080,4997
CGGGGATA,0.88813484,0.8600791654640664,5,41080,4997
CTATATTA,0.8876236,0.8606048736238815,5,41080,4997
GATATAAG,0.8876107,0.8678617078299593,5,41080,4997
ACGAGATA,0.8874108,0.7303632540304292,5,41080,4997
AAGATACG,0.8869789,0.8441842246320044,5,41080,4997
TTATGATC,0.88642204,0.8364119902692451,5,41080,4997
AAGTATCC,0.8863127,0.8904362346926153,5,41080,4997
CATATCGA,0.8856099,0.8870861336741847,5,41080,4997
GATACTAT,0.8849457,0.9461509916299015,5,41080,4997
TGGATCAC,0.8847298,0.8957448563064363,5,41080,4997
ATTATACC,0.88460356,0.9022595142868923,5,41080,4997
GACTATAT,0.88459235,0.7860780109677153,5,41080,4997
AGGATCGT,0.8844489,0.824166082546489,5,41080,4997
TGTATCGA,0.8836893,0.8764998144559436,5,41080,4997
AGATCCGA,0.8832995,0.779037644827444,5,41080,4997
ATAGTGAT,0.88318473,0.8463901373026017,5,41080,4997
TCCGATAC,0.88246495,0.9536449099080526,5,41080,4997
AGGGTGAT,0.8824542,0.8735311095534573,5,41080,4997
CTGATCAT,0.8817771,0.8684904960211107,5,41080,4997
CTAAGATA,0.8814951,0.8613161258401023,5,41080,4997
TGTGTGAT,0.8813853,0.8156104399455737,5,41080,4997
CGATCACA,0.8813626,0.8446790087824186,5,41080,4997
CTTGATAT,0.88095796,0.9631591968003959,5,41080,4997
GGATCAAC,0.88060135,0.8994969694470787,5,41080,4997
AGGGTATT,0.8804975,0.8503896425184514,5,41080,4997
AGACGTAT,0.8802761,0.8005504473673359,5,41080,4997
GTATCTAT,0.8802074,0.9460891436110996,5,41080,4997
GATACGCT,0.87971836,0.8690368201871933,5,41080,4997
ATGTATAT,0.8796013,0.8541520636622274,5,41080,4997
TGGATACT,0.87937176,0.8819424401105018,5,41080,4997
ATAGTATA,0.8793135,0.8855605492104069,5,41080,4997
CCGATCAT,0.87920743,0.8431225003092402,5,41080,4997
GTAAGATA,0.8791142,0.8480394178039831,5,41080,4997
AATGGATC,0.8790636,0.8683667999835072,5,41080,4997
GACGATAG,0.8787774,0.7488248876427659,5,41080,4997
AGTATTAT,0.878713,0.8688306601245207,5,41080,4997
GTATCGGA,0.8786052,0.9536449099080526,5,41080,4997
GAGGGATC,0.87849194,0.8593576052447119,5,41080,4997
ACGATACG,0.8784853,0.8959613243722425,5,41080,4997
TATCAATT,0.87820315,0.8980538490083702,5,41080,4997
AGATCTAT,0.8773879,0.8018183317527728,5,41080,4997
GATACATG,0.87713933,0.8900857625860719,5,41080,4997
ATCATGAT,0.87666714,0.9071764317816353,5,41080,4997
ATATCGCT,0.87609226,0.950768977033769,5,41080,4997
CTATCGAT,0.8754817,0.8683771079866408,5,41080,4997
ATAGTATC,0.87510806,0.9461509916299015,5,41080,4997
TATTATCC,0.87465745,0.8951469921246857,5,41080,4997
CTATATCT,0.874586,0.8732631014719828,5,41080,4997
GTATCCGA,0.8743011,0.8693976002968705,5,41080,4997
TGATCATT,0.8742664,0.8430812682967056,5,41080,4997
GTAGATAT,0.8742299,0.926421473632128,5,41080,4997
GGGTATCC,0.87366736,0.9412443821382921,5,41080,4997
GCTATCAG,0.87352043,0.8950129880839484,5,41080,4997
GTATCCAT,0.8728078,0.900837009854451,5,41080,4997
ATCATAGC,0.8716154,0.7530820929369563,5,41080,4997
ACCCGATC,0.87154156,0.8435966684533872,5,41080,4997
CGATAGCT,0.8708102,0.8237434544180101,5,41080,4997
GTATAAAA,0.87064165,0.8133736032655754,5,41080,4997
CAGTATCC,0.868406,0.7667814291015544,5,41080,4997
ATATCTGT,0.8683383,0.9182884591596916,5,41080,4997
GGGTATAC,0.8681037,0.8409475116480436,5,41080,4997
TTAAGATA,0.86701936,0.8400507153754175,5,41080,4997
CCTATCAA,0.8670003,0.9102379087123244,5,41080,4997
TTTGATAG,0.86691684,0.9334618397723993,5,41080,4997
GGGATCGT,0.86637634,0.8036634643136931,5,41080,4997
GGCTGATA,0.8653695,0.8703356285820312,5,41080,4997
ATCCATAT,0.86493903,0.885364697150868,5,41080,4997
GCGGATCG,0.86458665,0.811054302560508,5,41080,4997
TATATTGA,0.86445373,0.8704387086133675,5,41080,4997
CTAGATAC,0.8643965,0.866995835566734,5,41080,4997
GATACATC,0.8630911,0.9289881664124026,5,41080,4997
GGATCAGG,0.862955,0.8145177916134086,5,41080,4997
ATGGGATA,0.8628872,0.7995505710633737,5,41080,4997
AATATCGA,0.8626599,0.7505257081598152,5,41080,4997
GTATCGCG,0.86254865,0.9118253411949037,5,41080,4997
AATATCCA,0.8624745,0.8425967921494248,5,41080,4997
ATATCGCA,0.8623584,0.8872819857337237,5,41080,4997
CATTGATC,0.86225617,0.7955922978600585,5,41080,4997
TGGATCGG,0.86221886,0.7681936255308621,5,41080,4997
GATCATAC,0.8614954,0.8940234197831196,5,41080,4997
GAGTATCT,0.8604701,0.919906815651672,5,41080,4997
GATCATTA,0.8602547,0.9107945408815404,5,41080,4997
AGAGTATA,0.85867095,0.8007978394425431,5,41080,4997
GCGATATT,0.85863096,0.819228549045479,5,41080,4997
ATCTATCC,0.858309,0.8800457675339134,5,41080,4997
AGATACTG,0.85582787,0.8183626767822537,5,41080,4997
ATACCTCT,0.8557819,0.9323898074465016,5,41080,4997
TATACTAT,0.8557031,0.8855605492104069,5,41080,4997
GTGTATCT,0.85548776,0.8845915969158455,5,41080,4997
ACGTATCT,0.85479337,0.832031088937451,5,41080,4997
CACTGATC,0.8546438,0.8284439038469468,5,41080,4997
AAGCTATA,0.85461694,0.6407867067991588,5,41080,4997
GATATAAC,0.8545896,0.8678823238362264,5,41080,4997
GGTATCTA,0.85457706,0.9621490124932999,5,41080,4997
GATTGATC,0.85376173,0.8586257370222241,5,41080,4997
AGATCGAT,0.8531184,0.8876530738465345,5,41080,4997
TATCATAA,0.8528358,0.9177215189873419,5,41080,4997
CTGATCTG,0.8523305,0.8421844720240795,5,41080,4997
GTATCGAG,0.85172385,0.8548117758627798,5,41080,4997
TCCGTATA,0.8508167,0.693862614934235,5,41080,4997
ACTGATAG,0.84948,0.8836638766338185,5,41080,4997
CCGTGATC,0.8491803,0.8100853502659464,5,41080,4997
GAGATCAT,0.8490524,0.8888075701975013,5,41080,4997
TTTTATAT,0.8482733,0.7843359584381314,5,41080,4997
GATCTATG,0.8481577,0.8221354059291635,5,41080,4997
TCGTATAC,0.8480129,0.7699150620541788,5,41080,4997
TAGATACA,0.84777135,0.8346905537459284,5,41080,4997
GGTATACT,0.84726787,0.8726343132808312,5,41080,4997
ATCACGAT,0.84720886,0.7338988991052653,5,41080,4997
GATATGGC,0.8466208,0.8531109553457304,5,41080,4997
ACAGGATC,0.8465812,0.7674411413021069,5,41080,4997
GTGATCCT,0.8462375,0.9393477095617038,5,41080,4997
TTGGATAC,0.84564406,0.888395250072156,5,41080,4997
ATATTCAT,0.84456116,0.6561147074588711,5,41080,4997
GCGGGATC,0.84452444,0.7647919844967633,5,41080,4997
TATCATTC,0.84448683,0.9412340741351586,5,41080,4997
AACGTATA,0.84403247,0.7448769224425845,5,41080,4997
GGATAGCC,0.8437414,0.8232383622644621,5,41080,4997
TCAGATAC,0.8437389,0.8467509174122789,5,41080,4997
GTATACGG,0.8436442,0.8182080567352493,5,41080,4997
TAGGAGAT,0.84337074,0.7690285737846865,5,41080,4997
CTCGGATC,0.8424243,0.8098791902032738,5,41080,4997
ATGGATCT,0.8420986,0.73646559188554,5,41080,4997
TTGCGATA,0.84182894,0.7680080814744569,5,41080,4997
AAAGGTAT,0.8413091,0.8981363130334391,5,41080,4997
CGATCCGA,0.8409997,0.8229806621861212,5,41080,4997
CAATATAC,0.8409575,0.7642353523275471,5,41080,4997
CGGATAGA,0.8409128,0.8313610687337649,5,41080,4997
AATAGTAT,0.84085387,0.8498742423617697,5,41080,4997
AGATCAGT,0.8402417,0.9038778707788728,5,41080,4997
GATCTATA,0.8397291,0.8654290190904217,5,41080,4997
ACTGATCA,0.8394222,0.8320826289531192,5,41080,4997
CGTATCTG,0.8387248,0.84048365150703,5,41080,4997
CCGTATCC,0.8384,0.8267430833298973,5,41080,4997
GATCTGAT,0.837665,0.9148146621036574,5,41080,4997
GCAGTATA,0.8372337,0.6808332989733229,5,41080,4997
AAGGATAG,0.8371411,0.7765637240753721,5,41080,4997
TATCCCCG,0.83687735,0.8600791654640664,5,41080,4997
GATTATAC,0.83642864,0.8709438007669155,5,41080,4997
TGATCCAG,0.8355375,0.8656557951593618,5,41080,4997
ATATTTGA,0.8354463,0.8646971508679339,5,41080,4997
GAATATAC,0.8349832,0.8024883519564591,5,41080,4997
TATCAGAA,0.83457446,0.8970024326887397,5,41080,4997
TGTATCTT,0.83455265,0.8451016369108976,5,41080,4997
GGTATCCT,0.8345417,0.8845194408939101,5,41080,4997
CGGATAAA,0.8339781,0.8716859769925369,5,41080,4997
GGATCAGC,0.8339231,0.8325361810909991,5,41080,4997
GATACGAC,0.8337851,0.8717890570238733,5,41080,4997
GTATAATG,0.83356583,0.8158372160145138,5,41080,4997
GTATCTTT,0.83327556,0.9067434956500228,5,41080,4997
CAAGGTAT,0.83262575,0.8154867439079702,5,41080,4997
ATCGGGAT,0.8324216,0.7977363625118542,5,41080,4997
TGAGATCC,0.8318973,0.7401352410011133,5,41080,4997
AAGATACA,0.83179873,0.8451016369108976,5,41080,4997
TGTATGAT,0.8316346,0.8891992743165794,5,41080,4997
GCAGATAT,0.8310304,0.8087040778460397,5,41080,4997
GTATTGAA,0.8301729,0.7701109141137179,5,41080,4997
TGAGATAG,0.82957906,0.8008184554488105,5,41080,4997
TCTATCTC,0.82923293,0.6127180142662764,5,41080,4997
TATATACT,0.82913584,0.9302766668041068,5,41080,4997
ATGATCAA,0.8284597,0.7884591596915845,5,41080,4997
GAGATGAT,0.82838345,0.8755205541582485,5,41080,4997
AGTTATAC,0.8281176,0.7622046757102214,5,41080,4997
TAGATCAG,0.82799315,0.8753350101018431,5,41080,4997
ATCAATAG,0.8276374,0.8633777264668289,5,41080,4997
ATTGGGAT,0.8267492,0.7810683214447698,5,41080,4997
ATCTCTGA,0.8267066,0.8084773017770998,5,41080,4997
CTTATACC,0.82634044,0.8102502783160845,5,41080,4997
CGCGATAT,0.826094,0.9087329402548139,5,41080,4997
GAGATCAG,0.8260486,0.80263266400033,5,41080,4997
AAGCGATC,0.82602835,0.7856347668329691,5,41080,4997
GTATTGGT,0.8259618,0.7852224467076238,5,41080,4997
ATCTTGAT,0.8252411,0.7470106790912464,5,41080,4997
TATCCCTT,0.8246402,0.8611408897868305,5,41080,4997
AGGTATAC,0.824578,0.8547499278439781,5,41080,4997
CCTATGAT,0.82444954,0.7426400857625861,5,41080,4997
GATAATCA,0.82428247,0.714416773182699,5,41080,4997
TCGATATT,0.8241594,0.7505257081598152,5,41080,4997
CGATCCTA,0.8240005,0.783531934193708,5,41080,4997
CTACGATC,0.82358927,0.7519791366016575,5,41080,4997
ATACTATG,0.82289004,0.8465962973652744,5,41080,4997
CTTGATAG,0.8224074,0.832257865006391,5,41080,4997
CTATACCT,0.82238066,0.854554075784439,5,41080,4997
CTATTATA,0.82224447,0.785974930936379,5,41080,4997
GATCCGTA,0.82219183,0.8923019832598029,5,41080,4997
GTTATATA,0.82192695,0.8201356533212387,5,41080,4997
CCGGATAC,0.821839,0.835793510081227,5,41080,4997
GTATCTTG,0.8201646,0.8133323712530409,5,41080,4997
CTAGGATC,0.8198639,0.8520595390260999,5,41080,4997
ATATTACC,0.81972766,0.8296293242073146,5,41080,4997
TGTATAAT,0.8191928,0.7526079247928091,5,41080,4997
TGATAGTG,0.81861067,0.8802210035871851,5,41080,4997
AGCGTATA,0.8184738,0.7551024615511482,5,41080,4997
AATACTAT,0.81846976,0.8895600544262565,5,41080,4997
TGTGAGAT,0.81831956,0.8518224549540264,5,41080,4997
CCGATAGG,0.8182292,0.815321815857832,5,41080,4997
ATACCCGT,0.8182202,0.9023729023213624,5,41080,4997
ACGATCGT,0.8181816,0.6868840968127655,5,41080,4997
TCTAGGAT,0.8179746,0.7998288871479817,5,41080,4997
AGACGGAT,0.81790483,0.8397414752814086,5,41080,4997
GTTGATCA,0.8175952,0.7191893786335711,5,41080,4997
CTATCACG,0.817395,0.7479280913701398,5,41080,4997
GTGATCTC,0.8168156,0.8410299756731127,5,41080,4997
GTATCTCC,0.8162008,0.9121964293077146,5,41080,4997
ATACTCAG,0.8161868,0.7898301241083577,5,41080,4997
CTGATAGA,0.81607765,0.7016657733063951,5,41080,4997
CGATCCTG,0.81570196,0.7221374675297902,5,41080,4997
GGATCGAT,0.8153279,0.8590895971632376,5,41080,4997
CCGGATCC,0.81522787,0.8634808064981652,5,41080,4997
AGGATGAT,0.81508946,0.7300849379458211,5,41080,4997
TATACCGG,0.8150319,0.8074465014637364,5,41080,4997
GTATAACA,0.8149231,0.7863254030429225,5,41080,4997
AAGATAGC,0.81479436,0.7751824516554653,5,41080,4997
GGCGGTAT,0.8136857,0.7761514039500269,5,41080,4997
ATTTATAT,0.81366116,0.822372490001237,5,41080,4997
GATCAGTT,0.81279176,0.8914361109965778,5,41080,4997
CGAATATC,0.81261563,0.8169092483404115,5,41080,4997
CTTATCAC,0.8122406,0.7096957077474952,5,41080,4997
TGTATAGA,0.81169456,0.741939141549499,5,41080,4997
AGAATGAT,0.8116387,0.8008184554488105,5,41080,4997
GATAACTA,0.81154424,0.7369706840390879,5,41080,4997
TCATTGAT,0.8109816,0.8170123283717479,5,41080,4997
GGTATAGG,0.8107923,0.8058590689811569,5,41080,4997
GATAGCCT,0.81074,0.8948377520306767,5,41080,4997
ATATTCGA,0.8103382,0.670690223889828,5,41080,4997
TTATAATA,0.81029207,0.7535459530779698,5,41080,4997
GATCAGAG,0.80991775,0.7113656042551437,5,41080,4997
TGCTGATC,0.8096475,0.7938605533336083,5,41080,4997
GCTGATCT,0.80959535,0.810971838535439,5,41080,4997
GTATCTAG,0.8094323,0.866995835566734,5,41080,4997
CAAGGGAT,0.80941594,0.691780398301241,5,41080,4997
CGATCCCG,0.80923694,0.7652249206283759,5,41080,4997
TGCGGATC,0.8089378,0.81318805920917,5,41080,4997
TTTGAGAT,0.8088017,0.8076526615264091,5,41080,4997
GGGATCCT,0.80865794,0.8163732321774625,5,41080,4997
CTTGTGAT,0.80859613,0.7603080031336329,5,41080,4997
ATACCTAG,0.8080545,0.8779326268915186,5,41080,4997
CTGTATAT,0.80770296,0.8383395868552344,5,41080,4997
AACTATAC,0.80732965,0.751123572341566,5,41080,4997
TTATATAC,0.80641484,0.8407825835979055,5,41080,4997
GCGATCCT,0.8062179,0.7720282026965737,5,41080,4997
TCATATAC,0.80572945,0.8351544138869419,5,41080,4997
CGTATAGA,0.80560684,0.7608852513091166,5,41080,4997
CAGATCAA,0.8055813,0.8000247392075207,5,41080,4997
GATCCCTA,0.80553955,0.8678720158330927,5,41080,4997
TTATCTAT,0.8054173,0.8218880138539562,5,41080,4997
ATATGGGT,0.8051682,0.842452480105554,5,41080,4997
TGGGATCG,0.80510074,0.8024677359501916,5,41080,4997
ATCGGATG,0.8048647,0.7315280583845298,5,41080,4997
AATGTATC,0.80443275,0.906454871562281,5,41080,4997
ATCTCTAT,0.80438334,0.8139096194285244,5,41080,4997
AGAGATCA,0.8040846,0.886684121551973,5,41080,4997
ATACGCCA,0.8040758,0.7996639590978436,5,41080,4997
CCGTATAC,0.80382794,0.8182080567352493,5,41080,4997
AAAGATCA,0.80351526,0.8653877870778873,5,41080,4997
ATGTTGAT,0.8034574,0.8193110130705479,5,41080,4997
GATCCGCA,0.80338436,0.81318805920917,5,41080,4997
ATCGGATT,0.8033444,0.785356450748361,5,41080,4997
GATATGAG,0.8031009,0.8261658351544139,5,41080,4997
ATACTCCG,0.80297804,0.8411536717107162,5,41080,4997
GGATCGGA,0.80297345,0.816445388199398,5,41080,4997
TATTAATC,0.80225044,0.8546056158001072,5,41080,4997
CTGGATCG,0.80223817,0.6694944955263267,5,41080,4997
GATTATCG,0.80165935,0.7246938523069311,5,41080,4997
AGTAGATC,0.80136466,0.8567909124644374,5,41080,4997
CTTGTATC,0.8011515,0.8760359543149302,5,41080,4997
GGATCTAC,0.8009755,0.746546818950233,5,41080,4997
TAGGTGAT,0.8007913,0.7682348575433966,5,41080,4997
TAACAGAT,0.80054593,0.6648868181255927,5,41080,4997
ATATAACG,0.80002296,0.7384138044777966,5,41080,4997
ATAGGTGA,0.7998501,0.7091906155939471,5,41080,4997
ATCATCGG,0.7998249,0.7352904795283057,5,41080,4997
TATCTCAT,0.7995495,0.7936028532552674,5,41080,4997
CGTATACA,0.7988655,0.8188574609326681,5,41080,4997
TATCCCAA,0.79789525,0.7795015049684576,5,41080,4997
ACGTATAA,0.7977684,0.8641508267018514,5,41080,4997
CCAGGATC,0.797368,0.7833154661279018,5,41080,4997
GATCGTAC,0.79729086,0.7983136106873376,5,41080,4997
CCGATGAT,0.7967333,0.7352904795283057,5,41080,4997
ATCAATAC,0.7962373,0.8813239599224838,5,41080,4997
TGGATAAT,0.79615235,0.7148806333237125,5,41080,4997
CGGATAAG,0.7960682,0.6164288953943843,5,41080,4997
AGACGATC,0.79554766,0.7827382179524183,5,41080,4997
CAGTATAC,0.79540044,0.7762338679750959,5,41080,4997
CGAGTATA,0.7946899,0.7867377231682678,5,41080,4997
CTTATGAT,0.7946277,0.7894384199892798,5,41080,4997
TTAGCTAT,0.79449147,0.6822454954026306,5,41080,4997
CTTAGATC,0.7942823,0.7829237620088237,5,41080,4997
GATCCTAA,0.7942655,0.7642868923432152,5,41080,4997
AGGATAGC,0.7939543,0.7689976497752855,5,41080,4997
TGTTTGAT,0.793823,0.7828000659712201,5,41080,4997
TGTGATCA,0.79378325,0.8654702511029563,5,41080,4997
GCGATACA,0.7936834,0.8803240836185214,5,41080,4997
ATACACAT,0.79336303,0.798808394837752,5,41080,4997
CGGATAAC,0.7933492,0.8534305034428731,5,41080,4997
CGTATCCG,0.79307234,0.7735125551478167,5,41080,4997
CATGAGAT,0.79289806,0.6607739248752732,5,41080,4997
AGTATACG,0.79282635,0.7390116686595473,5,41080,4997
CCTTATCA,0.79249644,0.751968828598524,5,41080,4997
CTATCGTT,0.7915948,0.8518224549540264,5,41080,4997
TGATCGGT,0.79149866,0.8401125633942192,5,41080,4997
TATCTACT,0.7914268,0.871067496804519,5,41080,4997
GATCCAAG,0.7910921,0.8139199274316581,5,41080,4997
AGTGGGAT,0.7908502,0.7813569455325116,5,41080,4997
GTCAGATC,0.790721,0.687770585082258,5,41080,4997
TTATCGAA,0.7904675,0.5792994681070383,5,41080,4997
GATCCTCA,0.79032934,0.8338246814827032,5,41080,4997
ATTATAGA,0.7903245,0.7849235146167485,5,41080,4997
GTAGTGAT,0.7897929,0.817455572506494,5,41080,4997
TCGTATAG,0.78937024,0.7410526532800066,5,41080,4997
GATACTAG,0.78929555,0.8544819197625036,5,41080,4997
TATCCTTA,0.78920996,0.795891229950934,5,41080,4997
GATAGGAG,0.7892061,0.7923143528635632,5,41080,4997
GCTATCTA,0.7891689,0.7684616336123367,5,41080,4997
ATTGTATA,0.7877381,0.855595184100936,5,41080,4997
ACTATAGA,0.7876644,0.6745866490743413,5,41080,4997
GGTATGAT,0.78762484,0.8750566940172351,5,41080,4997
CTATATAG,0.7873736,0.7712551024615512,5,41080,4997
CTCGTATC,0.7872932,0.8430194202779039,5,41080,4997
GCCGATCC,0.78718805,0.7828825299962892,5,41080,4997
AATCCGAT,0.78701085,0.785356450748361,5,41080,4997
CTGTATCC,0.78688914,0.8475549416567023,5,41080,4997
GATAGCCA,0.78687245,0.819898569249165,5,41080,4997
GGATATTC,0.7866286,0.8137446913783861,5,41080,4997
CAGATCGG,0.7865424,0.7475879272667298,5,41080,4997
AGTGATAA,0.78618926,0.7451346225209253,5,41080,4997
CCTGGATC,0.7861671,0.6994907846451985,5,41080,4997
ATACGCGT,0.7861543,0.7890982558858698,5,41080,4997
TATCCCAG,0.78614885,0.6644848060033811,5,41080,4997
TGATCTAG,0.786003,0.8685008040242445,5,41080,4997
ATCGCATA,0.7856069,0.7908403084154537,5,41080,4997
GCTGATAG,0.7849474,0.8346802457427946,5,41080,4997
GATAACAG,0.78483963,0.8184245248010557,5,41080,4997
CAGATAGT,0.7847789,0.7366614439450789,5,41080,4997
CTAGGTAT,0.78469944,0.8779326268915186,5,41080,4997
ATACTCTT,0.7843936,0.7602358471116974,5,41080,4997
TAGGGTAT,0.783929,0.9199686636704738,5,41080,4997
CGATCTAT,0.7836818,0.8290623840349647,5,41080,4997
ATACACTG,0.78363,0.7939945573743454,5,41080,4997
TCGATCGT,0.783511,0.707675339133303,5,41080,4997
AGATTATC,0.78346324,0.7847276625572094,5,41080,4997
ATACGCCT,0.78340936,0.7855110707953656,5,41080,4997
GATAGCAT,0.78306156,0.7690079577784191,5,41080,4997
ACTCATAT,0.7827998,0.8400197913660166,5,41080,4997
ACGATCAA,0.7825338,0.6775038139611594,5,41080,4997
CGCTGATC,0.7820703,0.7885106997072527,5,41080,4997
GATCATGC,0.7820293,0.7414134333896838,5,41080,4997
TGTATATT,0.7818884,0.8685214200305117,5,41080,4997
ATTATAGG,0.7817935,0.6976044200717437,5,41080,4997
CAGTAGAT,0.78156656,0.72752855316868,5,41080,4997
ATACGTGG,0.78152484,0.6957283635014225,5,41080,4997
TCAGTATA,0.7809852,0.819166701026677,5,41080,4997
GAATATAG,0.7807949,0.6985630643631716,5,41080,4997
TATCCGGG,0.78068304,0.8116212427328579,5,41080,4997
GATCCTTA,0.780666,0.8385251309116397,5,41080,4997
CAAGCTAT,0.7803902,0.6266235104935471,5,41080,4997
TCTATCTG,0.7801825,0.747897167360739,5,41080,4997
CGAATCAT,0.7799133,0.48280625077310024,5,41080,4997
TGACGTAT,0.7797715,0.6474147528140849,5,41080,4997
ACATATAC,0.7795757,0.773564095163485,5,41080,4997
GACTATCG,0.7795613,0.7976642064899188,5,41080,4997
CATATAAC,0.7795359,0.7215292953449057,5,41080,4997
AGGATAGT,0.77900916,0.8173524924751576,5,41080,4997
AAGTATAC,0.7786394,0.8664701274069188,5,41080,4997
CTCCTATC,0.77863693,0.7923143528635632,5,41080,4997
GTATTATG,0.77830786,0.7319197625036079,5,41080,4997
CTCAATAT,0.7780168,0.7480002473920753,5,41080,4997
TCTATACG,0.77762395,0.7608852513091166,5,41080,4997
ATCTCAGA,0.7773587,0.8189399249577373,5,41080,4997
GGTTATAC,0.7772195,0.8326289531192017,5,41080,4997
ATCGGCTA,0.7771274,0.767554529336577,5,41080,4997
GGATCCCA,0.7770617,0.7480311714014761,5,41080,4997
GACGGTAT,0.7768913,0.8087246938523068,5,41080,4997
CCACTATC,0.77663976,0.7812332494949078,5,41080,4997
AGTAATAT,0.7766281,0.8152084278233621,5,41080,4997
GATCCTGA,0.77659774,0.7840988743660577,5,41080,4997
TACGGTAT,0.776426,0.8789634272048819,5,41080,4997
ATCATCCG,0.7762963,0.7648641405186988,5,41080,4997
ACTATTAT,0.77583253,0.7078711911928421,5,41080,4997
TCTATAGT,0.775771,0.6745866490743413,5,41080,4997
ACTATACG,0.7752859,0.686080072568342,5,41080,4997
ATGATAAT,0.7750977,0.7612357234156599,5,41080,4997
AGCTATAC,0.7745083,0.726518368861584,5,41080,4997
CAAGTATA,0.77377576,0.7468560590442419,5,41080,4997
CTGATAAG,0.77341586,0.7270646930276666,5,41080,4997
GACAATAC,0.77227736,0.6452294561497547,5,41080,4997
CGATCCGT,0.7721012,0.8413598317733888,5,41080,4997
TAGCGGAT,0.77173114,0.7289201335917206,5,41080,4997
AGTTAGAT,0.77103865,0.7055415824846412,5,41080,4997
ATCTTCGA,0.77068967,0.773842411248093,5,41080,4997
ATCGTGAT,0.77060163,0.7338988991052653,5,41080,4997
ATCGGTTA,0.770543,0.8178472766255721,5,41080,4997
AGATCAGG,0.7704293,0.7419185255432318,5,41080,4997
ATGGTGAT,0.77014184,0.728992289613656,5,41080,4997
GCGATCAC,0.77000415,0.8235476023584711,5,41080,4997
GCTATCGA,0.7700009,0.8144353275883396,5,41080,4997
AGCGGTAT,0.769901,0.8146724116604132,5,41080,4997
GATAGTAA,0.76988626,0.7449284624582526,5,41080,4997
CGTGTATA,0.76908714,0.7768832721725148,5,41080,4997
GATAGTGA,0.76896924,0.7860161629489135,5,41080,4997
GTGTTATA,0.76875365,0.7135509009194739,5,41080,4997
TGGGTTAT,0.768558,0.6559085473961984,5,41080,4997
GATAACCT,0.7684289,0.7329196388075702,5,41080,4997
CGATCCAT,0.7679688,0.849977322393106,5,41080,4997
GATCAGGC,0.76763225,0.7512369603760359,5,41080,4997
GATCATGA,0.7674837,0.8310415206366223,5,41080,4997
TAGATCAC,0.7673323,0.8477198697068403,5,41080,4997
ATCCGAGA,0.7672114,0.8104873623881582,5,41080,4997
AGTTGATC,0.7671818,0.7529274728899517,5,41080,4997
AGCGATCA,0.7669815,0.7848616665979467,5,41080,4997
ATCATAGG,0.7662101,0.7426400857625861,5,41080,4997
TCCGATAG,0.7661369,0.8487609780233374,5,41080,4997
TGTATCCG,0.76504046,0.8796643714179689,5,41080,4997
TGATCGAT,0.7650235,0.7863047870366553,5,41080,4997
TTATATGT,0.7649066,0.7574939182781513,5,41080,4997
CTAGATCC,0.764691,0.6945326351379212,5,41080,4997
ATATAGAC,0.76406306,0.7762544839813632,5,41080,4997
GTATTTAT,0.76385593,0.8170020203686141,5,41080,4997
TCTATAGG,0.7636037,0.7679256174493877,5,41080,4997
AGATCTAA,0.7634119,0.7404341730919887,5,41080,4997
ATTTTGAT,0.7629176,0.6577433719539851,5,41080,4997
TTAAGATC,0.762754,0.7304560260586319,5,41080,4997
ATCCCAGA,0.76250124,0.6982950562816971,5,41080,4997
ATACTCAC,0.7621888,0.7997979631385809,5,41080,4997
TCTATAGA,0.7617858,0.7073660990392941,5,41080,4997
TGATCAGC,0.7616612,0.7539582732033151,5,41080,4997
AGACATAT,0.7615267,0.8119201748237332,5,41080,4997
ACTATGAT,0.76147515,0.689285861542902,5,41080,4997
CGAGAGAT,0.7608541,0.6608976209128767,5,41080,4997
GTACGATC,0.76080126,0.7983136106873376,5,41080,4997
TCGATAGT,0.7606344,0.8383498948583681,5,41080,4997
AATTATAC,0.76052576,0.7016142332907269,5,41080,4997
TGGATAGT,0.7601805,0.690996990063085,5,41080,4997
GAAACGAT,0.7596218,0.6838947759040118,5,41080,4997
AATCGGAT,0.7592557,0.7483094874860842,5,41080,4997
TGTGATCG,0.7592015,0.8446790087824186,5,41080,4997
ATAGCCTA,0.7591936,0.7955510658475239,5,41080,4997
CTAATATG,0.7591713,0.6794107945408815,5,41080,4997
TTCGATAG,0.7588407,0.835711046056158,5,41080,4997
CGGTTATA,0.758839,0.8027460520347999,5,41080,4997
GGTATAGT,0.7588242,0.8123428029522122,5,41080,4997
ATTTCGAT,0.75859815,0.5141425802993445,5,41080,4997
CAAATGAT,0.7580219,0.7247763163320001,5,41080,4997
TATACGCA,0.75783825,0.7998701191605163,5,41080,4997
TCGATCAC,0.75764394,0.6956665154826206,5,41080,4997
GCTATGAT,0.7575773,0.7530820929369563,5,41080,4997
GCGTATAC,0.75753516,0.715849585618274,5,41080,4997
GATAGTAC,0.7566791,0.78314023007463,5,41080,4997
TATCGTTC,0.75645804,0.9060940914526039,5,41080,4997
GAACGGAT,0.75600564,0.7467839030223065,5,41080,4997
CTCAGATC,0.7559897,0.7839957943347214,5,41080,4997
CCGTCTCA,0.75578153,0.6430647754916918,5,41080,4997
ATAACGGA,0.755731,0.7417742134993609,5,41080,4997
TGTAGATC,0.75533104,0.7239619840844432,5,41080,4997
ATCTGGTA,0.7548579,0.763451944089391,5,41080,4997
ACAGGGAT,0.7548474,0.6933884467900878,5,41080,4997
CGATCAAT,0.7546855,0.7216736073887766,5,41080,4997
ACTATCCG,0.7543927,0.7099843318352369,5,41080,4997
GCCGATCG,0.75423926,0.743681194079083,5,41080,4997
CAATATTA,0.7541232,0.6940481589906403,5,41080,4997
ATCGGTGA,0.7538307,0.7340225951428689,5,41080,4997
GAGTAGAT,0.7536897,0.8121675668989404,5,41080,4997
TGTATAGG,0.753383,0.6929864346678761,5,41080,4997
TTGTTGAT,0.75335,0.8687894281119861,5,41080,4997
CTGATCAA,0.7530636,0.6910176060693523,5,41080,4997
CTATCCCA,0.752718,0.7205397270440771,5,41080,4997
ATCAATCG,0.75230294,0.768987341772152,5,41080,4997
CTCGATAC,0.7522527,0.8548117758627798,5,41080,4997
GATCAACG,0.7521242,0.7669154331422917,5,41080,4997
CGTATTGT,0.7521075,0.6855955964210613,5,41080,4997
GGATCGCC,0.7518986,0.773646559188554,5,41080,4997
CATCTGAT,0.7513054,0.8244443986310972,5,41080,4997
CTTGATCG,0.75123954,0.5706922854904548,5,41080,4997
GGTATAAG,0.75118303,0.8102502783160845,5,41080,4997
ACGTCTCA,0.7505563,0.6992021605574568,5,41080,4997
ATAGGTAC,0.75024766,0.7680905454995257,5,41080,4997
ATCCTCTC,0.74983567,0.8259081350760731,5,41080,4997
ATCCTCGA,0.7496865,0.7614109594689317,5,41080,4997
CGATTATC,0.74962384,0.724642312291263,5,41080,4997
CGAGATCG,0.7495256,0.6414876510122459,5,41080,4997
TTGCGTAT,0.74946475,0.7190966066053684,5,41080,4997
AGGTTGAT,0.74944615,0.5784232878406795,5,41080,4997
GCTATCGC,0.74924695,0.7507627922318888,5,41080,4997
GATAAGAC,0.74899346,0.5913082917577207,5,41080,4997
ATGGAGAT,0.74897456,0.7853049107326928,5,41080,4997
GATCTTCA,0.74885195,0.8538634395744856,5,41080,4997
CCTATCGT,0.7486721,0.8817775120603636,5,41080,4997
TATCTTAG,0.74861956,0.8613161258401023,5,41080,4997
CCGATCAG,0.748587,0.7075928751082341,5,41080,4997
CAGATAAC,0.74839145,0.700655588999299,5,41080,4997
CGATCTTC,0.74836016,0.7649878365563023,5,41080,4997
TATGCGAT,0.74819183,0.7908403084154537,5,41080,4997
TAGATCAA,0.7480063,0.8723972292087577,5,41080,4997
TTGATAAT,0.74768364,0.8164247721931308,5,41080,4997
CGTATATG,0.74725217,0.8064260091535068,5,41080,4997
GTCAATAC,0.74691176,0.6852348163113842,5,41080,4997
CTTATCTC,0.7468941,0.6592792644208965,5,41080,4997
CTGATCGT,0.74680233,0.7764606440440358,5,41080,4997
GACGAGAT,0.74645555,0.5511276955428195,5,41080,4997
CTATCCTG,0.746107,0.8073434214324001,5,41080,4997
TTGATCAA,0.7460703,0.7082732033150538,5,41080,4997
ATATTTAC,0.746017,0.7742031913577702,5,41080,4997
GGAAATAT,0.7458894,0.5993382261988208,5,41080,4997
CTGAATAT,0.7458828,0.7182307343421432,5,41080,4997
ATCTCCCA,0.7457177,0.7231682678431534,5,41080,4997
TACAATAC,0.7455702,0.8066218612130458,5,41080,4997
GCGGTGAT,0.7454734,0.6284686430544676,5,41080,4997
AGATGGAT,0.74542636,0.7188389065270275,5,41080,4997
TATAGGAA,0.74497885,0.6336432606275513,5,41080,4997
ACCGGTAT,0.74490035,0.8217643178163526,5,41080,4997
CGATAACC,0.7447123,0.7354347915721766,5,41080,4997
ATTCTATA,0.7442373,0.7250030924009401,5,41080,4997
GGAGGGAT,0.74421257,0.7836247062219107,5,41080,4997
TCCAGGAT,0.743742,0.7010679091246445,5,41080,4997
ATCATCTT,0.7435303,0.7242918401847194,5,41080,4997
CGTATTGA,0.7432297,0.7997051911103781,5,41080,4997
TGTCTGAT,0.7431824,0.8004576753391334,5,41080,4997
GCTATCCG,0.7430886,0.811982022842535,5,41080,4997
ATGAGATG,0.74302286,0.6723704284006102,5,41080,4997
AAGTATAG,0.74294704,0.6602069847029233,5,41080,4997
ATACGATG,0.7425305,0.734383375252546,5,41080,4997
ATCATAGT,0.742271,0.689285861542902,5,41080,4997
GACGTGAT,0.74197036,0.7034902898610481,5,41080,4997
AATCTTAT,0.74187756,0.706551766791737,5,41080,4997
GTATAGCA,0.74184734,0.6759266894817135,5,41080,4997
ATCCTGAT,0.7415936,0.8729435533748402,5,41080,4997
TTGGATCC,0.74110097,0.8854677771822044,5,41080,4997
GTATTCAG,0.74059767,0.572341565991836,5,41080,4997
AGGTAGTA,0.74024296,0.5978744897538449,5,41080,4997
TCCAAGAT,0.7402288,0.7579062384034965,5,41080,4997
GGTATAGC,0.74019593,0.756205417886447,5,41080,4997
AAATATGA,0.7401258,0.7236630519935678,5,41080,4997
ACCATATG,0.73987603,0.605172555972457,5,41080,4997
AGATAGTC,0.7397694,0.7113140642394755,5,41080,4997
TTGGGGAT,0.73971766,0.6975734960623429,5,41080,4997
TCCCGATC,0.73909664,0.7070156269327506,5,41080,4997
CTGGCTAT,0.73889387,0.6220467571022141,5,41080,4997
GGGTCTAT,0.7387827,0.6658660784232878,5,41080,4997
TACCCGAT,0.7382019,0.7954067538036531,5,41080,4997
ATCGTCTA,0.73819107,0.7417123654805592,5,41080,4997
CCTATACA,0.7381508,0.6929864346678761,5,41080,4997
ATAGCTAA,0.7380229,0.6822454954026306,5,41080,4997
AGATCGTG,0.7375786,0.6981816682472272,5,41080,4997
TACGCTAT,0.737332,0.6774522739454913,5,41080,4997
CAGTATAG,0.73690575,0.7130870407784604,5,41080,4997
TATACGTC,0.7368927,0.711973776440028,5,41080,4997
GTGATCCC,0.736451,0.9401311177998598,5,41080,4997
CGAGATAA,0.7359319,0.64805384900837,5,41080,4997
GGATCTGT,0.7355763,0.7048715622809549,5,41080,4997
CAACATAT,0.7353272,0.8186719168762628,5,41080,4997
ATCTTAAA,0.7351116,0.6898424937121181,5,41080,4997
GCTATATT,0.7349071,0.7166329938564301,5,41080,4997
TAAGCTAT,0.7345654,0.736774831979549,5,41080,4997
GTATAGAG,0.7342961,0.46673607388776645,5,41080,4997
TGAATCAT,0.7342074,0.5267492681317775,5,41080,4997
CCTATACT,0.7339858,0.6967179318022513,5,41080,4997
ATATTTAG,0.7339831,0.7883870036696491,5,41080,4997
ATCGATCT,0.73379743,0.8876530738465345,5,41080,4997
TCGATCAG,0.7332704,0.6653094462540716,5,41080,4997
ATCATACG,0.7331155,0.7849441306230157,5,41080,4997
ACGATTAT,0.7328523,0.6704428318146209,5,41080,4997
TGTGCGAT,0.7326033,0.7160145136684122,5,41080,4997
AGATCCAC,0.73196614,0.7764091040283676,5,41080,4997
GATCTTTC,0.731764,0.7278584092689564,5,41080,4997
CCTATCCA,0.7310996,0.7473508431946564,5,41080,4997
AAGGAGAT,0.7309675,0.7639364202366717,5,41080,4997
AACAATAC,0.7308058,0.7698532140353771,5,41080,4997
ATTCGATC,0.7291784,0.7222508555642602,5,41080,4997
CTATTTAA,0.729138,0.6708654599430998,5,41080,4997
TTGTATTT,0.7289687,0.624943305982765,5,41080,4997
TCAGATCC,0.72867787,0.7573496062342804,5,41080,4997
TTAGATCT,0.7284742,0.7404341730919887,5,41080,4997
TTTCATAT,0.7284255,0.7380117923555849,5,41080,4997
ATATGCAA,0.72837317,0.7150249453675833,5,41080,4997
GTGTATAA,0.72793126,0.6760710015255844,5,41080,4997
GTTATCAA,0.7274539,0.6788747783779326,5,41080,4997
AATTGGAT,0.7269113,0.8369995464478621,5,41080,4997
TTTATATG,0.72689134,0.6109141137178905,5,41080,4997
ATAGGTCA,0.72686243,0.6080897208592752,5,41080,4997
TCTGGGAT,0.7267345,0.6982950562816971,5,41080,4997
GTCAATAG,0.7264599,0.5940914526038016,5,41080,4997
GGGATTGA,0.7264567,0.5661052240959881,5,41080,4997
CGTATATT,0.726375,0.7611017193749228,5,41080,4997
GATCGCAG,0.7263328,0.7496701438997238,5,41080,4997
GCTATACG,0.7244978,0.7166433018595638,5,41080,4997
GTCATGAT,0.7243229,0.7233435038964252,5,41080,4997
AACCGTAT,0.7243177,0.8254545829381932,5,41080,4997
ATCACTGC,0.7241579,0.7722137467529789,5,41080,4997
ATACAGCA,0.72392243,0.7156021935430669,5,41080,4997
TCCACGAT,0.72351086,0.6568465756813591,5,41080,4997
GATCAAAC,0.72339964,0.7215086793386386,5,41080,4997
TGTATGGT,0.7232685,0.5582402177050262,5,41080,4997
TTGGATCG,0.72320336,0.6472807487733476,5,41080,4997
ATAGGCTA,0.7229862,0.6816888632334145,5,41080,4997
ATCCCTAA,0.7229224,0.7174885581165218,5,41080,4997
CGATCGCG,0.72263455,0.774460891436111,5,41080,4997
CGATCGTG,0.7224315,0.7306106461056364,5,41080,4997
GACAGTAT,0.7222121,0.750536016162949,5,41080,4997
CTGAGTAT,0.72216594,0.7898301241083577,5,41080,4997
ATACAGAG,0.7218733,0.6681750711252216,5,41080,4997
ATACGCTC,0.7217714,0.7102111079041769,5,41080,4997
TAGGATCG,0.7215614,0.783531934193708,5,41080,4997
CGATCATG,0.7213506,0.6457139322970354,5,41080,4997
ACCGATAA,0.72128284,0.6756689894033727,5,41080,4997
TTTTTATC,0.72108376,0.7275800931843484,5,41080,4997
GTATAACT,0.72092694,0.7622046757102214,5,41080,4997
ATCGCTAC,0.72084105,0.6525996783903022,5,41080,4997
TTTATATT,0.72075737,0.7181688863233414,5,41080,4997
CTTATCAG,0.72035944,0.7270646930276666,5,41080,4997
TATAACTG,0.72015476,0.5923184760648168,5,41080,4997
GTGAATAT,0.71912533,0.7175710221415907,5,41080,4997
TAGTGTAT,0.71903837,0.8526986352203851,5,41080,4997
TTTCTGAT,0.7189496,0.7415989774460892,5,41080,4997
CGATAGTT,0.71893525,0.7917164886818125,5,41080,4997
TCGAGGAT,0.71834123,0.7614109594689317,5,41080,4997
GAGGCGAT,0.71821976,0.7182307343421432,5,41080,4997
GTTATCAC,0.7181567,0.6907805219972787,5,41080,4997
ATGTGGAT,0.7181253,0.7097678637694307,5,41080,4997
TCGCAGAT,0.71788484,0.6811322310641982,5,41080,4997
ATGTCTCA,0.7176688,0.6529604584999793,5,41080,4997
ATAATTAC,0.7174945,0.6413639549746423,5,41080,4997
ATCTGCGA,0.7173206,0.6811322310641982,5,41080,4997
CGACTATC,0.7172038,0.7255494165670227,5,41080,4997
GGTTAATA,0.7170481,0.7228590277491445,5,41080,4997
GTAGGGAT,0.71703154,0.8007462994268751,5,41080,4997
AGTAAGAT,0.7166506,0.8010864635302849,5,41080,4997
ATTTAATA,0.71660185,0.7399187729353071,5,41080,4997
CGTATAAA,0.71646816,0.7956026058631922,5,41080,4997
GGTATCCA,0.7160744,0.9057848513585948,5,41080,4997
AGAATATG,0.71573776,0.6715560961530532,5,41080,4997
ACTGCTAT,0.715695,0.7606172432276419,5,41080,4997
TAAGCGAT,0.7155181,0.6892343215272337,5,41080,4997
GTGGCTAT,0.7153103,0.5758153630478704,5,41080,4997
TTTCCGAT,0.71517307,0.7865727951181296,5,41080,4997
ACTTATAC,0.7151367,0.6887395373768194,5,41080,4997
TGGTGTAT,0.71468824,0.855368408031996,5,41080,4997
CTAGATCG,0.71467835,0.7431142539067331,5,41080,4997
GTAACGAT,0.71458644,0.5727951181297158,5,41080,4997
TGTTGGAT,0.7144688,0.8221354059291635,5,41080,4997
ATACAGCT,0.7144099,0.7209211231600214,5,41080,4997
ATTCTGAT,0.7143431,0.654795283057766,5,41080,4997
CTCGGTAT,0.7143382,0.7185708984455532,5,41080,4997
ACGATCTG,0.7142723,0.7576588463282893,5,41080,4997
TAGATCGA,0.7139532,0.6156970271718962,5,41080,4997
GACGATCG,0.7137079,0.5879581907392899,5,41080,4997
GTATATGC,0.7136941,0.7418876015338309,5,41080,4997
TATATGCC,0.7135209,0.8279078876839978,5,41080,4997
ATACTGAG,0.7134653,0.7456706386838742,5,41080,4997
GATCGTGG,0.71343666,0.6553003752113141,5,41080,4997
GAAAATAT,0.71337515,0.7019647053972704,5,41080,4997
TAGTTGAT,0.71326745,0.7073867150455614,5,41080,4997
ATGAGATT,0.71319836,0.6299529955057106,5,41080,4997
TTTTCGAT,0.71300745,0.7905001443120439,5,41080,4997
GGAGTATG,0.7127174,0.6170061435698677,5,41080,4997
TTCTAGAT,0.7126878,0.6343132808312374,5,41080,4997
TTCGTGAT,0.71233255,0.7372386921205625,5,41080,4997
CATTTATC,0.71229297,0.7208901991506206,5,41080,4997
CAGTGGAT,0.7121873,0.5951428689234322,5,41080,4997
TATCTCGA,0.71217924,0.7897270440770214,5,41080,4997
ACCATAGG,0.71212715,0.5022265286768647,5,41080,4997
AGGTTATC,0.71211207,0.7329196388075702,5,41080,4997
ATACTTGG,0.7120985,0.6325196882859853,5,41080,4997
ATAGTCTA,0.7120472,0.7141281490949574,5,41080,4997
TATCGCGG,0.7114081,0.8344637776769884,5,41080,4997
ACTATACA,0.7110743,0.7663484929699418,5,41080,4997
ATATTCAG,0.7110641,0.7182307343421432,5,41080,4997
GCTTATAC,0.71095943,0.6989856924916504,5,41080,4997
GTATGTGA,0.71094763,0.495928338762215,5,41080,4997
TGCATGAT,0.7108947,0.8118480188017977,5,41080,4997
AGATAACT,0.71063024,0.6480847730177709,5,41080,4997
AATGGGAT,0.7106047,0.6771636498577496,5,41080,4997
TGATAGAC,0.71058494,0.6555374592833877,5,41080,4997
ATGTAGAT,0.71027875,0.5810518286397559,5,41080,4997
ACAGCTAT,0.7102606,0.6802045107821714,5,41080,4997
CAGCAGAT,0.70964104,0.6373644497587927,5,41080,4997
GATTCAGA,0.7094731,0.5587865418711087,5,41080,4997
TCCCATAT,0.7093954,0.8520595390260999,5,41080,4997
ATTGCGAT,0.7093894,0.6912134581288913,5,41080,4997
GTAGTTAT,0.7093866,0.5899579433472147,5,41080,4997
CAGATCTG,0.7093684,0.7301055539520884,5,41080,4997
GTAAATAC,0.7086505,0.6168515235228631,5,41080,4997
ATGCCGAT,0.70841086,0.6742877169834659,5,41080,4997
CATAATAC,0.7079705,0.7319197625036079,5,41080,4997
ATTATCCG,0.70790714,0.8650166989650765,5,41080,4997
ATCTATTC,0.7079058,0.7758833958685524,5,41080,4997
TCCATACC,0.70789915,0.5774646435492516,5,41080,4997
GTGAAGAT,0.70781153,0.7252814084855482,5,41080,4997
GTTATCTA,0.7076172,0.7336515070300581,5,41080,4997
AATATAGT,0.70700115,0.6876571970477879,5,41080,4997
TAGTGGAT,0.706926,0.7664618810044118,5,41080,4997
CTCGATCG,0.70688534,0.6148002308992703,5,41080,4997
CATCGGAT,0.7067774,0.6484455531274482,5,41080,4997
GATCGTGC,0.7065355,0.7648332165092978,5,41080,4997
CTCAGTAT,0.70625496,0.7456706386838742,5,41080,4997
GCATATAC,0.70604646,0.7418876015338309,5,41080,4997
GATAACTC,0.7059204,0.7624314517791614,5,41080,4997
AAAGCTAT,0.7059139,0.6829979796313859,5,41080,4997
CGTTATCA,0.7059086,0.608038180843607,5,41080,4997
GTACGTAT,0.70573723,0.8306704325238115,5,41080,4997
TGTATTCT,0.7057126,0.6853069723333196,5,41080,4997
GAGGGTAT,0.7055951,0.9518513173628005,5,41080,4997
GTGATAAA,0.7055618,0.6155527151280255,5,41080,4997
ATAGCCCA,0.7054885,0.7168288459159692,5,41080,4997
ATCGGGGA,0.7054488,0.7391869047128191,5,41080,4997
ATCCGCTA,0.7051464,0.7289201335917206,5,41080,4997
CCGTTGAT,0.70504206,0.6515894940832062,5,41080,4997
AGCGATCT,0.70500463,0.7972518863645736,5,41080,4997
GTTATACG,0.7046702,0.7483507194986186,5,41080,4997
TATGTTAT,0.7043655,0.7035005978641817,5,41080,4997
CGGTATTG,0.7041154,0.7923349688698306,5,41080,4997
GATCCAGG,0.70383656,0.6994907846451985,5,41080,4997
TCGATCAA,0.7037902,0.39609532841297984,5,41080,4997
GGCATGAT,0.7033472,0.745732486702676,5,41080,4997
GTGATCGC,0.70330733,0.8235476023584711,5,41080,4997
TATCTTGC,0.70321643,0.7048303302684205,5,41080,4997
ATAGTTAC,0.7030906,0.7199624788685937,5,41080,4997
CGAGGGAT,0.70285857,0.7843668824475323,5,41080,4997
ATACTGAA,0.70270306,0.6643817259720447,5,41080,4997
ATACGAGT,0.7026506,0.6476930688986929,5,41080,4997
ACAGAGAT,0.7025886,0.7448459984331834,5,41080,4997
TCAGATCT,0.7025517,0.7478559353482044,5,41080,4997
TCATAGAA,0.7025484,0.6402300746299426,5,41080,4997
ACCGGATT,0.7022794,0.6411371789057023,5,41080,4997
AGACCGAT,0.70214975,0.6402197666268091,5,41080,4997
TCAACGAT,0.7017785,0.7977879025275224,5,41080,4997
CGACTGAT,0.7017768,0.7600090710427577,5,41080,4997
CATCTATC,0.7017671,0.7231785758462871,5,41080,4997
TGTATAGC,0.70169634,0.7449181544551189,5,41080,4997
TAGCCGAT,0.70168304,0.767554529336577,5,41080,4997
TCGTATTG,0.70162815,0.7448356904300499,5,41080,4997
CTAGAGAT,0.70125574,0.7073557910361605,5,41080,4997
ATACATGA,0.70113885,0.810404898363089,5,41080,4997
TATCGTCC,0.7011281,0.8490083700985445,5,41080,4997
ATGGGATT,0.7008337,0.7347956953778914,5,41080,4997
CTAGATAG,0.7002087,0.7013668412155197,5,41080,4997
CTATCTAG,0.70020396,0.7013668412155197,5,41080,4997
GATCGGGA,0.70011955,0.7070156269327506,5,41080,4997
TCCAATAC,0.69992983,0.6709582319713026,5,41080,4997
GATAACGT,0.6996584,0.6825856595060406,5,41080,4997
ACCGTATG,0.69961464,0.7012946851935843,5,41080,4997
CGTATACG,0.699597,0.7469385230693111,5,41080,4997
ATTCAGAT,0.6995434,0.6099451614233291,5,41080,4997
ATACACCT,0.69937956,0.8134766832969117,5,41080,4997
ACATCTAT,0.6986449,0.6042757596998309,5,41080,4997
TCGGGGAT,0.6985762,0.7955510658475239,5,41080,4997
ATGTTGTA,0.6984973,0.7338576670927308,5,41080,4997
AATGTTAT,0.6980457,0.7517832845421185,5,41080,4997
CGAATCAG,0.69801885,0.36091411371789056,5,41080,4997
ATCCGGCT,0.69794536,0.7302395579928257,5,41080,4997
TATAACAG,0.69765556,0.6864511606811529,5,41080,4997
CGTATTAC,0.6974732,0.731940378509875,5,41080,4997
CAGTGTAT,0.69736564,0.7939945573743454,5,41080,4997
CCAGGTAT,0.69735926,0.652692450418505,5,41080,4997
TATGCTAT,0.69733804,0.7264668288459161,5,41080,4997
CGATCGAT,0.6972919,0.7779243804890117,5,41080,4997
CGCGTATA,0.697034,0.737084072073558,5,41080,4997
TAATACGT,0.6970269,0.8198882612460314,5,41080,4997
AGCATTAT,0.6968959,0.6353956211602688,5,41080,4997
AGAATATT,0.6968953,0.5950810209046304,5,41080,4997
CTGAGGAT,0.696484,0.7414546654022184,5,41080,4997
ATCCCACG,0.6964699,0.6212427328577907,5,41080,4997
TTACAGAT,0.696261,0.5777841916463943,5,41080,4997
AGTTTATA,0.69602025,0.7365892879231435,5,41080,4997
CGGGCGAT,0.6959744,0.5694965571269534,5,41080,4997
ATACATTC,0.6959638,0.7229517997773471,5,41080,4997
AGCCGTAT,0.69579786,0.7537418051375088,5,41080,4997
TCATTATC,0.69579756,0.8020863398342473,5,41080,4997
ATCGCAGA,0.69579726,0.689059085473962,5,41080,4997
GCCTATAC,0.6956938,0.5469941862862326,5,41080,4997
ATCCCTTG,0.69557947,0.691780398301241,5,41080,4997
CTAGATCT,0.6954683,0.7416917494742918,5,41080,4997
TCCGATAA,0.6953741,0.6279944749103203,5,41080,4997
AGTGCTAT,0.6948348,0.6740815569207933,5,41080,4997
GGTATTGG,0.69481486,0.7825423658928793,5,41080,4997
ATACTGTC,0.69447345,0.750536016162949,5,41080,4997
ATAATCGT,0.6943161,0.6704428318146209,5,41080,4997
TTTATAGG,0.69418895,0.6152950150496846,5,41080,4997
ATCCCTGT,0.69384915,0.6933884467900878,5,41080,4997
ATCGCCTA,0.6935957,0.6701645157300127,5,41080,4997
AGCTGTAT,0.69357413,0.7209211231600214,5,41080,4997
TCTATGGT,0.69345313,0.6696903475858658,5,41080,4997
AACATCAG,0.69331217,0.421112852018307,5,41080,4997
GTCATATG,0.693306,0.7065208427823362,5,41080,4997
AGTATAAC,0.6924834,0.7448769224425845,5,41080,4997
CCATCTAT,0.6922449,0.5797427122417845,5,41080,4997
CGATCAGG,0.69176406,0.6841730919886199,5,41080,4997
TGTACTAT,0.6917404,0.7162412897373521,5,41080,4997
CGTTTGAT,0.6916396,0.6238815816600009,5,41080,4997
CATGGGAT,0.691509,0.8308972085927515,5,41080,4997
CGTATAGG,0.69148934,0.698212592256628,5,41080,4997
TGGTAATC,0.69125307,0.3659753432565044,5,41080,4997
ATCGCTAG,0.6911687,0.6964396157176431,5,41080,4997
CGTTATAC,0.6911362,0.7198697068403909,5,41080,4997
ATCTTTTT,0.69077575,0.6863583886529502,5,41080,4997
CACGGTAT,0.69076717,0.7927163649857749,5,41080,4997
CACGATAA,0.69075716,0.5900713313816848,5,41080,4997
ATCGCCGA,0.69075185,0.6310147198284749,5,41080,4997
GTTCTATA,0.69060206,0.7187667505050921,5,41080,4997
TTCATACC,0.6903814,0.7037582979425225,5,41080,4997
ATAGATGC,0.69032353,0.4838885911021317,5,41080,4997
GGCAGTAT,0.6900795,0.7241475281408485,5,41080,4997
TCCAATAG,0.69006205,0.6063579763328248,5,41080,4997
GGTAGTAT,0.6900231,0.7173236300663836,5,41080,4997
TGTATGAA,0.68990743,0.6031934193707995,5,41080,4997
ATAATCAG,0.6898027,0.7338267430833298,5,41080,4997
TGGGCGAT,0.68974626,0.7259720446955016,5,41080,4997
TAGGCGAT,0.68972456,0.6701645157300127,5,41080,4997
GTATTCTG,0.6896646,0.6778336700614358,5,41080,4997
ACTGGGAT,0.6895855,0.6372613697274564,5,41080,4997
AGATCTCG,0.6892766,0.7216117593699749,5,41080,4997
ATATGGCA,0.6892393,0.7556797097266319,5,41080,4997
CGATCCAG,0.689207,0.6694944955263267,5,41080,4997
TCGATCTG,0.68915004,0.800354595307797,5,41080,4997
CTTGTATA,0.6891041,0.8200841133055704,5,41080,4997
TTGTCTAT,0.689049,0.6914505422009648,5,41080,4997
ATCGAATA,0.68848425,0.7816558776233867,5,41080,4997
CGATCGGT,0.6881357,0.7531027089432235,5,41080,4997
CGTATAGC,0.6879524,0.7166433018595638,5,41080,4997
ATCGTCGA,0.68785995,0.7537108811281079,5,41080,4997
CCTATAGG,0.68727505,0.5728878901579186,5,41080,4997
CGTATAAG,0.6872662,0.710149259885375,5,41080,4997
TCAGAGAT,0.6869221,0.8084773017770998,5,41080,4997
ATCTTATG,0.6868728,0.6229641693811074,5,41080,4997
CTTATACG,0.6867101,0.710149259885375,5,41080,4997
GTATTAGC,0.68670297,0.6455902362594318,5,41080,4997
CGCCTATC,0.6865098,0.7788417927679051,5,41080,4997
ATACTTCG,0.6863617,0.7656578567599884,5,41080,4997
CGGATCCG,0.6862185,0.881148723869212,5,41080,4997
ATCTTACA,0.6860242,0.7372902321362306,5,41080,4997
TTGATAAC,0.6856512,0.6788747783779326,5,41080,4997
CTGCTGAT,0.6854591,0.6363645734548303,5,41080,4997
TATAATGG,0.6853405,0.6435595596421062,5,41080,4997
CTAATCAT,0.6853372,0.6196140683626767,5,41080,4997
GTAACTAT,0.68488246,0.7199624788685937,5,41080,4997
TAAAATAC,0.6848784,0.7682348575433966,5,41080,4997
CCCATATT,0.6842898,0.731662062425267,5,41080,4997
GAGTGGAT,0.6838082,0.6835236877912011,5,41080,4997
CGATAATT,0.68369436,0.5455407578443905,5,41080,4997
CAGGCGAT,0.68365663,0.470653115078547,5,41080,4997
TACGCGAT,0.6831559,0.7622355997196223,5,41080,4997
TCTGCGAT,0.68299437,0.689059085473962,5,41080,4997
AGTATTGA,0.6828798,0.7596070589205459,5,41080,4997
ATCCCTTA,0.6827948,0.7791922648744486,5,41080,4997
AATGTGAT,0.6827593,0.7873768193625531,5,41080,4997
GGTGGATT,0.6826272,0.6077392487527317,5,41080,4997
GATTAACA,0.68254906,0.6917082422793056,5,41080,4997
CCGATCGC,0.6821543,0.8031480641570116,5,41080,4997
ACTGTGAT,0.6819698,0.7054797344658393,5,41080,4997
CTAACTAT,0.6816995,0.5667340122871397,5,41080,4997
TCAGTATT,0.68162596,0.5849379458211355,5,41080,4997
AGTCTGAT,0.6815361,0.7146744732610398,5,41080,4997
ATCTGGCA,0.68128836,0.7309405022059128,5,41080,4997
ATACTGGC,0.681228,0.6505071537541748,5,41080,4997
ATTTATCG,0.6811534,0.5737125304086093,5,41080,4997
GGCCTATC,0.6809413,0.713097348781594,5,41080,4997
TATAGGTA,0.6803982,0.8755308621613821,5,41080,4997
CTTAATAC,0.680299,0.7361666597946646,5,41080,4997
GTATGCGG,0.68025774,0.565857832020781,5,41080,4997
GTGATACA,1.0177563,0.9714674473261039,6,51100,5996
TGATATCG,1.0105667,0.9713231352822331,6,51100,5996
TTGATACT,1.0081174,0.9781985733723663,6,51100,5996
CGATACCT,1.0058823,0.9741062961283141,6,51100,5996
AATGATAC,1.0009291,0.9794149177421351,6,51100,5996
CATATCAC,0.9899261,0.9574897950768978,6,51100,5996
GGATATCG,0.98962516,0.9825485506947594,6,51100,5996
ATTGATAC,0.9803701,0.9944852183235064,6,51100,5996
GATATATC,0.97905266,0.9725188636457345,6,51100,5996
GTGATACC,0.97324324,0.9939079701480229,6,51100,5996
TGATATAT,0.9672136,0.9676225621572588,6,51100,5996
TGTATCAT,0.9659696,0.9761163567393725,6,51100,5996
TGATAGCT,0.964824,0.9469653238774585,6,51100,5996
TCATGATA,0.96277726,0.9206180678678926,6,51100,5996
GTGATATA,0.96062386,0.961973776440028,6,51100,5996
ATCAGATA,0.9603143,0.9222261163567395,6,51100,5996
TGATATGG,0.9592537,0.974724776316332,6,51100,5996
TATGATAC,0.95734644,0.9827031707417639,6,51100,5996
GTGATACG,0.95568573,0.9751680204510783,6,51100,5996
GATACCCT,0.95445466,0.9812497422999217,6,51100,5996
TAATATCC,0.9505838,0.9024038263307632,6,51100,5996
GATATCAC,0.9505634,0.9942172102420319,6,51100,5996
ACTGATAC,0.9505555,0.9528821176761637,6,51100,5996
TTGATACG,0.9505542,0.982589782707294,6,51100,5996
CGATATCT,0.9499318,0.9444501711128521,6,51100,5996
TGTGATAT,0.9495824,0.9771986970684039,6,51100,5996
GATATCGA,0.94936013,0.9400486537747906,6,51100,5996
GATACCCG,0.948316,0.9653032614521915,6,51100,5996
ATCCTATC,0.94790876,0.9053622232301158,6,51100,5996
GATATATG,0.94726616,0.9251948212592257,6,51100,5996
ATGATACG,0.9467925,0.9847338473590895,6,51100,5996
GGTATCAA,0.9457365,0.9929802498659959,6,51100,5996
ATATCGAT,0.9455629,0.9604481919762504,6,51100,5996
TAATGATA,0.94511765,0.9248546571558158,6,51100,5996
TATCGGAT,0.9449279,0.9627674926813178,6,51100,5996
GGTATCAC,0.9448894,0.9939079701480229,6,51100,5996
CCGATACC,0.9439901,0.9428421226240052,6,51100,5996
CATGATAT,0.9386141,0.9521193254442749,6,51100,5996
GGATCATC,0.9379377,0.9452438873541418,6,51100,5996
CTATATCA,0.9376557,0.9728693357522781,6,51100,5996
ATACTATC,0.9359399,0.9121448892920463,6,51100,5996
GCTATATC,0.93557066,0.9194223395043912,6,51100,5996
CTGATACG,0.9347221,0.9283284542118501,6,51100,5996
GATACGGG,0.9345107,0.9411000700944213,6,51100,5996
AAGATATC,0.934315,0.973209499855688,6,51100,5996
AGATATCA,0.9320661,0.9870325320578899,6,51100,5996
GCATGATA,0.93147475,0.9233084566857709,6,51100,5996
CTGATATA,0.92980534,0.9452026553416072,6,51100,5996
GATACCTA,0.92898095,0.979724157836144,6,51100,5996
GATATACG,0.9289655,0.8703871685976992,6,51100,5996
ACGTATCG,0.92887324,0.8876839978559353,6,51100,5996
GATACGTT,0.9270215,0.8869727456397147,6,51100,5996
GATATCCA,0.92675346,0.9623242485465716,6,51100,5996
GATACGGT,0.9266829,0.9359769925370057,6,51100,5996
TATATCAG,0.92557025,0.9452026553416072,6,51100,5996
CGTATCAT,0.9251423,0.9847338473590895,6,51100,5996
TGTATCAC,0.92483,0.9714674473261039,6,51100,5996
CGGATCAA,0.9246895,0.9298024986599597,6,51100,5996
TTGTGATA,0.9245086,0.907743371953985,6,51100,5996
TATATCTA,0.92449135,0.931925947305488,6,51100,5996
TGATAGGT,0.92345,0.9280192141178412,6,51100,5996
ATATCACA,0.9215148,0.9771986970684039,6,51100,5996
GATACGGA,0.9207976,0.9055786912959222,6,51100,5996
GATACCCA,0.91934395,0.9444501711128521,6,51100,5996
GAGATACG,0.91854644,0.8834989485836804,6,51100,5996
GAATGATA,0.91840625,0.9412340741351586,6,51100,5996
ATATCATC,0.91815966,0.9670350059786418,6,51100,5996
TTATATCA,0.91741925,0.8807260957407331,6,51100,5996
CGATACGT,0.91565067,0.8876839978559353,6,51100,5996
GGATCAAT,0.9140467,0.938471529295345,6,51100,5996
ATATATCG,0.9126744,0.9470374798993939,6,51100,5996
TATCACTA,0.91076297,0.9022492062837586,6,51100,5996
CGATATGT,0.9106885,0.9264833216509298,6,51100,5996
ATCGGATC,0.9106582,0.8946625159774049,6,51100,5996
AGTATCGT,0.91047806,0.933358759741063,6,51100,5996
GGTATCGA,0.9098241,0.9541500020616006,6,51100,5996
CCGTATCA,0.90903103,0.9736527439904341,6,51100,5996
GATACTTG,0.9087137,0.9232156846575682,6,51100,5996
GATACTTA,0.9068027,0.9067125716406219,6,51100,5996
GATGATAG,0.9049961,0.884045272749763,6,51100,5996
GTAATATC,0.9049329,0.8874881457963963,6,51100,5996
AATATACC,0.90473056,0.8960334803941781,6,51100,5996
TGATCCGC,0.90433073,0.9047849750546325,6,51100,5996
AGATACGT,0.9037337,0.832031088937451,6,51100,5996
TGGTGATA,0.90290624,0.9434812188182905,6,51100,5996
CATATCAA,0.9023501,0.9700449428936627,6,51100,5996
ACCCTATC,0.9022658,0.8768193625530861,6,51100,5996
ATAGGATC,0.9020898,0.8761184183399991,6,51100,5996
GATATGCG,0.90166485,0.9181132231064199,6,51100,5996
GAGATATT,0.9001226,0.8315156887807694,6,51100,5996
GACGATAT,0.9001166,0.8903846946769471,6,51100,5996
CCTATCAT,0.90006936,0.9467076237991177,6,51100,5996
GAGTGATA,0.89892757,0.9481816682472273,6,51100,5996
GATATGTA,0.8980806,0.9446975631880592,6,51100,5996
GATATGTT,0.8974723,0.9020018142085515,6,51100,5996
GATACTAC,0.89656925,0.9406155939471406,6,51100,5996
TATATCAT,0.89650023,0.9571908629860224,6,51100,5996
TATATCTT,0.89636636,0.8998989815692905,6,51100,5996
GAGATACA,0.8961096,0.8964148765101225,6,51100,5996
GAATATCA,0.89596343,0.932235187399497,6,51100,5996
TCATATCG,0.8957864,0.8234032903146002,6,51100,5996
GATACTGC,0.8942617,0.8951882241372201,6,51100,5996
AGAGGATA,0.8941819,0.8584814249783531,6,51100,5996
CGATACCA,0.8940458,0.9380901331794005,6,51100,5996
GATCCGGA,0.89364755,0.8571826165835154,6,51100,5996
CGATAGCT,0.89350176,0.8237434544180101,6,51100,5996
TGATCTAT,0.8931973,0.9167422586896468,6,51100,5996
GATACACA,0.89304173,0.8498123943429678,6,51100,5996
CGATACTA,0.89126414,0.9322454954026307,6,51100,5996
ATGATAGA,0.89124763,0.6616191811322311,6,51100,5996
AGATATCG,0.8912249,0.9444501711128521,6,51100,5996
GCATATCG,0.8910108,0.9249165051746177,6,51100,5996
TGATATTT,0.8905628,0.8833752525460767,6,51100,5996
TGGATGAT,0.89037913,0.856605368408032,6,51100,5996
ACGGTATC,0.88961244,0.9306271389106502,6,51100,5996
ATTAGATA,0.8892638,0.8712221168515235,6,51100,5996
CAGTGATA,0.8885746,0.929534490578485,6,51100,5996
GATCATCG,0.8873612,0.8837360326557538,6,51100,5996
GATATTCA,0.8873313,0.8319383169092484,6,51100,5996
ACAGATAT,0.88673913,0.9182884591596916,6,51100,5996
GTTATATC,0.88664156,0.8678823238362264,6,51100,5996
CGATATGC,0.88516635,0.9249165051746177,6,51100,5996
CTGATATT,0.88469476,0.7816868016327877,6,51100,5996
GATACGTC,0.88380504,0.8763864264214737,6,51100,5996
ATCAAATA,0.88318706,0.9125984414299262,6,51100,5996
AAAGATAC,0.8828818,0.9067434956500228,6,51100,5996
CGGATACC,0.88194644,0.8688615841339216,6,51100,5996
AGATCACT,0.8812909,0.9229476765760937,6,51100,5996
TTACGATA,0.88086456,0.7944790335216262,6,51100,5996
TCTTGATA,0.88001055,0.8567290644456356,6,51100,5996
GATATGTC,0.87951964,0.929256174493877,6,51100,5996
AGTATCAG,0.87869656,0.9653548014678596,6,51100,5996
TATCCTAT,0.87869394,0.9287098503277945,6,51100,5996
TACGATAT,0.877082,0.9614893002927474,6,51100,5996
CGATCCCT,0.8758678,0.8518739949696944,6,51100,5996
GGATACGT,0.87579775,0.8442254566445387,6,51100,5996
GGGATCAG,0.8757775,0.8838906527027585,6,51100,5996
GTAGATAC,0.8753858,0.8490186781016782,6,51100,5996
GATCAGAT,0.875001,0.9227312085102873,6,51100,5996
AGATATGT,0.8744107,0.8228157341359832,6,51100,5996
AGATAGGT,0.87368584,0.8120438708613367,6,51100,5996
TATCTTCA,0.873245,0.8530181833175278,6,51100,5996
GGATCACC,0.87300336,0.9323279594276996,6,51100,5996
GATATGCA,0.8728115,0.9039294107945408,6,51100,5996
GCTATCAC,0.8719456,0.9339669319259473,6,51100,5996
ATACTCCT,0.87148345,0.8210324495938647,6,51100,5996
ATAATATA,0.87106144,0.8761699583556674,6,51100,5996
ATTGTATC,0.87068033,0.8582855729188142,6,51100,5996
AGGGATAC,0.8705567,0.8665628994351214,6,51100,5996
TATATTTA,0.8698318,0.840122871397353,6,51100,5996
TGGTATCA,0.86979276,0.9544077021399414,6,51100,5996
TAAGGATA,0.8695213,0.795891229950934,6,51100,5996
GATAGCAA,0.8694938,0.8199604172679669,6,51100,5996
CAACGATA,0.86923796,0.8399476353440812,6,51100,5996
TATACGAT,0.86897457,0.8967756566197996,6,51100,5996
GATCCGGG,0.86885685,0.9000948336288294,6,51100,5996
CGTATCGA,0.8684415,0.8546983878283099,6,51100,5996
ACGATATT,0.8676491,0.853038799323795,6,51100,5996
TTATATCG,0.8671561,0.8497917783367006,6,51100,5996
TCATATAT,0.86538744,0.9140827938811694,6,51100,5996
AGTATATA,0.8652338,0.9302766668041068,6,51100,5996
CGATAGCA,0.8650971,0.7354760235847112,6,51100,5996
AGTATCGG,0.8648083,0.9145363460190493,6,51100,5996
GTGATCTG,0.86456203,0.8790458912299509,6,51100,5996
GTATCGTA,0.8642707,0.9355440564053931,6,51100,5996
ATATCCAA,0.86334014,0.8957036242939018,6,51100,5996
TATCCGAA,0.8614125,0.8601203974766007,6,51100,5996
GATCCATA,0.86118734,0.8607801096771533,6,51100,5996
ATACTTTA,0.86084193,0.835906898115697,6,51100,5996
CAGTGATC,0.86049163,0.8977343009112275,6,51100,5996
GGATCATG,0.8597553,0.9129901455490043,6,51100,5996
GTATCTAA,0.85968226,0.9415330062260339,6,51100,5996
GATCATTG,0.8595396,0.8911681029151033,6,51100,5996
ATCATACC,0.8594968,0.8750566940172351,6,51100,5996
ATACGATC,0.8592119,0.8832824805178741,6,51100,5996
CGATATGG,0.8581319,0.9235249247515772,6,51100,5996
GATACTAA,0.85793746,0.9022285902774915,6,51100,5996
GATCACCT,0.8574459,0.872696161299633,6,51100,5996
GGATATGG,0.8560601,0.8519358429884962,6,51100,5996
ATACTGTA,0.85519767,0.8836741846369521,6,51100,5996
ATCGCATA,0.85424286,0.7908403084154537,6,51100,5996
ATGATCGG,0.8538667,0.8431225003092402,6,51100,5996
TATCCGGA,0.85350484,0.8418339999175359,6,51100,5996
TGCTGATA,0.8532076,0.8367830783820558,6,51100,5996
GATATAGG,0.85267586,0.929596338597287,6,51100,5996
AGAGGTAT,0.8520699,0.9323898074465016,6,51100,5996
TAGGGATA,0.85195696,0.8932297035418298,6,51100,5996
GATCCGTC,0.8515353,0.806199233084567,6,51100,5996
ACGTATCC,0.85032886,0.8442254566445387,6,51100,5996
GATCTCAA,0.850304,0.7604420071743702,6,51100,5996
TCCGTATC,0.8502586,0.9055786912959222,6,51100,5996
GCCATATC,0.8501156,0.8531109553457304,6,51100,5996
TCAGGATA,0.849528,0.8702840885663629,6,51100,5996
GCTGATCA,0.8495115,0.7539582732033151,6,51100,5996
TGTTATAT,0.8490441,0.8300416443326598,6,51100,5996
GATCACTT,0.8487965,0.9092792644208963,6,51100,5996
GTCTGATA,0.84862155,0.8317836968622437,6,51100,5996
CAAATATC,0.8480056,0.8070341813383912,6,51100,5996
TCCGGATC,0.847865,0.8571826165835154,6,51100,5996
GTATCTTA,0.84771305,0.9181956871314889,6,51100,5996
GATCACTA,0.8470573,0.8728610893497711,6,51100,5996
GATACGCA,0.84681743,0.8483692739042592,6,51100,5996
CATGTATC,0.84652364,0.8900857625860719,6,51100,5996
TATATCCA,0.846518,0.9024553663464314,6,51100,5996
AGATATGC,0.8462461,0.8920855151939966,6,51100,5996
TTGATGAT,0.8455998,0.8062610811033687,6,51100,5996
TGGATACA,0.84558827,0.8161052240959881,6,51100,5996
CAATATCG,0.8455566,0.8136003793345153,6,51100,5996
ATATTAAC,0.84473974,0.808693769842906,6,51100,5996
AATCATAT,0.8446534,0.8132395992248381,6,51100,5996
CGTAGATA,0.8439889,0.8199604172679669,6,51100,5996
GGATACTG,0.8428522,0.7667814291015544,6,51100,5996
CTATATCG,0.8424926,0.9230198325980291,6,51100,5996
TCGTATCT,0.84243596,0.8627386302725435,6,51100,5996
AAGTATCG,0.8413952,0.9094132684616335,6,51100,5996
TGATCATC,0.8413447,0.8891168102915104,6,51100,5996
GATCTATG,0.84044665,0.8221354059291635,6,51100,5996
GTCGGATC,0.84015864,0.8344843936832557,6,51100,5996
TGATCGCT,0.83980364,0.7848616665979467,6,51100,5996
ATCCCTCT,0.8395779,0.8725209252463614,6,51100,5996
GATCCGAA,0.8395502,0.8568218364738384,6,51100,5996
TGATCAGT,0.83939236,0.8320826289531192,6,51100,5996
ACCGGATC,0.839174,0.864831154908671,6,51100,5996
GGTATTAC,0.83901125,0.8416175318517297,6,51100,5996
TATCACAA,0.8378337,0.907743371953985,6,51100,5996
ACACTATC,0.8376464,0.8464829093308044,6,51100,5996
TGATCCCA,0.8375958,0.8842308168061683,6,51100,5996
CTTGGATA,0.8373342,0.737279924133097,6,51100,5996
GGAGTGAT,0.83725756,0.7277965612501547,6,51100,5996
TGTATACA,0.8365568,0.8610481177586279,6,51100,5996
ATGGGATC,0.83646494,0.8379169587267555,6,51100,5996
AGTGGATC,0.83564097,0.8189502329608708,6,51100,5996
TCGATATG,0.834416,0.8870861336741847,6,51100,5996
CGGATCAG,0.83421314,0.8774893827567724,6,51100,5996
CTTTGATC,0.83397615,0.8482765018760565,6,51100,5996
ATATACCG,0.8338803,0.8678307838205583,6,51100,5996
CAGATCAC,0.8337789,0.8790458912299509,6,51100,5996
AGCTGATA,0.8332092,0.8572753886117183,6,51100,5996
CTGATCTA,0.8331192,0.8753350101018431,6,51100,5996
CTGGGATA,0.8331052,0.6644848060033811,6,51100,5996
ATACCGAT,0.83269274,0.8075805055044737,6,51100,5996
CGATAGGT,0.83250535,0.8082299097018926,6,51100,5996
TATCACAG,0.8315664,0.9134436976868842,6,51100,5996
AGATCATA,0.8312616,0.8825093802828515,6,51100,5996
TCGTATCG,0.8309287,0.8509565826908011,6,51100,5996
TATACCCA,0.83056957,0.8711396528264546,6,51100,5996
CAGCTATC,0.8300613,0.8196717931802251,6,51100,5996
ATCACAGA,0.8299941,0.7779346884921453,6,51100,5996
CTCCTATC,0.8296423,0.7923143528635632,6,51100,5996
GATAGCAG,0.8294151,0.8142497835319341,6,51100,5996
AATGTATA,0.8292599,0.8349791778336701,6,51100,5996
CAAGGATC,0.8287892,0.8260421391168103,6,51100,5996
GATAGCAC,0.82852024,0.8007875314394096,6,51100,5996
ATACCCGG,0.82851696,0.7723374427905827,6,51100,5996
ATACTCGA,0.8280469,0.8372057065105347,6,51100,5996
GTGATCAG,0.8279923,0.7905104523151775,6,51100,5996
CTATATAA,0.8273012,0.7072836350142251,6,51100,5996
ATGATCTC,0.8270647,0.8888075701975013,6,51100,5996
ATATCTCC,0.82674295,0.9440275429843732,6,51100,5996
CCTATCAG,0.8266805,0.8798602234775079,6,51100,5996
TATCCACT,0.8266326,0.8104255143693565,6,51100,5996
AGTATCCT,0.8265506,0.846833381437348,6,51100,5996
ACACGATA,0.826493,0.8639858986517132,6,51100,5996
GTTGGATA,0.82637316,0.838236506823898,6,51100,5996
TATCAGCT,0.8258035,0.8572753886117183,6,51100,5996
CAGATCAG,0.82544345,0.8421844720240795,6,51100,5996
TACCTATT,0.8250098,0.6575578278975797,6,51100,5996
GATCCATG,0.8248239,0.8117964787861295,6,51100,5996
ATCGGATT,0.8247357,0.785356450748361,6,51100,5996
GATCAGTA,0.82459646,0.8952191481466212,6,51100,5996
TCAGGATC,0.82443124,0.7840988743660577,6,51100,5996
GGATACTA,0.82390857,0.8437822125097927,6,51100,5996
TATTCGAT,0.8237941,0.7816558776233867,6,51100,5996
CCGATACG,0.82371265,0.862419082175401,6,51100,5996
GATCAATG,0.8232577,0.7955922978600585,6,51100,5996
TATATAGG,0.8228659,0.7946130375623633,6,51100,5996
TGGATACG,0.82269114,0.8261967591638147,6,51100,5996
TCATGATC,0.82265556,0.8310415206366223,6,51100,5996
CGAATATC,0.8226066,0.8169092483404115,6,51100,5996
GGATCGCT,0.8222488,0.8183008287634519,6,51100,5996
ACGATAGT,0.8222325,0.8398548633158784,6,51100,5996
TGCATATC,0.8221762,0.9039294107945408,6,51100,5996
TCTATCAT,0.8212345,0.6616191811322311,6,51100,5996
GATCAGTG,0.8208011,0.8284439038469468,6,51100,5996
TGATCGGT,0.8207908,0.8401125633942192,6,51100,5996
GATAGCGG,0.8200491,0.8314229167525666,6,51100,5996
CCCAGATC,0.82003987,0.8490186781016782,6,51100,5996
GCGATACG,0.8194326,0.8940234197831196,6,51100,5996
ATATAGTC,0.8193811,0.7860780109677153,6,51100,5996
ATCGCTGA,0.81900024,0.8620995340782583,6,51100,5996
TCGTATAC,0.818715,0.7699150620541788,6,51100,5996
AGAGAGAT,0.8183864,0.783645322228178,6,51100,5996
GATCAGCT,0.81824017,0.7789551808023749,6,51100,5996
TGTATTAT,0.8177031,0.8679338638518947,6,51100,5996
GATCCTTA,0.8175896,0.8385251309116397,6,51100,5996
GATCACTG,0.8173891,0.8977343009112275,6,51100,5996
TTGGATCA,0.8172476,0.9232672246732363,6,51100,5996
CGGGATCA,0.81702036,0.882973240423865,6,51100,5996
GATCACTC,0.81674916,0.8390611470745887,6,51100,5996
ATCGATAG,0.8163411,0.8683771079866408,6,51100,5996
CTATCGTA,0.8162734,0.8716241289737352,6,51100,5996
ATATCTAT,0.8161542,0.9426153465550654,6,51100,5996
GGATCAGT,0.8161005,0.8938069517173133,6,51100,5996
ATCCCTCA,0.81580377,0.7452583185585289,6,51100,5996
GATCCTCT,0.8157453,0.860058549457799,6,51100,5996
CGTATTAT,0.81497496,0.8977549169174948,6,51100,5996
GATAGTTA,0.8148079,0.8253102708943224,6,51100,5996
AGTTATAT,0.81469566,0.8036325403042922,6,51100,5996
ATACCGAA,0.81414425,0.7795942769966602,6,51100,5996
CATGGATC,0.8126054,0.8117964787861295,6,51100,5996
CCATATCT,0.8126043,0.8647589988867357,6,51100,5996
TCTATCAC,0.8120156,0.6571248917659671,6,51100,5996
AATGGATA,0.81198424,0.8322063249907228,6,51100,5996
AGACGTAT,0.81193596,0.8005504473673359,6,51100,5996
TATACGGT,0.81186265,0.7752649156805343,6,51100,5996
GATAGCTG,0.81176925,0.8196717931802251,6,51100,5996
GGATCACG,0.81102234,0.8695934523564095,6,51100,5996
GATCCTCG,0.81100243,0.8221354059291635,6,51100,5996
TTGATCCT,0.8108992,0.938162289201336,6,51100,5996
GCGTGATC,0.81088716,0.8160743000865872,6,51100,5996
GCTGATCG,0.8104371,0.6217890570238733,6,51100,5996
TTCGGATA,0.81039184,0.8601203974766007,6,51100,5996
GCCGATAC,0.81035465,0.8517399909289572,6,51100,5996
AGGTATCC,0.8103316,0.907238279800437,6,51100,5996
CTAATACC,0.809931,0.7856038428235682,6,51100,5996
TGATCTTG,0.809226,0.818187440728982,6,51100,5996
TATGGGAT,0.8084984,0.8060652290438296,6,51100,5996
ATAACATA,0.8081549,0.7035005978641817,6,51100,5996
GTATAAGA,0.8081156,0.8450397888920959,6,51100,5996
GATCCCCG,0.80782324,0.8035810002886241,6,51100,5996
GATATGAG,0.80771863,0.8261658351544139,6,51100,5996
GATCAATC,0.80737567,0.8586257370222241,6,51100,5996
GATCCAAG,0.8073332,0.8139199274316581,6,51100,5996
GGATTGAT,0.807058,0.7894796520018141,6,51100,5996
ATATCGGC,0.8068816,0.8435038964251845,6,51100,5996
TCTAGGAT,0.8068274,0.7998288871479817,6,51100,5996
TATCCAGA,0.8067846,0.8285263678720158,6,51100,5996
TGGATCCG,0.80639076,0.883931884715293,6,51100,5996
GGAAGATA,0.8055839,0.8750051540015668,6,51100,5996
CTCGGATC,0.80526394,0.8098791902032738,6,51100,5996
CGATCTCT,0.80520785,0.6967900878241867,6,51100,5996
ACTATCGT,0.80481285,0.8398548633158784,6,51100,5996
GATCACGT,0.8043951,0.8278666556714633,6,51100,5996
TGATCAAT,0.8042745,0.7988599348534202,6,51100,5996
GATCAGGT,0.8042321,0.801869871768441,6,51100,5996
ATTGATAA,0.8041317,0.7793571929245867,6,51100,5996
GATCCTGA,0.8039855,0.7840988743660577,6,51100,5996
TCTATCTA,0.8034753,0.7797592050467984,6,51100,5996
CCTATGAT,0.80275327,0.7426400857625861,6,51100,5996
GATAGGTA,0.80266416,0.87373726961613,6,51100,5996
AGATCCGA,0.8022383,0.779037644827444,6,51100,5996
CTATATGG,0.80203825,0.7086030594153301,6,51100,5996
CCGATAGC,0.8016034,0.8141673195068652,6,51100,5996
ATTATACG,0.8015304,0.8261452191481466,6,51100,5996
GATCCGAG,0.8014657,0.8098791902032738,6,51100,5996
ATACTCAG,0.80144113,0.7898301241083577,6,51100,5996
TAATACAT,0.8012927,0.7969323382674309,6,51100,5996
TGTTGATC,0.8008703,0.8014060116274276,6,51100,5996
TATATTTG,0.80053383,0.7966540221828228,6,51100,5996
CGTATCTG,0.8004688,0.84048365150703,6,51100,5996
GTCGGATA,0.79980874,0.8654187110872883,6,51100,5996
TGATCACC,0.79937243,0.8376077186327464,6,51100,5996
TGGTAGAT,0.79934293,0.7820991217581329,6,51100,5996
CGGATCGG,0.7991605,0.8611718137962314,6,51100,5996
GATCATAA,0.7987135,0.8364119902692451,6,51100,5996
ACAGTATA,0.79864883,0.8124768069929493,6,51100,5996
ATCATACG,0.79831564,0.7849441306230157,6,51100,5996
GGGTTATA,0.79779065,0.7647095204716942,6,51100,5996
TCATATAC,0.7973215,0.8351544138869419,6,51100,5996
AGGAGATC,0.79728657,0.87339710551272,6,51100,5996
TGAGATAG,0.79723054,0.8008184554488105,6,51100,5996
TAGTATCG,0.7972033,0.9322454954026307,6,51100,5996
CGATAGGG,0.7970218,0.8955696202531647,6,51100,5996
GATAGGTC,0.7969726,0.8166824722714716,6,51100,5996
CCGTAGAT,0.7965155,0.6131818744072898,6,51100,5996
TTAGTGAT,0.7960657,0.7165608378344948,6,51100,5996
GATCTCTT,0.79589874,0.8239908464932173,6,51100,5996
GATCACAG,0.79557544,0.8210736816063993,6,51100,5996
ATCGGGTA,0.79522,0.7954067538036531,6,51100,5996
CGATAGGC,0.7950421,0.8005504473673359,6,51100,5996
ATACCCAA,0.79499185,0.8572238485960499,6,51100,5996
TCGGATCC,0.79494333,0.836133674184637,6,51100,5996
ATCCGGAT,0.7948379,0.9082072320949985,6,51100,5996
TGTGTATA,0.7946604,0.7963344740856801,6,51100,5996
TATACGCT,0.7946003,0.7551024615511482,6,51100,5996
TAGTTATC,0.79447716,0.7369706840390879,6,51100,5996
ATACTGGT,0.7943284,0.7562775739083825,6,51100,5996
GGGATCGC,0.79403925,0.8156722879643755,6,51100,5996
GATCTCCC,0.7935036,0.8251865748567188,6,51100,5996
TCACTATC,0.7934817,0.7860161629489135,6,51100,5996
TATACCTT,0.7932951,0.86536717107162,6,51100,5996
CGTATCCT,0.7932639,0.8015709396775657,6,51100,5996
GATAGCTC,0.7931729,0.7918504927225497,6,51100,5996
TTTATACG,0.7925263,0.7956026058631922,6,51100,5996
GATCTTTG,0.7924902,0.7468354430379748,6,51100,5996
GGATAGTA,0.7924845,0.8105285944006928,6,51100,5996
GATAGCAT,0.792477,0.7690079577784191,6,51100,5996
CGATCATA,0.79209125,0.8207025934935884,6,51100,5996
TTGATCAT,0.7916715,0.7884591596915845,6,51100,5996
TTATATGG,0.79142517,0.7194883107244465,6,51100,5996
ATGAGTAT,0.7912788,0.8179194326475075,6,51100,5996
CGAATATA,0.79112977,0.7228590277491445,6,51100,5996
TATCCTAG,0.7902082,0.834587473714592,6,51100,5996
GAGGTGAT,0.7901414,0.7807075413350926,6,51100,5996
CATGTGAT,0.79011875,0.8177441965942357,6,51100,5996
TCGTAGAT,0.78994566,0.7394446047911599,6,51100,5996
ATCTTAGA,0.7897523,0.8361645981940379,6,51100,5996
ATACAGAT,0.789604,0.8401537954067538,6,51100,5996
CGAGGATC,0.78929096,0.8221354059291635,6,51100,5996
CGATAGTC,0.789085,0.7976642064899188,6,51100,5996
GATCAACT,0.78880095,0.7529274728899517,6,51100,5996
ATACTACA,0.78875387,0.8420813919927431,6,51100,5996
ATGTGTAT,0.7884841,0.798808394837752,6,51100,5996
GATAGTGA,0.78842175,0.7860161629489135,6,51100,5996
GCAGGATC,0.78831464,0.8535541994804766,6,51100,5996
GTGATCAA,0.78781986,0.8063332371253041,6,51100,5996
TTAGGGAT,0.78775555,0.7174885581165218,6,51100,5996
ACGTATAC,0.7877177,0.7655135447161175,6,51100,5996
TATCCTCC,0.78763056,0.8997752855316867,6,51100,5996
CTATTATC,0.7875266,0.8483177338885911,6,51100,5996
ATAAGATC,0.7874082,0.8011276955428195,6,51100,5996
GATCCTAG,0.7869251,0.8520595390260999,6,51100,5996
ATCGAGAT,0.7865928,0.8181668247227147,6,51100,5996
TATCTCAG,0.78621197,0.8129200511276955,6,51100,5996
GATCGGGT,0.7856851,0.8435966684533872,6,51100,5996
ATCGGATG,0.78564084,0.7315280583845298,6,51100,5996
TGACTGAT,0.7856102,0.7911701645157301,6,51100,5996
ATTGTGAT,0.7853127,0.817795736609904,6,51100,5996
CATATCTT,0.7851451,0.8724693852306932,6,51100,5996
TGATCAGC,0.7850865,0.7539582732033151,6,51100,5996
CGTATCCA,0.7849638,0.8261967591638147,6,51100,5996
GATCCCAG,0.78490716,0.7726879148971262,6,51100,5996
GATCTACG,0.78437966,0.6811837710798665,6,51100,5996
AGATTGAT,0.7841415,0.7257452686265617,6,51100,5996
AGGATCTA,0.7836874,0.7796767410217293,6,51100,5996
GGGATAGA,0.7834591,0.8003133632952625,6,51100,5996
CAGATGAT,0.7834361,0.8649857749556756,6,51100,5996
TCGGATCG,0.78284484,0.8229806621861212,6,51100,5996
TTGTTATC,0.78258944,0.73635220385107,6,51100,5996
GTATTAAG,0.7825611,0.7361666597946646,6,51100,5996
GACCTATC,0.782504,0.8166824722714716,6,51100,5996
CTGAGATC,0.7824689,0.7830886900589618,6,51100,5996
GTTGATCT,0.78225785,0.7947882736156351,6,51100,5996
ATCAATCA,0.7820871,0.8168886323341442,6,51100,5996
GATCCTAC,0.7812957,0.7706263142703996,6,51100,5996
CGATCGCA,0.78126746,0.7846039665196058,6,51100,5996
AATACCCC,0.78095627,0.8892508143322476,6,51100,5996
GATAGCTA,0.7808352,0.7874386673813549,6,51100,5996
ATACCAGT,0.78046787,0.8308456685770832,6,51100,5996
ATAGATGA,0.7804463,0.8349070218117347,6,51100,5996
GATCGCTC,0.78026605,0.8055395208840144,6,51100,5996
CTTATGAT,0.7802582,0.7894384199892798,6,51100,5996
CATGATCA,0.7801197,0.8585948130128231,6,51100,5996
TAGTTATA,0.7800469,0.8145177916134086,6,51100,5996
ATACATAA,0.7783346,0.7622974477384241,6,51100,5996
GTCAGATA,0.7782094,0.7525151527646065,6,51100,5996
ATACTGGA,0.7781897,0.8077660495608792,6,51100,5996
GATCCCGT,0.7778427,0.7644415123902198,6,51100,5996
GATCAGAC,0.7777012,0.8382158908176308,6,51100,5996
TCTGTGAT,0.7774719,0.7779346884921453,6,51100,5996
TGGTATTT,0.77730155,0.6284892590607347,6,51100,5996
TGACTATC,0.7770391,0.7618954356162125,6,51100,5996
ATATTTTA,0.77696586,0.7739661072856966,6,51100,5996
GATAAGAT,0.7769,0.839586855234404,6,51100,5996
CCTATACC,0.77640235,0.8058590689811569,6,51100,5996
TATCCATC,0.7757649,0.8318249288747783,6,51100,5996
ACGGATAC,0.7756907,0.8921679792190657,6,51100,5996
GATAGCCA,0.77526903,0.819898569249165,6,51100,5996
CGTATAGA,0.7752098,0.7608852513091166,6,51100,5996
TATATAAA,0.7750017,0.8461942852430627,6,51100,5996
AGTATACA,0.77486885,0.7767492681317775,6,51100,5996
CTATCCGA,0.7747265,0.7821815857832021,6,51100,5996
GCTGGATA,0.77445483,0.7173545540757844,6,51100,5996
AGGGATAG,0.77427894,0.7872221993155486,6,51100,5996
GTGATAAC,0.7737938,0.6907805219972787,6,51100,5996
GGTTGATC,0.77367485,0.7657712447944585,6,51100,5996
ATACAATC,0.7735742,0.7400218529666434,6,51100,5996
TATATGTG,0.7732639,0.795159361728446,6,51100,5996
GGAATATA,0.7730807,0.789737352080155,6,51100,5996
AAGGATAA,0.7725028,0.7552570815981527,6,51100,5996
TATACTCG,0.7723067,0.7867377231682678,6,51100,5996
GATCCAGA,0.7720503,0.7899435121428278,6,51100,5996
CGATAGTT,0.77201164,0.7917164886818125,6,51100,5996
ATGGATAA,0.77196366,0.7131282727909949,6,51100,5996
TTGATCAG,0.77168953,0.6910176060693523,6,51100,5996
TCACGATA,0.77159333,0.6982538242691625,6,51100,5996
CCAGGATA,0.77147675,0.8265266152640911,6,51100,5996
CATATACG,0.7709466,0.8064260091535068,6,51100,5996
GATCGGTA,0.7705706,0.8333402053354225,6,51100,5996
GCGTATCG,0.77032846,0.8412876757514534,6,51100,5996
ATCGTTGA,0.7702962,0.7977879025275224,6,51100,5996
ATCAGCTA,0.7700265,0.7266936049148558,6,51100,5996
AGCATATA,0.7700225,0.8036325403042922,6,51100,5996
TAGAGAAT,0.76994354,0.6074712406712571,6,51100,5996
TATGCGAT,0.76987404,0.7908403084154537,6,51100,5996
TCCAGATC,0.76966786,0.709139075578279,6,51100,5996
GATCTGTC,0.7690464,0.734888467406094,6,51100,5996
ACACGGAT,0.7689304,0.8342988496268502,6,51100,5996
ATCTTCTC,0.7687876,0.7410835772894074,6,51100,5996
CTATAGTA,0.7684414,0.7485568795612914,6,51100,5996
GATAGGTG,0.7682061,0.7849235146167485,6,51100,5996
ATATGGGA,0.7681444,0.8520595390260999,6,51100,5996
GCTATACC,0.7681221,0.756205417886447,6,51100,5996
AGGATAGG,0.7679879,0.7873458953531521,6,51100,5996
CTGATCAG,0.7679276,0.8358450500968952,6,51100,5996
CGTATGAT,0.7678933,0.7849441306230157,6,51100,5996
TGATCAGA,0.7676547,0.7358264956912547,6,51100,5996
CCTGTATA,0.76758516,0.7826248299179482,6,51100,5996
ACTGGATC,0.76752716,0.7971694223395044,6,51100,5996
TATACGTG,0.7674449,0.8226714220921123,6,51100,5996
TATCTTCC,0.7672322,0.8750051540015668,6,51100,5996
ATCCCCGA,0.76715654,0.7955510658475239,6,51100,5996
TTGAGATC,0.7669556,0.7604420071743702,6,51100,5996
GTATAATT,0.766868,0.7016142332907269,6,51100,5996
AAGATCTA,0.76684517,0.7696367459695708,6,51100,5996
TGACTATA,0.76654005,0.6653506782666062,6,51100,5996
ATAGAGTA,0.7662919,0.6960582196016988,6,51100,5996
ATCCTGTT,0.7662223,0.6590524883519565,6,51100,5996
CGATCACT,0.7660961,0.7695955139570363,6,51100,5996
CATATACT,0.76583695,0.7143549251638973,6,51100,5996
CTCAGATC,0.7658167,0.7839957943347214,6,51100,5996
TGTAGTAT,0.76557386,0.8420813919927431,6,51100,5996
ATCGCTTA,0.7655603,0.6892343215272337,6,51100,5996
GGTATACG,0.7648947,0.7658021688038593,6,51100,5996
TCTTAGGT,0.7647715,0.4873933121675669,6,51100,5996
AATAATAC,0.76465416,0.880757019750134,6,51100,5996
GATCATGG,0.76459646,0.8021997278687173,6,51100,5996
GATCTGTG,0.7645124,0.7101389518822414,6,51100,5996
GATAGTAC,0.7644889,0.78314023007463,6,51100,5996
TGATCACG,0.764372,0.7873149713437513,6,51100,5996
TGCATGAT,0.764114,0.8118480188017977,6,51100,5996
CCCGTATA,0.7641107,0.8255164309569951,6,51100,5996
CCGGATAC,0.76391673,0.835793510081227,6,51100,5996
GTATTAGT,0.76385796,0.7144992372077682,6,51100,5996
TCGTATAG,0.7638334,0.7410526532800066,6,51100,5996
ATACACTG,0.7634986,0.7939945573743454,6,51100,5996
AGATCGGT,0.76316166,0.7798622850781347,6,51100,5996
TGTATAGA,0.7630868,0.741939141549499,6,51100,5996
ATCCTCCA,0.7629911,0.8045293365769183,6,51100,5996
ATACGGCA,0.7628924,0.8121263348864058,6,51100,5996
TCTGAGAT,0.7627535,0.8189399249577373,6,51100,5996
GATCCTGG,0.7627008,0.7833154661279018,6,51100,5996
CCGGCTAT,0.76215655,0.7769245041850493,6,51100,5996
CTTAAATA,0.76204777,0.733795819073929,6,51100,5996
ATCTTTAT,0.76193064,0.7962210860512101,6,51100,5996
ATGGATCG,0.76186144,0.849977322393106,6,51100,5996
TCTATACG,0.7618138,0.7608852513091166,6,51100,5996
TCGATCTC,0.7617327,0.7820372737393312,6,51100,5996
TATCCCGG,0.7616104,0.7724302148187853,6,51100,5996
GATAATAG,0.7615485,0.8483177338885911,6,51100,5996
ATCATCAT,0.7614709,0.7940770213994146,6,51100,5996
CGTATATG,0.7612913,0.8064260091535068,6,51100,5996
TACGATAG,0.76113534,0.8716241289737352,6,51100,5996
TGTAGATC,0.761083,0.7239619840844432,6,51100,5996
ATAGCATA,0.7608672,0.7264668288459161,6,51100,5996
TCGATCAT,0.7607104,0.7217457634107121,6,51100,5996
TGTATCCA,0.7604319,0.8161052240959881,6,51100,5996
CGGATAGA,0.76032233,0.8313610687337649,6,51100,5996
GATTAATA,0.7602699,0.8546056158001072,6,51100,5996
GATCCTAA,0.75995016,0.7642868923432152,6,51100,5996
ACCTATAC,0.75988334,0.8365356863068486,6,51100,5996
GTATACGG,0.7598519,0.8182080567352493,6,51100,5996
CGATCGCG,0.7597163,0.774460891436111,6,51100,5996
ATAGCTTA,0.75960755,0.736774831979549,6,51100,5996
CTTGATCC,0.7596013,0.9028161464561085,6,51100,5996
GAACGTAT,0.7595769,0.7850678266606194,6,51100,5996
GTATATTC,0.7590308,0.8024883519564591,6,51100,5996
GGAATGAT,0.75898343,0.7937677813054056,6,51100,5996
CGATCTGA,0.7589658,0.8457613491114501,6,51100,5996
TGATAACA,0.758703,0.717787490207397,6,51100,5996
ATTAATAC,0.7583942,0.9081866160887313,6,51100,5996
AGGATAGA,0.7580759,0.6368902816146456,6,51100,5996
TCGAGGAT,0.7579767,0.7614109594689317,6,51100,5996
ACAATGAT,0.7578491,0.7648641405186988,6,51100,5996
ATCCTTGA,0.75768846,0.8094050220591268,6,51100,5996
GATAGTCA,0.75755113,0.7618954356162125,6,51100,5996
GTATACCA,0.75746256,0.8204655094215149,6,51100,5996
TATACGAG,0.75743455,0.6887704613862203,6,51100,5996
GATAACTA,0.7574242,0.7369706840390879,6,51100,5996
ATCCAGAT,0.7573091,0.7670700531892963,6,51100,5996
TCTATCTT,0.75711143,0.6911825341194904,6,51100,5996
ATATTTAA,0.7570811,0.8246402506906363,6,51100,5996
GTATCCCA,0.75695163,0.7626273038387005,6,51100,5996
GGATAAAA,0.7568278,0.7928812930359131,6,51100,5996
GATCTCGG,0.7567432,0.7597616789675504,6,51100,5996
GCCGATAG,0.7565039,0.6055745680946687,6,51100,5996
CTTATATG,0.7562489,0.7394446047911599,6,51100,5996
ACGGGATC,0.75619006,0.7644415123902198,6,51100,5996
ATGATCAA,0.75610214,0.7884591596915845,6,51100,5996
CTCATACC,0.7558026,0.7131179647878614,6,51100,5996
AGCCGTAT,0.75570935,0.7537418051375088,6,51100,5996
AGATCAAG,0.75565463,0.8341545375829794,6,51100,5996
AGGATAAA,0.7555746,0.7782645445924216,6,51100,5996
CCGATGAT,0.755564,0.7352904795283057,6,51100,5996
GTTGATCA,0.7553825,0.7191893786335711,6,51100,5996
GATCGCTG,0.755152,0.7568032820681977,6,51100,5996
GATCGGCT,0.7551087,0.8444522327134788,6,51100,5996
ATGCGATC,0.7549056,0.7884797756978519,6,51100,5996
AGGAGGAT,0.7548538,0.8236197583804066,6,51100,5996
ATAGCGTA,0.7548122,0.6774522739454913,6,51100,5996
TGTGGATC,0.7546807,0.8219601698758916,6,51100,5996
CGATCTGC,0.7544899,0.632725848348658,6,51100,5996
ATTATGAT,0.7540278,0.7895415000206161,6,51100,5996
TATACCAT,0.7540117,0.8760565703211973,6,51100,5996
ATAATCAC,0.75351745,0.6557436193460603,6,51100,5996
GTAGTATA,0.7534561,0.8105904424194945,6,51100,5996
TTGAGTAT,0.75337255,0.8030862161382097,6,51100,5996
CTTGTATA,0.7533424,0.8200841133055704,6,51100,5996
TGATCATG,0.75321335,0.8585948130128231,6,51100,5996
AATCTGAT,0.75317955,0.8021688038593164,6,51100,5996
GAACTATC,0.75316477,0.8434832804189173,6,51100,5996
TCTATCAG,0.7531503,0.7016657733063951,6,51100,5996
TGGATCTA,0.7530374,0.7782336205830207,6,51100,5996
TATCCCAG,0.75291944,0.6644848060033811,6,51100,5996
CAGAGGAT,0.75271547,0.7929019090421803,6,51100,5996
GCGATCGG,0.7524953,0.8031480641570116,6,51100,5996
GCTATATG,0.7523082,0.6814517791613408,6,51100,5996
ATATCGAC,0.75189716,0.8216715457881499,6,51100,5996
ATACTTGC,0.7515184,0.7113656042551437,6,51100,5996
TATCGGGA,0.75150603,0.7613697274563972,6,51100,5996
CGTATATT,0.7514965,0.7611017193749228,6,51100,5996
CATTTATA,0.75137365,0.7020162454129386,6,51100,5996
CATATTAG,0.7513366,0.6794107945408815,6,51100,5996
GATAGGCC,0.75091946,0.713097348781594,6,51100,5996
GGCATGAT,0.75045514,0.745732486702676,6,51100,5996
GGGTATTG,0.75044155,0.8522244670762379,6,51100,5996
ATCTTCGA,0.75026363,0.773842411248093,6,51100,5996
CAGATCAA,0.7501477,0.8000247392075207,6,51100,5996
ATCACCGA,0.7497785,0.8347317857584629,6,51100,5996
GCTATCCT,0.7495024,0.7689976497752855,6,51100,5996
AACAGATC,0.7494425,0.7906753803653157,6,51100,5996
ATACACTT,0.7493676,0.7225807116645364,6,51100,5996
TGTTGGAT,0.74928933,0.8221354059291635,6,51100,5996
CTATACGT,0.7490926,0.7159732816558776,6,51100,5996
TATACTGG,0.74869585,0.7323011586195523,6,51100,5996
GTATACGA,0.74866325,0.7699150620541788,6,51100,5996
TTAAGATC,0.7486143,0.7304560260586319,6,51100,5996
AGTATCCA,0.7484808,0.8819424401105018,6,51100,5996
GATAGGAA,0.7481996,0.69231641446419,6,51100,5996
TAACCGAT,0.7480254,0.8178472766255721,6,51100,5996
ATAATAGC,0.74795103,0.7097163237537624,6,51100,5996
ATCCTACA,0.74788946,0.6930792066960789,6,51100,5996
GAGATCTA,0.7476279,0.7753061476930689,6,51100,5996
ACACGATC,0.74753404,0.8040139364202367,6,51100,5996
GTCTTATA,0.7470076,0.7541953572753886,6,51100,5996
TGTGGTAT,0.7468608,0.794736733599967,6,51100,5996
CCAGGATC,0.74669147,0.7833154661279018,6,51100,5996
AATCGGAT,0.74614286,0.7483094874860842,6,51100,5996
AATACACG,0.74594754,0.6457448563064363,6,51100,5996
CTGATAAC,0.7459264,0.6949140312538655,6,51100,5996
ATCCTCAT,0.7455983,0.7560611058425762,6,51100,5996
TGTATAAC,0.7453979,0.7868098791902034,6,51100,5996
AGGTATTT,0.74524784,0.7135302849132066,6,51100,5996
ATCAAGAT,0.74524224,0.7470106790912464,6,51100,5996
ATGATAAG,0.74512845,0.7583597905413764,6,51100,5996
TATACTGA,0.74493617,0.819166701026677,6,51100,5996
CAAGTGAT,0.7445697,0.7877272914690966,6,51100,5996
TGGGATAG,0.7442153,0.7205397270440771,6,51100,5996
TAGCGATC,0.74406266,0.8055601368902816,6,51100,5996
CGATCACC,0.7438653,0.8336288294231642,6,51100,5996
GCAGATAG,0.7434292,0.6709994639838371,6,51100,5996
ATCCGCCG,0.74323756,0.6315919680039582,6,51100,5996
ATCGTGAT,0.7432342,0.7338988991052653,6,51100,5996
GATCTGGA,0.74316543,0.709139075578279,6,51100,5996
GCGATAGG,0.7431512,0.7986022347750794,6,51100,5996
AGATCCTT,0.74313164,0.8049519647053973,6,51100,5996
ACGGATCT,0.74304694,0.743794582113553,6,51100,5996
ACGATCAT,0.7429761,0.7777285284294726,6,51100,5996
ATTAAATA,0.74263096,0.8394528511936669,6,51100,5996
GGTATAGG,0.7422452,0.8058590689811569,6,51100,5996
TGTAGGAT,0.7421927,0.6930792066960789,6,51100,5996
ATCACTTT,0.7420802,0.8370923184760647,6,51100,5996
ATCTGGAT,0.7420711,0.7670700531892963,6,51100,5996
CTTATCTA,0.7417627,0.7918917247350843,6,51100,5996
ATCAGATG,0.74175364,0.8244443986310972,6,51100,5996
GTGTTATA,0.741458,0.7135509009194739,6,51100,5996
ATACTGTG,0.74129146,0.6834102997567311,6,51100,5996
ATATGCCT,0.7412721,0.784511194491403,6,51100,5996
TGAAAGAT,0.7411903,0.6937389188966313,6,51100,5996
AATTAATA,0.7411568,0.8082814497175608,6,51100,5996
TTGAGGAT,0.74106055,0.7408774172267348,6,51100,5996
GATCGGAC,0.74060243,0.704170618067868,6,51100,5996
ATCACTAG,0.74051625,0.7651630726095741,6,51100,5996
TGATAACT,0.7404964,0.7280748773347628,6,51100,5996
AATTAGAT,0.7404912,0.6587638642642147,6,51100,5996
ATCGTAGA,0.74028134,0.7074897950768977,6,51100,5996
TATCCAAC,0.73990345,0.838236506823898,6,51100,5996
ATTATAGT,0.7398172,0.6945120191316538,6,51100,5996
GTTATATG,0.7396287,0.7215292953449057,6,51100,5996
GATCAACG,0.7395993,0.7669154331422917,6,51100,5996
GCTATACG,0.7395982,0.7166433018595638,6,51100,5996
ATCTTCCA,0.73952514,0.7191172226116357,6,51100,5996
TGATCGAT,0.7394387,0.7863047870366553,6,51100,5996
GACTATCG,0.73930895,0.7976642064899188,6,51100,5996
ACCTAGAT,0.73921865,0.7792747288995175,6,51100,5996
GGGTATAA,0.739102,0.8935595596421061,6,51100,5996
AGGATCTC,0.73903394,0.8007462994268751,6,51100,5996
GATCACAA,0.73868877,0.820630437471653,6,51100,5996
AATTATCA,0.73830944,0.758988578732528,6,51100,5996
GTTGGTAT,0.7380177,0.8126314270399538,6,51100,5996
CGGATCCA,0.73782563,0.883931884715293,6,51100,5996
TTCAGATC,0.7378065,0.7251989444604792,6,51100,5996
ATATTCTC,0.7377071,0.756545581989857,6,51100,5996
AGTATCCG,0.73747575,0.8700882365068239,6,51100,5996
TCGCGATC,0.73709905,0.8011998515647549,6,51100,5996
GGAGGGAT,0.7370558,0.7836247062219107,6,51100,5996
ATCGTTCA,0.73698455,0.7023976415288831,6,51100,5996
ACGATCCC,0.7368284,0.8036634643136931,6,51100,5996
GTCAGATC,0.736535,0.687770585082258,6,51100,5996
AGATTAAT,0.7365197,0.7765224920628376,6,51100,5996
CTATCTCA,0.7363896,0.8008184554488105,6,51100,5996
GAGTATAG,0.73624885,0.7868614192058714,6,51100,5996
AGAGATAA,0.73609924,0.8721498371335505,6,51100,5996
ATAATACT,0.7360654,0.8688306601245207,6,51100,5996
AGAAGGAT,0.7360623,0.7445986063579764,6,51100,5996
CCTAATAT,0.7360328,0.7985094627468767,6,51100,5996
GCTATTAC,0.7355645,0.6322619882076443,6,51100,5996
GATAATCG,0.7348376,0.724642312291263,6,51100,5996
TCTGGATC,0.73458594,0.7899435121428278,6,51100,5996
GATCGCAT,0.7340056,0.7884797756978519,6,51100,5996
TAGTTGAT,0.7334593,0.7073867150455614,6,51100,5996
TAGAGATC,0.7332148,0.7564528099616542,6,51100,5996
ATCGCATC,0.7330995,0.759885375005154,6,51100,5996
AGTACTAT,0.7330006,0.6405186987176845,6,51100,5996
TCTATCTG,0.7329206,0.747897167360739,6,51100,5996
GTCATACA,0.73285323,0.5733208262895312,6,51100,5996
GATCAAAC,0.7327599,0.7215086793386386,6,51100,5996
GATAACAT,0.732176,0.7654104646847812,6,51100,5996
CATATAGC,0.7320758,0.6814517791613408,6,51100,5996
ATATGCCA,0.73180735,0.8250525708159815,6,51100,5996
AGATCGTT,0.7317424,0.7661217169010021,6,51100,5996
TAAAATAT,0.73160774,0.7739661072856966,6,51100,5996
CGATCGGA,0.730998,0.7458355667340123,6,51100,5996
ATCTTGGT,0.73041415,0.6629901455490043,6,51100,5996
ATCATTGA,0.7302839,0.9339050839071456,6,51100,5996
TTCATACC,0.7300202,0.7037582979425225,6,51100,5996
CATGGTAT,0.729772,0.7878200634972993,6,51100,5996
AGTATAAT,0.7296171,0.82385684245248,6,51100,5996
AGATAACA,0.7293998,0.7188698305364285,6,51100,5996
CTATATGC,0.7292959,0.6425699913412773,6,51100,5996
ACGAGTAT,0.7289581,0.7401764730136479,6,51100,5996
CTCTTATA,0.7288623,0.754298437306725,6,51100,5996
ATCCATCG,0.728845,0.6290768152393518,6,51100,5996
AGCGGGAT,0.72878665,0.714643549251639,6,51100,5996
TCAGGTAT,0.7287674,0.8450707129014967,6,51100,5996
CAGACTAT,0.7285025,0.6291077392487527,6,51100,5996
AGATCGTA,0.72831863,0.8231765142456604,6,51100,5996
TTTTTATC,0.7280214,0.7275800931843484,6,51100,5996
GATAGTAA,0.7278499,0.7449284624582526,6,51100,5996
GTTATATT,0.72784626,0.69759411206861,6,51100,5996
ATGATCCA,0.72781557,0.8873953737681937,6,51100,5996
TTATTGTT,0.72771573,0.7168391539191027,6,51100,5996
GTATATGT,0.72755665,0.773564095163485,6,51100,5996
CGACTATC,0.72736543,0.7255494165670227,6,51100,5996
ATCCCTTA,0.7271886,0.7791922648744486,6,51100,5996
GCGATCCG,0.7270611,0.831556920793304,6,51100,5996
ATTCGGAT,0.72694623,0.7784913206613616,6,51100,5996
ATCGAGAC,0.7269421,0.6138622026141096,6,51100,5996
AGGTTATA,0.7264354,0.7050261823279594,6,51100,5996
ATAGTCTA,0.72638047,0.7141281490949574,6,51100,5996
ATCTGGGA,0.72637475,0.6923885704861255,6,51100,5996
CGGTATCC,0.7261557,0.8052715128025398,6,51100,5996
GATTCGAT,0.72587395,0.6765142456603307,6,51100,5996
CTGATCCA,0.7255584,0.8785614150826702,6,51100,5996
CCGTATTA,0.7254028,0.8419680039582732,6,51100,5996
ATGGATAG,0.72539,0.7038407619675917,6,51100,5996
TATATGGA,0.72527933,0.7792334968869831,6,51100,5996
GATAGTGC,0.7250688,0.7563188059209169,6,51100,5996
TGTATTGA,0.7250537,0.7359811157382592,6,51100,5996
ATCGTATG,0.72490776,0.6650414381725972,6,51100,5996
GATCAGGG,0.7248163,0.7471962231476519,6,51100,5996
ACTCGTAT,0.7246521,0.6476930688986929,6,51100,5996
TAAACGAT,0.7245324,0.743062713891065,6,51100,5996
TTTATACT,0.7242678,0.7866243351337979,6,51100,5996
ATAGATTA,0.7242134,0.7483507194986186,6,51100,5996
CAGATCGT,0.72409314,0.7576588463282893,6,51100,5996
ATCGTGTA,0.72407126,0.8349997938399373,6,51100,5996
CCTATCGG,0.72366184,0.815321815857832,6,51100,5996
CTTATCGG,0.7236371,0.48812518039005487,6,51100,5996
ATGCTATT,0.72362834,0.6680513750876181,6,51100,5996
GATAGCGA,0.722698,0.7495464478621201,6,51100,5996
TAGATAGT,0.72259957,0.8280006597122006,6,51100,5996
ATCTACTA,0.72196954,0.8418339999175359,6,51100,5996
GAATAATA,0.7216271,0.8095287180967302,6,51100,5996
TGCTATCG,0.7215082,0.7354760235847112,6,51100,5996
GGATCGAA,0.7214836,0.7953139817754504,6,51100,5996
TATCTTGC,0.7214626,0.7048303302684205,6,51100,5996
ATGTATAC,0.7207779,0.8145590236259431,6,51100,5996
GGATAGGC,0.7205462,0.7109017441141302,6,51100,5996
TGTCAGAT,0.7203618,0.7653589246691131,6,51100,5996
ATCGTCGA,0.72001594,0.7537108811281079,6,51100,5996
TATAGCCT,0.71960276,0.7281676493629654,6,51100,5996
AGGATCCA,0.7195758,0.7970251102956335,6,51100,5996
TATCGATG,0.71946275,0.8720158330928133,6,51100,5996
ATCGCCTA,0.71927905,0.6701645157300127,6,51100,5996
TCAGATAA,0.71918094,0.7435471900383458,6,51100,5996
ATCCTCAC,0.7191199,0.7348575433966932,6,51100,5996
GCTATAAG,0.7190686,0.4395951016369109,6,51100,5996
CCCAGATA,0.7190666,0.7713684904960211,6,51100,5996
CGTATTAC,0.7188572,0.731940378509875,6,51100,5996
GTATGAAA,0.7188208,0.6763183936007916,6,51100,5996
TGTCGGAT,0.718001,0.8287016039252876,6,51100,5996
ATTATCGA,0.71770686,0.6971405599307302,6,51100,5996
CCCTGATC,0.71767724,0.7471962231476519,6,51100,5996
CGATAACT,0.717612,0.7301570939677565,6,51100,5996
CCTATTAC,0.71756923,0.6186038840555808,6,51100,5996
TTAAATAC,0.7173456,0.8334742093761597,6,51100,5996
GATCGCGG,0.7171796,0.7671731332206326,6,51100,5996
CCTGATAG,0.71707875,0.8166824722714716,6,51100,5996
ATACTACG,0.7168743,0.6557126953366594,6,51100,5996
TATCGGTG,0.71681464,0.8311549086710922,6,51100,5996
ATCCTTAC,0.71654963,0.7634313280831239,6,51100,5996
CAACTGAT,0.7160621,0.7263946728239806,6,51100,5996
AATCTTAT,0.7156808,0.706551766791737,6,51100,5996
CAGATAGA,0.71522135,0.747897167360739,6,51100,5996
GTTAGATC,0.71502554,0.6662371665360985,6,51100,5996
ATTATCAT,0.71483254,0.7612357234156599,6,51100,5996
GATCGTTG,0.7144443,0.7683173215684658,6,51100,5996
TAGCCGAT,0.71439487,0.767554529336577,6,51100,5996
AGATCAGG,0.71407264,0.7419185255432318,6,51100,5996
GGTACTAT,0.71395016,0.6062033562858203,6,51100,5996
GATCGGAG,0.713882,0.6873479569537789,6,51100,5996
CGGTGTAT,0.71369,0.7844390384694677,6,51100,5996
ATCTACAT,0.7135957,0.5810518286397559,6,51100,5996
GATAGGCA,0.7135691,0.8499360903805715,6,51100,5996
CATGGGAT,0.7134425,0.8308972085927515,6,51100,5996
GGTTTATA,0.7129625,0.6838020038758093,6,51100,5996
TATCGTCA,0.71260273,0.847956953778914,6,51100,5996
TGTGCGAT,0.71239704,0.7160145136684122,6,51100,5996
ATACCGGG,0.71228415,0.7402486290355832,6,51100,5996
ATTAGGAT,0.7122313,0.6691440234197832,6,51100,5996
ATAATCTG,0.71191466,0.774574279470581,6,51100,5996
GTCATAGA,0.7118885,0.6717416402094586,6,51100,5996
GATCGTTA,0.71187603,0.7776769884138045,6,51100,5996
GATCGGGC,0.71163386,0.7908196924091866,6,51100,5996
ACTCTATC,0.7115226,0.7463406588875603,6,51100,5996
AGTCTGAT,0.7113635,0.7146744732610398,6,51100,5996
TACACGAT,0.71117187,0.8349997938399373,6,51100,5996
GTCGATCC,0.7109401,0.6954397394136809,6,51100,5996
CTATTTGA,0.71069115,0.60722384859605,6,51100,5996
TACCAGAT,0.71018416,0.763451944089391,6,51100,5996
TCGCAGAT,0.7096007,0.6811322310641982,6,51100,5996
CTATCGTG,0.70959276,0.7798004370593328,6,51100,5996
GATCGCAG,0.7093412,0.7496701438997238,6,51100,5996
GTGATAAG,0.7091582,0.7096957077474952,6,51100,5996
AGTATTAA,0.7085389,0.8267946233455655,6,51100,5996
ACAGGGAT,0.7084311,0.6933884467900878,6,51100,5996
GGATCTCA,0.708229,0.7401352410011133,6,51100,5996
TCAGAGAT,0.7075686,0.8084773017770998,6,51100,5996
ATGGTATG,0.70751643,0.4820022265286769,6,51100,5996
GTACCCGA,0.7073917,0.3693357522780687,6,51100,5996
AATTATCT,0.7073482,0.7477219313074671,6,51100,5996
GTAGATCG,0.70731306,0.7160763616872139,6,51100,5996
ACCAAGAT,0.70727473,0.6629901455490043,6,51100,5996
TACTCGAT,0.707217,0.7456294066713397,6,51100,5996
ATCTTAAT,0.70720077,0.6689069393477095,6,51100,5996
ATCACAAT,0.7067407,0.817795736609904,6,51100,5996
ATCCCCAT,0.70653766,0.7171071620005772,6,51100,5996
CTTATACT,0.706417,0.8213829217004082,6,51100,5996
CGATCAGT,0.70623547,0.7787284047334351,6,51100,5996
AGCTGTAT,0.7061967,0.7209211231600214,6,51100,5996
ATTATCAG,0.7060499,0.7334659629736527,6,51100,5996
TGACGGAT,0.706025,0.6485383251556508,6,51100,5996
CTTATACA,0.7057886,0.5790623840349648,6,51100,5996
ATCCTCAA,0.7057034,0.7408774172267348,6,51100,5996
AGTCGGAT,0.7054407,0.7377644002803777,6,51100,5996
TAGTGGAT,0.70480746,0.7664618810044118,6,51100,5996
AGAGTTAT,0.70381796,0.7023770255226157,6,51100,5996
TTTCGATC,0.70367354,0.7050364903310931,6,51100,5996
TAGCTGAT,0.70353466,0.7266936049148558,6,51100,5996
ATGGTACA,0.70343035,0.548725930812683,6,51100,5996
ATCCGATG,0.70308065,0.6484455531274482,6,51100,5996
GATCGGTC,0.70303667,0.7470622191069145,6,51100,5996
GAACGGAT,0.70290196,0.7467839030223065,6,51100,5996
TGAAATAT,0.7022437,0.7102007999010431,6,51100,5996
GGATCCAC,0.70223314,0.7061497546695255,6,51100,5996
TGTATTAA,0.70219135,0.8588422050880304,6,51100,5996
GAGAAGAT,0.70198256,0.7410835772894074,6,51100,5996
GACTAGAT,0.70196646,0.7019956294066713,6,51100,5996
GATCGCTA,0.7016324,0.8055601368902816,6,51100,5996
GTCCGATA,0.7012881,0.810745062466499,6,51100,5996
CCGCTTAT,0.70126617,0.5325423658928793,6,51100,5996
GTATACGC,0.7012028,0.715849585618274,6,51100,5996
GACCGATC,0.70103496,0.7470622191069145,6,51100,5996
ATGTTACC,0.7009768,0.44668700779285037,6,51100,5996
TATAGCCA,0.7006845,0.7221683915391911,6,51100,5996
AGATCCAA,0.7005899,0.6989753844885168,6,51100,5996
ATGTGGAT,0.7003112,0.7097678637694307,6,51100,5996
TGAAGGAT,0.7002242,0.8000144312043872,6,51100,5996
CATATGAC,0.70011705,0.7065208427823362,6,51100,5996
ATCATGGT,0.6998392,0.7278893332783574,6,51100,5996
ACTTGTAT,0.6997339,0.8442254566445387,6,51100,5996
ATCGCGGA,0.6995429,0.7432894899600049,6,51100,5996
AAGATAAC,0.69926053,0.7405578691295922,6,51100,5996
GGCGCGAT,0.6988695,0.5754030429225251,6,51100,5996
GACGTATT,0.6984604,0.6250051540015669,6,51100,5996
ATCGTTCC,0.6983779,0.5525192759658599,6,51100,5996
GATCGTAG,0.69813997,0.7519791366016575,6,51100,5996
TTATCTGG,0.6981013,0.6805549828887149,6,51100,5996
ATTTATCT,0.6979401,0.7406300251515276,6,51100,5996
TGTACTAT,0.69751877,0.7162412897373521,6,51100,5996
AGACTGAT,0.697091,0.7818517296829258,6,51100,5996
TGAGTATT,0.6967812,0.7895208840143487,6,51100,5996
ATAATTTA,0.69669044,0.566672164268338,6,51100,5996
GGTATTGC,0.6965497,0.7592978188265369,6,51100,5996
AAATATAG,0.69651604,0.7469179070630437,6,51100,5996
ATACCAAC,0.69606847,0.8126314270399538,6,51100,5996
GTTCTATA,0.69606847,0.7187667505050921,6,51100,5996
GTAATAGC,0.69596,0.6322619882076443,6,51100,5996
CTTATCAA,0.6959189,0.7697192099946399,6,51100,5996
AAGAAGAT,0.69531333,0.6975425720529419,6,51100,5996
ATCTCTCG,0.6948812,0.6608976209128767,6,51100,5996
CTATTGTA,0.69483596,0.6748340411495485,6,51100,5996
TTATACAG,0.69458646,0.712478868593576,6,51100,5996
CGTATTAA,0.69396245,0.787799447491032,6,51100,5996
TATATGCA,0.6934775,0.6208922607512473,6,51100,5996
ATCTAGTC,0.6934165,0.7019956294066713,6,51100,5996
TTTAAGAT,0.6933458,0.6898424937121181,6,51100,5996
ATCGAATC,0.6932594,0.6765142456603307,6,51100,5996
TTCATCTA,0.6931235,0.591442295798458,6,51100,5996
CCATATAG,0.6927748,0.7086030594153301,6,51100,5996
GATCGGTG,0.6923757,0.7235599719622315,6,51100,5996
TATCGTGC,0.6923543,0.7922215808353607,6,51100,5996
TATCAAAG,0.6919931,0.9340390879478828,6,51100,5996
AGCTTATA,0.6915217,0.6512080979672619,6,51100,5996
ATTATCTT,0.69138134,0.7727085309033933,6,51100,5996
ATCAACTA,0.69125277,0.7073867150455614,6,51100,5996
TATCTCGT,0.69099206,0.7303632540304292,6,51100,5996
GGCGGGAT,0.69098175,0.7305900300993692,6,51100,5996
CAGATAGT,0.69080126,0.7366614439450789,6,51100,5996
GTGTTGAT,0.6905789,0.8137240753721189,6,51100,5996
ATCACCTC,0.68971133,0.7807075413350926,6,51100,5996
TTTATCCG,0.68962616,0.8716859769925369,6,51100,5996
TGTTATCT,0.6892255,0.7188698305364285,6,51100,5996
ATACAACC,0.68893147,0.662546901414258,6,51100,5996
GCTCGATA,0.6888237,0.6783181462087164,6,51100,5996
ACCGTGAT,0.6886442,0.725652496598359,6,51100,5996
GTGATAAA,0.6885317,0.6155527151280255,6,51100,5996
TTTCCGAT,0.6885005,0.7865727951181296,6,51100,5996
GCAGGGTA,0.6883563,0.6273450707129016,6,51100,5996
CTGAATAT,0.68830836,0.7182307343421432,6,51100,5996
TCTCTGAT,0.6882168,0.8277841916463943,6,51100,5996
ATCCGTAG,0.6879975,0.6944295551065847,6,51100,5996
GGGGTGGT,0.6879125,0.41836061518162704,6,51100,5996
AATATAAG,0.68783313,0.7946130375623633,6,51100,5996
ACAGTATT,0.6878175,0.7424030016905125,6,51100,5996
CGCTTATA,0.6874081,0.661763493176102,6,51100,5996
CGGATTAA,0.6872413,0.8584092689564177,6,51100,5996
GTATTGGG,0.68708074,0.7122830165340371,6,51100,5996
TTCATAGC,0.6870456,0.48604296375706096,6,51100,5996
TATTATTC,0.6869014,0.8095287180967302,6,51100,5996
CGCTATCG,0.68686986,0.7127468766750505,6,51100,5996
ATCAACAG,0.6865957,0.7890364078670681,6,51100,5996
ATAGTTGA,0.6865689,0.76398796025234,6,51100,5996
TATTCGTT,0.6865004,0.6006782666061931,6,51100,5996
ATATTAGC,0.68646586,0.6019667669978971,6,51100,5996
GGGAGGAT,0.68632233,0.757751618356492,6,51100,5996
GACAGATC,0.68627024,0.734888467406094,6,51100,5996
TTATCCAA,0.68616086,0.7297447738424113,6,51100,5996
ATCCGTGA,0.68615466,0.8018080237496393,6,51100,5996
CAAGATAG,0.6860166,0.68933740155857,6,51100,5996
GTGTAGAT,0.68599623,0.6718344122376614,6,51100,5996
AGGTCTAT,0.6857199,0.630757019750134,6,51100,5996
TGATAATT,0.6856151,0.758988578732528,6,51100,5996
AAGATGAT,0.6855654,0.7242918401847194,6,51100,5996
AACCTAGA,0.6855596,0.6093369892384447,6,51100,5996
TGATCAAG,0.68550456,0.7503401641034099,6,51100,5996
GGCTATCC,0.6851207,0.8232383622644621,6,51100,5996
TCCGCTAT,0.68497413,0.651342102007999,6,51100,5996
GTATTAGC,0.6849525,0.6455902362594318,6,51100,5996
CTGCGTAT,0.6849165,0.6872551849255762,6,51100,5996
GATTCTAT,0.68470275,0.6421164392033976,6,51100,5996
ATACGAGC,0.68466544,0.6417144270811859,6,51100,5996
GCGGTGAT,0.6846145,0.6284686430544676,6,51100,5996
AACACTAT,0.68401235,0.655640539314724,6,51100,5996
GTTTATCT,0.6839518,0.7289716736073888,6,51100,5996
ATACAAGC,0.6839314,0.5962870572712654,6,51100,5996
ATAGGCGA,0.6837103,0.6779882901084401,6,51100,5996
ATCGTCCA,0.6837039,0.6478064569331629,6,51100,5996
CCGACTAT,0.68332183,0.4948459984331835,6,51100,5996
GTGATTCC,0.68299204,0.753762421143776,6,51100,5996
CTAGTATT,0.682886,0.6748237331464149,6,51100,5996
ATATGCAT,0.6825856,0.7301777099740239,6,51100,5996
CTATTTTA,0.6825096,0.69827444027543,6,51100,5996
GCGGGTAT,0.6822675,0.7958706139446666,6,51100,5996
TTCATATT,0.68206954,0.6748031171401476,6,51100,5996
TGTATAGG,0.68201804,0.6929864346678761,6,51100,5996
TATGTTAT,0.68197054,0.7035005978641817,6,51100,5996
TATTACTT,0.6814883,0.6979858161876882,6,51100,5996
TACGCTAT,0.6808415,0.6774522739454913,6,51100,5996
TATGCTAT,0.6807084,0.7264668288459161,6,51100,5996
ATGATCGA,0.6806992,0.7217457634107121,6,51100,5996
AATACAGA,0.68057656,0.6165216674225868,6,51100,5996
ATACATCG,0.68009096,0.7363212798416691,6,51100,5996
TTACCGAT,0.6796866,0.7768935801756482,6,51100,5996
TCATATGG,0.67930984,0.6003071784933823,6,51100,5996
ATGCTATG,0.6786566,0.6446212839648704,6,51100,5996
TCCGTGAT,0.6786068,0.8436997484847235,6,51100,5996
AGATTAAA,0.6783158,0.6727209005071537,6,51100,5996
TGATATCA,1.0193523,0.9998247639467284,7,61120,6995
GGTATCAT,1.0140474,0.989691996866367,7,61120,6995
AGGGTATC,1.0114659,0.9812497422999217,7,61120,6995
AAGTATCA,1.0106459,0.9782810373974353,7,61120,6995
GTATCATA,0.99980736,0.9827031707417639,7,61120,6995
GTATCAAA,0.990986,0.9884550364903311,7,61120,6995
AGGATATC,0.9909709,0.9755081845544881,7,61120,6995
TATCGTAT,0.98694086,0.9657155815775369,7,61120,6995
TTGATATC,0.9806492,0.9935059580258113,7,61120,6995
TGATACCC,0.97397923,0.9973714592009236,7,61120,6995
GTATCGAT,0.9735588,0.9539541500020616,7,61120,6995
TTGATACC,0.9732996,0.9929802498659959,7,61120,6995
CGATATCA,0.973029,0.9713231352822331,7,61120,6995
CGTATATC,0.9639148,0.8703871685976992,7,61120,6995
AGGATATA,0.9627831,0.8994454294314106,7,61120,6995
GTATGATA,0.9609318,0.9734362759246279,7,61120,6995
GATATCGC,0.95978147,0.9771574650558693,7,61120,6995
GATATCAG,0.9593528,0.9750546324166083,7,61120,6995
ATCGGATA,0.95914114,0.9257617614315755,7,61120,6995
GATACGAT,0.9584226,0.9294726425596833,7,61120,6995
CTATGATA,0.9542284,0.923246608666969,7,61120,6995
AGGATCAT,0.9537632,0.9030532305281821,7,61120,6995
ATGATATA,0.9514488,0.9571908629860224,7,61120,6995
TGATATGA,0.9495286,0.9574382550612296,7,61120,6995
GTGATACT,0.948891,0.9694780027213128,7,61120,6995
AACGTATC,0.94808,0.8869727456397147,7,61120,6995
GGGTATCC,0.94703835,0.9412443821382921,7,61120,6995
AAAGTATC,0.9468204,0.952593493588422,7,61120,6995
GTGATCCT,0.9464481,0.9393477095617038,7,61120,6995
ATATCTTA,0.94580275,0.9215767121593205,7,61120,6995
AGATATAC,0.94508857,0.9360285325526739,7,61120,6995
TGATACTA,0.9429262,0.9665711458376283,7,61120,6995
ATGATACA,0.94268924,0.9761163567393725,7,61120,6995
CTGATACT,0.942667,0.9653548014678596,7,61120,6995
TGATATGC,0.941907,0.9712303632540304,7,61120,6995
GGGTGATA,0.94101197,0.9641693811074918,7,61120,6995
GTATCATT,0.93875027,0.9794149177421351,7,61120,6995
ACCGTATC,0.9384656,0.9359769925370057,7,61120,6995
GCTATCAA,0.9384056,0.9257617614315755,7,61120,6995
GTGATATG,0.9378014,0.9574897950768978,7,61120,6995
ATATCATG,0.9367876,0.9521193254442749,7,61120,6995
CCTATCAA,0.935625,0.9102379087123244,7,61120,6995
AGATATCC,0.9355544,0.9474394920216056,7,61120,6995
GAGTATCC,0.93311554,0.869242980249866,7,61120,6995
ATATCAAT,0.9329211,0.9782604213911682,7,61120,6995
AGTGATCC,0.93263936,0.9659217416402095,7,61120,6995
TATCACCG,0.9296323,0.9123407413515854,7,61120,6995
CGATATCG,0.92947376,0.9555828144971756,7,61120,6995
GATCATAT,0.92922366,0.9301220467571023,7,61120,6995
ATATATCC,0.92875105,0.9604275759699832,7,61120,6995
ATGGATAT,0.9286757,0.8911990269245043,7,61120,6995
CGTATCAG,0.9283754,0.9283284542118501,7,61120,6995
TCGTATCA,0.9272327,0.9555931225003093,7,61120,6995
ATAGTATC,0.92421615,0.9461509916299015,7,61120,6995
ATACGGAT,0.92118704,0.8414319877953242,7,61120,6995
TCGATACC,0.9208772,0.9541500020616006,7,61120,6995
GCTATCAT,0.92077726,0.9723333195893292,7,61120,6995
CCGATACT,0.9203227,0.9145363460190493,7,61120,6995
GATTGATA,0.9185322,0.9094751164804356,7,61120,6995
GATCCGAT,0.91849834,0.8946625159774049,7,61120,6995
GTATTGAT,0.9183387,0.8813239599224838,7,61120,6995
GGTATCTT,0.9158502,0.9268544097637406,7,61120,6995
CGATATCC,0.9150523,0.9825485506947594,7,61120,6995
ACCATATC,0.9147147,0.8862821094297613,7,61120,6995
GATATTAC,0.91460043,0.8874881457963963,7,61120,6995
GATACCAG,0.9141025,0.9206592998804272,7,61120,6995
ATATCGCA,0.91269416,0.8872819857337237,7,61120,6995
ACAGTATC,0.9126259,0.9251020492310229,7,61120,6995
AGGATATG,0.9123591,0.8899105265328,7,61120,6995
TAGGGTAT,0.9120298,0.9199686636704738,7,61120,6995
GTATCGCT,0.910961,0.9320496433430916,7,61120,6995
GGATATTA,0.91026413,0.9024038263307632,7,61120,6995
CGATGATA,0.9097915,0.94793427617202,7,61120,6995
CTGATACA,0.9096317,0.9403888178782007,7,61120,6995
TATCTCCG,0.9086864,0.8316600008246403,7,61120,6995
GATACCTT,0.9086299,0.9706634230816805,7,61120,6995
TTAATATC,0.9072794,0.8984146291180473,7,61120,6995
CGATACAT,0.906098,0.9130107615552714,7,61120,6995
ATTTGATA,0.9056035,0.9692615346555066,7,61120,6995
TGATACGA,0.9044292,0.9555931225003093,7,61120,6995
CCCATATC,0.90294385,0.9523461015132149,7,61120,6995
GATACCTC,0.9025594,0.9544386261493425,7,61120,6995
ATCAGATC,0.9011355,0.9148146621036574,7,61120,6995
TCGATACT,0.90039426,0.9347503401641034,7,61120,6995
ATGATACT,0.90001863,0.9804354100523647,7,61120,6995
TTCATATC,0.8988732,0.785047210654352,7,61120,6995
ATCGTATA,0.89879537,0.8967756566197996,7,61120,6995
GATACATA,0.8987091,0.9525522615758875,7,61120,6995
GATCCAAT,0.898199,0.9010534779202573,7,61120,6995
ATGATCTG,0.89755255,0.8980435410052365,7,61120,6995
CCATATCA,0.8950951,0.974724776316332,7,61120,6995
TAGATACG,0.89442056,0.8790046592174164,7,61120,6995
AGATATCT,0.89377695,0.9677874902073971,7,61120,6995
GCGTGATA,0.8936588,0.904599430998227,7,61120,6995
TTGTATCA,0.89339346,0.9273491939141549,7,61120,6995
ACGGATAT,0.8931686,0.9281119861460437,7,61120,6995
CGATATAT,0.892867,0.9470374798993939,7,61120,6995
AGTATTAT,0.89272374,0.8688306601245207,7,61120,6995
TTATCGAT,0.891812,0.7912629365439326,7,61120,6995
ATCCATAT,0.8901769,0.885364697150868,7,61120,6995
GAAGATAT,0.8894393,0.9388116933987548,7,61120,6995
CCATGATA,0.88935983,0.8570176885333773,7,61120,6995
GTGATCCG,0.8890487,0.9404197418876016,7,61120,6995
CCAGTATC,0.88853455,0.8536263555024121,7,61120,6995
AGGTATAT,0.88802785,0.8896940584669938,7,61120,6995
AGTTGATA,0.8873746,0.9025996783903022,7,61120,6995
GAATGATC,0.88726294,0.8154455118954357,7,61120,6995
ATCCGTAT,0.88698107,0.8414319877953242,7,61120,6995
GTATCGCA,0.88518137,0.916144394507896,7,61120,6995
TGATATTC,0.8839272,0.932235187399497,7,61120,6995
AATATCAA,0.88373196,0.9055683832927885,7,61120,6995
ACTATATC,0.88347775,0.921875644250196,7,61120,6995
CGCATATC,0.8831601,0.9181132231064199,7,61120,6995
ATATCGGT,0.8831257,0.8862305694140932,7,61120,6995
GTATCCTA,0.88221925,0.8741186657320745,7,61120,6995
GATAGTAT,0.88208634,0.9121448892920463,7,61120,6995
AAGGGATC,0.881752,0.8883643260627552,7,61120,6995
GGATATGA,0.88156575,0.8735414175565909,7,61120,6995
ATATACAC,0.88103926,0.9150723621819981,7,61120,6995
GCAGGATA,0.8805015,0.6547540510452315,7,61120,6995
TATCATAG,0.8804821,0.923246608666969,7,61120,6995
GAGGATCA,0.8800129,0.9099492846245826,7,61120,6995
CTGTGATA,0.8798412,0.9134436976868842,7,61120,6995
GCGGATCA,0.87867624,0.9047849750546325,7,61120,6995
CGAGTATC,0.878209,0.8971673607388777,7,61120,6995
CGTATCTA,0.8781881,0.8790046592174164,7,61120,6995
ATCCGATC,0.87763524,0.8842720488187028,7,61120,6995
ATGGATAC,0.876965,0.900837009854451,7,61120,6995
AGATACCT,0.87691826,0.9248134251432814,7,61120,6995
TCAGTATC,0.8746454,0.9182266111408898,7,61120,6995
CGTATCGG,0.8742593,0.862419082175401,7,61120,6995
GTATCGAA,0.8738282,0.9326062755123078,7,61120,6995
TAGATCAT,0.8733085,0.9150826701851317,7,61120,6995
CTAGTATC,0.87251943,0.8544819197625036,7,61120,6995
TGGTATCT,0.87187946,0.9188450913289077,7,61120,6995
TCTGATCC,0.87159425,0.9028367624623759,7,61120,6995
GATATACA,0.8714075,0.9114336370758258,7,61120,6995
TTCGATAT,0.8711742,0.9011565579515937,7,61120,6995
ATTATCCC,0.870395,0.8310518286397559,7,61120,6995
TTAGATAT,0.8692512,0.9461612996330351,7,61120,6995
TTGGGTAT,0.86849076,0.8572238485960499,7,61120,6995
GGATATAG,0.86835366,0.9028264544592421,7,61120,6995
TCGATCCT,0.8682577,0.8301653403702636,7,61120,6995
ATGATCTA,0.8681449,0.9150826701851317,7,61120,6995
TGCGTATC,0.8678228,0.8483692739042592,7,61120,6995
TGTATCAG,0.867769,0.9403888178782007,7,61120,6995
AAGATCCG,0.86768806,0.8325567970972663,7,61120,6995
ACCGTATA,0.867664,0.7752649156805343,7,61120,6995
CGGATACA,0.8669023,0.8796643714179689,7,61120,6995
GTATTAAT,0.8666657,0.9081866160887313,7,61120,6995
CTGATCCC,0.86595505,0.8838906527027585,7,61120,6995
GATACTCA,0.8656349,0.9193192594730549,7,61120,6995
GGTATCCT,0.8652866,0.8845194408939101,7,61120,6995
GATTGATC,0.86528116,0.8586257370222241,7,61120,6995
GATCACTC,0.86481535,0.8390611470745887,7,61120,6995
TTATATCC,0.86350316,0.9063002515152765,7,61120,6995
AGCATATC,0.863338,0.9210716200057726,7,61120,6995
GTATATAC,0.8632651,0.9175875149466046,7,61120,6995
TATATACG,0.8631358,0.8974766008328866,7,61120,6995
ATCATAGA,0.8625777,0.9149280501381273,7,61120,6995
AATGGTAT,0.86202794,0.817878200634973,7,61120,6995
TTTGGTAT,0.86200976,0.7951387457221787,7,61120,6995
CATCGATA,0.8618491,0.8720158330928133,7,61120,6995
TGTATCCC,0.86174065,0.8509462746876676,7,61120,6995
AAGATATG,0.86026794,0.8724693852306932,7,61120,6995
TTAAGTAT,0.85979646,0.8212179936502702,7,61120,6995
GAGGATAC,0.85937774,0.835906898115697,7,61120,6995
AAGGATAC,0.8588016,0.8808291757720694,7,61120,6995
TATATAGT,0.8574923,0.8548633158784481,7,61120,6995
GAGATCAT,0.856854,0.8888075701975013,7,61120,6995
GGATATGC,0.85677516,0.8792623592957571,7,61120,6995
TATCCGAG,0.8566543,0.8967962726260669,7,61120,6995
TTTTGATC,0.8561044,0.8754999381519812,7,61120,6995
CTATATCC,0.8558784,0.9028264544592421,7,61120,6995
ATCTAATA,0.8555981,0.794231641446419,7,61120,6995
CGGGATAC,0.85529345,0.8025192759658599,7,61120,6995
ATGTGATA,0.8551791,0.9387086133674185,7,61120,6995
GTATCCTT,0.85500485,0.8808291757720694,7,61120,6995
ATGGTATA,0.8544771,0.8760565703211973,7,61120,6995
CAATGATC,0.85395944,0.8911681029151033,7,61120,6995
GACATATC,0.8537034,0.929256174493877,7,61120,6995
AATGATCT,0.8534036,0.9316063992083453,7,61120,6995
ATAATACC,0.85315514,0.9329258236094504,7,61120,6995
TGAGGGAT,0.85247606,0.7452583185585289,7,61120,6995
GTATGATC,0.85214734,0.8940234197831196,7,61120,6995
TGTATCGA,0.8517775,0.8764998144559436,7,61120,6995
TATCTCAC,0.8516705,0.9081763080855977,7,61120,6995
ATTTGATC,0.8515767,0.7559477178081062,7,61120,6995
GGTATACA,0.85106564,0.8118480188017977,7,61120,6995
GATACTCG,0.85099536,0.8971673607388777,7,61120,6995
TATGTGAT,0.85092044,0.8582752649156805,7,61120,6995
GATCCTAT,0.85077584,0.8761184183399991,7,61120,6995
GATCAATG,0.8500569,0.7955922978600585,7,61120,6995
CAGATATA,0.84992737,0.8144147115820723,7,61120,6995
GATCCATT,0.8494038,0.8683667999835072,7,61120,6995
AAGCTATC,0.84916186,0.8674596957077475,7,61120,6995
TTGATCTT,0.8491172,0.8749536139858988,7,61120,6995
CCTGATAC,0.84901386,0.9351626602894486,7,61120,6995
TTCGGTAT,0.8490035,0.7795942769966602,7,61120,6995
ATGATCAG,0.8488599,0.8684904960211107,7,61120,6995
CTATACCT,0.8486395,0.854554075784439,7,61120,6995
GATACACT,0.848246,0.9470580959056611,7,61120,6995
CAACGATA,0.8481412,0.8399476353440812,7,61120,6995
GGATAATA,0.84791845,0.8951469921246857,7,61120,6995
AGGATCTA,0.8473169,0.7796767410217293,7,61120,6995
CGCGTATC,0.84722894,0.8965179565414588,7,61120,6995
AGGGGATC,0.84697956,0.8472147775532924,7,61120,6995
AACGGATC,0.84694004,0.8721395291304168,7,61120,6995
GATCAGTT,0.8468512,0.8914361109965778,7,61120,6995
CTATCATA,0.8465366,0.9243804890116687,7,61120,6995
TATCCATT,0.84630257,0.8322063249907228,7,61120,6995
GTATTATA,0.8462056,0.9227105925040202,7,61120,6995
GAGTGATC,0.8461705,0.8390611470745887,7,61120,6995
CGATACGC,0.8451978,0.8412876757514534,7,61120,6995
CGGTATCG,0.8447491,0.8815919680039583,7,61120,6995
GATACTAG,0.84442455,0.8544819197625036,7,61120,6995
ACAGGATA,0.8440108,0.7425370057312498,7,61120,6995
ACGTATAA,0.84362507,0.8641508267018514,7,61120,6995
AGGATACT,0.8435249,0.846833381437348,7,61120,6995
TGAGATCA,0.8432862,0.8194862491238198,7,61120,6995
TGATCTTA,0.84252006,0.8881787820063497,7,61120,6995
CTTATATA,0.8422091,0.868088483898899,7,61120,6995
CTATCTTA,0.8420161,0.7424236176967798,7,61120,6995
TGGATACA,0.84184676,0.8161052240959881,7,61120,6995
GATATAAG,0.84108734,0.8678617078299593,7,61120,6995
ATACCCCC,0.8410759,0.9774667051498782,7,61120,6995
ATATCGCG,0.84060353,0.9087329402548139,7,61120,6995
TCCTATAT,0.84049195,0.8471838535438915,7,61120,6995
ATAGGGAT,0.840395,0.8568424524801056,7,61120,6995
GTCGGATC,0.8396975,0.8344843936832557,7,61120,6995
GATGTATC,0.8396505,0.9289881664124026,7,61120,6995
GTTGATCC,0.83900684,0.8994969694470787,7,61120,6995
AGGATCTT,0.83857954,0.812538655011751,7,61120,6995
AGTGATCT,0.83846956,0.9229476765760937,7,61120,6995
ATCCCTAT,0.8381363,0.8568424524801056,7,61120,6995
GGTATACT,0.8377116,0.8726343132808312,7,61120,6995
ATGAGATA,0.8373287,0.7936028532552674,7,61120,6995
GCTATCAG,0.83731335,0.8950129880839484,7,61120,6995
TGATCACT,0.83697504,0.8649239269368738,7,61120,6995
TGTATCCG,0.8368094,0.8796643714179689,7,61120,6995
ATCTTATC,0.83642113,0.839586855234404,7,61120,6995
GTATACCT,0.835585,0.8547499278439781,7,61120,6995
TGATCTAG,0.83544105,0.8685008040242445,7,61120,6995
AGATCAGT,0.8354063,0.9038778707788728,7,61120,6995
AATAATAT,0.83521616,0.8197645652084278,7,61120,6995
AGTGGATA,0.8351933,0.8104255143693565,7,61120,6995
TGAGTGAT,0.83474934,0.8394219271842658,7,61120,6995
GCTATCGG,0.8344893,0.8141673195068652,7,61120,6995
ATCACATA,0.83441114,0.8582752649156805,7,61120,6995
GTGATCAA,0.83424777,0.8063332371253041,7,61120,6995
TGATCTTC,0.83368284,0.846019049189791,7,61120,6995
AGTAGATC,0.8333198,0.8567909124644374,7,61120,6995
CTGATCAT,0.833223,0.8684904960211107,7,61120,6995
CAGATACG,0.8329734,0.84048365150703,7,61120,6995
ATCATCGA,0.83286226,0.8878695419123408,7,61120,6995
GCGATCAT,0.83182704,0.8015297076650311,7,61120,6995
CCCGGATC,0.83165705,0.9000948336288294,7,61120,6995
GAAGGATC,0.8315849,0.8457819651177175,7,61120,6995
TATAAGAT,0.8315081,0.869438832309405,7,61120,6995
CGATACGG,0.8314966,0.9279985981115738,7,61120,6995
GATACAAC,0.8313938,0.86548055910609,7,61120,6995
CGCTGATA,0.83129895,0.8530800313363296,7,61120,6995
TGGATACT,0.8312986,0.8819424401105018,7,61120,6995
ATAATACA,0.83037084,0.8679338638518947,7,61120,6995
GATTTATA,0.8303529,0.6364882694924339,7,61120,6995
TGATCTAC,0.83034146,0.8594916092854492,7,61120,6995
CGATCATA,0.830031,0.8207025934935884,7,61120,6995
GGATAGAT,0.82993776,0.8800457675339134,7,61120,6995
GAGGATCG,0.8289953,0.8466375293778089,7,61120,6995
ACATGATC,0.8288488,0.8787675751453429,7,61120,6995
GGTATCCA,0.82884794,0.9057848513585948,7,61120,6995
AGTGGATC,0.8287397,0.8189502329608708,7,61120,6995
GCTATATA,0.8283181,0.8788809631798128,7,61120,6995
ACAGATCA,0.8278311,0.8599245454170619,7,61120,6995
GATTATCC,0.82739985,0.8316393848183729,7,61120,6995
CGATACTG,0.8269685,0.931389931142539,7,61120,6995
TATGATCA,0.8262923,0.8684801880179772,7,61120,6995
CGATACCG,0.8258368,0.8815919680039583,7,61120,6995
GATATTGG,0.8258315,0.8724900012369603,7,61120,6995
AGGATACA,0.8257929,0.8291345400569001,7,61120,6995
ATGTGATC,0.8254919,0.8888900342225705,7,61120,6995
AGATATAA,0.8254478,0.8800148435245125,7,61120,6995
CTATCGAT,0.825127,0.8683771079866408,7,61120,6995
GGATAGCT,0.8247504,0.6530326145219147,7,61120,6995
GTGCGATA,0.8246851,0.8386488269492435,7,61120,6995
TATCGTAG,0.8246051,0.8402465674349565,7,61120,6995
ATACCTAC,0.824294,0.8492660701768854,7,61120,6995
TATCTAGG,0.8241759,0.8435038964251845,7,61120,6995
GTATCCAC,0.8240455,0.8137756153877872,7,61120,6995
CTGATCTC,0.8239336,0.80263266400033,7,61120,6995
AGGGTGAT,0.8233157,0.8735311095534573,7,61120,6995
CCGTATCC,0.82307744,0.8267430833298973,7,61120,6995
ATATAACT,0.8230474,0.8036325403042922,7,61120,6995
CGATACTC,0.8230101,0.9335443037974684,7,61120,6995
TATCCAAA,0.82265806,0.8352678019214119,7,61120,6995
ACCAATAT,0.8225362,0.795581989856925,7,61120,6995
TGATCGCT,0.82239616,0.7848616665979467,7,61120,6995
TCAGGATC,0.8218949,0.7840988743660577,7,61120,6995
ATTATCCG,0.82135254,0.8650166989650765,7,61120,6995
GATACGAG,0.82128644,0.8430194202779039,7,61120,6995
TTGTGATC,0.8206147,0.820630437471653,7,61120,6995
GATCTATC,0.8206049,0.8524203191357771,7,61120,6995
TAGATCAC,0.82034165,0.8477198697068403,7,61120,6995
TGAGGATA,0.8199216,0.8734383375252546,7,61120,6995
GATCCTTC,0.81987816,0.8457819651177175,7,61120,6995
ATCGATCA,0.8197068,0.7863047870366553,7,61120,6995
GATACAAA,0.81945664,0.808528841792768,7,61120,6995
GAATATCG,0.8194099,0.799148558941162,7,61120,6995
TTTGGATA,0.81916875,0.8352678019214119,7,61120,6995
AGGATCTG,0.81916815,0.7575763823032201,7,61120,6995
CATATTAC,0.8191365,0.7073557910361605,7,61120,6995
CCGATCCT,0.81909925,0.738207644415124,7,61120,6995
AGATCGAT,0.81892157,0.8876530738465345,7,61120,6995
CGTATACA,0.8188927,0.8188574609326681,7,61120,6995
CGGTATTA,0.81876206,0.8384735908959717,7,61120,6995
GTATCTCA,0.8183918,0.904290190904218,7,61120,6995
AGGATTAT,0.8183212,0.8275471075743207,7,61120,6995
TTTGGGAT,0.8179582,0.6128210942976127,7,61120,6995
TTCTGATA,0.817931,0.8970024326887397,7,61120,6995
CGATACGA,0.81720597,0.8509565826908011,7,61120,6995
GCTATCTC,0.81702816,0.7354863315878448,7,61120,6995
ATCATCCA,0.81701493,0.856605368408032,7,61120,6995
GATGGATA,0.81676555,0.8318249288747783,7,61120,6995
AGCGATCC,0.816757,0.8183008287634519,7,61120,6995
AATATACG,0.81661755,0.7611017193749228,7,61120,6995
GATCATAG,0.81608826,0.8673463076732776,7,61120,6995
TAGAGGAT,0.81527996,0.8202490413557086,7,61120,6995
ACTGGTAT,0.81437916,0.8308456685770832,7,61120,6995
GGATACAT,0.81390667,0.8799529955057107,7,61120,6995
AGGAGATA,0.813411,0.8875499938151981,7,61120,6995
TGATGATC,0.8133906,0.8802416195934523,7,61120,6995
TATCTCTT,0.81335455,0.8459778171772564,7,61120,6995
GGGATACT,0.8132465,0.8343710056487856,7,61120,6995
TGAGGATC,0.8131637,0.8338246814827032,7,61120,6995
AGTGGTAT,0.8130338,0.7709664783738094,7,61120,6995
GATACTGG,0.81298995,0.8536263555024121,7,61120,6995
GTAGATCA,0.81264406,0.8594916092854492,7,61120,6995
TGTTTGAT,0.812526,0.7828000659712201,7,61120,6995
TTACGTAT,0.812462,0.7114583762833464,7,61120,6995
CATGGTAT,0.8113225,0.7878200634972993,7,61120,6995
TCTGATAG,0.81058735,0.8528738712736569,7,61120,6995
TCAGATCA,0.81058,0.8206922854904548,7,61120,6995
ATCGATAA,0.81028813,0.7912629365439326,7,61120,6995
TGAGGTAT,0.809755,0.8618315259967838,7,61120,6995
ATATACAT,0.80973905,0.8541520636622274,7,61120,6995
TTAGGATC,0.8093022,0.7642868923432152,7,61120,6995
CAGATCAA,0.80899495,0.8000247392075207,7,61120,6995
TGTATCCT,0.8087077,0.8291345400569001,7,61120,6995
GGCGGATC,0.80869645,0.8359275141219644,7,61120,6995
TTGGTATA,0.80851144,0.8850245330474581,7,61120,6995
GGGATCTA,0.80835176,0.7433513379788068,7,61120,6995
TATATAGG,0.80833656,0.7946130375623633,7,61120,6995
TGTGGATA,0.80828184,0.7940460973900136,7,61120,6995
GAGATCAA,0.8078232,0.8819321321073682,7,61120,6995
GGATAAAT,0.8076726,0.7640910402836762,7,61120,6995
TCATGATC,0.80750656,0.8310415206366223,7,61120,6995
ACGATCTT,0.8072032,0.8157753679957119,7,61120,6995
TAGATCTT,0.80718726,0.7696367459695708,7,61120,6995
CAAGGATA,0.8070642,0.8488949820640745,7,61120,6995
CTATATAC,0.8066934,0.8785098750670021,7,61120,6995
ATAGCTAT,0.8065803,0.8770461386220262,7,61120,6995
CTCGGATA,0.80656266,0.8967962726260669,7,61120,6995
GATCACCA,0.8063964,0.8079825176266854,7,61120,6995
TGATCAAT,0.80603087,0.7988599348534202,7,61120,6995
TAAGGATA,0.8058367,0.795891229950934,7,61120,6995
GCTGTATC,0.8055966,0.8837875726714222,7,61120,6995
TCGATCTG,0.8055272,0.800354595307797,7,61120,6995
TCCATATC,0.80536944,0.9239887848925906,7,61120,6995
CGATCCGA,0.805096,0.8229806621861212,7,61120,6995
ATGATCAA,0.8050832,0.7884591596915845,7,61120,6995
GATCTATG,0.8050612,0.8221354059291635,7,61120,6995
ATAGATCA,0.80471987,0.9167422586896468,7,61120,6995
GATGGTAT,0.80469,0.8573990846493217,7,61120,6995
TATCATGT,0.80457264,0.9466663917865831,7,61120,6995
GAAAGATA,0.8037196,0.8339277615140395,7,61120,6995
ATGATAGA,0.80311656,0.6616191811322311,7,61120,6995
ATATATTC,0.80301166,0.8696243763658104,7,61120,6995
AGATACCA,0.8029527,0.9188450913289077,7,61120,6995
CAGATTAT,0.80282587,0.774574279470581,7,61120,6995
ATCGATCG,0.8024002,0.7779243804890117,7,61120,6995
CGGATTAT,0.80215365,0.8369480064321939,7,61120,6995
AGATCCGA,0.8020334,0.779037644827444,7,61120,6995
GCAGATAC,0.80173427,0.8363913742629778,7,61120,6995
CGTATAAC,0.80162865,0.7483507194986186,7,61120,6995
GATAGGCT,0.8014425,0.8120644868676041,7,61120,6995
ATCTATCA,0.8012677,0.8094874860841957,7,61120,6995
GGATCGTG,0.8011981,0.79403578938688,7,61120,6995
GATACGAA,0.8008042,0.8128685111120274,7,61120,6995
TATCCTAA,0.8007544,0.7370737640704242,7,61120,6995
CAGTATAA,0.8005587,0.7831711540840309,7,61120,6995
TGGGGGAT,0.80029094,0.8764173504308745,7,61120,6995
CAGATCCC,0.7995858,0.7000061848018801,7,61120,6995
TAACCGAT,0.79952985,0.8178472766255721,7,61120,6995
CGGATCTT,0.7992523,0.8325567970972663,7,61120,6995
ATCATAGC,0.7988439,0.7530820929369563,7,61120,6995
CCAGGATA,0.7985062,0.8265266152640911,7,61120,6995
ATATTGAA,0.79817885,0.8180843606976456,7,61120,6995
ACTATCTG,0.79805166,0.7366614439450789,7,61120,6995
AGTATACT,0.7975948,0.701779161340865,7,61120,6995
TAAGATCA,0.7975239,0.8881787820063497,7,61120,6995
TCGGATCT,0.79709774,0.779037644827444,7,61120,6995
ATAGTGTA,0.79680294,0.8287634519440894,7,61120,6995
AGTAGATA,0.79675,0.871067496804519,7,61120,6995
AGATCAGA,0.79673606,0.8648002308992702,7,61120,6995
GTGTATTA,0.79644924,0.8180637446913784,7,61120,6995
ATCTCTGA,0.79630685,0.8084773017770998,7,61120,6995
TGGATACG,0.79625654,0.8261967591638147,7,61120,6995
GCTATCCA,0.79610795,0.7654310806910486,7,61120,6995
ATCGCATA,0.7960303,0.7908403084154537,7,61120,6995
ACTATCCA,0.7959688,0.690996990063085,7,61120,6995
TATAACCC,0.795815,0.7647095204716942,7,61120,6995
ATATCCAT,0.7952988,0.8911990269245043,7,61120,6995
CCGTGATC,0.7952526,0.8100853502659464,7,61120,6995
CGATACAC,0.79521155,0.9195769595513957,7,61120,6995
GGTGATCA,0.7951778,0.8376077186327464,7,61120,6995
CTAGGATC,0.7947731,0.8520595390260999,7,61120,6995
TATCGTGT,0.7943504,0.8639858986517132,7,61120,6995
CGAGATAC,0.79419833,0.8160639920834536,7,61120,6995
CCGATCGT,0.793928,0.7706263142703996,7,61120,6995
GTTATCCG,0.79339045,0.8534305034428731,7,61120,6995
TATCGGCA,0.7927549,0.712540716612378,7,61120,6995
AATATACT,0.79254925,0.777800684451408,7,61120,6995
GATTGGAT,0.79242134,0.753762421143776,7,61120,6995
GTTATCGA,0.7920185,0.6833999917535976,7,61120,6995
TATATTGC,0.79116565,0.751628664495114,7,61120,6995
GATCGCCT,0.79116374,0.7095617037067579,7,61120,6995
ATGTATAC,0.7909844,0.8145590236259431,7,61120,6995
TCTAGTAT,0.79087794,0.7946542695748979,7,61120,6995
AGCTATCA,0.79072446,0.9469653238774585,7,61120,6995
TGTCGGAT,0.79062253,0.8287016039252876,7,61120,6995
TCAGATCG,0.7901147,0.8457613491114501,7,61120,6995
ATCTCATC,0.7899507,0.7887271677730591,7,61120,6995
GATCACGG,0.78966075,0.8100853502659464,7,61120,6995
ATCTATCT,0.7895081,0.8064363171566404,7,61120,6995
ACTGTATA,0.7893871,0.7495567558652538,7,61120,6995
TGTCTGAT,0.7893132,0.8004576753391334,7,61120,6995
ATCTTCTA,0.7892961,0.834587473714592,7,61120,6995
AATGATAA,0.78906435,0.7334659629736527,7,61120,6995
GATCAGCT,0.7890084,0.7789551808023749,7,61120,6995
ATCGCGAT,0.7888659,0.902692450418505,7,61120,6995
AAATATAC,0.7888277,0.8809013317940049,7,61120,6995
GTGATGAT,0.7885733,0.7995918030759082,7,61120,6995
GAGTTGAT,0.78822356,0.7484641075330887,7,61120,6995
TGATCGTA,0.7881553,0.786170782995918,7,61120,6995
TGATCGTG,0.7878506,0.7311672782748525,7,61120,6995
TATCTAAT,0.7877443,0.8712221168515235,7,61120,6995
ATACCACT,0.78732747,0.7709664783738094,7,61120,6995
GGTATTAA,0.78672194,0.91502082216633,7,61120,6995
AGATCCTC,0.78667426,0.7991897909536964,7,61120,6995
CGGATACG,0.78664166,0.7735125551478167,7,61120,6995
AAGGTATT,0.78647554,0.8445553127448151,7,61120,6995
ATAGGGTA,0.786224,0.8338659134952378,7,61120,6995
CTCATATA,0.78619325,0.8557704201542078,7,61120,6995
TAATCGAT,0.786172,0.7074485630643632,7,61120,6995
TTAATACC,0.7861133,0.91502082216633,7,61120,6995
TTTATACG,0.78576654,0.7956026058631922,7,61120,6995
AGCAGATA,0.7853627,0.7449593864676535,7,61120,6995
GATCCAAG,0.78507847,0.8139199274316581,7,61120,6995
TGTAGGAT,0.78499675,0.6930792066960789,7,61120,6995
GACGTATA,0.7849951,0.711973776440028,7,61120,6995
AAGTATTA,0.78469354,0.870253164556962,7,61120,6995
TCAGAGAT,0.7846032,0.8084773017770998,7,61120,6995
GCTTGATC,0.7843227,0.8098585741970066,7,61120,6995
GTATCTCG,0.7838832,0.8160639920834536,7,61120,6995
GGCAGATA,0.7837638,0.6987279924133096,7,61120,6995
ATGGTATT,0.7833234,0.7267451449305241,7,61120,6995
CCTATCGC,0.7829473,0.7986022347750794,7,61120,6995
GCGATCAA,0.78289574,0.7782851605986888,7,61120,6995
CGATATTT,0.78266805,0.7362800478291346,7,61120,6995
CAGAGTAT,0.7825216,0.8405661155320991,7,61120,6995
AGAAGTAT,0.78240204,0.8584711169752196,7,61120,6995
GGTATAGG,0.78192186,0.8058590689811569,7,61120,6995
GTCCTATC,0.7816677,0.8242588545746918,7,61120,6995
AGGATAAC,0.78162646,0.7568651300869996,7,61120,6995
CGGATCTC,0.7816064,0.746825135034841,7,61120,6995
TGTTGGAT,0.7814505,0.8221354059291635,7,61120,6995
AGATATTC,0.7809194,0.736826371995217,7,61120,6995
ATAGTATT,0.7802775,0.8895600544262565,7,61120,6995
GATACAGG,0.7802141,0.866294891353647,7,61120,6995
CGATCGTA,0.7800736,0.7940254813837463,7,61120,6995
ATATTACT,0.7800305,0.8152084278233621,7,61120,6995
CAATTATA,0.7799531,0.6864099286686183,7,61120,6995
AGATACCG,0.7798142,0.8737888096317982,7,61120,6995
TATACGAC,0.77968913,0.6903578938687996,7,61120,6995
GATCTGAG,0.779644,0.7839957943347214,7,61120,6995
TTATCTAT,0.7795505,0.8218880138539562,7,61120,6995
CGATCAGA,0.77933323,0.7630499319671794,7,61120,6995
ATCGTTGA,0.77880913,0.7977879025275224,7,61120,6995
TAATTATC,0.77878195,0.7437224260916175,7,61120,6995
GGATCCGA,0.77863675,0.836133674184637,7,61120,6995
ATTATACA,0.77848685,0.7526079247928091,7,61120,6995
TCCGGTAT,0.7780362,0.7655444687255184,7,61120,6995
CTAATACC,0.77762234,0.7856038428235682,7,61120,6995
TCGTGATC,0.7774304,0.7874283593782213,7,61120,6995
AATATACA,0.7772945,0.8685214200305117,7,61120,6995
GATAGCAT,0.77728295,0.7690079577784191,7,61120,6995
CTATACTT,0.7770978,0.6602069847029233,7,61120,6995
GCGTGATC,0.77691466,0.8160743000865872,7,61120,6995
ACCTGATC,0.7766271,0.801869871768441,7,61120,6995
ATCGATCT,0.7761591,0.8876530738465345,7,61120,6995
TTATCCGG,0.77598315,0.7048612542778213,7,61120,6995
TTAGATCA,0.7759372,0.7758833958685524,7,61120,6995
GTGGATCG,0.77566737,0.8174968045190285,7,61120,6995
GAGGATAA,0.7753797,0.8463901373026017,7,61120,6995
AGATCAAG,0.7752913,0.8341545375829794,7,61120,6995
AGATCTTA,0.77528906,0.8250731868222488,7,61120,6995
TGGGATCC,0.775229,0.7480311714014761,7,61120,6995
TTAGATCC,0.77497077,0.8003030552921288,7,61120,6995
TCATATAG,0.774496,0.7331979548921783,7,61120,6995
AGTATACA,0.7743335,0.7767492681317775,7,61120,6995
GTGATCGT,0.7739891,0.7223127035830619,7,61120,6995
GGATCCAA,0.773914,0.8854677771822044,7,61120,6995
TGTGGGAT,0.7738573,0.7151074093926525,7,61120,6995
TTATCACT,0.7737997,0.7451346225209253,7,61120,6995
GGATTGAT,0.7735535,0.7894796520018141,7,61120,6995
ATCACACA,0.7730423,0.8156104399455737,7,61120,6995
CATATTAA,0.772981,0.7971797303426381,7,61120,6995
TATTATTA,0.77285403,0.8161773801179235,7,61120,6995
TACGGGAT,0.77284956,0.8154661279017029,7,61120,6995
ATCCGAGA,0.77249455,0.8104873623881582,7,61120,6995
AGGATCGA,0.7722347,0.8301653403702636,7,61120,6995
CGATCTTA,0.7722146,0.7262091287675752,7,61120,6995
CCAGGATC,0.7717345,0.7833154661279018,7,61120,6995
TTGATCGC,0.77149606,0.7782851605986888,7,61120,6995
ATCCCTCA,0.7711873,0.7452583185585289,7,61120,6995
TGCGGATC,0.77095056,0.81318805920917,7,61120,6995
CGATCTAT,0.7707758,0.8290623840349647,7,61120,6995
ATATGCCT,0.77020323,0.784511194491403,7,61120,6995
CATATAGA,0.7696739,0.8284026718344122,7,61120,6995
AGAGATCC,0.76964414,0.8153011998515648,7,61120,6995
ATAAGATC,0.7696164,0.8011276955428195,7,61120,6995
GACTATCC,0.76953405,0.7509998763039624,7,61120,6995
CTATCCCA,0.7695133,0.7205397270440771,7,61120,6995
CGAATATC,0.7694198,0.8169092483404115,7,61120,6995
TCTATCAT,0.7692326,0.6616191811322311,7,61120,6995
ATTATCTA,0.7691297,0.7191172226116357,7,61120,6995
AGTGATCG,0.7686192,0.7695955139570363,7,61120,6995
CTAGGTAT,0.76856476,0.8779326268915186,7,61120,6995
AATTTATA,0.76854134,0.6829773636251185,7,61120,6995
ATCGGTTA,0.76847965,0.8178472766255721,7,61120,6995
CGATCTCT,0.7684652,0.6967900878241867,7,61120,6995
ATATATGC,0.7681965,0.8684904960211107,7,61120,6995
CTTATCAT,0.76800436,0.7583597905413764,7,61120,6995
GATCATGG,0.7679457,0.8021997278687173,7,61120,6995
ATATTACC,0.7677209,0.8296293242073146,7,61120,6995
CGGTATAC,0.7673404,0.7584216385601781,7,61120,6995
GTATTAAC,0.76733476,0.8304642724611389,7,61120,6995
AGATCGTA,0.76723695,0.8231765142456604,7,61120,6995
ATCGGATT,0.76695186,0.785356450748361,7,61120,6995
AACGGTAT,0.7668236,0.7447841504143817,7,61120,6995
CGATAGTC,0.76681316,0.7976642064899188,7,61120,6995
AGATCATG,0.76639307,0.7933554611800602,7,61120,6995
ATTATCGG,0.7662086,0.6762050055663217,7,61120,6995
CAATATAC,0.7659974,0.7642353523275471,7,61120,6995
GGATACAG,0.76581806,0.8475549416567023,7,61120,6995
GCGATAGG,0.7655347,0.7986022347750794,7,61120,6995
CGATCGCA,0.7654068,0.7846039665196058,7,61120,6995
AGTCGATA,0.76518863,0.7985713107656784,7,61120,6995
TGATCAGC,0.76489985,0.7539582732033151,7,61120,6995
TCTCCGAT,0.7644566,0.779656125015462,7,61120,6995
CGATATTC,0.7642901,0.799148558941162,7,61120,6995
GATTAATC,0.7638706,0.8060343050344287,7,61120,6995
GTATTATT,0.7635516,0.880757019750134,7,61120,6995
ATCTTCGA,0.7631612,0.773842411248093,7,61120,6995
CTAGTATA,0.7631145,0.8523378551107079,7,61120,6995
CGATAGCG,0.7630921,0.7127468766750505,7,61120,6995
ATCACGAT,0.7630775,0.7338988991052653,7,61120,6995
GTACGATC,0.76302737,0.7983136106873376,7,61120,6995
GATCCCAG,0.76275545,0.7726879148971262,7,61120,6995
CGTATTAA,0.7626306,0.787799447491032,7,61120,6995
GAGATAGT,0.76262087,0.8415762998391951,7,61120,6995
GATCGTAC,0.7618076,0.7983136106873376,7,61120,6995
ATCTTAGA,0.76150715,0.8361645981940379,7,61120,6995
AGATCGGA,0.7615002,0.8195274811363542,7,61120,6995
ATGATGAT,0.76129544,0.7940770213994146,7,61120,6995
GATCCTGC,0.7610316,0.8535541994804766,7,61120,6995
ACGAGATC,0.7609103,0.8017770997402383,7,61120,6995
TATACGAG,0.7608521,0.6887704613862203,7,61120,6995
CGTGTATA,0.76068926,0.7768832721725148,7,61120,6995
GAGTAGAT,0.76044285,0.8121675668989404,7,61120,6995
CGATCCTA,0.760162,0.783531934193708,7,61120,6995
ATCCCAAT,0.7600115,0.7810683214447698,7,61120,6995
TTATCTTG,0.75996816,0.648899105265328,7,61120,6995
ATTCGGAT,0.7595174,0.7784913206613616,7,61120,6995
GGATCGTC,0.7594585,0.7962623180637447,7,61120,6995
AGGTATGA,0.7592363,0.7664721890075455,7,61120,6995
TTGAGGAT,0.7584134,0.7408774172267348,7,61120,6995
GTATCGAC,0.75833654,0.8490289861048118,7,61120,6995
GTATGAGA,0.7581475,0.6191502082216633,7,61120,6995
ATAGATCG,0.75813323,0.8290623840349647,7,61120,6995
ATCTCCGT,0.75760585,0.5397888920958233,7,61120,6995
CGATCCGG,0.7572655,0.8679957118706965,7,61120,6995
ACGATCAC,0.7572579,0.7223127035830619,7,61120,6995
ATACGTCA,0.7570767,0.6474147528140849,7,61120,6995
AGATATTT,0.7565959,0.8200738053024368,7,61120,6995
GATGTGAT,0.75640386,0.7765946480847731,7,61120,6995
ATACTGGA,0.7563905,0.8077660495608792,7,61120,6995
AGTATAAC,0.7563356,0.7448769224425845,7,61120,6995
CATATACA,0.75613034,0.778027460520348,7,61120,6995
GAGGGGAT,0.7559657,0.823413598317734,7,61120,6995
AGTGTGAT,0.7559402,0.7487321156145632,7,61120,6995
AGTTGATC,0.75492764,0.7529274728899517,7,61120,6995
GGATCCTG,0.75491333,0.7954892178287222,7,61120,6995
TATAAAGT,0.7544396,0.6993258565950604,7,61120,6995
GTACTATA,0.7538464,0.7190966066053684,7,61120,6995
AGCTGATC,0.7534103,0.7789551808023749,7,61120,6995
AGATCTGT,0.75336087,0.6465591885539933,7,61120,6995
AGAATGAT,0.75320745,0.8008184554488105,7,61120,6995
TCATCTGA,0.75298125,0.791953572753886,7,61120,6995
TGCGATAG,0.75295955,0.7131488887972622,7,61120,6995
AGATACTG,0.7529124,0.8183626767822537,7,61120,6995
CCTGATAG,0.7526625,0.8166824722714716,7,61120,6995
ATCATCAT,0.75228137,0.7940770213994146,7,61120,6995
TTCAGATA,0.7521592,0.7781511565579516,7,61120,6995
GCCGTATA,0.7519586,0.7970560343050344,7,61120,6995
CATAGGAT,0.75176567,0.685770832474333,7,61120,6995
AGCGATCA,0.7517253,0.7848616665979467,7,61120,6995
AGGGATAA,0.7516455,0.8274027955304499,7,61120,6995
CAGAGGAT,0.75121266,0.7929019090421803,7,61120,6995
AGATCAGC,0.7511609,0.810971838535439,7,61120,6995
CGGGATCG,0.7510723,0.7652249206283759,7,61120,6995
AAGGTGAT,0.7508476,0.68669855275636,7,61120,6995
GATCTGCT,0.75061864,0.7849441306230157,7,61120,6995
TCTGTATC,0.7505084,0.8474930936379006,7,61120,6995
ATCACAGA,0.7503573,0.7779346884921453,7,61120,6995
CTTGTATA,0.7502412,0.8200841133055704,7,61120,6995
GGATACGA,0.749604,0.7260132767080362,7,61120,6995
ATAACGTA,0.7494842,0.6419824351626603,7,61120,6995
CTATACTG,0.74934196,0.7130870407784604,7,61120,6995
GTGCTATC,0.74926615,0.8007875314394096,7,61120,6995
CGTATTGA,0.7492107,0.7997051911103781,7,61120,6995
TAATACGG,0.7488236,0.8419680039582732,7,61120,6995
TATTAAGA,0.7487241,0.7283016534037026,7,61120,6995
AATGTGAT,0.7486668,0.7873768193625531,7,61120,6995
GCCCTATC,0.7485621,0.8535129674679421,7,61120,6995
AAGATAGT,0.74841005,0.7378984043211149,7,61120,6995
TTGGTGAT,0.74804187,0.7096750917412279,7,61120,6995
GGAGATAG,0.7477763,0.8194450171112853,7,61120,6995
GATAGTCA,0.7477595,0.7618954356162125,7,61120,6995
CGATCATC,0.7477587,0.8672535356450748,7,61120,6995
GAGATCGG,0.7474683,0.6952438873541418,7,61120,6995
AACGATAG,0.7471238,0.8518224549540264,7,61120,6995
ATCCGTCA,0.7466005,0.6485383251556508,7,61120,6995
CTTGGTAT,0.7465745,0.7444336783078382,7,61120,6995
TTGAGATC,0.7464506,0.7604420071743702,7,61120,6995
CCGTATAG,0.7456313,0.7383313404527275,7,61120,6995
ATCATCAA,0.7455217,0.8062610811033687,7,61120,6995
ATTATCGA,0.7453878,0.6971405599307302,7,61120,6995
CTATCTGG,0.744838,0.7055312744815074,7,61120,6995
GGAGGGAT,0.7446615,0.7836247062219107,7,61120,6995
ATCAGATG,0.74460447,0.8244443986310972,7,61120,6995
CCATGATC,0.7445923,0.8021997278687173,7,61120,6995
GTATTCAT,0.744407,0.8059827650187606,7,61120,6995
GGCTATCG,0.74437016,0.8534717354554076,7,61120,6995
ATCTGATG,0.7442158,0.7610914113717892,7,61120,6995
ATTATGAT,0.7441345,0.7895415000206161,7,61120,6995
ATCGTTTA,0.7440515,0.743062713891065,7,61120,6995
CGAGGGAT,0.7438571,0.7843668824475323,7,61120,6995
CGCATATA,0.7436578,0.686306848637282,7,61120,6995
GTGGTGAT,0.7432871,0.7226322516802045,7,61120,6995
ATAGCGAT,0.7431049,0.7647198284748279,7,61120,6995
CTTATGAT,0.7430813,0.7894384199892798,7,61120,6995
GCCATATA,0.7428712,0.7059539026099865,7,61120,6995
ATCGGTGA,0.74285775,0.7340225951428689,7,61120,6995
ATACGTAC,0.7425742,0.8306704325238115,7,61120,6995
ATCTATCG,0.74237853,0.7626994598606359,7,61120,6995
CTGAGATC,0.7422705,0.7830886900589618,7,61120,6995
GATTCATA,0.742214,0.6914711582072322,7,61120,6995
ATCACTCC,0.7420912,0.7277965612501547,7,61120,6995
CCGATCCA,0.7420594,0.7681936255308621,7,61120,6995
GATAATCA,0.7419482,0.714416773182699,7,61120,6995
GATCTAAT,0.7418014,0.7868923432152723,7,61120,6995
ATCTCTCT,0.7415859,0.783645322228178,7,61120,6995
ATATTGCA,0.74125934,0.7063559147321982,7,61120,6995
TTTGTGAT,0.7410526,0.7525048447614728,7,61120,6995
GATTATCG,0.74080926,0.7246938523069311,7,61120,6995
GATCTGTA,0.7402401,0.8168886323341442,7,61120,6995
GACGATCC,0.7398141,0.7962623180637447,7,61120,6995
ATCTTCCA,0.7396886,0.7191172226116357,7,61120,6995
TGCTGATC,0.7394788,0.7938605533336083,7,61120,6995
TCTATCAG,0.73931134,0.7016657733063951,7,61120,6995
ACTATACT,0.73924536,0.7917164886818125,7,61120,6995
GTAGATCT,0.7390059,0.7569785181214695,7,61120,6995
TATAAAAT,0.7383495,0.7130664247721932,7,61120,6995
AGATCTCT,0.7382496,0.8012926235929576,7,61120,6995
ATACGTCT,0.73786324,0.8005504473673359,7,61120,6995
ATCGTCGA,0.7375873,0.7537108811281079,7,61120,6995
ATAGTGTC,0.7374318,0.7870366552591432,7,61120,6995
AGGTTATC,0.73733693,0.7329196388075702,7,61120,6995
ATCCAGCC,0.73733693,0.6111511977899642,7,61120,6995
TTGCTGAT,0.7370349,0.7376303962396404,7,61120,6995
ATATAAGT,0.73662144,0.7436193460602812,7,61120,6995
TCGTTGAT,0.7363872,0.7907990764029192,7,61120,6995
CTAGTGAT,0.7358354,0.7651630726095741,7,61120,6995
GAGATAAG,0.7351048,0.6592792644208965,7,61120,6995
ATGTATAG,0.7349538,0.7282501133880345,7,61120,6995
AGGCGTAT,0.73488504,0.7855110707953656,7,61120,6995
ACCGATCG,0.73482287,0.7531027089432235,7,61120,6995
TTGATCGT,0.7345819,0.6775038139611594,7,61120,6995
GATAACAT,0.73426324,0.7654104646847812,7,61120,6995
CTGATGAT,0.7338827,0.7662969529542738,7,61120,6995
GTATTACT,0.7338329,0.6969240918649239,7,61120,6995
AGATCCTA,0.7331984,0.7153032614521915,7,61120,6995
GTATTGAA,0.7329086,0.7701109141137179,7,61120,6995
TCATGGAT,0.7328772,0.8565229043829629,7,61120,6995
CCTATACA,0.73273253,0.6929864346678761,7,61120,6995
AAGATGAT,0.7325331,0.7242918401847194,7,61120,6995
TAATATTT,0.73209757,0.7002123448645527,7,61120,6995
CGCCGATA,0.73185074,0.7824805178740775,7,61120,6995
ATCCTGAT,0.73155653,0.8729435533748402,7,61120,6995
GAAATGAT,0.7315475,0.6938935389436358,7,61120,6995
ACCACTAT,0.7312319,0.512720075866903,7,61120,6995
ATAGCCGA,0.73121434,0.7260545087205706,7,61120,6995
TGTAATAT,0.7311732,0.830206572382798,7,61120,6995
GCTATACC,0.73114854,0.756205417886447,7,61120,6995
GTTGGATC,0.73112434,0.7547210654352039,7,61120,6995
TTATCGTA,0.7310193,0.7906856883684493,7,61120,6995
GGATCTGG,0.73065364,0.7026965736197583,7,61120,6995
GGTATTGT,0.73057234,0.7890467158702016,7,61120,6995
ATATTTAT,0.7304951,0.8574403166618563,7,61120,6995
GCGTATAC,0.73041916,0.715849585618274,7,61120,6995
ATTATCAA,0.73011744,0.8164247721931308,7,61120,6995
TCGTATGA,0.73002845,0.6243042097884798,7,61120,6995
TTATATGT,0.7300159,0.7574939182781513,7,61120,6995
ATCTATGA,0.72945935,0.8860553333608213,7,61120,6995
GCCAGATC,0.7291802,0.7646167484434916,7,61120,6995
CAGGATCG,0.72874904,0.7221374675297902,7,61120,6995
AAGTTATA,0.72871804,0.7422689976497753,7,61120,6995
TCACGGAT,0.72866684,0.8018080237496393,7,61120,6995
CTATCTTG,0.72864616,0.68933740155857,7,61120,6995
TCAGGGAT,0.72837126,0.736548055910609,7,61120,6995
CGATAACA,0.7281401,0.748845503649033,7,61120,6995
ATGATAAT,0.7279468,0.7612357234156599,7,61120,6995
ATGAATAT,0.72710115,0.6561147074588711,7,61120,6995
GAGTCGAT,0.7269881,0.5981321898321857,7,61120,6995
ATCGCTCA,0.7269149,0.6500742176225621,7,61120,6995
GGGTAGAT,0.7267344,0.8322475570032574,7,61120,6995
CCTTATCA,0.7266746,0.751968828598524,7,61120,6995
CTGTGTAT,0.7266662,0.7122727085309034,7,61120,6995
TCATTATC,0.72653586,0.8020863398342473,7,61120,6995
TGAGTATT,0.72629213,0.7895208840143487,7,61120,6995
TCAGTGAT,0.72603405,0.8856223972292087,7,61120,6995
TCTACGAT,0.72570544,0.7074897950768977,7,61120,6995
CTATCGTG,0.7255481,0.7798004370593328,7,61120,6995
GTCATGAT,0.7252272,0.7233435038964252,7,61120,6995
CAAATGAT,0.72487223,0.7247763163320001,7,61120,6995
ATACTAAA,0.724772,0.7182513503484106,7,61120,6995
CAGTTATA,0.72451377,0.5923184760648168,7,61120,6995
ATCTCCTT,0.7234423,0.7639364202366717,7,61120,6995
ATCCTCAA,0.7233459,0.7408774172267348,7,61120,6995
ATCTCCAA,0.72282714,0.6692161794417186,7,61120,6995
CAGTTGAT,0.7226657,0.655723003339793,7,61120,6995
CGATCCTG,0.722558,0.7221374675297902,7,61120,6995
CTATCCAT,0.72232,0.7038407619675917,7,61120,6995
GGATAAGA,0.722313,0.6996866367047375,7,61120,6995
ATCACGGA,0.7217869,0.8436997484847235,7,61120,6995
CCTGGATC,0.7217499,0.6994907846451985,7,61120,6995
ATGTTGTA,0.72157633,0.7338576670927308,7,61120,6995
CTATCCAA,0.72128487,0.7786459407083659,7,61120,6995
ATAATAGA,0.7209649,0.7834700861749062,7,61120,6995
CTATCCTC,0.7209498,0.7821609697769348,7,61120,6995
CGTAGTAT,0.7206786,0.6557126953366594,7,61120,6995
TCATCGAT,0.72065836,0.7619572836350142,7,61120,6995
TATTCATA,0.7200696,0.7762441759782295,7,61120,6995
ATCTCACA,0.72002655,0.8518224549540264,7,61120,6995
ATACGCCC,0.7198345,0.7018822413722015,7,61120,6995
TCTATCCA,0.71953505,0.6771842658640168,7,61120,6995
ATATTCCA,0.71939135,0.7013462252092525,7,61120,6995
AGTTTGAT,0.71897644,0.5901641034098875,7,61120,6995
ATCGCTTA,0.71888006,0.6892343215272337,7,61120,6995
ATGGATAG,0.718802,0.7038407619675917,7,61120,6995
ATCAGCTA,0.718652,0.7266936049148558,7,61120,6995
GATCCTGG,0.7185651,0.7833154661279018,7,61120,6995
AGATCTGC,0.7184486,0.7367026759576134,7,61120,6995
TTATACCA,0.7184193,0.8771079866408279,7,61120,6995
GACAGATC,0.71824265,0.734888467406094,7,61120,6995
ATCAACAT,0.7180326,0.8193110130705479,7,61120,6995
GTCTATAT,0.71782285,0.7762544839813632,7,61120,6995
ATAGGTGA,0.71772206,0.7091906155939471,7,61120,6995
TGTATAAA,0.7176748,0.7401455490042469,7,61120,6995
ATGGGATT,0.7176307,0.7347956953778914,7,61120,6995
ATCACTTA,0.7174493,0.8542963757060983,7,61120,6995
CAGCTATA,0.7171586,0.7210551272007586,7,61120,6995
TTGTTTAT,0.716523,0.7978703665525915,7,61120,6995
ATCATCGG,0.71631944,0.7352904795283057,7,61120,6995
ATACGATG,0.716116,0.734383375252546,7,61120,6995
TCTAATAT,0.7156188,0.8499051663711706,7,61120,6995
GGCAGGAT,0.7153572,0.5276151403950027,7,61120,6995
GAAGAGAT,0.7153007,0.7910361604749929,7,61120,6995
GAGTAATA,0.715184,0.7779656125015463,7,61120,6995
TATACGAA,0.7149952,0.7574011462499484,7,61120,6995
ATCATGTT,0.71478915,0.7071083989609533,7,61120,6995
CAAGTGAT,0.7143998,0.7877272914690966,7,61120,6995
ATATGCAA,0.7140729,0.7150249453675833,7,61120,6995
ATGGTGAT,0.7136164,0.728992289613656,7,61120,6995
ATATTACG,0.713605,0.7322290025976168,7,61120,6995
GGATCTAG,0.71354604,0.6945326351379212,7,61120,6995
CTAGATCC,0.71293795,0.6945326351379212,7,61120,6995
GTTATCAA,0.7128316,0.6788747783779326,7,61120,6995
ATAGTCTA,0.71234244,0.7141281490949574,7,61120,6995
ACGGATAG,0.7121101,0.760081227064693,7,61120,6995
TACCTGAT,0.7117828,0.8045190285737848,7,61120,6995
AGATCTTC,0.71147317,0.794509957531027,7,61120,6995
ATCGGATG,0.71101326,0.7315280583845298,7,61120,6995
ATCCCATT,0.71095467,0.6771636498577496,7,61120,6995
TCGGTGTA,0.71088135,0.6896157176431782,7,61120,6995
ATCAATTA,0.7108608,0.8091988619964541,7,61120,6995
GTATATGT,0.71078837,0.773564095163485,7,61120,6995
CGTATAAG,0.7106515,0.710149259885375,7,61120,6995
ATACTACT,0.71023214,0.8315466127901703,7,61120,6995
TGATCAAG,0.7102177,0.7503401641034099,7,61120,6995
GCAGGTAT,0.71017134,0.7598956830082877,7,61120,6995
ATCCTACA,0.70969003,0.6930792066960789,7,61120,6995
TACGATCA,0.7095418,0.786170782995918,7,61120,6995
CGGGCTAT,0.70948774,0.5085556426009153,7,61120,6995
ATGTTATC,0.70937365,0.7654104646847812,7,61120,6995
ACGATCAG,0.7092,0.7764606440440358,7,61120,6995
CTCATGAT,0.7087412,0.7369088360202862,7,61120,6995
ATCTACAA,0.70870787,0.7069331629076816,7,61120,6995
TCTGGGAT,0.7086784,0.6982950562816971,7,61120,6995
GATAACTG,0.70862377,0.7507524842287552,7,61120,6995
ATCACCTC,0.70861655,0.7807075413350926,7,61120,6995
TTATAGGT,0.70842093,0.6512390219766627,7,61120,6995
CCGATGAT,0.7083044,0.7352904795283057,7,61120,6995
GGGTGGAT,0.70823157,0.7460726508060859,7,61120,6995
ATACGATT,0.70803505,0.6128004782913453,7,61120,6995
ATAGCTGA,0.70772165,0.6665154826207067,7,61120,6995
GATCGCAG,0.7076748,0.7496701438997238,7,61120,6995
ACGATCAA,0.70732707,0.6775038139611594,7,61120,6995
TAATTGAT,0.7071928,0.8091988619964541,7,61120,6995
GCCAGATA,0.70713484,0.6669174947429184,7,61120,6995
ATGTGGAT,0.7069942,0.7097678637694307,7,61120,6995
TAATCTAT,0.70697415,0.7483507194986186,7,61120,6995
ATCTCGCA,0.70695496,0.6260359543149301,7,61120,6995
CTATCAGC,0.70664746,0.8346802457427946,7,61120,6995
CGTATACG,0.7064042,0.7469385230693111,7,61120,6995
GCATATTA,0.70623475,0.743062713891065,7,61120,6995
GTTATCTC,0.706047,0.698521832350637,7,61120,6995
CCGATCGA,0.7059082,0.7607718632746465,7,61120,6995
TCGAAGAT,0.7058644,0.773842411248093,7,61120,6995
ATCTTGGA,0.7057642,0.7579062384034965,7,61120,6995
TGGATCTT,0.70555335,0.7110460561580011,7,61120,6995
GATAATCG,0.705479,0.724642312291263,7,61120,6995
CGTATTAC,0.70543915,0.731940378509875,7,61120,6995
CGGATAGG,0.705403,0.7306106461056364,7,61120,6995
GCACGATC,0.7053307,0.7648332165092978,7,61120,6995
TGATTTAT,0.7052413,0.6523007462994269,7,61120,6995
TTAGATCG,0.7051607,0.6612068610068857,7,61120,6995
TTATACGC,0.7051378,0.7211375912258277,7,61120,6995
TCATATTG,0.7050935,0.6985527563600379,7,61120,6995
ATAATGTA,0.7049873,0.7990970189254938,7,61120,6995
GATCGTAG,0.70497996,0.7519791366016575,7,61120,6995
CATTATAC,0.7042142,0.8158372160145138,7,61120,6995
GATAAGAC,0.70418537,0.5913082917577207,7,61120,6995
CAATCATA,0.70388436,0.6548365150703006,7,61120,6995
ATCCCACA,0.7035776,0.7151074093926525,7,61120,6995
ATCCCTGA,0.7030343,0.736548055910609,7,61120,6995
CGCAGATA,0.7028488,0.8410505916793799,7,61120,6995
ATCGATGA,0.7023793,0.7619572836350142,7,61120,6995
TATGCTAT,0.7020746,0.7264668288459161,7,61120,6995
CTACAATA,0.701602,0.7591225827732652,7,61120,6995
ATCACTCA,0.701548,0.8394219271842658,7,61120,6995
GTATAAAC,0.70134383,0.7708737063456068,7,61120,6995
AGAGATCT,0.70131403,0.8012926235929576,7,61120,6995
GATAAGGT,0.70121,0.7297963138580794,7,61120,6995
ATCTCCCT,0.70111454,0.8485857419700655,7,61120,6995
GAGCGTAT,0.7009958,0.7102111079041769,7,61120,6995
CAGTTATC,0.70091796,0.7507524842287552,7,61120,6995
CCAGATAG,0.70069873,0.7055312744815074,7,61120,6995
GATCCTAA,0.7004696,0.7642868923432152,7,61120,6995
TGTATAGC,0.6999489,0.7449181544551189,7,61120,6995
CAGGGGAT,0.6998812,0.7436502700696821,7,61120,6995
AGTTATCG,0.6994461,0.7301570939677565,7,61120,6995
CCGTATTG,0.6994341,0.5956582690801139,7,61120,6995
GAATTGAT,0.69887,0.6884715292953448,7,61120,6995
GAAGATCG,0.69880307,0.7649878365563023,7,61120,6995
GACAATAT,0.6987669,0.6597225085556426,7,61120,6995
TACTTGAT,0.6987044,0.7828516059868883,7,61120,6995
GATCGGCA,0.69866496,0.6289943512142827,7,61120,6995
CATTATCT,0.69845545,0.7148290933080444,7,61120,6995
CCGTCTCA,0.69841945,0.6430647754916918,7,61120,6995
ACGATGAT,0.6977807,0.7648229085061642,7,61120,6995
CGAAGATC,0.6977034,0.7364965158949408,7,61120,6995
CGTATTTA,0.69751817,0.8034263802416196,7,61120,6995
GTATTGTG,0.6974406,0.6815857832020782,7,61120,6995
TCCAAGAT,0.6970718,0.7579062384034965,7,61120,6995
TTCGATCT,0.69696844,0.7072630190079578,7,61120,6995
GTGAGGAT,0.6967641,0.7348575433966932,7,61120,6995
CGAGATCC,0.69535255,0.6984702923349688,7,61120,6995
CTGGATCG,0.69503564,0.6694944955263267,7,61120,6995
GGATTAAC,0.6942703,0.7553498536263555,7,61120,6995
AGGTATTC,0.69412047,0.60160598688822,7,61120,6995
ATGTTTAT,0.6939887,0.7622871397352905,7,61120,6995
ATCGCTAA,0.69393605,0.734383375252546,7,61120,6995
CTATCTAC,0.6937908,0.7387333525749391,7,61120,6995
ATCACGCT,0.69354,0.5424689729105677,7,61120,6995
ATAGATTA,0.6927468,0.7483507194986186,7,61120,6995
ACGTTATA,0.69264096,0.6087288170535603,7,61120,6995
TTGTATAC,0.6924068,0.8055085968746134,7,61120,6995
AGTCGTAT,0.69224626,0.7331670308827775,7,61120,6995
GTTATCAG,0.69190484,0.6949140312538655,7,61120,6995
GTATTCTT,0.6917822,0.7494433678307838,7,61120,6995
TTATACAC,0.6917562,0.6760710015255844,7,61120,6995
GCATATAA,0.69140786,0.7258586566610316,7,61120,6995
GTATACGC,0.69110274,0.715849585618274,7,61120,6995
GATTATAG,0.6909351,0.7779346884921453,7,61120,6995
CGCTATCT,0.6902711,0.6407867067991588,7,61120,6995
ATCGCTCT,0.6902363,0.8023440399125882,7,61120,6995
ATACCGAG,0.6900666,0.7185708984455532,7,61120,6995
CGTATGAA,0.6898111,0.6447449800024739,7,61120,6995
AGTCGATC,0.68964964,0.7682142415371295,7,61120,6995
AACCCGAT,0.68964267,0.7144373891889663,7,61120,6995
ATCATAGG,0.6894562,0.7426400857625861,7,61120,6995
AAGTGGAT,0.6892449,0.6608460808972086,7,61120,6995
TAGTCGAT,0.68915874,0.6832144476971922,7,61120,6995
CACTATCG,0.68904305,0.737279924133097,7,61120,6995
CCGATTAT,0.6888005,0.7273223931060074,7,61120,6995
TGATCGAA,0.68852466,0.5378716035129675,7,61120,6995
GGAAGTAT,0.68827456,0.7423514616748443,7,61120,6995
GTATAGAA,0.6881603,0.7377953242897786,7,61120,6995
AGCCATAT,0.68808323,0.7399806209541088,7,61120,6995
GTGATGCC,0.68795377,0.4261225415412526,7,61120,6995
CAGCTGAT,0.6878743,0.6892446295303674,7,61120,6995
AGATCGTG,0.68767196,0.6981816682472272,7,61120,6995
AACGGATT,0.6875981,0.7311260462623181,7,61120,6995
ATACAGCT,0.6874757,0.7209211231600214,7,61120,6995
GGATAACT,0.68723273,0.8165897002432688,7,61120,6995
ATACGGAC,0.68713677,0.720230486950068,7,61120,6995
CTAGTTAT,0.68697244,0.7524326887395374,7,61120,6995
ATTGGGTA,0.68673074,0.5940296045849999,7,61120,6995
ATGATCGA,0.68641084,0.7217457634107121,7,61120,6995
GATAAAAG,0.6862445,0.5220385106997073,7,61120,6995
AGTAAGAT,0.68607056,0.8010864635302849,7,61120,6995
ATCCTACC,0.685974,0.7104275759699832,7,61120,6995
GAATATTA,0.6859731,0.6855234403991258,7,61120,6995
GGTAGGAT,0.68582606,0.7104275759699832,7,61120,6995
AGGAGAAT,0.6857413,0.6490537253123325,7,61120,6995
CAATATTG,0.6850406,0.5708778295468602,7,61120,6995
GCATAATA,0.68489534,0.667968911062549,7,61120,6995
TGATAACG,0.684556,0.608038180843607,7,61120,6995
GATTCGAT,0.68445957,0.6765142456603307,7,61120,6995
ATCCTTGC,0.6844084,0.6069249165051747,7,61120,6995
ATCCGTCG,0.68418443,0.5768667793675009,7,61120,6995
AACTTATA,0.6840946,0.6889250814332247,7,61120,6995
CATCGGAT,0.68380326,0.6484455531274482,7,61120,6995
CATACTAC,0.683717,0.506318805920917,7,61120,6995
CTCATACC,0.683525,0.7131179647878614,7,61120,6995
ATCGGTAA,0.6832512,0.7768935801756482,7,61120,6995
GAGGCTAT,0.68325067,0.6868840968127655,7,61120,6995
TCTGCTAT,0.6831953,0.6732053766544345,7,61120,6995
CATTATCC,0.68312556,0.8036222323011587,7,61120,6995
CCGATTCC,0.68270385,0.49153712942728733,7,61120,6995
ATCATCGC,0.6826869,0.8054055168432771,7,61120,6995
CAGAATAT,0.6824118,0.7061394466663918,7,61120,6995
CTTATCAG,0.68227017,0.7270646930276666,7,61120,6995
GGATGGAT,0.6821433,0.83509256586814,7,61120,6995
ATGATGTA,0.6821309,0.5499938151981199,7,61120,6995
ATCGTGGA,0.68192047,0.6568465756813591,7,61120,6995
TATTCATT,0.68168473,0.7005422009648291,7,61120,6995
AACGTGAT,0.6816568,0.735620335628582,7,61120,6995
ACAGGGAT,0.68147707,0.6933884467900878,7,61120,6995
AATGGGAT,0.68127996,0.6771636498577496,7,61120,6995
TTGATCAA,0.68110156,0.7082732033150538,7,61120,6995
ATCTTCGT,0.6810705,0.49819609945161425,7,61120,6995
CGACGTAT,0.680989,0.7462478868593576,7,61120,6995
ACTTTATA,0.6807813,0.6993258565950604,7,61120,6995
CTGAATAT,0.680127,0.7182307343421432,7,61120,6995
ATCTATGC,0.6798667,0.7737084072073558,7,61120,6995
GTTCGTAT,0.67986137,0.6767204057230033,7,61120,6995
CTAACGAT,0.6798023,0.8010349235146168,7,61120,6995
ATCATGCA,0.6795521,0.8118480188017977,7,61120,6995
TAGTCTAT,0.6789064,0.7015420772687915,7,61120,6995
TTGATGCC,0.6786707,0.47749762915927924,7,61120,6995
CTGAGGAT,0.67857176,0.7414546654022184,7,61120,6995
GTATATGC,0.67849934,0.7418876015338309,7,61120,6995
AGATCTTG,0.67842823,0.7533294850121635,7,61120,6995
GTCAGGAT,0.678262,0.7295076897703378,7,61120,6995
TTTATCCT,0.6782072,0.7782645445924216,7,61120,6995
GCATAGAT,0.6779231,0.7737084072073558,7,61120,6995
CGGCTGAT,0.67739934,0.4741372201377149,7,61120,6995
CGTTTGAT,0.6773485,0.6238815816600009,7,61120,6995
ATGCGGAT,0.6771918,0.8264132272296211,7,61120,6995
TGCTGTAT,0.6771413,0.7156021935430669,7,61120,6995
ATCATGGC,0.6770844,0.6541458788603473,7,61120,6995
TATTCAAG,0.67618704,0.6403950026800809,7,61120,6995
CTGGTGTA,0.6760435,0.7246113882818621,7,61120,6995
TCGATAGA,0.6759162,0.6953057353729435,7,61120,6995
ATCTAACA,0.675329,0.6770605698264133,7,61120,6995
ATCTAGCT,0.6751855,0.6887086133674185,7,61120,6995
ACTGTGAT,0.6749337,0.7054797344658393,7,61120,6995
CGATCAGG,0.6748751,0.6841730919886199,7,61120,6995
CACGTGAT,0.6744287,0.6188203521213871,7,61120,6995
CGTAATAT,0.67434597,0.7322290025976168,7,61120,6995
CGTATTGC,0.6741927,0.5862676782253742,7,61120,6995
GATAAACA,0.67400265,0.7433925699913412,7,61120,6995
CAGTGGAT,0.6737964,0.5951428689234322,7,61120,6995
GTTATGAT,0.6736465,0.792015420772688,7,61120,6995
CGTTATCC,0.67360073,0.7405784851358596,7,61120,6995
TCCTATCT,0.6730024,0.7904589122995093,7,61120,6995
TCTGATAT,1.0564431,0.9529645817012329,8,71140,7994
GGTATATC,1.0276834,0.9673236300663836,8,71140,7994
GATATCTA,1.0062566,0.9729827237867481,8,71140,7994
CGTATCAA,1.0019515,0.982589782707294,8,71140,7994
AATGATAC,0.99582636,0.9794149177421351,8,71140,7994
TGATATCG,0.9957,0.9713231352822331,8,71140,7994
TATCAATA,0.99542546,0.9604275759699832,8,71140,7994
ATATCATA,0.9947746,0.9794870737640705,8,71140,7994
ATATCGAT,0.99418676,0.9604481919762504,8,71140,7994
ACGATATC,0.99391544,0.9820228425349441,8,71140,7994
CTGATATC,0.9933902,0.9750546324166083,8,71140,7994
ACTGATAC,0.9895767,0.9528821176761637,8,71140,7994
ATATCCGA,0.98817706,0.9509854450995753,8,71140,7994
GTATCACC,0.9835738,0.9883519564589948,8,71140,7994
TGATATCT,0.9834205,0.9870325320578899,8,71140,7994
TGTATCAT,0.98064184,0.9761163567393725,8,71140,7994
CGGATATA,0.98030436,0.9175153589246692,8,71140,7994
ATGGATCA,0.97927904,0.9001979136601658,8,71140,7994
AGGTATCG,0.97753036,0.9741062961283141,8,71140,7994
GATATCCT,0.9740701,0.9755081845544881,8,71140,7994
AAGGTATC,0.9738469,0.9706634230816805,8,71140,7994
ATTGATAT,0.9726703,0.9782604213911682,8,71140,7994
TCTGATAC,0.97195554,0.9707458871067497,8,71140,7994
ATAGGTAT,0.971913,0.9296375706098213,8,71140,7994
GATACCTA,0.9687438,0.979724157836144,8,71140,7994
AGTATCAC,0.9670893,0.9694780027213128,8,71140,7994
TGATCCCT,0.96533537,0.9595307796973571,8,71140,7994
CGTATCAT,0.962461,0.9847338473590895,8,71140,7994
ATATGATA,0.9622494,0.9761988207644415,8,71140,7994
GGTATCAG,0.96090305,0.9533975178328453,8,71140,7994
CTGATACC,0.96040833,0.9533975178328453,8,71140,7994
TAGTATCA,0.96028304,0.9665711458376283,8,71140,7994
TATCACCT,0.95771813,0.9200923597080775,8,71140,7994
GATACCCA,0.957289,0.9444501711128521,8,71140,7994
ATATCATT,0.9552442,0.9719106914608502,8,71140,7994
AGTATCGT,0.95449245,0.933358759741063,8,71140,7994
AAGATATC,0.9541435,0.973209499855688,8,71140,7994
GGGTATAT,0.95413744,0.9668803859316373,8,71140,7994
GGATCAAT,0.9531317,0.938471529295345,8,71140,7994
GTATCGTA,0.95288825,0.9355440564053931,8,71140,7994
TGATACCG,0.95197785,0.9879293283305158,8,71140,7994
ACTGATCC,0.9514971,0.8938069517173133,8,71140,7994
TATTATAT,0.95132625,0.9008988578732527,8,71140,7994
CTGATACG,0.94911814,0.9283284542118501,8,71140,7994
TATCCGAT,0.9476695,0.9257617614315755,8,71140,7994
CCTATCAT,0.9460974,0.9467076237991177,8,71140,7994
GATACCTG,0.9456893,0.9586752154372655,8,71140,7994
TATCATCA,0.94498456,0.9240506329113923,8,71140,7994
GGCATATC,0.94223356,0.9485527563600379,8,71140,7994
TAGGGATA,0.9413357,0.8932297035418298,8,71140,7994
CGTATCAC,0.9396541,0.9751680204510783,8,71140,7994
ATGGTATC,0.9396193,0.94563559147322,8,71140,7994
GCTATATC,0.93906426,0.9194223395043912,8,71140,7994
ATATCTTT,0.9387436,0.9322764194120315,8,71140,7994
ATACCCTA,0.9386269,0.9199686636704738,8,71140,7994
ATCATCTA,0.9377513,0.8828701603925287,8,71140,7994
TGATACGC,0.93748224,0.9835071949861872,8,71140,7994
TGATATGT,0.9364693,0.9795592297860058,8,71140,7994
AGGATCAC,0.93405724,0.9393477095617038,8,71140,7994
GGCGTATC,0.9334496,0.9204531398177546,8,71140,7994
CGATATGC,0.93244004,0.9249165051746177,8,71140,7994
CGATACCC,0.9319794,0.9729105677648127,8,71140,7994
GGATGATA,0.93136954,0.9454912794293491,8,71140,7994
ATACGGAT,0.93119466,0.8414319877953242,8,71140,7994
ATCGTATC,0.9310514,0.9294726425596833,8,71140,7994
ATGATAGC,0.9299487,0.9723333195893292,8,71140,7994
CGATATAC,0.9283953,0.9135570857213541,8,71140,7994
GAATATCA,0.9283531,0.932235187399497,8,71140,7994
TATCCCTC,0.9283329,0.8976827608955593,8,71140,7994
TAATATCC,0.9282396,0.9024038263307632,8,71140,7994
CGTTGATA,0.92785656,0.9195048035294604,8,71140,7994
GTATCAGT,0.9270941,0.9528821176761637,8,71140,7994
ATATCCTA,0.9259981,0.9165464066301076,8,71140,7994
ATGATCCC,0.925243,0.9514183812311879,8,71140,7994
AAGATACC,0.9241135,0.9268544097637406,8,71140,7994
AAGTATCC,0.9238664,0.8904362346926153,8,71140,7994
TGATCCGA,0.92294693,0.9261843895600543,8,71140,7994
CAGTGATA,0.9221523,0.929534490578485,8,71140,7994
GTAGATAT,0.9217018,0.926421473632128,8,71140,7994
GTATCAGA,0.92034006,0.9707458871067497,8,71140,7994
GCATGATA,0.919983,0.9233084566857709,8,71140,7994
ATAGTATA,0.91962814,0.8855605492104069,8,71140,7994
GTATCGGA,0.919181,0.9536449099080526,8,71140,7994
ATGATCGG,0.91913486,0.8431225003092402,8,71140,7994
GGTATATT,0.9183512,0.8960334803941781,8,71140,7994
ATGTATCT,0.9175633,0.8786438791077392,8,71140,7994
TTGGATAT,0.9175346,0.8957036242939018,8,71140,7994
TATATATG,0.91742265,0.9319774873211563,8,71140,7994
TATCCTAT,0.9168092,0.9287098503277945,8,71140,7994
GGATCATG,0.9162142,0.9129901455490043,8,71140,7994
TGATCTAT,0.91616964,0.9167422586896468,8,71140,7994
CGGGTATA,0.91591513,0.8106935224508308,8,71140,7994
AAAGATAC,0.91514575,0.9067434956500228,8,71140,7994
ACGGTATC,0.9146594,0.9306271389106502,8,71140,7994
CAAGTATC,0.9144695,0.9232156846575682,8,71140,7994
CAATATCA,0.9142585,0.9094957324867027,8,71140,7994
ATCACTAT,0.9140854,0.8463901373026017,8,71140,7994
AGGATCAG,0.91177475,0.861749061971715,8,71140,7994
ATATCGTC,0.9116905,0.8903846946769471,8,71140,7994
TATATTAT,0.9115914,0.8761699583556674,8,71140,7994
GCATATCG,0.90943265,0.9249165051746177,8,71140,7994
GTATCGTC,0.907485,0.9469137838617903,8,71140,7994
GATACACA,0.90684855,0.8498123943429678,8,71140,7994
GTGATCGG,0.9057082,0.8976209128767576,8,71140,7994
GATCATCT,0.9050919,0.9131756896054096,8,71140,7994
TACGGATA,0.9049469,0.8854883931884715,8,71140,7994
ATCCGTAT,0.9042759,0.8414319877953242,8,71140,7994
ATATCAGC,0.9040383,0.904857131076568,8,71140,7994
TCCGGATC,0.9032434,0.8571826165835154,8,71140,7994
ATATTATA,0.9031613,0.8591514451820393,8,71140,7994
GATATACG,0.9031087,0.8703871685976992,8,71140,7994
TATCCTCT,0.90276134,0.8584814249783531,8,71140,7994
TGATCCTA,0.90247893,0.9308436069764565,8,71140,7994
GATCATTG,0.90153456,0.8911681029151033,8,71140,7994
AACTATCA,0.9011743,0.8894466663917866,8,71140,7994
CGGATCAG,0.90063536,0.8774893827567724,8,71140,7994
GATATGTT,0.90051603,0.9020018142085515,8,71140,7994
TATCTGAT,0.90029633,0.9222261163567395,8,71140,7994
ATCGGATC,0.9001763,0.8946625159774049,8,71140,7994
GTCATATC,0.89849806,0.8708097967261782,8,71140,7994
GATCAGAT,0.89816105,0.9227312085102873,8,71140,7994
CGATACGT,0.8961735,0.8876839978559353,8,71140,7994
ATCATGAT,0.8950987,0.9071764317816353,8,71140,7994
AGATATGG,0.8948029,0.8647589988867357,8,71140,7994
AGATGATA,0.8935833,0.9501298808394838,8,71140,7994
ATGGATCC,0.8931054,0.8727786253247021,8,71140,7994
CGGGATAT,0.8916441,0.8917865831031213,8,71140,7994
TTCATATC,0.8909589,0.785047210654352,8,71140,7994
GACGGATC,0.890867,0.806199233084567,8,71140,7994
ATCATACA,0.8907577,0.8891992743165794,8,71140,7994
CTCTGATA,0.89060473,0.8497093143116315,8,71140,7994
GATATGCA,0.8904898,0.9039294107945408,8,71140,7994
GATACCGG,0.8898605,0.9221642683379375,8,71140,7994
CATGTATC,0.8897027,0.8900857625860719,8,71140,7994
TATCCGTA,0.8889134,0.8854883931884715,8,71140,7994
TGATAGGT,0.8887876,0.9280192141178412,8,71140,7994
ATATACCG,0.88711786,0.8678307838205583,8,71140,7994
ATCTGATC,0.8870572,0.9227312085102873,8,71140,7994
TTATCGAT,0.8868699,0.7912629365439326,8,71140,7994
ACAATATC,0.8862355,0.8552344039912588,8,71140,7994
ATAAGATA,0.88489974,0.8930956995010927,8,71140,7994
CCAGATAT,0.8848878,0.8214756937286108,8,71140,7994
CGATGATC,0.88450253,0.8837360326557538,8,71140,7994
CATATATA,0.8842273,0.9319774873211563,8,71140,7994
TGATCCGC,0.88419807,0.9047849750546325,8,71140,7994
GTGGATCA,0.8840878,0.8919515111532593,8,71140,7994
GTAATATC,0.883896,0.8874881457963963,8,71140,7994
TACGATAC,0.8830526,0.9355440564053931,8,71140,7994
CATATACC,0.88303006,0.7845524265039376,8,71140,7994
ATACCTAG,0.8825414,0.8779326268915186,8,71140,7994
TGTATCTA,0.88236034,0.8346905537459284,8,71140,7994
GCCATATC,0.8817929,0.8531109553457304,8,71140,7994
CGATCCCT,0.8817742,0.8518739949696944,8,71140,7994
GGATCAGT,0.8811432,0.8938069517173133,8,71140,7994
ATAATATA,0.88084245,0.8761699583556674,8,71140,7994
CTATATCG,0.8800131,0.9230198325980291,8,71140,7994
GATACACG,0.87973464,0.8884570980909577,8,71140,7994
CAGATACG,0.8795358,0.84048365150703,8,71140,7994
ATACATAT,0.87932885,0.8784995670638683,8,71140,7994
AGTATATA,0.87907195,0.9302766668041068,8,71140,7994
TGATCATT,0.8785056,0.8430812682967056,8,71140,7994
TGTATCGC,0.8778589,0.8803240836185214,8,71140,7994
TGATACAC,0.87735534,0.983063950851441,8,71140,7994
ATACCTCA,0.8768903,0.8618315259967838,8,71140,7994
TGATCAGT,0.8768872,0.8320826289531192,8,71140,7994
CAAGGATC,0.87664807,0.8260421391168103,8,71140,7994
GATACGTC,0.87613285,0.8763864264214737,8,71140,7994
CTATGATC,0.876124,0.8673463076732776,8,71140,7994
ATCGGTAT,0.8758532,0.8075805055044737,8,71140,7994
ATATGTAT,0.8757665,0.8784995670638683,8,71140,7994
TCATATCG,0.87572,0.8234032903146002,8,71140,7994
CCATATCG,0.87542105,0.9235249247515772,8,71140,7994
ATCAATAG,0.8754071,0.8633777264668289,8,71140,7994
TATCAGTC,0.87539613,0.9137632457840268,8,71140,7994
ATCGCTAT,0.8752142,0.7647198284748279,8,71140,7994
ATACCTGA,0.8750181,0.8450707129014967,8,71140,7994
ACGTATCC,0.87475896,0.8442254566445387,8,71140,7994
TAGTGATC,0.87465286,0.8728610893497711,8,71140,7994
CAGCGATA,0.872851,0.8907351667834907,8,71140,7994
CGATCCTT,0.8727511,0.828464519853214,8,71140,7994
TCGCGATA,0.8716656,0.8537294355337484,8,71140,7994
ACGTATAT,0.8713212,0.834082381561044,8,71140,7994
TGAAGATA,0.87128127,0.8530181833175278,8,71140,7994
GATGGATA,0.87122035,0.8318249288747783,8,71140,7994
AGGATCCG,0.87106156,0.7550818455448811,8,71140,7994
ATACTCAT,0.8709284,0.8179194326475075,8,71140,7994
TGGATCAA,0.8706237,0.8986104811775862,8,71140,7994
ACTGTATC,0.8701279,0.8987444852183236,8,71140,7994
GGAGGATA,0.8690702,0.8997752855316867,8,71140,7994
AGTATCGA,0.86831975,0.9347503401641034,8,71140,7994
AAGTATAA,0.86827743,0.8066527852224468,8,71140,7994
GATCGTAT,0.8679899,0.8832824805178741,8,71140,7994
GATCACTG,0.86775255,0.8977343009112275,8,71140,7994
CCGTGATA,0.8677324,0.8500804024244423,8,71140,7994
TTAATATA,0.86758566,0.8543582237249,8,71140,7994
AGCGGATC,0.8675014,0.8281140477466704,8,71140,7994
TATTATAC,0.8674475,0.8617799859811158,8,71140,7994
TGTATCGG,0.8673668,0.8994866614439451,8,71140,7994
CTAGATAC,0.867319,0.866995835566734,8,71140,7994
ACACCTAT,0.86674833,0.7181688863233414,8,71140,7994
ACGGATCC,0.8667357,0.8424834041149548,8,71140,7994
CCTGTATC,0.86637855,0.866294891353647,8,71140,7994
GCCGATAC,0.8660809,0.8517399909289572,8,71140,7994
CTTGATAG,0.8660157,0.832257865006391,8,71140,7994
TCGTATCG,0.8659462,0.8509565826908011,8,71140,7994
ATACCTAC,0.8659278,0.8492660701768854,8,71140,7994
GTTATATC,0.8654611,0.8678823238362264,8,71140,7994
TATCTTCA,0.8652351,0.8530181833175278,8,71140,7994
AGATATTG,0.8651719,0.8408959716323754,8,71140,7994
TGGATATG,0.8651315,0.8377211066672163,8,71140,7994
TATTTGAT,0.8648521,0.9125984414299262,8,71140,7994
ACCATATA,0.86471224,0.845905661155321,8,71140,7994
CTGTATCG,0.8647047,0.8705108646353029,8,71140,7994
AGAGATCA,0.86425245,0.886684121551973,8,71140,7994
GATATTCT,0.86421216,0.8561208922607513,8,71140,7994
TCCGGATA,0.8641274,0.8418339999175359,8,71140,7994
CGATAGAT,0.86404514,0.7626994598606359,8,71140,7994
CTGGATCA,0.8638644,0.8656557951593618,8,71140,7994
CAGATACT,0.86322296,0.8504205665278523,8,71140,7994
GCATATCC,0.8626605,0.8792623592957571,8,71140,7994
AGATCCCT,0.8626548,0.766905125139158,8,71140,7994
CTGATCCG,0.8624648,0.8774893827567724,8,71140,7994
TATCAAAG,0.86187446,0.9340390879478828,8,71140,7994
CACGGATC,0.8618486,0.8637075825671052,8,71140,7994
GTATCTAG,0.86166644,0.866995835566734,8,71140,7994
TATCTGGT,0.8614818,0.8829629324207314,8,71140,7994
CATGGATA,0.86129117,0.7932523811487239,8,71140,7994
ACGGATAC,0.860628,0.8921679792190657,8,71140,7994
CGTAGATA,0.8605474,0.8199604172679669,8,71140,7994
AGATAAAT,0.8595513,0.7406300251515276,8,71140,7994
GGCTATAT,0.8585155,0.7792231888838494,8,71140,7994
AACATATC,0.85839045,0.9020018142085515,8,71140,7994
CTAAGATA,0.8573917,0.8613161258401023,8,71140,7994
TAATATAA,0.8562937,0.8309899806209541,8,71140,7994
TTATATCG,0.8551067,0.8497917783367006,8,71140,7994
TCTGATCA,0.85502374,0.7358264956912547,8,71140,7994
AAAGGATA,0.85366094,0.8830660124520678,8,71140,7994
CGTATTAT,0.8533319,0.8977549169174948,8,71140,7994
ATATCTAG,0.8521997,0.8462561332618646,8,71140,7994
CAATATCG,0.8516574,0.8136003793345153,8,71140,7994
ATATTATT,0.85159934,0.8197645652084278,8,71140,7994
TCGGATCG,0.8515912,0.8229806621861212,8,71140,7994
CGATCCCC,0.8511528,0.8553993320413968,8,71140,7994
AAACGTAT,0.8509942,0.795468601822455,8,71140,7994
GATTATCA,0.8505219,0.7624108357728941,8,71140,7994
TGTATACA,0.8503115,0.8610481177586279,8,71140,7994
ATCAGGAT,0.8502598,0.8729435533748402,8,71140,7994
TCTGGATA,0.850121,0.8285263678720158,8,71140,7994
TATACACT,0.85009754,0.854554075784439,8,71140,7994
GATCAATC,0.8500813,0.8586257370222241,8,71140,7994
ACTGATAG,0.8496686,0.8836638766338185,8,71140,7994
CGATCACA,0.8496598,0.8446790087824186,8,71140,7994
CGGAGATA,0.84941065,0.8316600008246403,8,71140,7994
ATCGTATT,0.84898186,0.8179503566569084,8,71140,7994
ATATCTAA,0.84872675,0.9461612996330351,8,71140,7994
AGAGTATA,0.8486824,0.8007978394425431,8,71140,7994
ATCTCTGA,0.8484335,0.8084773017770998,8,71140,7994
GCGTATCG,0.8483075,0.8412876757514534,8,71140,7994
GGAATATC,0.8481467,0.8710056487857173,8,71140,7994
CTGATCCA,0.847669,0.8785614150826702,8,71140,7994
ATACGATC,0.8476038,0.8832824805178741,8,71140,7994
TACATATC,0.8466629,0.9446975631880592,8,71140,7994
GATACAAG,0.8465425,0.8760359543149302,8,71140,7994
ATACCCAT,0.8464544,0.8511421267472065,8,71140,7994
GGATACCG,0.8462646,0.8052715128025398,8,71140,7994
AGGTATAC,0.846226,0.8547499278439781,8,71140,7994
ATGGGATC,0.84562314,0.8379169587267555,8,71140,7994
TATCAACG,0.84499764,0.9195048035294604,8,71140,7994
GGATACGT,0.84490645,0.8442254566445387,8,71140,7994
ATCTTATC,0.8448055,0.839586855234404,8,71140,7994
GCGATATT,0.8445506,0.819228549045479,8,71140,7994
ATCATACC,0.84441984,0.8750566940172351,8,71140,7994
CGATCTAT,0.8443749,0.8290623840349647,8,71140,7994
GATAGCTG,0.8439797,0.8196717931802251,8,71140,7994
GATAGCAG,0.8438363,0.8142497835319341,8,71140,7994
GATCACTC,0.8438318,0.8390611470745887,8,71140,7994
TGATCTGT,0.8437209,0.8599245454170619,8,71140,7994
TAGATGAT,0.84310794,0.8828701603925287,8,71140,7994
ACCTATAC,0.8430959,0.8365356863068486,8,71140,7994
ACGATAGG,0.84183085,0.8817775120603636,8,71140,7994
TATCGCAC,0.8417274,0.8386488269492435,8,71140,7994
TTACTATC,0.84103966,0.7449284624582526,8,71140,7994
GATCGATC,0.8399092,0.7932523811487239,8,71140,7994
GATCATTC,0.8393905,0.8154455118954357,8,71140,7994
GATCCATC,0.83922637,0.8020863398342473,8,71140,7994
ACTTATAT,0.83910286,0.7436193460602812,8,71140,7994
CATGTATA,0.8390939,0.7641735043087453,8,71140,7994
ATCACTGA,0.83907056,0.8856223972292087,8,71140,7994
GTATCTGA,0.83871317,0.8467509174122789,8,71140,7994
CTTATACC,0.8385967,0.8102502783160845,8,71140,7994
TTCGGATA,0.838006,0.8601203974766007,8,71140,7994
TGATCGGA,0.8377688,0.7079227312085102,8,71140,7994
ATACGGTT,0.8377162,0.8254545829381932,8,71140,7994
ACGTATCT,0.8375622,0.832031088937451,8,71140,7994
ATACCTAA,0.8375164,0.8405970395415,8,71140,7994
GATAGTCC,0.83725643,0.812796355090092,8,71140,7994
ATATCGAG,0.8368609,0.8186203768605945,8,71140,7994
CCGCTATC,0.83673203,0.8314229167525666,8,71140,7994
ATGGATCT,0.83662605,0.73646559188554,8,71140,7994
GGATCCTA,0.83655775,0.8347214777553292,8,71140,7994
CGAAGATA,0.8363159,0.8205170494371831,8,71140,7994
ACGCTATC,0.83593774,0.8316806168309074,8,71140,7994
ATAGAGAT,0.835634,0.8139096194285244,8,71140,7994
ATACCCAG,0.8345462,0.7966952541953572,8,71140,7994
AGGATACG,0.83407664,0.8015709396775657,8,71140,7994
ATACCGAA,0.8340287,0.7795942769966602,8,71140,7994
TATACTAG,0.83399034,0.8523378551107079,8,71140,7994
TGGATGAT,0.833974,0.856605368408032,8,71140,7994
TTCGTATC,0.833729,0.8128685111120274,8,71140,7994
ATACCTTC,0.83326495,0.8240114624994846,8,71140,7994
TATCTAAG,0.8332596,0.8843957448563065,8,71140,7994
GGATCTGA,0.8331692,0.7573496062342804,8,71140,7994
CTGATCAG,0.83313787,0.8358450500968952,8,71140,7994
ATGGATCG,0.83227503,0.849977322393106,8,71140,7994
TGATAGTA,0.8319429,0.9198243516266028,8,71140,7994
TATCCTTC,0.83183026,0.792293736857296,8,71140,7994
CGTATCCG,0.83157825,0.7735125551478167,8,71140,7994
CAGGATCC,0.8312485,0.7954892178287222,8,71140,7994
AAGGATCG,0.83105373,0.828464519853214,8,71140,7994
ATCTTCTA,0.8308469,0.834587473714592,8,71140,7994
TCAGATCG,0.83062434,0.8457613491114501,8,71140,7994
GGTTATAC,0.8302561,0.8326289531192017,8,71140,7994
TAGGATCT,0.8301389,0.7153032614521915,8,71140,7994
GCTATCCG,0.829834,0.811982022842535,8,71140,7994
GATCACGT,0.82975364,0.8278666556714633,8,71140,7994
TGTGATAG,0.8296293,0.9171133468024575,8,71140,7994
TATACATT,0.8295312,0.8349791778336701,8,71140,7994
GCGTATAT,0.82942796,0.8392569991341277,8,71140,7994
CTGTGATC,0.82942057,0.8210736816063993,8,71140,7994
CGATAGCC,0.829306,0.8534717354554076,8,71140,7994
ATCATTTA,0.8292233,0.8298561002762544,8,71140,7994
ATACGCAT,0.829188,0.8100235022471447,8,71140,7994
ATTATACG,0.8291242,0.8261452191481466,8,71140,7994
GATAGCCA,0.8290354,0.819898569249165,8,71140,7994
ATACCGTT,0.8289175,0.7447841504143817,8,71140,7994
AGTGAGAT,0.82869136,0.7453820145961325,8,71140,7994
ATACTCCC,0.8283975,0.7771718962602565,8,71140,7994
GCTATCGA,0.82823944,0.8144353275883396,8,71140,7994
AATATACG,0.8281957,0.7611017193749228,8,71140,7994
GCGTATCC,0.82764924,0.7786047086958313,8,71140,7994
CTATCGGA,0.82747877,0.8487609780233374,8,71140,7994
TGCGGATC,0.82729506,0.81318805920917,8,71140,7994
CATATCGT,0.8269602,0.943130746711747,8,71140,7994
TATACGGT,0.82674885,0.7752649156805343,8,71140,7994
AGATAATA,0.8266175,0.871881829052076,8,71140,7994
ATATAACT,0.8261999,0.8036325403042922,8,71140,7994
CACTGATC,0.82572424,0.8284439038469468,8,71140,7994
TATCTTAG,0.8255136,0.8613161258401023,8,71140,7994
CTTGATCC,0.82489324,0.9028161464561085,8,71140,7994
GCTGATCA,0.82487154,0.7539582732033151,8,71140,7994
GATCAGGT,0.82477295,0.801869871768441,8,71140,7994
GATCCGCG,0.82440007,0.8108275264915681,8,71140,7994
ACGAGATC,0.8243278,0.8017770997402383,8,71140,7994
GCACGATA,0.8242929,0.7922215808353607,8,71140,7994
CCAGATCA,0.8237419,0.9065373355873501,8,71140,7994
TTGTGATC,0.82335854,0.820630437471653,8,71140,7994
TAGGATAA,0.82321405,0.7935616212427329,8,71140,7994
TACGGGAT,0.8232002,0.8154661279017029,8,71140,7994
GATCAGTC,0.82302904,0.8238774584587475,8,71140,7994
GATCACGC,0.8228924,0.8160743000865872,8,71140,7994
ATCATCAA,0.8226446,0.8062610811033687,8,71140,7994
GATCGTAC,0.82257223,0.7983136106873376,8,71140,7994
AACGTATA,0.82250655,0.7448769224425845,8,71140,7994
TGGATCCA,0.8224971,0.8440089885787324,8,71140,7994
AAGATCGG,0.82246566,0.7220446955015875,8,71140,7994
ATTAGATC,0.8224131,0.7868923432152723,8,71140,7994
CCTATATA,0.822317,0.7946130375623633,8,71140,7994
AGTGGTAT,0.82216525,0.7709664783738094,8,71140,7994
ATATTAAC,0.82196903,0.808693769842906,8,71140,7994
ATCGTTAT,0.82185996,0.8133632952624418,8,71140,7994
ACTATCAG,0.8217368,0.8445346967385479,8,71140,7994
GATCATGC,0.8215778,0.7414134333896838,8,71140,7994
ATCGATCG,0.82149124,0.7779243804890117,8,71140,7994
TATACAGT,0.821424,0.7495567558652538,8,71140,7994
AATATCGG,0.8213285,0.8192903970642808,8,71140,7994
TGATCAGG,0.82114387,0.8691295922153961,8,71140,7994
TGGGGATC,0.8210262,0.7886550117511236,8,71140,7994
GGATCGGA,0.82091486,0.816445388199398,8,71140,7994
ATACGCTA,0.8205612,0.8114563146827196,8,71140,7994
GATCCAGT,0.82040644,0.7971694223395044,8,71140,7994
ATATAGTC,0.82034194,0.7860780109677153,8,71140,7994
ATACATTA,0.8203254,0.7995711870696408,8,71140,7994
CGGAGATC,0.82013834,0.823578526367872,8,71140,7994
CTATCCTA,0.81986094,0.7183028903640787,8,71140,7994
AGATGATC,0.81984663,0.9131756896054096,8,71140,7994
TTTATCCC,0.81982243,0.7951181297159114,8,71140,7994
ATACCGGT,0.81945693,0.8217643178163526,8,71140,7994
ATCCATAC,0.81928647,0.7143858491732982,8,71140,7994
ACGTGATC,0.8192445,0.8278666556714633,8,71140,7994
ATACGCCA,0.819029,0.7996639590978436,8,71140,7994
GATAGTGT,0.8185829,0.8464829093308044,8,71140,7994
CTGATCTT,0.8182806,0.8223827980043706,8,71140,7994
ACGGGATC,0.8178247,0.7644415123902198,8,71140,7994
CGGATAGC,0.8175942,0.811982022842535,8,71140,7994
ACTGGATA,0.81706476,0.8181771327258485,8,71140,7994
CGATCCTA,0.81696856,0.783531934193708,8,71140,7994
CGATCACT,0.8167914,0.7695955139570363,8,71140,7994
ATCTTAGA,0.8167882,0.8361645981940379,8,71140,7994
ATCATAGC,0.8167479,0.7530820929369563,8,71140,7994
TACCTGAT,0.8166493,0.8045190285737848,8,71140,7994
GATCTGAG,0.81662416,0.7839957943347214,8,71140,7994
GATAATCC,0.81642175,0.8185172968292582,8,71140,7994
TATCCCAA,0.816419,0.7795015049684576,8,71140,7994
CTATCGGT,0.81638944,0.8110439945573744,8,71140,7994
CGATATTT,0.81621754,0.7362800478291346,8,71140,7994
CGATAATA,0.815699,0.8548736238815817,8,71140,7994
ATAGGTAC,0.81543523,0.7680905454995257,8,71140,7994
TTGATGAT,0.8150554,0.8062610811033687,8,71140,7994
GCGGGATC,0.81504,0.7647919844967633,8,71140,7994
TAGTATAC,0.8150368,0.8136003793345153,8,71140,7994
TTGATCGG,0.81500506,0.6367047375582402,8,71140,7994
GATCTGCT,0.81483793,0.7849441306230157,8,71140,7994
CCGTATAA,0.81477815,0.746010802787284,8,71140,7994
ATGCGTAT,0.81471425,0.8100235022471447,8,71140,7994
GAGATAGC,0.81462353,0.7354863315878448,8,71140,7994
TATCCAAA,0.81392074,0.8352678019214119,8,71140,7994
CGGATCGC,0.8138144,0.831556920793304,8,71140,7994
AGATCGTA,0.8125999,0.8231765142456604,8,71140,7994
TACTATCA,0.81229734,0.9198243516266028,8,71140,7994
TCTGGTAT,0.81211805,0.8071063373603266,8,71140,7994
GATCCAGA,0.8117738,0.7899435121428278,8,71140,7994
ACGATCCA,0.8117316,0.7624211437760277,8,71140,7994
GATCGCGT,0.8116101,0.7664206489918772,8,71140,7994
GATCTTAG,0.8115375,0.7501340040407373,8,71140,7994
ATCGTCTC,0.8112724,0.8531624953613987,8,71140,7994
TGCTGATC,0.8111496,0.7938605533336083,8,71140,7994
TATCTGAC,0.8110805,0.7525151527646065,8,71140,7994
GTGCTATC,0.8109991,0.8007875314394096,8,71140,7994
GTCTATAT,0.81057954,0.7762544839813632,8,71140,7994
GATCGTTC,0.8104675,0.7276419412031501,8,71140,7994
CGATAGGT,0.81043303,0.8082299097018926,8,71140,7994
GATAGCTA,0.8101239,0.7874386673813549,8,71140,7994
GTATCCCA,0.8096361,0.7626273038387005,8,71140,7994
ATACATAA,0.80962956,0.7622974477384241,8,71140,7994
CGATCTGA,0.80954206,0.8457613491114501,8,71140,7994
GGCTATCA,0.80938995,0.9534799818579145,8,71140,7994
CCGATAGC,0.8091847,0.8141673195068652,8,71140,7994
ATCTGGAT,0.80906105,0.7670700531892963,8,71140,7994
GAATAGAT,0.80890214,0.7758833958685524,8,71140,7994
ATCACTCT,0.80858845,0.7710180183894776,8,71140,7994
TGAAGATC,0.8082239,0.8538634395744856,8,71140,7994
GCCTGATA,0.80772984,0.7901393642023666,8,71140,7994
TGATCCAA,0.80767035,0.9232672246732363,8,71140,7994
ATCTCAGA,0.8076041,0.8189399249577373,8,71140,7994
AGGATCCA,0.8071291,0.7970251102956335,8,71140,7994
TCGCGATC,0.80711293,0.8011998515647549,8,71140,7994
ATCAACAG,0.80692303,0.7890364078670681,8,71140,7994
TCTTAATA,0.80662227,0.7283016534037026,8,71140,7994
ATCCTCGA,0.8065485,0.7614109594689317,8,71140,7994
TATCTCGA,0.80607337,0.7897270440770214,8,71140,7994
AGCATATA,0.80605245,0.8036325403042922,8,71140,7994
ATCCCAAT,0.80599976,0.7810683214447698,8,71140,7994
TGATCTAA,0.8059212,0.7758833958685524,8,71140,7994
ATAATATG,0.80564165,0.7873974353688205,8,71140,7994
TGCCTATC,0.80547476,0.8499360903805715,8,71140,7994
CTTGTATA,0.805398,0.8200841133055704,8,71140,7994
GTATACTA,0.80537707,0.8136003793345153,8,71140,7994
GATCCTCG,0.8053211,0.8221354059291635,8,71140,7994
TGTGATCG,0.8051858,0.8446790087824186,8,71140,7994
AGCGATCT,0.80515325,0.7972518863645736,8,71140,7994
TCGTGATC,0.8051524,0.7874283593782213,8,71140,7994
ATCGCTGA,0.8051441,0.8620995340782583,8,71140,7994
ATACCAGA,0.80497134,0.8071063373603266,8,71140,7994
TTAGGATC,0.8047917,0.7642868923432152,8,71140,7994
ATGAGTAT,0.80470705,0.8179194326475075,8,71140,7994
ATCGGTTA,0.80448186,0.8178472766255721,8,71140,7994
ATACCTGT,0.80446887,0.7847173545540758,8,71140,7994
AGCCGATC,0.8041631,0.8444522327134788,8,71140,7994
TGATCAAT,0.8037777,0.7988599348534202,8,71140,7994
CTAGTGAT,0.8037371,0.7651630726095741,8,71140,7994
ATCCTTTA,0.80351377,0.816723704284006,8,71140,7994
ACTCGGAT,0.8032881,0.8429060322434339,8,71140,7994
ATCACCCT,0.80313516,0.8735311095534573,8,71140,7994
CCAGATCG,0.80283797,0.6555993073021894,8,71140,7994
CCCTATAT,0.8027483,0.8021688038593164,8,71140,7994
TATAGTAG,0.8027216,0.7902939842493713,8,71140,7994
ATATTTAG,0.80230343,0.7883870036696491,8,71140,7994
GATCAAGC,0.80217004,0.8098585741970066,8,71140,7994
TGAGGGAT,0.8020083,0.7452583185585289,8,71140,7994
GATAGCAT,0.8018439,0.7690079577784191,8,71140,7994
GATCCATG,0.80170965,0.8117964787861295,8,71140,7994
TTATCACT,0.8015863,0.7451346225209253,8,71140,7994
CGATCGTA,0.8015824,0.7940254813837463,8,71140,7994
TATGGGAT,0.8015684,0.8060652290438296,8,71140,7994
AGACGGAT,0.8015062,0.8397414752814086,8,71140,7994
TTATCCTT,0.8014568,0.7552570815981527,8,71140,7994
AGTATGAT,0.8013561,0.8060755370469632,8,71140,7994
ATACCAGT,0.80128825,0.8308456685770832,8,71140,7994
TATTTACC,0.8012812,0.6338391126870903,8,71140,7994
TAGTTATA,0.8012792,0.8145177916134086,8,71140,7994
GATCAACA,0.80098146,0.8014060116274276,8,71140,7994
ATCTTTGA,0.8008177,0.8126726590524883,8,71140,7994
TATCTGAG,0.80075645,0.7848307425885457,8,71140,7994
CTTAATAT,0.80039537,0.775666927802746,8,71140,7994
CGATAGGC,0.8001926,0.8005504473673359,8,71140,7994
CAGAGATC,0.800144,0.8498227023461016,8,71140,7994
AGCCGATA,0.80003166,0.7470725271100482,8,71140,7994
ATCGTGAT,0.79968834,0.7338988991052653,8,71140,7994
TGATAATC,0.7996172,0.7624108357728941,8,71140,7994
ATTGCTAT,0.79952186,0.7687708737063457,8,71140,7994
GATCGCTG,0.7993485,0.7568032820681977,8,71140,7994
ATCGCATA,0.79932487,0.7908403084154537,8,71140,7994
TATACGCA,0.79861647,0.7998701191605163,8,71140,7994
ATCTCCTA,0.7979069,0.7690285737846865,8,71140,7994
TGATTATA,0.79787743,0.7642868923432152,8,71140,7994
ACATATAC,0.7976837,0.773564095163485,8,71140,7994
GGATTGAT,0.7976699,0.7894796520018141,8,71140,7994
GTGGGTAT,0.79757196,0.8715622809549335,8,71140,7994
TTATTATC,0.797547,0.8290726920380984,8,71140,7994
TGCGTGAT,0.7975173,0.6779161340865048,8,71140,7994
CATATAGA,0.7974871,0.8284026718344122,8,71140,7994
CATCTATA,0.79747987,0.7703995382014596,8,71140,7994
TGGGATCC,0.79743516,0.7480311714014761,8,71140,7994
AGGAGTAT,0.79742825,0.8210324495938647,8,71140,7994
AGGATAAG,0.79742193,0.7716880385931637,8,71140,7994
GGGATCGT,0.79723036,0.8036634643136931,8,71140,7994
ATAGATCG,0.7969945,0.8290623840349647,8,71140,7994
ATCACAGA,0.79690313,0.7779346884921453,8,71140,7994
ATCGTGTA,0.796664,0.8349997938399373,8,71140,7994
CCAGGATC,0.7965397,0.7833154661279018,8,71140,7994
ATCTCTTT,0.7963306,0.7389910526532799,8,71140,7994
CGCTGATC,0.79623413,0.7885106997072527,8,71140,7994
CAGATAGC,0.796149,0.7027274976291592,8,71140,7994
ATCGGGTA,0.7960652,0.7954067538036531,8,71140,7994
CGATCGGT,0.79593,0.7531027089432235,8,71140,7994
CACCGTAT,0.79565454,0.7968911062548963,8,71140,7994
ATGAGGAT,0.7956,0.7560611058425762,8,71140,7994
GGCTATAC,0.79550314,0.6917700902981075,8,71140,7994
CTCAATAT,0.79521585,0.7480002473920753,8,71140,7994
TATACTCT,0.794922,0.8007978394425431,8,71140,7994
ACGATCTA,0.79489374,0.7333216509297819,8,71140,7994
GATAACTA,0.7947521,0.7369706840390879,8,71140,7994
TGGAGTAT,0.7946429,0.8276604956087906,8,71140,7994
GATCATGT,0.7941407,0.8787675751453429,8,71140,7994
CGATCTCT,0.7940604,0.6967900878241867,8,71140,7994
ATCAATCG,0.79367554,0.768987341772152,8,71140,7994
TGGATCCC,0.79351354,0.7613903434626644,8,71140,7994
GTGGATCG,0.7933423,0.8174968045190285,8,71140,7994
ACCTATCA,0.7933179,0.9280192141178412,8,71140,7994
ATCATTAC,0.7932186,0.7725642188595224,8,71140,7994
GATTAATC,0.79315424,0.8060343050344287,8,71140,7994
GTAGTGAT,0.7930776,0.817455572506494,8,71140,7994
TCTGATCG,0.79285926,0.7630499319671794,8,71140,7994
ATGGAGAT,0.7918347,0.7853049107326928,8,71140,7994
TAGTTATC,0.7916837,0.7369706840390879,8,71140,7994
TAATACGG,0.7916264,0.8419680039582732,8,71140,7994
TACGATCA,0.79144895,0.786170782995918,8,71140,7994
GATAGTCA,0.7909553,0.7618954356162125,8,71140,7994
GTACGATC,0.79063797,0.7983136106873376,8,71140,7994
GATCCGAC,0.79063535,0.8344843936832557,8,71140,7994
TCTATATT,0.7905538,0.9019502741928833,8,71140,7994
CGATCGCA,0.79047465,0.7846039665196058,8,71140,7994
GGCAGATA,0.79028714,0.6987279924133096,8,71140,7994
GGATAGGT,0.7901598,0.7428668618315261,8,71140,7994
GGCAGATC,0.7896936,0.7635447161175937,8,71140,7994
AGACGATC,0.78962,0.7827382179524183,8,71140,7994
GATCGCAT,0.78923917,0.7884797756978519,8,71140,7994
TTATCTTA,0.7888131,0.7817177256421886,8,71140,7994
CCTGTATA,0.7888106,0.7826248299179482,8,71140,7994
CGTATATT,0.7881912,0.7611017193749228,8,71140,7994
TATACGTA,0.7878177,0.8652331670308828,8,71140,7994
TTCAGATA,0.7877888,0.7781511565579516,8,71140,7994
ATCTCACT,0.7876799,0.7453820145961325,8,71140,7994
ATCCTATT,0.78747797,0.8596977693481219,8,71140,7994
TACGCGAT,0.7870208,0.7622355997196223,8,71140,7994
ACTGGATC,0.7870119,0.7971694223395044,8,71140,7994
CGAGGGAT,0.78694797,0.7843668824475323,8,71140,7994
TATCCAGT,0.78689384,0.8181771327258485,8,71140,7994
TGATCGCT,0.7868086,0.7848616665979467,8,71140,7994
GGCTGATC,0.78611326,0.7705026182327959,8,71140,7994
TAGATAGC,0.78604573,0.7684616336123367,8,71140,7994
ATCTTCCA,0.7858628,0.7191172226116357,8,71140,7994
AGATCGGA,0.78572285,0.8195274811363542,8,71140,7994
AGCCGTAT,0.7856252,0.7537418051375088,8,71140,7994
ATACACTA,0.7856135,0.8526986352203851,8,71140,7994
AATCTGAT,0.7853111,0.8021688038593164,8,71140,7994
GTATTGGT,0.78524894,0.7852224467076238,8,71140,7994
ATCTCGAT,0.78523,0.8181668247227147,8,71140,7994
ACGCGATC,0.7851808,0.7664206489918772,8,71140,7994
ATCCATCC,0.7850445,0.83509256586814,8,71140,7994
CGGATAAT,0.78502774,0.8650166989650765,8,71140,7994
ATTAGTAT,0.7850083,0.7976229744773843,8,71140,7994
ACGTATAC,0.7848748,0.7655135447161175,8,71140,7994
GGATCGAA,0.7848282,0.7953139817754504,8,71140,7994
ATCTACTA,0.784307,0.8418339999175359,8,71140,7994
CGTATGAT,0.7842996,0.7849441306230157,8,71140,7994
CCGGATAG,0.78398204,0.8190223889828063,8,71140,7994
GAGATCTC,0.7832587,0.8436069764565208,8,71140,7994
ATCATTAA,0.78323305,0.8759225662804602,8,71140,7994
AAGAGATC,0.78312385,0.8239908464932173,8,71140,7994
CCATGATC,0.78311527,0.8021997278687173,8,71140,7994
CATAATAC,0.78296226,0.7319197625036079,8,71140,7994
GATCTTTA,0.7828817,0.7922009648290933,8,71140,7994
TATGCGAT,0.782749,0.7908403084154537,8,71140,7994
AAAAATAT,0.78274417,0.8251144188347833,8,71140,7994
CCGCGATA,0.78257847,0.8344637776769884,8,71140,7994
CGTATAGA,0.78245616,0.7608852513091166,8,71140,7994
TGCATGAT,0.7820807,0.8118480188017977,8,71140,7994
CGTATACT,0.78192616,0.7390116686595473,8,71140,7994
CTTGATCT,0.78170073,0.8341545375829794,8,71140,7994
CGATCTTA,0.78157175,0.7262091287675752,8,71140,7994
GATCGCGG,0.7814878,0.7671731332206326,8,71140,7994
CTGTATTA,0.7806552,0.7314249783531934,8,71140,7994
GATCCCGT,0.7806263,0.7644415123902198,8,71140,7994
ATATAATG,0.7804223,0.7618438956005442,8,71140,7994
ATGATAAT,0.7804036,0.7612357234156599,8,71140,7994
AGGCGTAT,0.78034693,0.7855110707953656,8,71140,7994
AATGATAA,0.780194,0.7334659629736527,8,71140,7994
GCAGGTAT,0.77955747,0.7598956830082877,8,71140,7994
TAATTATC,0.7795258,0.7437224260916175,8,71140,7994
CCAGTATA,0.77890646,0.7323011586195523,8,71140,7994
ATACGACA,0.7787621,0.761936667628747,8,71140,7994
CCGTGATC,0.778357,0.8100853502659464,8,71140,7994
CGATCTTC,0.7783073,0.7649878365563023,8,71140,7994
TCCAGATC,0.77828455,0.709139075578279,8,71140,7994
GATCAGGC,0.7782384,0.7512369603760359,8,71140,7994
AGGATAGG,0.77789146,0.7873458953531521,8,71140,7994
TCATATAA,0.7775428,0.7293736857296005,8,71140,7994
ATGATCGA,0.7773372,0.7217457634107121,8,71140,7994
TCGGAGAT,0.7771934,0.8427823362058302,8,71140,7994
ATACCGAG,0.7768339,0.7185708984455532,8,71140,7994
GAGAGATC,0.77670175,0.7970251102956335,8,71140,7994
CGAAGATC,0.7765674,0.7364965158949408,8,71140,7994
TCATATAG,0.7762103,0.7331979548921783,8,71140,7994
TTATACTG,0.77556324,0.7831711540840309,8,71140,7994
AGATCCTA,0.7755288,0.7153032614521915,8,71140,7994
ATACGGGT,0.7754142,0.8022203438749845,8,71140,7994
ATCTGCTA,0.7751846,0.7572465262029441,8,71140,7994
ATCTTCGA,0.7751308,0.773842411248093,8,71140,7994
ATATTGCT,0.775118,0.6627427534737972,8,71140,7994
GAACGTAT,0.77508307,0.7850678266606194,8,71140,7994
GATAGTGG,0.77501994,0.7812332494949078,8,71140,7994
ATATGGAA,0.7750155,0.751906980579722,8,71140,7994
ATCCCTAC,0.77471304,0.8007462994268751,8,71140,7994
GATAACAA,0.7747078,0.73635220385107,8,71140,7994
TTTTCGAT,0.7747031,0.7905001443120439,8,71140,7994
GATCAAGT,0.77444077,0.8437203644909909,8,71140,7994
TAGATAGA,0.77407897,0.7797592050467984,8,71140,7994
GCCGATCC,0.7738123,0.7828825299962892,8,71140,7994
CGATCATT,0.7734871,0.7711314064239475,8,71140,7994
GGATGGAT,0.7732661,0.83509256586814,8,71140,7994
GATCGTGC,0.77324843,0.7648332165092978,8,71140,7994
TCATCTGA,0.7730981,0.791953572753886,8,71140,7994
AGCTATCT,0.7723969,0.7645549004246898,8,71140,7994
ATCCATAA,0.77226937,0.7209829711788232,8,71140,7994
ATCGGATT,0.7717462,0.785356450748361,8,71140,7994
TAGATTAT,0.7716627,0.7228177957366099,8,71140,7994
CATCGATC,0.77165776,0.7170762379911764,8,71140,7994
TAGCGTAT,0.7716259,0.8114563146827196,8,71140,7994
GATCAACT,0.7715478,0.7529274728899517,8,71140,7994
GATAACAC,0.77128035,0.7185399744361523,8,71140,7994
TAGCATAT,0.7712253,0.7776769884138045,8,71140,7994
ATCACGAT,0.77120805,0.7338988991052653,8,71140,7994
AGGATAGT,0.7707978,0.8173524924751576,8,71140,7994
TTAGTATA,0.7706094,0.7311054302560508,8,71140,7994
TAATACGT,0.7705221,0.8198882612460314,8,71140,7994
ATACGGAG,0.76993644,0.5888034469962479,8,71140,7994
CGATCAGA,0.7697339,0.7630499319671794,8,71140,7994
ATCCCCAT,0.76891613,0.7171071620005772,8,71140,7994
AGTCGATA,0.7689158,0.7985713107656784,8,71140,7994
CTTTATAC,0.7689044,0.7113449882488764,8,71140,7994
AGACTGAT,0.76877517,0.7818517296829258,8,71140,7994
ATCTTCAA,0.76860523,0.7127778006844514,8,71140,7994
CTGATCGG,0.76851964,0.7075928751082341,8,71140,7994
ATGCGGAT,0.76849735,0.8264132272296211,8,71140,7994
TAGAGGAT,0.7684475,0.8202490413557086,8,71140,7994
TCTGTGAT,0.7680763,0.7779346884921453,8,71140,7994
ATCCCCGA,0.76800585,0.7955510658475239,8,71140,7994
CCTTGATC,0.76721394,0.6931410547148806,8,71140,7994
CGAATGAT,0.7668964,0.798416690718674,8,71140,7994
ATTGATCG,0.76673174,0.7216736073887766,8,71140,7994
ATAGGATG,0.7665545,0.7624623757885622,8,71140,7994
GCTATAAT,0.76585585,0.7819135777017276,8,71140,7994
AATATAGA,0.7656021,0.9019502741928833,8,71140,7994
GATAGTCG,0.76553655,0.7255494165670227,8,71140,7994
CGATCACG,0.7654005,0.7398363089102379,8,71140,7994
TGGATCTA,0.76534015,0.7782336205830207,8,71140,7994
ATCTATCG,0.76503134,0.7626994598606359,8,71140,7994
GCCTGATC,0.7649677,0.7512369603760359,8,71140,7994
TCTATACG,0.76488125,0.7608852513091166,8,71140,7994
GCTGATCG,0.76450944,0.6217890570238733,8,71140,7994
AGATAGGC,0.7642988,0.7589679627262607,8,71140,7994
CTATCATG,0.76422143,0.8851069970725272,8,71140,7994
TAACCTAT,0.7641897,0.7646167484434916,8,71140,7994
GAGTTATA,0.7641153,0.6919453263513793,8,71140,7994
GAGATCGG,0.76305145,0.6952438873541418,8,71140,7994
GATAACCT,0.76301056,0.7329196388075702,8,71140,7994
AGTTAGAT,0.7629943,0.7055415824846412,8,71140,7994
ACTGATCG,0.76247376,0.7787284047334351,8,71140,7994
TTATATTG,0.76244843,0.7113449882488764,8,71140,7994
AGATCGCA,0.76237905,0.7394033727786253,8,71140,7994
TCAATACA,0.7623249,0.7359811157382592,8,71140,7994
GTAATGAT,0.7622565,0.7725642188595224,8,71140,7994
ATCGGCTA,0.76218474,0.767554529336577,8,71140,7994
GGATCCGT,0.76217765,0.8424834041149548,8,71140,7994
CTGTATAC,0.76196504,0.8531109553457304,8,71140,7994
CGATCGCT,0.7617147,0.7859130829175771,8,71140,7994
TCGAGTAT,0.761615,0.8372057065105347,8,71140,7994
ATACCATG,0.7615024,0.7878200634972993,8,71140,7994
TATAGAGT,0.76133347,0.6997484847235393,8,71140,7994
TTTAGTAT,0.7611377,0.7182513503484106,8,71140,7994
AGAAGATC,0.76064575,0.8080443656454872,8,71140,7994
CTGCTATA,0.76049185,0.6948006432193955,8,71140,7994
GGAGATCG,0.76044494,0.7750278316084609,8,71140,7994
GGAAGATC,0.76032263,0.8077248175483446,8,71140,7994
ATCGCATC,0.76031435,0.759885375005154,8,71140,7994
TATAAACT,0.7601692,0.7365892879231435,8,71140,7994
TCGGGGAT,0.76006556,0.7955510658475239,8,71140,7994
ATAATCCG,0.7599757,0.8369480064321939,8,71140,7994
GGGATAGT,0.75995874,0.8045499525831856,8,71140,7994
ACGATAGC,0.7599406,0.811415082670185,8,71140,7994
TAACGGAT,0.75985307,0.8103224343380201,8,71140,7994
TCGTGGAT,0.7598425,0.6524244423370305,8,71140,7994
ATAGTGTC,0.75972265,0.7870366552591432,8,71140,7994
GCATGATC,0.7595469,0.7414134333896838,8,71140,7994
AAGTTATA,0.7594855,0.7422689976497753,8,71140,7994
TATACTGA,0.7594225,0.819166701026677,8,71140,7994
CGTTGATC,0.75919783,0.7669154331422917,8,71140,7994
ATGATAAG,0.7590276,0.7583597905413764,8,71140,7994
CTATCGCA,0.7589214,0.7131488887972622,8,71140,7994
ATCGTGTC,0.75864756,0.765420772687915,8,71140,7994
GGGTCTAA,0.7586256,0.6829567476188513,8,71140,7994
GCTATACG,0.75825167,0.7166433018595638,8,71140,7994
CAACTGAT,0.7575253,0.7263946728239806,8,71140,7994
ATGTATAG,0.7574488,0.7282501133880345,8,71140,7994
ATTATAGA,0.7573222,0.7849235146167485,8,71140,7994
CGATCCAA,0.75729203,0.6472807487733476,8,71140,7994
CAGGATAG,0.7572159,0.8073434214324001,8,71140,7994
GATCGTTG,0.7571129,0.7683173215684658,8,71140,7994
TAGAAGAT,0.75704694,0.834587473714592,8,71140,7994
ATCCTCCA,0.7569393,0.8045293365769183,8,71140,7994
TACTATAC,0.7568604,0.8432771203562445,8,71140,7994
CTATATGG,0.7568343,0.7086030594153301,8,71140,7994
TTGATAAG,0.7565789,0.7697192099946399,8,71140,7994
TAGCCGAT,0.75596523,0.767554529336577,8,71140,7994
AAAAATAC,0.7559345,0.6907908300004123,8,71140,7994
AGCAATAC,0.755437,0.7569888261246032,8,71140,7994
CTATCCGT,0.755418,0.760081227064693,8,71140,7994
ATCGGTAA,0.7551753,0.7768935801756482,8,71140,7994
GTTTTATA,0.75478154,0.7057374345441801,8,71140,7994
TATACTTT,0.75472033,0.7589473467199934,8,71140,7994
CGATCGGA,0.75465375,0.7458355667340123,8,71140,7994
CAGGATCG,0.7545863,0.7221374675297902,8,71140,7994
ATACGAAT,0.75445354,0.657547519894446,8,71140,7994
CTGATAGA,0.75418866,0.7016657733063951,8,71140,7994
ATCCCTTC,0.75416887,0.7356306436317157,8,71140,7994
TATCTGGC,0.75389516,0.6669174947429184,8,71140,7994
AGTATAAC,0.75387704,0.7448769224425845,8,71140,7994
CGCAGATA,0.75382185,0.8410505916793799,8,71140,7994
ATCGGATG,0.7531872,0.7315280583845298,8,71140,7994
GATAAGGT,0.753169,0.7297963138580794,8,71140,7994
CACGGTAT,0.75273126,0.7927163649857749,8,71140,7994
TATTAGTA,0.7527257,0.7270234610151322,8,71140,7994
AAGATCGC,0.75243986,0.6907186739784769,8,71140,7994
GATAGCGT,0.7522948,0.8316806168309074,8,71140,7994
GGGATCTG,0.7521234,0.7000061848018801,8,71140,7994
CGATAATC,0.75210273,0.7246938523069311,8,71140,7994
ATCTACAA,0.7519987,0.7069331629076816,8,71140,7994
CTATCTCT,0.75177646,0.8015812476806994,8,71140,7994
ACCTATCG,0.75151193,0.8082299097018926,8,71140,7994
AAATTATA,0.75147766,0.6815754751989445,8,71140,7994
GATCCACG,0.75140655,0.6940172349812395,8,71140,7994
CTAGTTAT,0.7512187,0.7524326887395374,8,71140,7994
CTGATAAG,0.75117123,0.7270646930276666,8,71140,7994
ATCACGGA,0.7511202,0.8436997484847235,8,71140,7994
TCATGTAT,0.75108314,0.810404898363089,8,71140,7994
ACGGATAG,0.75105,0.760081227064693,8,71140,7994
GTATACAA,0.750996,0.8055085968746134,8,71140,7994
CTATACCG,0.75090945,0.7001814208551519,8,71140,7994
TAATACAC,0.75036365,0.8180637446913784,8,71140,7994
ACTTGTAT,0.750265,0.8442254566445387,8,71140,7994
TCGTATAG,0.7501637,0.7410526532800066,8,71140,7994
CGTTATAC,0.75005853,0.7198697068403909,8,71140,7994
ATAGTCTA,0.74995357,0.7141281490949574,8,71140,7994
ATCATAGT,0.74968493,0.689285861542902,8,71140,7994
ATCATCGG,0.7492324,0.7352904795283057,8,71140,7994
TTGTATAC,0.7489466,0.8055085968746134,8,71140,7994
AGCGGGAT,0.748945,0.714643549251639,8,71140,7994
TCCAAGAT,0.74876064,0.7579062384034965,8,71140,7994
CATGGGAT,0.7485751,0.8308972085927515,8,71140,7994
AGATAATT,0.74832684,0.7477219313074671,8,71140,7994
GTGATCGA,0.748321,0.6956665154826206,8,71140,7994
CGCATATA,0.7481072,0.686306848637282,8,71140,7994
AGCTATAC,0.7480875,0.726518368861584,8,71140,7994
GATCAACC,0.7475526,0.7657712447944585,8,71140,7994
TTCCGATC,0.7473576,0.7404754051045233,8,71140,7994
GTTATCTA,0.7473295,0.7336515070300581,8,71140,7994
TTTTGTAT,0.74711204,0.7562878819115161,8,71140,7994
ATACACTG,0.7468815,0.7939945573743454,8,71140,7994
ATAACCAT,0.74651694,0.6845854121139653,8,71140,7994
TGAAGGAT,0.7462772,0.8000144312043872,8,71140,7994
TGTTTGAT,0.74611145,0.7828000659712201,8,71140,7994
GTGATAAT,0.7458854,0.7768626561662474,8,71140,7994
ACGATCGC,0.74562293,0.6581556920793304,8,71140,7994
GGATCTAG,0.7455449,0.6945326351379212,8,71140,7994
AAGGAGAT,0.7452662,0.7639364202366717,8,71140,7994
CTATACGG,0.7449776,0.7383313404527275,8,71140,7994
TCGTATTG,0.7449415,0.7448356904300499,8,71140,7994
CTGATGAT,0.74406254,0.7662969529542738,8,71140,7994
CGGATGAT,0.7438582,0.7648641405186988,8,71140,7994
TAGGCGAA,0.74348295,0.7328474827856347,8,71140,7994
CTGGTGAT,0.74334216,0.726858532964994,8,71140,7994
ATACAGTA,0.74326134,0.8538118995588175,8,71140,7994
CGATCTAG,0.7428789,0.7431142539067331,8,71140,7994
AGGTGTCA,0.7422129,0.9462643796643714,8,71140,7994
GATCGCAG,0.74214125,0.7496701438997238,8,71140,7994
GATCGTCC,0.7419901,0.7296726178204759,8,71140,7994
CGTGATCG,0.7414496,0.7398363089102379,8,71140,7994
CACCATAT,0.7413051,0.8778810868758504,8,71140,7994
ATTCCGAT,0.74104285,0.6412814909495733,8,71140,7994
CAGATCTG,0.7409573,0.7301055539520884,8,71140,7994
GCTATAGA,0.74060464,0.5768873953737682,8,71140,7994
TCTATATG,0.7405105,0.8284026718344122,8,71140,7994
GACAGATC,0.74013495,0.734888467406094,8,71140,7994
AGATAACA,0.73983496,0.7188698305364285,8,71140,7994
GTCCGATC,0.7397084,0.704170618067868,8,71140,7994
ACCGCTAT,0.7395249,0.5893085391497959,8,71140,7994
ATGCTGAT,0.7394923,0.6571351997691007,8,71140,7994
TAAGCTAT,0.7393083,0.736774831979549,8,71140,7994
CGATCGTG,0.7392468,0.7306106461056364,8,71140,7994
AATATTAA,0.73892736,0.7936543932709356,8,71140,7994
CGCGATCC,0.73885596,0.7733063950851441,8,71140,7994
CGATTATC,0.7387855,0.724642312291263,8,71140,7994
GCTATACA,0.73862934,0.7449181544551189,8,71140,7994
GTATATGG,0.7385802,0.7375479322145714,8,71140,7994
ATCTTTAA,0.7384218,0.7711210984208139,8,71140,7994
CTGAGATC,0.7379657,0.7830886900589618,8,71140,7994
AGTCGTAT,0.73792976,0.7331670308827775,8,71140,7994
CCTAGTAT,0.7378508,0.8167133962808726,8,71140,7994
CCTGATCG,0.7378221,0.6841730919886199,8,71140,7994
ATCCTTGA,0.7377989,0.8094050220591268,8,71140,7994
TATCCCAG,0.73778933,0.6644848060033811,8,71140,7994
ATATTCTT,0.73777103,0.7031810497670391,8,71140,7994
CGGTGTCA,0.737726,0.9133818496680823,8,71140,7994
ATAGCTAA,0.73755455,0.6822454954026306,8,71140,7994
CGATCAAT,0.7372247,0.7216736073887766,8,71140,7994
AGTTATCT,0.7368688,0.6480847730177709,8,71140,7994
ACTTATCC,0.7367277,0.7434338020038758,8,71140,7994
TGTATTGA,0.7365717,0.7359811157382592,8,71140,7994
TACAGATC,0.73653936,0.8168886323341442,8,71140,7994
ATGCCTAT,0.7364418,0.7036552179111862,8,71140,7994
TCTATAGG,0.73634493,0.7679256174493877,8,71140,7994
TTTGATCA,0.7361467,0.7343524512431452,8,71140,7994
CCGAGTAT,0.7358719,0.7362491238197337,8,71140,7994
GTGTTATC,0.7357684,0.7185399744361523,8,71140,7994
ATAATCTG,0.7356868,0.774574279470581,8,71140,7994
TACGATCT,0.7355896,0.8231765142456604,8,71140,7994
TGGATAAA,0.735448,0.7267245289242569,8,71140,7994
TCTATCAT,0.7352612,0.6616191811322311,8,71140,7994
CGTGGTAT,0.73522794,0.7042015420772688,8,71140,7994
GGATAATG,0.7348595,0.8036222323011587,8,71140,7994
ACGAGTAT,0.7348249,0.7401764730136479,8,71140,7994
CGAAGGAT,0.7347253,0.6466210365727951,8,71140,7994
ATCCCTAG,0.73466754,0.7444646023172391,8,71140,7994
TCGAGGAT,0.7345718,0.7614109594689317,8,71140,7994
TATGCTAT,0.7345469,0.7264668288459161,8,71140,7994
GATTAAAT,0.73410547,0.7527316208304128,8,71140,7994
TGGTATGA,0.73407364,0.6732259926607017,8,71140,7994
GGGTGTAA,0.73361266,0.8049210406959963,8,71140,7994
TTGCTATA,0.73360014,0.7405991011421267,8,71140,7994
ATAGCATT,0.7333759,0.6538469467694719,8,71140,7994
GGCGATCA,0.7331367,0.8739228136725353,8,71140,7994
ACCATGAT,0.7331032,0.7278893332783574,8,71140,7994
TAAAGATC,0.73298985,0.7922009648290933,8,71140,7994
CGGATTAC,0.7329768,0.7320743825506124,8,71140,7994
ATATGACT,0.73254645,0.8176411165628994,8,71140,7994
ATCAGTCA,0.7323378,0.7911701645157301,8,71140,7994
AGTATTTA,0.73227125,0.6712674720653116,8,71140,7994
CTTGATCA,0.7320672,0.7503401641034099,8,71140,7994
CTGGATCT,0.7319144,0.7292706056982642,8,71140,7994
CGATCCAC,0.7318295,0.8174968045190285,8,71140,7994
CCGATCAG,0.7318063,0.7075928751082341,8,71140,7994
AAGATGAT,0.73165536,0.7242918401847194,8,71140,7994
ATCTTGGA,0.7314924,0.7579062384034965,8,71140,7994
CCGGTGAT,0.73137677,0.7526182327959428,8,71140,7994
GTCGGGAT,0.731291,0.5968436894404816,8,71140,7994
GATCGATG,0.73128146,0.7170762379911764,8,71140,7994
GAGATCGT,0.7310488,0.7095101636910898,8,71140,7994
ATGGGATT,0.73087656,0.7347956953778914,8,71140,7994
ACAATATT,0.73074746,0.6453119201748237,8,71140,7994
ATAGACAT,0.73068094,0.6670102667711211,8,71140,7994
AGGGGGAT,0.7305676,0.8895394384199893,8,71140,7994
CTTGCTAT,0.73023486,0.6438378757267142,8,71140,7994
TACCGGAG,0.7295237,0.534232878406795,8,71140,7994
TCTATCGA,0.7292737,0.6953057353729435,8,71140,7994
ATACCAGG,0.7291771,0.8122397229208759,8,71140,7994
ATCCATTC,0.7291504,0.8022409598812519,8,71140,7994
AGAATTAT,0.7290578,0.5680637446913783,8,71140,7994
CAGATAAT,0.7290099,0.7225394796520018,8,71140,7994
GTTATCTT,0.72896314,0.7405578691295922,8,71140,7994
ATCACGTA,0.7288797,0.797210654352039,8,71140,7994
CGATAACC,0.728297,0.7354347915721766,8,71140,7994
CTGATTAT,0.7281821,0.7338267430833298,8,71140,7994
CTAAGGAT,0.728182,0.7155918855399332,8,71140,7994
GGATAAGA,0.72816145,0.6996866367047375,8,71140,7994
AAACTGAT,0.7279172,0.7710180183894776,8,71140,7994
ATGTTGTA,0.7274622,0.7338576670927308,8,71140,7994
TTGATTAT,0.7272974,0.6482909330804437,8,71140,7994
AATTTATA,0.7272786,0.6829773636251185,8,71140,7994
CTGTTTAT,0.72719616,0.6706592998804272,8,71140,7994
CGTATTAC,0.72704184,0.731940378509875,8,71140,7994
AGCATGAT,0.72694594,0.733795819073929,8,71140,7994
GAGATAAC,0.7263968,0.698521832350637,8,71140,7994
TCTGCTAT,0.7263073,0.6732053766544345,8,71140,7994
GTCATGAT,0.72606754,0.7233435038964252,8,71140,7994
CATAGGAT,0.7258115,0.685770832474333,8,71140,7994
CAGTTATC,0.7255478,0.7507524842287552,8,71140,7994
TCGGTGAT,0.7255068,0.8347317857584629,8,71140,7994
TATATTCG,0.72534794,0.7228590277491445,8,71140,7994
GCATAGAT,0.7253411,0.7737084072073558,8,71140,7994
ATGTAATA,0.7253127,0.7960149259885375,8,71140,7994
ATACTAGT,0.7252369,0.7895311920174823,8,71140,7994
AGGGTTAT,0.72498953,0.5787222199315548,8,71140,7994
TGTATAGT,0.7248415,0.7663484929699418,8,71140,7994
ATAGCTAC,0.72452885,0.7587927266729889,8,71140,7994
GATCGGAA,0.7241773,0.7404754051045233,8,71140,7994
TATAGACT,0.72392845,0.6434358636045026,8,71140,7994
TAAGCGAT,0.7238735,0.6892343215272337,8,71140,7994
ATCACTGG,0.7238227,0.6666804106708448,8,71140,7994
TATAGTTC,0.72378826,0.6776996660206984,8,71140,7994
TTATTGGT,0.72371876,0.38766338184966803,8,71140,7994
TCTTATCC,0.7236936,0.6996866367047375,8,71140,7994
GTGTGGAT,0.7236614,0.6817404032490826,8,71140,7994
TACTTGAT,0.7230319,0.7828516059868883,8,71140,7994
CGACGATC,0.7228486,0.6781841421679793,8,71140,7994
ATACTTCG,0.7228042,0.7656578567599884,8,71140,7994
ATCAGCAT,0.7227967,0.6571351997691007,8,71140,7994
ATACGACG,0.72234297,0.6123984661691337,8,71140,7994
TTCTCATA,0.7219995,0.6463117964787861,8,71140,7994
ACCCTCGA,0.72193825,0.4704881870284089,8,71140,7994
ATGGCTGA,0.72177905,0.44999587679874653,8,71140,7994
GTCAGGAT,0.7216772,0.7295076897703378,8,71140,7994
ATCTGTAG,0.72151685,0.5159052488351956,8,71140,7994
CGTATACG,0.7214477,0.7469385230693111,8,71140,7994
CACGATAG,0.72131944,0.7798004370593328,8,71140,7994
TACGTGTA,0.7211893,0.6888116933987548,8,71140,7994
GTGTATAG,0.7210901,0.7628025398919722,8,71140,7994
ATACCAGC,0.72106135,0.6819362553086217,8,71140,7994
AGCGTGAT,0.720629,0.5424689729105677,8,71140,7994
ATACGCCC,0.7205652,0.7018822413722015,8,71140,7994
CCCTATCA,0.7204317,0.9469343998680575,8,71140,7994
CTAGATAG,0.7203232,0.7013668412155197,8,71140,7994
ATCTTGCA,0.720044,0.726858532964994,8,71140,7994
CGATCAGC,0.7199336,0.6217890570238733,8,71140,7994
TATAGCAC,0.71973234,0.673865088854987,8,71140,7994
GATAATCG,0.7195093,0.724642312291263,8,71140,7994
GAATATTA,0.71931696,0.6855234403991258,8,71140,7994
CCACCTAT,0.71911705,0.6266235104935471,8,71140,7994
ATGTGGAT,0.7187809,0.7097678637694307,8,71140,7994
GTACTGAT,0.718611,0.7197460108027872,8,71140,7994
GACTATAG,0.7180966,0.6287469591390756,8,71140,7994
CCTCTGAT,0.7180799,0.5500762792231889,8,71140,7994
ATCCGCTA,0.71792185,0.7289201335917206,8,71140,7994
ATCATAGG,0.717625,0.7426400857625861,8,71140,7994
ATCCTCCT,0.7175875,0.8236197583804066,8,71140,7994
TTTGATCG,0.71739554,0.6320970601575063,8,71140,7994
ACATATAG,0.7170574,0.7214777553292376,8,71140,7994
ATCCTTCC,0.7170298,0.6890900094833629,8,71140,7994
ACAGTATT,0.71605355,0.7424030016905125,8,71140,7994
GATCGTGG,0.71593696,0.6553003752113141,8,71140,7994
GTAGAATA,0.7159283,0.6119449140312538,8,71140,7994
GGATCTGT,0.7155159,0.7048715622809549,8,71140,7994
TGTATAAA,0.71539176,0.7401455490042469,8,71140,7994
ATCATGTG,0.71533597,0.8646868428648004,8,71140,7994
ATCCCCAG,0.71514726,0.7478559353482044,8,71140,7994
GGCGTATT,0.7150966,0.6954706634230817,8,71140,7994
ATGTTGGA,0.71488637,0.6090277491444357,8,71140,7994
CCAAGATC,0.71443045,0.7635447161175937,8,71140,7994
TCATATTG,0.71417713,0.6985527563600379,8,71140,7994
ATCATGTT,0.7141739,0.7071083989609533,8,71140,7994
ATCCGCAT,0.7141293,0.8264132272296211,8,71140,7994
ATAGTACA,0.7140228,0.7162412897373521,8,71140,7994
CCCGATCG,0.7139828,0.7832948501216344,8,71140,7994
TGTTGTAT,0.7139204,0.8142394755288006,8,71140,7994
GTATATTT,0.713062,0.8809013317940049,8,71140,7994
ATGGGTCA,0.71267366,0.6345606729064445,8,71140,7994
CCCAGTAT,0.71254206,0.6618665732074384,8,71140,7994
ATATGAGT,0.71246016,0.8400197913660166,8,71140,7994
AGTATAGT,0.7120893,0.7917164886818125,8,71140,7994
CCTTATAC,0.7115673,0.6537129427287346,8,71140,7994
AGATCGTG,0.71136236,0.6981816682472272,8,71140,7994
ATCCTCCG,0.7110996,0.8072712654104647,8,71140,7994
ACGTATTG,0.7109829,0.6395497464231229,8,71140,7994
CATATGGT,0.710932,0.605172555972457,8,71140,7994
AAAACTAT,0.71087027,0.6877293530697234,8,71140,7994
TCTACGAT,0.71069944,0.7074897950768977,8,71140,7994
GTGTATAA,0.7106235,0.6760710015255844,8,71140,7994
GTCTCATA,0.7104329,0.7406712571640621,8,71140,7994
ATCAACTA,0.7101727,0.7073867150455614,8,71140,7994
ATCTCATT,0.710134,0.7829959180307592,8,71140,7994
ATATAAGT,0.7101305,0.7436193460602812,8,71140,7994
CGATCCAG,0.7100782,0.6694944955263267,8,71140,7994
TGTCGTAT,0.7099668,0.761936667628747,8,71140,7994
GCTAGGAT,0.7099602,0.6485795571681854,8,71140,7994
TGCAGTAT,0.7099302,0.7200449428936626,8,71140,7994
ATAGCTGA,0.70965767,0.6665154826207067,8,71140,7994
ACAGGGAT,0.7096333,0.6933884467900878,8,71140,7994
ACGGTGTA,0.7095667,0.6283758710262648,8,71140,7994
GTATAAGC,0.70938885,0.6989856924916504,8,71140,7994
TTGATACT,1.046909,0.9781985733723663,9,81160,8993
TGTGATAT,1.0073397,0.9771986970684039,9,81160,8993
GGTATCAA,0.9998642,0.9929802498659959,9,81160,8993
AGTGATAC,0.9961057,0.9879602523399167,9,81160,8993
AGTATCAA,0.9947113,0.9781985733723663,9,81160,8993
GATATCAC,0.99427426,0.9942172102420319,9,81160,8993
GATATCAA,0.994012,0.9935059580258113,9,81160,8993
CTGATACT,0.9932058,0.9653548014678596,9,81160,8993
ATATACCC,0.9927622,0.9668803859316373,9,81160,8993
CATATCAC,0.99220836,0.9574897950768978,9,81160,8993
TTGATACG,0.9892559,0.982589782707294,9,81160,8993
CATATCAT,0.9849442,0.9850946274687667,9,81160,8993
ATGATACC,0.9845027,0.989691996866367,9,81160,8993
CGTATCAG,0.9844606,0.9283284542118501,9,81160,8993
TGATATAC,0.9843935,0.9713334432853667,9,81160,8993
GGTGATAC,0.9805484,0.9883519564589948,9,81160,8993
ATGATACG,0.9791161,0.9847338473590895,9,81160,8993
ACGTATCA,0.97879016,0.9831051828639755,9,81160,8993
AGTATCAT,0.97830486,0.9804354100523647,9,81160,8993
TTGATATG,0.97177374,0.9700449428936627,9,81160,8993
TAGATATC,0.9711733,0.9729827237867481,9,81160,8993
GTATCGAT,0.97069514,0.9539541500020616,9,81160,8993
ATCATATC,0.9693277,0.9700243268873954,9,81160,8993
AGATATAT,0.9686681,0.9442955510658475,9,81160,8993
TGATATGC,0.9682003,0.9712303632540304,9,81160,8993
GATACCCC,0.9664476,0.9909186492392693,9,81160,8993
GATATGAT,0.96472454,0.9700243268873954,9,81160,8993
TGATACAT,0.9627167,0.9839298231146664,9,81160,8993
CGATACCT,0.9626529,0.9741062961283141,9,81160,8993
AGATATAC,0.96240246,0.9360285325526739,9,81160,8993
CGGATATC,0.9614291,0.9737352080155032,9,81160,8993
CGGATCAC,0.9596473,0.9404197418876016,9,81160,8993
GATATCAG,0.95838785,0.9750546324166083,9,81160,8993
AGCGATAC,0.9514171,0.9320496433430916,9,81160,8993
ATATCGGA,0.9510218,0.9331732156846575,9,81160,8993
CTTGATAC,0.94979703,0.9517276213251968,9,81160,8993
GATATCCA,0.9496889,0.9623242485465716,9,81160,8993
GATCCGAT,0.94742286,0.8946625159774049,9,81160,8993
TCGATACC,0.947019,0.9541500020616006,9,81160,8993
TAGATACC,0.9459132,0.9621490124932999,9,81160,8993
CGATATCT,0.94392276,0.9444501711128521,9,81160,8993
ATATCGTT,0.94157684,0.9541293860553334,9,81160,8993
CGATACAT,0.94114244,0.9130107615552714,9,81160,8993
TATCAATC,0.939132,0.9094751164804356,9,81160,8993
GGTATCTA,0.9388459,0.9621490124932999,9,81160,8993
AGATACAT,0.9380065,0.8786438791077392,9,81160,8993
GATATATT,0.93602264,0.9091452603801592,9,81160,8993
ATATCAAT,0.933627,0.9782604213911682,9,81160,8993
TATAGATA,0.9331702,0.923947552880056,9,81160,8993
CTGATATG,0.9320986,0.9595513957036244,9,81160,8993
GATACTAT,0.93111277,0.9461509916299015,9,81160,8993
GGAGATAC,0.9307132,0.9121964293077146,9,81160,8993
ATCCGATA,0.9268981,0.9627674926813178,9,81160,8993
GATACTCC,0.9265133,0.9356574444398631,9,81160,8993
CTGTATCA,0.92462313,0.9472436399620665,9,81160,8993
CGTATCTA,0.9243096,0.8790046592174164,9,81160,8993
GTGATATT,0.9228226,0.9453057353729436,9,81160,8993
CTATATCA,0.9221008,0.9728693357522781,9,81160,8993
TCCGATAC,0.921479,0.9536449099080526,9,81160,8993
AGAGTATC,0.92136014,0.9597369397600297,9,81160,8993
CCGATACT,0.92101943,0.9145363460190493,9,81160,8993
CGATATCC,0.9204937,0.9825485506947594,9,81160,8993
GATATCTG,0.9188682,0.9682719663546777,9,81160,8993
CAGTATCA,0.9183121,0.970684039087948,9,81160,8993
TGGATACC,0.9181042,0.9057848513585948,9,81160,8993
TGATATAG,0.9177376,0.9728693357522781,9,81160,8993
GGAGTATC,0.91724235,0.9356574444398631,9,81160,8993
TAGATACG,0.9155596,0.8790046592174164,9,81160,8993
CGATACTC,0.91459405,0.9335443037974684,9,81160,8993
TATCATAC,0.9139079,0.9734362759246279,9,81160,8993
GATAGGAT,0.91375804,0.9053622232301158,9,81160,8993
CTGTGATA,0.91344,0.9134436976868842,9,81160,8993
TGATAGCT,0.9122262,0.9469653238774585,9,81160,8993
CGTATATC,0.91102016,0.8703871685976992,9,81160,8993
GCTATCAC,0.9089953,0.9339669319259473,9,81160,8993
CGGTGATA,0.9089683,0.9123407413515854,9,81160,8993
GATACGGT,0.90795183,0.9359769925370057,9,81160,8993
CGTATCGT,0.90760785,0.8959613243722425,9,81160,8993
ATGATAGT,0.9073318,0.9216901001937905,9,81160,8993
GTGGTATC,0.90667796,0.9176184389560055,9,81160,8993
GATAGCCG,0.9048949,0.9045066589700244,9,81160,8993
TAAGTATC,0.9044516,0.9067125716406219,9,81160,8993
ATGTATCG,0.90440243,0.9130107615552714,9,81160,8993
CAGATCAC,0.90359825,0.8790458912299509,9,81160,8993
TGTATATC,0.9018611,0.9114336370758258,9,81160,8993
CGATACGC,0.9010645,0.8412876757514534,9,81160,8993
AGATAGAT,0.9008926,0.8064363171566404,9,81160,8993
GATACGGA,0.8996148,0.9055786912959222,9,81160,8993
TTGATCCG,0.8990996,0.9298024986599597,9,81160,8993
ATCCTATC,0.8984482,0.9053622232301158,9,81160,8993
TATCAGTT,0.89747465,0.9296169546035542,9,81160,8993
GGATCACG,0.8974503,0.8695934523564095,9,81160,8993
TGTTGATA,0.89630365,0.9309466870077928,9,81160,8993
CGCATATC,0.89584625,0.9181132231064199,9,81160,8993
ATGATCCG,0.89583266,0.9577165711458376,9,81160,8993
TGATCTCC,0.8955284,0.9254731373438339,9,81160,8993
GGATCAGA,0.89532244,0.9028367624623759,9,81160,8993
TGAGTATC,0.89473546,0.9193192594730549,9,81160,8993
GTATCCTG,0.8946743,0.7551024615511482,9,81160,8993
ATAGGATA,0.8941252,0.9287098503277945,9,81160,8993
CAGATACC,0.89371955,0.905918855399332,9,81160,8993
AGTTGATA,0.89287,0.9025996783903022,9,81160,8993
GATATGCG,0.8928168,0.9181132231064199,9,81160,8993
GCAGTATC,0.89234924,0.8951882241372201,9,81160,8993
ATATCGTG,0.8914075,0.8611924298024987,9,81160,8993
AGAGATAC,0.89124,0.8931472395167608,9,81160,8993
AGTATATC,0.8911334,0.937770585082258,9,81160,8993
TAGATCAT,0.89063835,0.9150826701851317,9,81160,8993
TGATCATC,0.89012086,0.8891168102915104,9,81160,8993
TATATCAT,0.8893225,0.9571908629860224,9,81160,8993
CTGATCCC,0.8890849,0.8838906527027585,9,81160,8993
GATCCGTT,0.88854337,0.8721395291304168,9,81160,8993
ATATCGAA,0.88790905,0.9011565579515937,9,81160,8993
GATCCGTA,0.88772637,0.8923019832598029,9,81160,8993
GTGATAGG,0.8876784,0.9200408196924091,9,81160,8993
TGTATCGT,0.8875588,0.9111553209912175,9,81160,8993
GTGATCCG,0.8871701,0.9404197418876016,9,81160,8993
ATATCAGG,0.88585436,0.9049808271141714,9,81160,8993
TATCGGCT,0.884391,0.7470725271100482,9,81160,8993
ACGATATT,0.8838419,0.853038799323795,9,81160,8993
GTGATAGT,0.8835757,0.9081866160887313,9,81160,8993
GGTATCTG,0.883448,0.905918855399332,9,81160,8993
AGCTATCA,0.88340014,0.9469653238774585,9,81160,8993
ATATCCTT,0.88277435,0.8856945532511441,9,81160,8993
TGTATACC,0.88271,0.8118480188017977,9,81160,8993
CTACGATA,0.8826257,0.8402465674349565,9,81160,8993
TATAATCT,0.882359,0.787716983465963,9,81160,8993
GGGATATG,0.8817307,0.8628932503195481,9,81160,8993
ATCAGATC,0.8813654,0.9148146621036574,9,81160,8993
ATGATCTG,0.88125664,0.8980435410052365,9,81160,8993
ACTATATC,0.88017493,0.921875644250196,9,81160,8993
GGGATCAG,0.8796782,0.8838906527027585,9,81160,8993
CTATATCC,0.87901294,0.9028264544592421,9,81160,8993
AGATCAGT,0.8789469,0.9038778707788728,9,81160,8993
CGATACCG,0.8787835,0.8815919680039583,9,81160,8993
GAGATCCG,0.8783526,0.746825135034841,9,81160,8993
ATATCTCA,0.87761724,0.9295138745722179,9,81160,8993
ATATCGCA,0.87617195,0.8872819857337237,9,81160,8993
GGATATGG,0.87544477,0.8519358429884962,9,81160,8993
ATAGGATC,0.8742473,0.8761184183399991,9,81160,8993
GAATATAT,0.87419724,0.8696243763658104,9,81160,8993
CCCGTATC,0.8732146,0.9411000700944213,9,81160,8993
GTATCTTG,0.8727753,0.8133323712530409,9,81160,8993
GATGTATC,0.87227917,0.9289881664124026,9,81160,8993
TACGGATC,0.8721123,0.8923019832598029,9,81160,8993
ATCATCTG,0.87194085,0.8649857749556756,9,81160,8993
TGTGTATC,0.8718991,0.8498123943429678,9,81160,8993
GTGATCAC,0.8717333,0.8470704655094216,9,81160,8993
GATACGCT,0.8714818,0.8690368201871933,9,81160,8993
GACATATC,0.8714109,0.929256174493877,9,81160,8993
TAGTATCT,0.8709343,0.8902094586236754,9,81160,8993
CTGATAGC,0.87064373,0.8950129880839484,9,81160,8993
TTGATCTA,0.8705343,0.8723972292087577,9,81160,8993
TCATAGAT,0.8703288,0.8860553333608213,9,81160,8993
ATGATCAC,0.8699938,0.902414134333897,9,81160,8993
GATCTGAT,0.86973906,0.9148146621036574,9,81160,8993
AGTATTAA,0.86969817,0.8267946233455655,9,81160,8993
GATACCAA,0.8695437,0.8976209128767576,9,81160,8993
AAGTGATC,0.86909854,0.9092792644208963,9,81160,8993
GTGATCAT,0.8688215,0.902414134333897,9,81160,8993
TATCCGTT,0.8674615,0.8903125386550117,9,81160,8993
ATCCGGAT,0.8674445,0.9082072320949985,9,81160,8993
GGTATCCA,0.8674303,0.9057848513585948,9,81160,8993
GATAGCCT,0.8672318,0.8948377520306767,9,81160,8993
AGACGATA,0.8671343,0.8732631014719828,9,81160,8993
AACTGATC,0.86584914,0.8914361109965778,9,81160,8993
TGATCTGA,0.865481,0.8206922854904548,9,81160,8993
CCGATACG,0.86447453,0.862419082175401,9,81160,8993
AAAGGATC,0.86438054,0.8642332907269203,9,81160,8993
GACGTATC,0.8643781,0.8763864264214737,9,81160,8993
ATGATCAT,0.8636874,0.8832721725147404,9,81160,8993
ATCATCGA,0.8633028,0.8878695419123408,9,81160,8993
GTATCTGG,0.86308646,0.9150414381725972,9,81160,8993
CTGATCTA,0.8628608,0.8753350101018431,9,81160,8993
GACTATCA,0.8627517,0.9098152805838453,9,81160,8993
GATATTCC,0.86227846,0.8710056487857173,9,81160,8993
ATGTGATC,0.86178404,0.8888900342225705,9,81160,8993
CTATCACA,0.86165893,0.9171133468024575,9,81160,8993
AAGGATCC,0.86109686,0.8204655094215149,9,81160,8993
AGGGGTAT,0.86008567,0.9302148187853049,9,81160,8993
GTATACCT,0.85997725,0.8547499278439781,9,81160,8993
ATCCTCTA,0.85960245,0.8202490413557086,9,81160,8993
ATACCCGA,0.85946906,0.8407207355791037,9,81160,8993
ATATAACC,0.8594077,0.8121057188801385,9,81160,8993
TGATAGGC,0.8593855,0.8911474869088359,9,81160,8993
GCGCGATA,0.8592861,0.8551210159567888,9,81160,8993
GATACTAG,0.8589462,0.8544819197625036,9,81160,8993
TGTATATA,0.85841095,0.8666556714633241,9,81160,8993
AGTATCTC,0.85814464,0.8924256792974066,9,81160,8993
GTGATCTC,0.8579162,0.8410299756731127,9,81160,8993
AGGTGATC,0.8571595,0.872696161299633,9,81160,8993
GGGATCCA,0.85695696,0.7613903434626644,9,81160,8993
AGGAGATC,0.8567761,0.87339710551272,9,81160,8993
ATACTGAT,0.85646623,0.8953325361810909,9,81160,8993
AGATACGG,0.8562953,0.8968787366511359,9,81160,8993
GTGATCTG,0.855628,0.8790458912299509,9,81160,8993
GGGGGTAT,0.85478365,0.9774667051498782,9,81160,8993
TATCTCCG,0.85465693,0.8316600008246403,9,81160,8993
ATACCCCT,0.8545382,0.9302148187853049,9,81160,8993
ACGATATG,0.85453296,0.943130746711747,9,81160,8993
CGGTATCT,0.85432285,0.8737888096317982,9,81160,8993
ATCATCCG,0.85404766,0.7648641405186988,9,81160,8993
GAGTATCT,0.8538221,0.919906815651672,9,81160,8993
TGTATGAT,0.8538164,0.8891992743165794,9,81160,8993
ATCCCTCT,0.8537258,0.8725209252463614,9,81160,8993
GTATCTCA,0.8532418,0.904290190904218,9,81160,8993
TATATTTA,0.85306424,0.840122871397353,9,81160,8993
CTGATCTG,0.85304177,0.8421844720240795,9,81160,8993
TGGGATAC,0.85296065,0.7626273038387005,9,81160,8993
TTAGTATC,0.85283875,0.9022285902774915,9,81160,8993
CAGTGATC,0.8525185,0.8977343009112275,9,81160,8993
ATATTATT,0.85247886,0.8197645652084278,9,81160,8993
AGATACGT,0.8522607,0.832031088937451,9,81160,8993
CGTATCTC,0.8521221,0.8834989485836804,9,81160,8993
CGGATACT,0.8517204,0.8700882365068239,9,81160,8993
AGATCAGA,0.85124004,0.8648002308992702,9,81160,8993
TCATATCC,0.8510871,0.8735414175565909,9,81160,8993
ACTCATAT,0.8510397,0.8400197913660166,9,81160,8993
ACAGATCA,0.8508411,0.8599245454170619,9,81160,8993
TTGATAGG,0.8507488,0.9102379087123244,9,81160,8993
CAGGGATC,0.8505475,0.823413598317734,9,81160,8993
TTTATACC,0.84983253,0.8669855275636005,9,81160,8993
TATCTAGG,0.8497394,0.8435038964251845,9,81160,8993
ATACCCGT,0.8492789,0.9023729023213624,9,81160,8993
GAGGGATC,0.8492559,0.8593576052447119,9,81160,8993
CGGATATG,0.84903145,0.8956314682719664,9,81160,8993
ATCGCGAT,0.84890956,0.902692450418505,9,81160,8993
CGGTATCG,0.8488847,0.8815919680039583,9,81160,8993
GTATCCAG,0.8479376,0.7903455242650393,9,81160,8993
TAATACCC,0.8476804,0.8883334020533543,9,81160,8993
TGTATCCC,0.8474951,0.8509462746876676,9,81160,8993
CTGATAGG,0.84748316,0.8798602234775079,9,81160,8993
GTATCTGT,0.8466946,0.8218777058508226,9,81160,8993
TATCAAAA,0.8455739,0.9173091988619965,9,81160,8993
GGTATCCG,0.8454217,0.8688615841339216,9,81160,8993
TGTATCTG,0.84539104,0.7973961984084443,9,81160,8993
ATTAATAC,0.8443351,0.9081866160887313,9,81160,8993
TATCCATA,0.8435431,0.8797571434461716,9,81160,8993
TCAGTATC,0.84298277,0.9182266111408898,9,81160,8993
AACCGTAT,0.8429773,0.8254545829381932,9,81160,8993
AGCTGATA,0.84283555,0.8572753886117183,9,81160,8993
TATACCCA,0.8427465,0.8711396528264546,9,81160,8993
ATATCTGG,0.84273577,0.8214756937286108,9,81160,8993
ATACTCCG,0.84242314,0.8411536717107162,9,81160,8993
ATATCCTG,0.8418969,0.8181152847070465,9,81160,8993
TATCACAG,0.84029543,0.9134436976868842,9,81160,8993
TGATCGGA,0.8395916,0.7079227312085102,9,81160,8993
ATACACAA,0.83890694,0.8003855193171979,9,81160,8993
TGACGATA,0.83832455,0.847956953778914,9,81160,8993
ATGATCCA,0.83826756,0.8873953737681937,9,81160,8993
CGCGTATC,0.83811736,0.8965179565414588,9,81160,8993
ATGTATCC,0.83782977,0.8799529955057107,9,81160,8993
CAGGATCA,0.8373052,0.8806848637281987,9,81160,8993
ATGCTATC,0.83717835,0.7690079577784191,9,81160,8993
ATCCCTTT,0.8370337,0.8154970519111038,9,81160,8993
TAGATCAG,0.8370147,0.8753350101018431,9,81160,8993
TGATCACT,0.83664954,0.8649239269368738,9,81160,8993
AGATAGGA,0.83655876,0.7904589122995093,9,81160,8993
CTGATAGT,0.83652496,0.8445346967385479,9,81160,8993
ATTATCCG,0.83623505,0.8650166989650765,9,81160,8993
AGATAGGT,0.83599496,0.8120438708613367,9,81160,8993
CGGGATAC,0.83585274,0.8025192759658599,9,81160,8993
CATATCCT,0.83545876,0.8899105265328,9,81160,8993
TGTATTAA,0.83533883,0.8588422050880304,9,81160,8993
GTGTATCC,0.83461595,0.81594029604585,9,81160,8993
GATATGAC,0.83394396,0.8708097967261782,9,81160,8993
ATGATCAG,0.83392346,0.8684904960211107,9,81160,8993
GATCCTAG,0.83325016,0.8520595390260999,9,81160,8993
CTATCGTT,0.83309674,0.8518224549540264,9,81160,8993
ATAGATAG,0.8328359,0.8819218241042345,9,81160,8993
CAGGGTAT,0.83278865,0.8422050880303468,9,81160,8993
GCGATCAC,0.8327184,0.8235476023584711,9,81160,8993
TAGGATCC,0.8323511,0.8347214777553292,9,81160,8993
TCAGATAC,0.83202785,0.8467509174122789,9,81160,8993
ACCCGATC,0.83194315,0.8435966684533872,9,81160,8993
CGGTGATC,0.8316009,0.8334535933698924,9,81160,8993
GATACAAT,0.83134264,0.8582855729188142,9,81160,8993
ATGAGATC,0.831296,0.8210942976126664,9,81160,8993
GCTATCAG,0.83095086,0.8950129880839484,9,81160,8993
TGATCATG,0.8306775,0.8585948130128231,9,81160,8993
GATCCTCG,0.8305178,0.8221354059291635,9,81160,8993
TGTAGTAT,0.8303887,0.8420813919927431,9,81160,8993
GTAATATA,0.83029056,0.8491217581330145,9,81160,8993
GGACGATA,0.82980895,0.8490083700985445,9,81160,8993
ATAGGGAT,0.8294245,0.8568424524801056,9,81160,8993
ATCACTTA,0.82942134,0.8542963757060983,9,81160,8993
AGATCCCC,0.829363,0.8292994681070384,9,81160,8993
TGATCGGT,0.82934487,0.8401125633942192,9,81160,8993
GATAGGTT,0.82879114,0.8143734795695378,9,81160,8993
GATAGCAG,0.82861614,0.8142497835319341,9,81160,8993
ATATTGGA,0.8285847,0.836556302313116,9,81160,8993
TCGATCCT,0.82844627,0.8301653403702636,9,81160,8993
ATACGGCT,0.82831955,0.7537418051375088,9,81160,8993
TATCCGCG,0.82823163,0.8130334391621655,9,81160,8993
GTATTAAC,0.8273655,0.8304642724611389,9,81160,8993
ATCAGACA,0.82691157,0.8004576753391334,9,81160,8993
TCGGATCG,0.8266094,0.8229806621861212,9,81160,8993
CGTATCCG,0.8264823,0.7735125551478167,9,81160,8993
CCGTATCG,0.82610524,0.9279985981115738,9,81160,8993
GAAGGATA,0.82571006,0.792293736857296,9,81160,8993
TCAGATCA,0.8256772,0.8206922854904548,9,81160,8993
GGATACTG,0.8256245,0.7667814291015544,9,81160,8993
AATGGATC,0.8253734,0.8683667999835072,9,81160,8993
TGATGATC,0.8253263,0.8802416195934523,9,81160,8993
AATAATAT,0.82526946,0.8197645652084278,9,81160,8993
ATCCCTAT,0.8252143,0.8568424524801056,9,81160,8993
ATCCTGAT,0.8250457,0.8729435533748402,9,81160,8993
TATCTACG,0.8247982,0.8199604172679669,9,81160,8993
GATCCGAA,0.8247547,0.8568218364738384,9,81160,8993
ATCTGTAT,0.8246671,0.8401537954067538,9,81160,8993
CGGATCTT,0.8238908,0.8325567970972663,9,81160,8993
GATGATCG,0.8237206,0.8672535356450748,9,81160,8993
CGTATACC,0.8233448,0.7658021688038593,9,81160,8993
ATACTTTA,0.823228,0.835906898115697,9,81160,8993
ATACCGCA,0.8231367,0.8421638560178122,9,81160,8993
AATCCTAT,0.8231176,0.7574011462499484,9,81160,8993
TATATCTC,0.82304215,0.9376984290603225,9,81160,8993
AGTATATG,0.8226694,0.7143549251638973,9,81160,8993
CGTAGATA,0.8223593,0.8199604172679669,9,81160,8993
GCAGGATA,0.82216036,0.6547540510452315,9,81160,8993
GTCGTATC,0.8218634,0.8717890570238733,9,81160,8993
TTCGGATC,0.82179725,0.8568218364738384,9,81160,8993
CCGTATCC,0.8216261,0.8267430833298973,9,81160,8993
TGAGGATA,0.8212686,0.8734383375252546,9,81160,8993
ATAGATCT,0.8212409,0.8018183317527728,9,81160,8993
CAATATCC,0.821089,0.8463592132932009,9,81160,8993
GCGTGATC,0.8209187,0.8160743000865872,9,81160,8993
CAAGGATC,0.8206607,0.8260421391168103,9,81160,8993
TATACTCG,0.82055616,0.7867377231682678,9,81160,8993
TGATCAAA,0.8202237,0.7343524512431452,9,81160,8993
CTGTATCT,0.81995213,0.7845524265039376,9,81160,8993
GTATCTCG,0.81985265,0.8160639920834536,9,81160,8993
AGGGGATC,0.81954145,0.8472147775532924,9,81160,8993
ACTGGTAT,0.8193928,0.8308456685770832,9,81160,8993
CCGATAGC,0.819169,0.8141673195068652,9,81160,8993
ATACCACA,0.8190591,0.794736733599967,9,81160,8993
CTGATCAG,0.81849426,0.8358450500968952,9,81160,8993
TGATAGTC,0.8184542,0.9098152805838453,9,81160,8993
AAGATCAG,0.81817675,0.8223827980043706,9,81160,8993
CTGTATCC,0.8181033,0.8475549416567023,9,81160,8993
CGATCTAT,0.817937,0.8290623840349647,9,81160,8993
ATCAATCA,0.8178251,0.8168886323341442,9,81160,8993
ATCGATAG,0.8177824,0.8683771079866408,9,81160,8993
ATACGCTA,0.81772065,0.8114563146827196,9,81160,8993
GTATACGG,0.8174225,0.8182080567352493,9,81160,8993
CGGATCCT,0.8171943,0.7550818455448811,9,81160,8993
AAGCGATC,0.8168209,0.7856347668329691,9,81160,8993
CGTGTATC,0.8167064,0.8884570980909577,9,81160,8993
CAGCTATC,0.8161771,0.8196717931802251,9,81160,8993
CCGATCTT,0.8161116,0.7220446955015875,9,81160,8993
ACGTGATC,0.815693,0.8278666556714633,9,81160,8993
AGATCGGA,0.8156274,0.8195274811363542,9,81160,8993
CTATACCT,0.8154556,0.854554075784439,9,81160,8993
GGATACGC,0.8153427,0.7786047086958313,9,81160,8993
GAGATCAG,0.8150736,0.80263266400033,9,81160,8993
TCGTGTAT,0.8148933,0.7349812394342968,9,81160,8993
GATCAGGT,0.8148596,0.801869871768441,9,81160,8993
CTGGTATA,0.81440973,0.7558446377767699,9,81160,8993
GATACGAA,0.8141581,0.8128685111120274,9,81160,8993
GATCCTGG,0.8135931,0.7833154661279018,9,81160,8993
CAGTATCT,0.8126292,0.8183626767822537,9,81160,8993
TTATCCTC,0.8125346,0.8463901373026017,9,81160,8993
ATCTTCTA,0.8124074,0.834587473714592,9,81160,8993
GGTAGATC,0.8122827,0.812796355090092,9,81160,8993
TAAGTGAT,0.81223416,0.8542963757060983,9,81160,8993
CGTAGATC,0.8118855,0.6811837710798665,9,81160,8993
CGATAGCA,0.81151223,0.7354760235847112,9,81160,8993
CGTATACA,0.81100196,0.8188574609326681,9,81160,8993
CTATATTA,0.810967,0.8606048736238815,9,81160,8993
TGTTGGAT,0.8106049,0.8221354059291635,9,81160,8993
ATGGGATC,0.8104665,0.8379169587267555,9,81160,8993
TAAGGATC,0.8102214,0.8385251309116397,9,81160,8993
ATCGGTAT,0.8100716,0.8075805055044737,9,81160,8993
CTAATACC,0.8099555,0.7856038428235682,9,81160,8993
ATACCTTC,0.8099464,0.8240114624994846,9,81160,8993
ATCGTGTA,0.80945975,0.8349997938399373,9,81160,8993
ATCGATCA,0.8093846,0.7863047870366553,9,81160,8993
ACCTATAC,0.80934703,0.8365356863068486,9,81160,8993
ATACTTGA,0.8093024,0.8240630025151527,9,81160,8993
CTCCTATC,0.80928814,0.7923143528635632,9,81160,8993
CAATATCG,0.8090246,0.8136003793345153,9,81160,8993
TATTAATC,0.8089117,0.8546056158001072,9,81160,8993
TATCATGC,0.80881417,0.9233084566857709,9,81160,8993
CGGATCCC,0.808627,0.7736053271760195,9,81160,8993
AGGGATCT,0.8085854,0.766905125139158,9,81160,8993
AGATACTG,0.8082143,0.8183626767822537,9,81160,8993
ATACAGAT,0.8081335,0.8401537954067538,9,81160,8993
ATCCGGCT,0.80795383,0.7302395579928257,9,81160,8993
AGATCCGA,0.8079074,0.779037644827444,9,81160,8993
TAGAGGAT,0.80787635,0.8202490413557086,9,81160,8993
GATAGGGA,0.807845,0.9140827938811694,9,81160,8993
CGTATAAC,0.80765927,0.7483507194986186,9,81160,8993
GATCTGTT,0.8073533,0.7906753803653157,9,81160,8993
ACGATCCG,0.807143,0.8570383045396446,9,81160,8993
TGTCGGAT,0.806742,0.8287016039252876,9,81160,8993
CGGATAAC,0.8063973,0.8534305034428731,9,81160,8993
ACGCTATC,0.80632347,0.8316806168309074,9,81160,8993
ACCCATAT,0.80610657,0.842452480105554,9,81160,8993
TGATCAGA,0.8061027,0.7358264956912547,9,81160,8993
GATCCGCA,0.80601394,0.81318805920917,9,81160,8993
GCTGATAG,0.8057058,0.8346802457427946,9,81160,8993
TATCCACG,0.80569434,0.8448748608419577,9,81160,8993
CTATCACT,0.8054459,0.8870655176679174,9,81160,8993
CGGTATAT,0.80544186,0.8678307838205583,9,81160,8993
ATGCGATC,0.8048471,0.7884797756978519,9,81160,8993
ACGTATTA,0.8046293,0.8198882612460314,9,81160,8993
TTGAGTAT,0.804584,0.8030862161382097,9,81160,8993
GGATAGCC,0.80458236,0.8232383622644621,9,81160,8993
CAGATATG,0.80442536,0.8324434090627963,9,81160,8993
GGTATAGG,0.8039322,0.8058590689811569,9,81160,8993
ATCATAGC,0.80365634,0.7530820929369563,9,81160,8993
AGATCGTT,0.80362505,0.7661217169010021,9,81160,8993
ATCACCGA,0.80361754,0.8347317857584629,9,81160,8993
GAGGTGAT,0.80323076,0.7807075413350926,9,81160,8993
CGTATAAT,0.80296624,0.8261452191481466,9,81160,8993
CGATAGCT,0.8029017,0.8237434544180101,9,81160,8993
TATCCTAA,0.8028332,0.7370737640704242,9,81160,8993
AGTATAGA,0.80240417,0.7797592050467984,9,81160,8993
GTATATTC,0.80230564,0.8024883519564591,9,81160,8993
TGGCTATC,0.8021539,0.819898569249165,9,81160,8993
TACTCGAT,0.8016339,0.7456294066713397,9,81160,8993
GCCCTATC,0.80156755,0.8535129674679421,9,81160,8993
CATAGTAT,0.8013889,0.8465962973652744,9,81160,8993
CGGATACG,0.8012583,0.7735125551478167,9,81160,8993
TGTATACG,0.801023,0.8188574609326681,9,81160,8993
GACGGATA,0.8009893,0.8054467488558116,9,81160,8993
GATCACAG,0.8009738,0.8210736816063993,9,81160,8993
ATCGATCG,0.8004237,0.7779243804890117,9,81160,8993
GGTGATCG,0.8003283,0.8336288294231642,9,81160,8993
CTGATCTC,0.8002511,0.80263266400033,9,81160,8993
GATCTCCC,0.7998115,0.8251865748567188,9,81160,8993
TGATCAAT,0.7997596,0.7988599348534202,9,81160,8993
GATCGTTT,0.79960674,0.8059930730218942,9,81160,8993
TTGATAGA,0.799578,0.7270131530119985,9,81160,8993
AGTTATAT,0.79924166,0.8036325403042922,9,81160,8993
ATCCATAG,0.79840493,0.5016905125139158,9,81160,8993
CTATCCGA,0.7982467,0.7821815857832021,9,81160,8993
CCGATCCC,0.79810834,0.8087659258648414,9,81160,8993
ATACGCTG,0.7981035,0.6955943594606853,9,81160,8993
ATTGGATC,0.79778534,0.9010534779202573,9,81160,8993
GTGATCAA,0.7970395,0.8063332371253041,9,81160,8993
CAGTATCC,0.79689336,0.7667814291015544,9,81160,8993
TATTTATA,0.79680514,0.8519358429884962,9,81160,8993
ATCAACAG,0.79656106,0.7890364078670681,9,81160,8993
GGATAAAC,0.7965207,0.7908815404279883,9,81160,8993
AGAGTATA,0.7962644,0.8007978394425431,9,81160,8993
ATCTCTGA,0.796193,0.8084773017770998,9,81160,8993
CGATAGGC,0.79608405,0.8005504473673359,9,81160,8993
TATCCAGT,0.7960533,0.8181771327258485,9,81160,8993
CGATCGTT,0.7959367,0.6791530944625407,9,81160,8993
ATCATGTA,0.7959013,0.8712839648703254,9,81160,8993
AGATGTAT,0.79508996,0.8481218818290521,9,81160,8993
GGGAGTAT,0.79492486,0.7771718962602565,9,81160,8993
AGATTGAT,0.79462886,0.7257452686265617,9,81160,8993
ACAATGAT,0.79345334,0.7648641405186988,9,81160,8993
TTAGGATC,0.79313576,0.7642868923432152,9,81160,8993
GCTATCCT,0.7931028,0.7689976497752855,9,81160,8993
GTCCTATC,0.7930866,0.8242588545746918,9,81160,8993
TTAATACA,0.7930199,0.8588422050880304,9,81160,8993
GAGATAGC,0.79301524,0.7354863315878448,9,81160,8993
AGTAGTAT,0.792768,0.8315466127901703,9,81160,8993
ATCTACTC,0.7927675,0.8121675668989404,9,81160,8993
AGGATCGA,0.79235905,0.8301653403702636,9,81160,8993
GGGATAAG,0.7922766,0.8243207025934937,9,81160,8993
AATATACG,0.7922249,0.7611017193749228,9,81160,8993
TAAATGAT,0.7921325,0.8298561002762544,9,81160,8993
TTCGTATC,0.7919965,0.8128685111120274,9,81160,8993
CTATCCTA,0.79181343,0.7183028903640787,9,81160,8993
GATCGTTA,0.7917539,0.7776769884138045,9,81160,8993
AGGTGTAT,0.79157156,0.8134766832969117,9,81160,8993
TATCCCGA,0.79151297,0.7234671999340287,9,81160,8993
CGGGGATA,0.7914902,0.8600791654640664,9,81160,8993
ATCCTCGA,0.7914425,0.7614109594689317,9,81160,8993
CTATCTTA,0.7909907,0.7424236176967798,9,81160,8993
AGACTATC,0.79086375,0.8424112480930194,9,81160,8993
CCGTATAA,0.7907427,0.746010802787284,9,81160,8993
GAGATCAA,0.79061216,0.8819321321073682,9,81160,8993
AGTATACT,0.7905563,0.701779161340865,9,81160,8993
ATATTAAC,0.79052234,0.808693769842906,9,81160,8993
TGATCCAC,0.79034984,0.8919515111532593,9,81160,8993
AAGATAAT,0.7899469,0.7727085309033933,9,81160,8993
ATCCCGAT,0.78956306,0.7977363625118542,9,81160,8993
ATCCTCCA,0.78922284,0.8045293365769183,9,81160,8993
TACCATAT,0.78900194,0.7554838576670927,9,81160,8993
ATTATCTA,0.78795344,0.7191172226116357,9,81160,8993
GATTATCT,0.78781474,0.7604626231806374,9,81160,8993
ATGTGTAT,0.78747034,0.798808394837752,9,81160,8993
ATATGCTA,0.7872932,0.7776769884138045,9,81160,8993
GATCTAAG,0.7870305,0.7829237620088237,9,81160,8993
GTATACGT,0.7870022,0.7655135447161175,9,81160,8993
GATCAGCT,0.78649426,0.7789551808023749,9,81160,8993
CGATAGTC,0.7863725,0.7976642064899188,9,81160,8993
TCGATCTG,0.78614044,0.800354595307797,9,81160,8993
TGTTTGAT,0.78594303,0.7828000659712201,9,81160,8993
GCGTATCT,0.7856125,0.8563167443202903,9,81160,8993
ATGATCAA,0.7853781,0.7884591596915845,9,81160,8993
GGTATAGC,0.7852652,0.756205417886447,9,81160,8993
CGATCGTA,0.7847774,0.7940254813837463,9,81160,8993
TGTCAGAT,0.7847326,0.7653589246691131,9,81160,8993
AAGTGTAT,0.7847129,0.7225807116645364,9,81160,8993
TTATCGTA,0.78470767,0.7906856883684493,9,81160,8993
GTAATGAT,0.7847016,0.7725642188595224,9,81160,8993
TATCAGGC,0.7845826,0.7901393642023666,9,81160,8993
TGATCGTA,0.7838303,0.786170782995918,9,81160,8993
ATACACCT,0.78371763,0.8134766832969117,9,81160,8993
GTATTATG,0.7836815,0.7319197625036079,9,81160,8993
AATATCGC,0.7836429,0.819228549045479,9,81160,8993
GAGATAGT,0.7835034,0.8415762998391951,9,81160,8993
AGATATTT,0.7834697,0.8200738053024368,9,81160,8993
TCATCTGA,0.78340924,0.791953572753886,9,81160,8993
CAGTATCG,0.78337574,0.931389931142539,9,81160,8993
ATCACCAT,0.7833663,0.728992289613656,9,81160,8993
CGATATTG,0.7832543,0.8136003793345153,9,81160,8993
TAGCGTAT,0.78320587,0.8114563146827196,9,81160,8993
GAAAGATC,0.78308487,0.7278584092689564,9,81160,8993
TATGGATC,0.78306794,0.8607801096771533,9,81160,8993
ATCGGCTA,0.7829145,0.767554529336577,9,81160,8993
AAGTATTA,0.7826425,0.870253164556962,9,81160,8993
CGGAGTAT,0.7823929,0.8411536717107162,9,81160,8993
GGGTTATC,0.7822405,0.7763987960252341,9,81160,8993
TAGATAGG,0.78218746,0.80779697357028,9,81160,8993
TCTTGGAT,0.78215814,0.7791304168556468,9,81160,8993
AGTATAAC,0.78206074,0.7448769224425845,9,81160,8993
GATCTTAG,0.78121495,0.7501340040407373,9,81160,8993
ATCCCAAT,0.781212,0.7810683214447698,9,81160,8993
AGGATCTA,0.7810869,0.7796767410217293,9,81160,8993
GAAAGTAT,0.78041726,0.7380014843524513,9,81160,8993
ATAGTGTC,0.77932286,0.7870366552591432,9,81160,8993
GTTGGTAT,0.77931225,0.8126314270399538,9,81160,8993
ATAGTTAT,0.77888536,0.7343936832556798,9,81160,8993
GTCAGATA,0.77833545,0.7525151527646065,9,81160,8993
TTTGTATC,0.7783164,0.808528841792768,9,81160,8993
CGGATAGC,0.7783021,0.811982022842535,9,81160,8993
TACCGATC,0.778265,0.8333402053354225,9,81160,8993
AGTGGGAT,0.7781149,0.7813569455325116,9,81160,8993
ATGTATTA,0.77751255,0.7969323382674309,9,81160,8993
CTATCGTC,0.77718693,0.7488248876427659,9,81160,8993
CCGATCCT,0.7768849,0.738207644415124,9,81160,8993
GATAGTAG,0.7767588,0.863429266482497,9,81160,8993
ATATGGAA,0.775951,0.751906980579722,9,81160,8993
TATACGCT,0.7754535,0.7551024615511482,9,81160,8993
ACATATCT,0.77531254,0.8228157341359832,9,81160,8993
CGGTGTAA,0.77459025,0.6441264998144559,9,81160,8993
TAGCCGAT,0.7745626,0.767554529336577,9,81160,8993
ATTATATG,0.7744546,0.7818104976703913,9,81160,8993
CCTATACC,0.7737367,0.8058590689811569,9,81160,8993
TATCAGCG,0.7734898,0.8530800313363296,9,81160,8993
ACTATCGG,0.7733128,0.6519296581866161,9,81160,8993
ATCGTTTA,0.7728286,0.743062713891065,9,81160,8993
CCGGATCT,0.7722331,0.7959324619634685,9,81160,8993
ATACGGGT,0.7721678,0.8022203438749845,9,81160,8993
CTTATCAA,0.7720235,0.7697192099946399,9,81160,8993
ATGATCGT,0.7716668,0.7777285284294726,9,81160,8993
CGATCGGT,0.771656,0.7531027089432235,9,81160,8993
ATATTCTA,0.7715379,0.8111676905949778,9,81160,8993
GATCTCAC,0.77144396,0.7525048447614728,9,81160,8993
ACAGGTAT,0.77124757,0.7847173545540758,9,81160,8993
CTGATCGT,0.77114606,0.7764606440440358,9,81160,8993
CCGATCCA,0.77086544,0.7681936255308621,9,81160,8993
AAAGTATA,0.77069,0.7589473467199934,9,81160,8993
ATAACTAT,0.7706369,0.7343936832556798,9,81160,8993
CATATAAA,0.7704624,0.6109141137178905,9,81160,8993
TAGATAAT,0.7704299,0.7191172226116357,9,81160,8993
GTGTATAC,0.77023196,0.8118480188017977,9,81160,8993
ACGCGATC,0.77012086,0.7664206489918772,9,81160,8993
ATTGCTAT,0.76982623,0.7687708737063457,9,81160,8993
GGATGGAT,0.7698072,0.83509256586814,9,81160,8993
ATCTGCTA,0.76973504,0.7572465262029441,9,81160,8993
TTAAGTAT,0.7690821,0.8212179936502702,9,81160,8993
CGAATATA,0.7689871,0.7228590277491445,9,81160,8993
CGATCCTA,0.7688768,0.783531934193708,9,81160,8993
CCTATCTG,0.7684258,0.796252010060611,9,81160,8993
ATCTATTC,0.7684133,0.7758833958685524,9,81160,8993
GCTATACT,0.7679175,0.6268915185750217,9,81160,8993
TCAAAGAT,0.76784897,0.8126726590524883,9,81160,8993
AGATAGGC,0.76780903,0.7589679627262607,9,81160,8993
ATCGGGAT,0.7677245,0.7977363625118542,9,81160,8993
ATACGTCG,0.7676139,0.7462478868593576,9,81160,8993
CTATCTCA,0.7675147,0.8008184554488105,9,81160,8993
TATCAGCC,0.7673156,0.8703356285820312,9,81160,8993
ATCACACA,0.7672787,0.8156104399455737,9,81160,8993
GTAGCGAT,0.7668646,0.6525996783903022,9,81160,8993
CATATACG,0.7668277,0.8064260091535068,9,81160,8993
TAGATTAT,0.766734,0.7228177957366099,9,81160,8993
CTAGTGAT,0.7664453,0.7651630726095741,9,81160,8993
GATCGCGT,0.7663344,0.7664206489918772,9,81160,8993
TATCCCGG,0.7662748,0.7724302148187853,9,81160,8993
TTATCCGA,0.76609594,0.9179276790500145,9,81160,8993
ATATAATG,0.7657806,0.7618438956005442,9,81160,8993
GATCTCTG,0.7656698,0.8498227023461016,9,81160,8993
TACGTTAT,0.76526,0.6419824351626603,9,81160,8993
CGAATGAT,0.7649112,0.798416690718674,9,81160,8993
TGATCGTG,0.76454276,0.7311672782748525,9,81160,8993
ATCATGCA,0.7645116,0.8118480188017977,9,81160,8993
ACACCTAT,0.7641821,0.7181688863233414,9,81160,8993
TCTGCGGA,0.7639792,0.37700490660949165,9,81160,8993
GTATTAGT,0.7639043,0.7144992372077682,9,81160,8993
GATTGGAT,0.763795,0.753762421143776,9,81160,8993
CACAGATC,0.7636675,0.7101389518822414,9,81160,8993
GGTATTTA,0.7636393,0.7787902527522368,9,81160,8993
ATCGGTGA,0.7633558,0.7340225951428689,9,81160,8993
CAGGTATA,0.7633499,0.7923452768729642,9,81160,8993
CCCGTATA,0.7629415,0.8255164309569951,9,81160,8993
CCGATCCG,0.7628926,0.8611718137962314,9,81160,8993
TATGCTAT,0.76252687,0.7264668288459161,9,81160,8993
ATACTGGT,0.7625148,0.7562775739083825,9,81160,8993
ATCCGCAT,0.76250386,0.8264132272296211,9,81160,8993
CATGGGAT,0.7624942,0.8308972085927515,9,81160,8993
TTTCTATA,0.76220965,0.7564115779491198,9,81160,8993
CAGGTTAT,0.7618533,0.6750711252216222,9,81160,8993
ACGATAGC,0.761754,0.811415082670185,9,81160,8993
TTAGATCC,0.761479,0.8003030552921288,9,81160,8993
ATACTCGC,0.7613347,0.7527006968210119,9,81160,8993
ATCGGGGA,0.76132524,0.7391869047128191,9,81160,8993
GCGTATCC,0.7613164,0.7786047086958313,9,81160,8993
AGGTGTTA,0.7610673,0.7129942687502576,9,81160,8993
CAGATAGA,0.76099616,0.747897167360739,9,81160,8993
ATCAATTA,0.7609619,0.8091988619964541,9,81160,8993
CGGATCTC,0.7609568,0.746825135034841,9,81160,8993
TCATATAG,0.7609141,0.7331979548921783,9,81160,8993
TAGATAGA,0.76054627,0.7797592050467984,9,81160,8993
ATAATAGA,0.7605238,0.7834700861749062,9,81160,8993
AGTATAAG,0.7602775,0.8213829217004082,9,81160,8993
ATCGTGTC,0.76018304,0.765420772687915,9,81160,8993
ATCAGCTA,0.7601485,0.7266936049148558,9,81160,8993
CTATCGCT,0.7597251,0.820290273368243,9,81160,8993
TTGTATCC,0.7592244,0.8190945450047417,9,81160,8993
ATACTTCG,0.75902724,0.7656578567599884,9,81160,8993
GGGATCGA,0.75854254,0.8421020079990105,9,81160,8993
TATAGTAG,0.7580151,0.7902939842493713,9,81160,8993
TATCGCAA,0.75789475,0.7680080814744569,9,81160,8993
ATAGCAAT,0.75762093,0.7687708737063457,9,81160,8993
ATGCGGAT,0.75757885,0.8264132272296211,9,81160,8993
TCGAATAT,0.7575443,0.670690223889828,9,81160,8993
GGTATTGC,0.75753534,0.7592978188265369,9,81160,8993
ATCAGTGA,0.7572695,0.8029934441100071,9,81160,8993
AGACGTAT,0.7571523,0.8005504473673359,9,81160,8993
TTCAATAT,0.75641626,0.8180843606976456,9,81160,8993
CGAAGATC,0.75580925,0.7364965158949408,9,81160,8993
CCGCGATC,0.7556336,0.7671731332206326,9,81160,8993
CTAGGGAT,0.755597,0.7444646023172391,9,81160,8993
ATACGATG,0.75528574,0.734383375252546,9,81160,8993
CACAGATA,0.7552503,0.7691316538160229,9,81160,8993
CCAAGGAT,0.75507236,0.6354265451696697,9,81160,8993
TGGATAAC,0.75501025,0.6802972828103739,9,81160,8993
CCGATCTG,0.75438595,0.7475879272667298,9,81160,8993
ATCTGGTA,0.75429714,0.763451944089391,9,81160,8993
GATCGTTG,0.754223,0.7683173215684658,9,81160,8993
ATCAGTTA,0.7541569,0.7825011338803447,9,81160,8993
AATGTTAT,0.75396764,0.7517832845421185,9,81160,8993
TAAGATCC,0.75393975,0.7736877912010885,9,81160,8993
ATACGTGC,0.7536498,0.7579577784191647,9,81160,8993
GATAGGAA,0.7536301,0.69231641446419,9,81160,8993
TATACTTA,0.75297654,0.8150641157794912,9,81160,8993
ATGGATAA,0.75275505,0.7131282727909949,9,81160,8993
ATCTCCCA,0.7525888,0.7231682678431534,9,81160,8993
TGGATAGC,0.7522721,0.7654310806910486,9,81160,8993
ATCGTCGA,0.7519314,0.7537108811281079,9,81160,8993
AGATCGCG,0.7514664,0.6915536222323011,9,81160,8993
AATGATCG,0.7514043,0.7711314064239475,9,81160,8993
AACAATAC,0.75130993,0.7698532140353771,9,81160,8993
TCTATACG,0.7512846,0.7608852513091166,9,81160,8993
TAGGATCG,0.7512821,0.783531934193708,9,81160,8993
GATCTTTG,0.75091374,0.7468354430379748,9,81160,8993
GAAGTGAT,0.75081086,0.8293716241289737,9,81160,8993
TGGCTATA,0.75074464,0.7221683915391911,9,81160,8993
CAGATAGC,0.75047255,0.7027274976291592,9,81160,8993
CATATAAC,0.7504389,0.7215292953449057,9,81160,8993
TGTATAAC,0.7501806,0.7868098791902034,9,81160,8993
TATAAAAT,0.75013053,0.7130664247721932,9,81160,8993
TGGATCGC,0.75004745,0.7901702882117676,9,81160,8993
GCCTGATC,0.74986494,0.7512369603760359,9,81160,8993
CGATCGAT,0.7494924,0.7779243804890117,9,81160,8993
ATCATTTT,0.7494087,0.7890982558858698,9,81160,8993
ATTCGGAT,0.74922466,0.7784913206613616,9,81160,8993
TAAATACC,0.74890125,0.7787902527522368,9,81160,8993
CTGCGATC,0.7487936,0.7496701438997238,9,81160,8993
ATCCGCTA,0.7487875,0.7289201335917206,9,81160,8993
AGTATAGG,0.7486556,0.6967179318022513,9,81160,8993
TAGTTGAT,0.74853194,0.7073867150455614,9,81160,8993
CACTATCG,0.7483993,0.737279924133097,9,81160,8993
ATCACCTC,0.7483074,0.7807075413350926,9,81160,8993
ATCCTCTT,0.7481525,0.6915845462417021,9,81160,8993
TGTATAAA,0.7480545,0.7401455490042469,9,81160,8993
CCGTGATC,0.74784,0.8100853502659464,9,81160,8993
ATCTCCCT,0.7474178,0.8485857419700655,9,81160,8993
AGATCTAC,0.74731266,0.7569785181214695,9,81160,8993
GATCCAAC,0.74708897,0.7547210654352039,9,81160,8993
GATCTTGT,0.7468544,0.7242815321815858,9,81160,8993
GATCTGCC,0.746331,0.7635447161175937,9,81160,8993
TTGAGATC,0.7462498,0.7604420071743702,9,81160,8993
TAGGCGGT,0.7458656,0.337257246526203,9,81160,8993
CGCTATAT,0.74560565,0.7695542819445017,9,81160,8993
TGAGACCT,0.74540997,0.6697521956046675,9,81160,8993
TTATACGT,0.74536955,0.8641508267018514,9,81160,8993
GTGTATTT,0.7452897,0.6191089762091287,9,81160,8993
TGTGGATC,0.7451936,0.8219601698758916,9,81160,8993
CTCAGATC,0.74491453,0.7839957943347214,9,81160,8993
CCTAGTAT,0.744751,0.8167133962808726,9,81160,8993
TTCGCGAT,0.74464786,0.6265822784810128,9,81160,8993
GTGTTATA,0.74457633,0.7135509009194739,9,81160,8993
GTTGTATA,0.74456376,0.7411660413144766,9,81160,8993
TGTACTAT,0.7444334,0.7162412897373521,9,81160,8993
GATGCTAT,0.7436899,0.6883066012452068,9,81160,8993
CGTTTCAA,0.74346817,0.5046489094132685,9,81160,8993
ATCTTCAA,0.74322087,0.7127778006844514,9,81160,8993
CGATCGCT,0.74319,0.7859130829175771,9,81160,8993
TTTAAATA,0.74318206,0.8275883395868553,9,81160,8993
CACTATCT,0.7430039,0.8180946687007793,9,81160,8993
AGATAGTC,0.7428602,0.7113140642394755,9,81160,8993
CGATCGGA,0.74211967,0.7458355667340123,9,81160,8993
GTAATATT,0.7420685,0.6796891106254896,9,81160,8993
ATCCCGGA,0.7419772,0.6858017564837341,9,81160,8993
GAGGCTAT,0.7418066,0.6868840968127655,9,81160,8993
CGATCTTA,0.74168324,0.7262091287675752,9,81160,8993
CCGTATAG,0.74167526,0.7383313404527275,9,81160,8993
CGTATAAG,0.74161994,0.710149259885375,9,81160,8993
CCGAGTAT,0.7415831,0.7362491238197337,9,81160,8993
TATTAGGA,0.741577,0.6921824104234527,9,81160,8993
ATCGTAGA,0.7414404,0.7074897950768977,9,81160,8993
GATCTGCA,0.74118394,0.7772749762915928,9,81160,8993
CAGCGTAT,0.741083,0.6955943594606853,9,81160,8993
AGATGGAT,0.7409512,0.7188389065270275,9,81160,8993
ATCCGACA,0.7409438,0.8287016039252876,9,81160,8993
GGGTGGAT,0.7408699,0.7460726508060859,9,81160,8993
TTGAGACC,0.740816,0.5680018966725766,9,81160,8993
ACTGGATC,0.74064803,0.7971694223395044,9,81160,8993
ACTAGTAT,0.740372,0.7895311920174823,9,81160,8993
ATCAATTC,0.7402904,0.6884715292953448,9,81160,8993
ATCGTCTA,0.7400585,0.7417123654805592,9,81160,8993
CATACGAT,0.7399348,0.6650414381725972,9,81160,8993
CGATCAAA,0.7394726,0.6320970601575063,9,81160,8993
GTAGGGAT,0.73882306,0.8007462994268751,9,81160,8993
GCAATGAT,0.73881745,0.7408568012204676,9,81160,8993
GTTATCCA,0.7387357,0.6802972828103739,9,81160,8993
TGTATTTA,0.73850995,0.7193130746711747,9,81160,8993
ATCTCTCA,0.7384695,0.7981486826371995,9,81160,8993
ATAGCATA,0.73842746,0.7264668288459161,9,81160,8993
GGCCGATA,0.73838997,0.7294561497546695,9,81160,8993
ACGGGATC,0.73826796,0.7644415123902198,9,81160,8993
AGCATGAT,0.7379004,0.733795819073929,9,81160,8993
ATATAAGT,0.7371541,0.7436193460602812,9,81160,8993
ATCCAGAT,0.73659337,0.7670700531892963,9,81160,8993
TCAACTAT,0.7364899,0.76398796025234,9,81160,8993
CAAACGAT,0.7364154,0.7647507524842287,9,81160,8993
CGTAATAT,0.736285,0.7322290025976168,9,81160,8993
TTGAATAT,0.7362238,0.7775636003793345,9,81160,8993
ATCCCTGA,0.73589694,0.736548055910609,9,81160,8993
CTACTGAT,0.7355049,0.7291262936543933,9,81160,8993
TAGATAGC,0.73545057,0.7684616336123367,9,81160,8993
TTATCTAA,0.7352393,0.7095720117098916,9,81160,8993
ATCTCTAC,0.7351898,0.6548365150703006,9,81160,8993
ATCCTCAA,0.73509777,0.7408774172267348,9,81160,8993
CCATGATC,0.7349433,0.8021997278687173,9,81160,8993
AGTCGTAT,0.7348678,0.7331670308827775,9,81160,8993
GTAATACA,0.7344786,0.6533006226033893,9,81160,8993
ATCCGTAC,0.73441255,0.7855007627922319,9,81160,8993
GATCTGCG,0.7343805,0.6132952624417598,9,81160,8993
ATCCATAA,0.73429036,0.7209829711788232,9,81160,8993
CCAGGATC,0.7341872,0.7833154661279018,9,81160,8993
AATGAGAT,0.7338641,0.7829959180307592,9,81160,8993
TGCCTGAT,0.7336056,0.5864635302849133,9,81160,8993
CCCTATCG,0.73353255,0.8955696202531647,9,81160,8993
ATGATAAG,0.73347855,0.7583597905413764,9,81160,8993
CTGATAAG,0.7327803,0.7270646930276666,9,81160,8993
TACTTATC,0.73277485,0.7385787325279347,9,81160,8993
AATATTAC,0.73274213,0.6796891106254896,9,81160,8993
ACTATACG,0.73268014,0.686080072568342,9,81160,8993
ATCCATTC,0.732614,0.8022409598812519,9,81160,8993
CTGATAAC,0.732548,0.6949140312538655,9,81160,8993
ATAGCCGA,0.7324537,0.7260545087205706,9,81160,8993
GTCTTATA,0.7323503,0.7541953572753886,9,81160,8993
CCGGGATC,0.73221874,0.7750793716241289,9,81160,8993
TGATAAAT,0.73210657,0.6780398301241084,9,81160,8993
AACGATCT,0.7318436,0.7661217169010021,9,81160,8993
GATCGCAC,0.7317568,0.7508658722632252,9,81160,8993
GTATATGC,0.7315904,0.7418876015338309,9,81160,8993
ATCGCGGA,0.731534,0.7432894899600049,9,81160,8993
TGAAGGAT,0.73137426,0.8000144312043872,9,81160,8993
AGTATACG,0.73129416,0.7390116686595473,9,81160,8993
CTATAATC,0.7312266,0.7779346884921453,9,81160,8993
GTCATGAT,0.7312113,0.7233435038964252,9,81160,8993
TCAACGAT,0.7309927,0.7977879025275224,9,81160,8993
TTGCGATC,0.7309628,0.6884199892796768,9,81160,8993
CATTAGAT,0.73081166,0.57660907928916,9,81160,8993
ATATGACG,0.7307826,0.6833484517379294,9,81160,8993
ATACAGCA,0.7304751,0.7156021935430669,9,81160,8993
TGATTATC,0.73031247,0.714416773182699,9,81160,8993
ATTGTTAT,0.73003435,0.7041396940584671,9,81160,8993
CGATCATT,0.7300284,0.7711314064239475,9,81160,8993
CGCATATA,0.73001254,0.686306848637282,9,81160,8993
TACATATT,0.72980297,0.6889972374551602,9,81160,8993
ATCATAGT,0.72944117,0.689285861542902,9,81160,8993
TAGGCGAA,0.72932863,0.7328474827856347,9,81160,8993
ATACATTG,0.72919786,0.7936853172803365,9,81160,8993
TCGCGTAT,0.7288996,0.7811920174823733,9,81160,8993
ATCATCGG,0.7288711,0.7352904795283057,9,81160,8993
AGATCTAA,0.7288705,0.7404341730919887,9,81160,8993
TGGTATAA,0.72884643,0.8771079866408279,9,81160,8993
TATATGCG,0.7286699,0.686306848637282,9,81160,8993
GGTCGTAT,0.7286113,0.7438667381354883,9,81160,8993
TGAAATAT,0.72817624,0.7102007999010431,9,81160,8993
GTTGGATC,0.72812396,0.7547210654352039,9,81160,8993
GATCTGAA,0.72799814,0.7251989444604792,9,81160,8993
TTTATCTA,0.7276914,0.7730486950068033,9,81160,8993
ATCATAGG,0.7276733,0.7426400857625861,9,81160,8993
CTGATCGG,0.72737926,0.7075928751082341,9,81160,8993
CTCGTATA,0.7273148,0.6887704613862203,9,81160,8993
TTTGATAA,0.72722316,0.7003051168927555,9,81160,8993
CGTTGATC,0.72720754,0.7669154331422917,9,81160,8993
TATTACCT,0.7267232,0.7320331505380778,9,81160,8993
CTCATACC,0.7267108,0.7131179647878614,9,81160,8993
CTTATCAG,0.72581977,0.7270646930276666,9,81160,8993
ACGAGGAT,0.7255014,0.7052838824063002,9,81160,8993
TTATATTG,0.72520626,0.7113449882488764,9,81160,8993
ATAGTCTA,0.7251352,0.7141281490949574,9,81160,8993
GCTATACG,0.72456324,0.7166433018595638,9,81160,8993
TCGGCTAT,0.7244135,0.7260545087205706,9,81160,8993
ATCCAATT,0.7240716,0.8369995464478621,9,81160,8993
ATCGTGAT,0.72406614,0.7338988991052653,9,81160,8993
AAGATAAC,0.7235329,0.7405578691295922,9,81160,8993
TCATACTG,0.72351897,0.6911722261163568,9,81160,8993
TTACGGAT,0.72336596,0.7232301158619553,9,81160,8993
ATCTTGCA,0.7229954,0.726858532964994,9,81160,8993
GAAACTAT,0.7219235,0.723827980043706,9,81160,8993
GTGTTATC,0.7217721,0.7185399744361523,9,81160,8993
GTCTCATA,0.7217444,0.7406712571640621,9,81160,8993
TGATCAAG,0.7214918,0.7503401641034099,9,81160,8993
CGGTATAA,0.72146267,0.8270110914113719,9,81160,8993
AAAATACC,0.721171,0.6632375376242114,9,81160,8993
TTGATCGG,0.7210623,0.6367047375582402,9,81160,8993
CTGTTGAT,0.72084725,0.7890364078670681,9,81160,8993
TTAATACT,0.7207626,0.8267946233455655,9,81160,8993
ATCGGGTC,0.7207265,0.6969756318805921,9,81160,8993
CAGTAGAT,0.72070444,0.72752855316868,9,81160,8993
GTATAACG,0.72058654,0.7198697068403909,9,81160,8993
GTTATCTT,0.7205421,0.7405578691295922,9,81160,8993
CGATCCAC,0.7200664,0.8174968045190285,9,81160,8993
TAGGTGTA,0.7199316,0.8025708159815281,9,81160,8993
ATACGTCC,0.7199311,0.6876056570321197,9,81160,8993
TTATAGTA,0.71977633,0.7187564425019586,9,81160,8993
ATCCCCAT,0.7195866,0.7171071620005772,9,81160,8993
CAGAATAT,0.71952236,0.7061394466663918,9,81160,8993
CTATCTGG,0.71947193,0.7055312744815074,9,81160,8993
ACATTATC,0.7183958,0.7635962561332619,9,81160,8993
GTTATCGG,0.71836436,0.7595452109017441,9,81160,8993
ATTATCGA,0.7182424,0.6971405599307302,9,81160,8993
GAGATCGT,0.7179763,0.7095101636910898,9,81160,8993
GGTATGAA,0.7179537,0.7037582979425225,9,81160,8993
ACTGATCG,0.7177174,0.7787284047334351,9,81160,8993
TTCGATCT,0.7176553,0.7072630190079578,9,81160,8993
GTCATATG,0.71746635,0.7065208427823362,9,81160,8993
GACGGGAT,0.7172663,0.6583515441388694,9,81160,8993
CGGGCGGA,0.7171558,0.4489960004947841,9,81160,8993
CTTTAGAT,0.7169878,0.5696821011833588,9,81160,8993
GAATACCC,0.7168615,0.7981692986434669,9,81160,8993
AGCCATAT,0.71676683,0.7399806209541088,9,81160,8993
CTATCCAT,0.7167642,0.7038407619675917,9,81160,8993
ATAGTACA,0.71656287,0.7162412897373521,9,81160,8993
TCTACGAT,0.7165043,0.7074897950768977,9,81160,8993
ATCAAATC,0.71620786,0.7517420525295839,9,81160,8993
GTGATAAG,0.71589625,0.7096957077474952,9,81160,8993
ATCTAATC,0.7157513,0.7839545623221869,9,81160,8993
GAGTTATA,0.71568966,0.6919453263513793,9,81160,8993
TTATACAG,0.7152302,0.712478868593576,9,81160,8993
ATAACCTA,0.71511567,0.6555889992990558,9,81160,8993
CTATACGT,0.71508783,0.7159732816558776,9,81160,8993
TGATCGGC,0.7149626,0.8099513462252093,9,81160,8993
CTTTTATA,0.7148644,0.7373520801550323,9,81160,8993
AGATCTAG,0.71485144,0.7416917494742918,9,81160,8993
CATCGGAT,0.71465683,0.6484455531274482,9,81160,8993
TTCATACC,0.71462804,0.7037582979425225,9,81160,8993
ATCCTTAG,0.71460295,0.7155918855399332,9,81160,8993
TGATAACA,0.71418846,0.717787490207397,9,81160,8993
CTTATATG,0.7141316,0.7394446047911599,9,81160,8993
ATCCCACT,0.7141131,0.7813569455325116,9,81160,8993
TATTGCTT,0.71384525,0.6195419123407413,9,81160,8993
CAGTTATC,0.7135439,0.7507524842287552,9,81160,8993
TTATACTT,0.713495,0.8066527852224468,9,81160,8993
ACGTGTAT,0.7134008,0.7081907392899848,9,81160,8993
GCGAGGAT,0.71334887,0.6075433966931926,9,81160,8993
CGTATAGC,0.71324176,0.7166433018595638,9,81160,8993
ATCCCTAG,0.7131516,0.7444646023172391,9,81160,8993
CTAATTAT,0.713031,0.7199624788685937,9,81160,8993
AAGTTATA,0.7129918,0.7422689976497753,9,81160,8993
GGATCCAC,0.71299005,0.7061497546695255,9,81160,8993
CGTATTGT,0.7127826,0.6855955964210613,9,81160,8993
ATCCCTTG,0.7127426,0.691780398301241,9,81160,8993
AGGTTATC,0.71227264,0.7329196388075702,9,81160,8993
GAAGATCG,0.7121819,0.7649878365563023,9,81160,8993
TATATTCG,0.7120814,0.7228590277491445,9,81160,8993
TAGGCGGA,0.7118027,0.6121304580876593,9,81160,8993
CGTAGTAT,0.7117058,0.6557126953366594,9,81160,8993
TCATCGGA,0.71160567,0.6674535109058674,9,81160,8993
GAGTCATA,0.7112869,0.7168391539191027,9,81160,8993
TCCTGTAT,0.7111753,0.7977466705149878,9,81160,8993
ATCGATTA,0.7110878,0.7074485630643632,9,81160,8993
CTAATACT,0.7108611,0.8066630932255803,9,81160,8993
GTTATGAT,0.7108039,0.792015420772688,9,81160,8993
GTGTCGAT,0.7107681,0.7369809920422217,9,81160,8993
CTAATATG,0.71070254,0.6794107945408815,9,81160,8993
CTATCTCC,0.71065295,0.8194450171112853,9,81160,8993
ATCAGATT,0.7105991,0.8021688038593164,9,81160,8993
CATAGGAT,0.7104552,0.685770832474333,9,81160,8993
ATCGTTCA,0.7104044,0.7023976415288831,9,81160,8993
TGGTGGAT,0.71037185,0.7176431781635262,9,81160,8993
GGATCTCG,0.71034914,0.6984702923349688,9,81160,8993
ATCTTTAG,0.71034163,0.5834432853667588,9,81160,8993
TGTACGAT,0.7101904,0.7546179854038676,9,81160,8993
GTATAGTC,0.70980704,0.7739351832762957,9,81160,8993
CTGATCAA,0.70980227,0.6910176060693523,9,81160,8993
TTCTCATA,0.70963144,0.6463117964787861,9,81160,8993
ACAGATCT,0.70949984,0.6465591885539933,9,81160,8993
AGTAGGAT,0.7093301,0.7056137385065765,9,81160,8993
CTAGATCT,0.7091334,0.7416917494742918,9,81160,8993
TATAAACA,0.7090064,0.8111779985981116,9,81160,8993
GGATTGTA,0.708995,0.6631756896054097,9,81160,8993
ATCTCAAC,0.7089568,0.7208901991506206,9,81160,8993
CTGAATAT,0.7083889,0.7182307343421432,9,81160,8993
AGGCGGAT,0.7077818,0.8085391497959015,9,81160,8993
CTTTTGAT,0.70776546,0.7582360945037727,9,81160,8993
CATGAGAT,0.707687,0.6607739248752732,9,81160,8993
ATACTACC,0.707463,0.7173236300663836,9,81160,8993
GAGAATAT,0.7074182,0.756545581989857,9,81160,8993
GTTATATG,0.70713633,0.7215292953449057,9,81160,8993
GTCAGGAT,0.7070868,0.7295076897703378,9,81160,8993
ATCTCATT,0.7069388,0.7829959180307592,9,81160,8993
AGATTATT,0.7068984,0.7363006638354018,9,81160,8993
CGACGGAT,0.70659655,0.5768667793675009,9,81160,8993
TCGAGAAT,0.7065384,0.5135137921081928,9,81160,8993
TGGATAGT,0.70609796,0.690996990063085,9,81160,8993
GTTATCAA,0.70576394,0.6788747783779326,9,81160,8993
CTGTTATC,0.70565504,0.8184245248010557,9,81160,8993
CCAGTATA,0.70543385,0.7323011586195523,9,81160,8993
ACTTATAC,0.70501184,0.6887395373768194,9,81160,8993
AATCATAC,0.7045958,0.6701129757143447,9,81160,8993
GTTATCTC,0.7041484,0.698521832350637,9,81160,8993
AGCCGGAT,0.7040237,0.7302395579928257,9,81160,8993
CGTATTCT,0.7039434,0.615398095081021,9,81160,8993
GTCAATAT,0.7038287,0.6916979342761721,9,81160,8993
GTCAGATC,0.7032059,0.687770585082258,9,81160,8993
CGATCAGC,0.7030848,0.6217890570238733,9,81160,8993
GTTTATAA,0.7027471,0.7171896260256464,9,81160,8993
ATATTCGA,0.7027458,0.670690223889828,9,81160,8993
AGCTGTAT,0.702708,0.7209211231600214,9,81160,8993
ATGGTGAT,0.70265704,0.728992289613656,9,81160,8993
GCGTGTCA,0.7026268,0.5601781222941492,9,81160,8993
TTGCTGAT,0.7025278,0.7376303962396404,9,81160,8993
ATCGGGGT,0.70243967,0.7909846204593246,9,81160,8993
ACCAGTAT,0.7022411,0.7562775739083825,9,81160,8993
CTCAGTAT,0.7021626,0.7456706386838742,9,81160,8993
TTATGAAA,0.70166653,0.6630416855646724,9,81160,8993
GTCATACC,0.70146275,0.5872572465262029,9,81160,8993
TCTACTAT,0.7014625,0.782830989980621,9,81160,8993
TACGAGAT,0.7013513,0.7749247515771246,9,81160,8993
CGATAACC,0.70124125,0.7354347915721766,9,81160,8993
ATACTTCT,0.7008487,0.8584711169752196,9,81160,8993
ACGATCAG,0.70083874,0.7764606440440358,9,81160,8993
TTATCCAC,0.700614,0.7576485383251556,9,81160,8993
CAATCTAT,0.700611,0.7186533624706223,9,81160,8993
ATAGACAT,0.70049095,0.6670102667711211,9,81160,8993
ATAGGTGT,0.70039463,0.7181688863233414,9,81160,8993
AGCATATT,0.700255,0.7121387044901663,9,81160,8993
TGTCTATC,0.7000379,0.7190759905991011,9,81160,8993
GTTATCAC,0.69984055,0.6907805219972787,9,81160,8993
TATAGCTA,0.699754,0.8381643508019627,9,81160,8993
GGATTACA,0.6997477,0.7448150744237826,9,81160,8993
CTGATAGA,0.6996608,0.7016657733063951,9,81160,8993
TATTGAAT,0.69936717,0.7163856017812229,9,81160,8993
ATCCAATC,0.6993035,0.753762421143776,9,81160,8993
CGATCTAA,0.6983031,0.6612068610068857,9,81160,8993
TTGTCGAT,0.69830054,0.6956458994763535,9,81160,8993
TCGATCGG,0.69819427,0.7607718632746465,9,81160,8993
ATCGCAGA,0.6981114,0.689059085473962,9,81160,8993
CCTATACT,0.6979518,0.6967179318022513,9,81160,8993
ACACTTAT,0.6976781,0.5551581247680699,9,81160,8993
GGATTACC,0.69764906,0.6961716076361688,9,81160,8993
GTAATACG,0.69750893,0.731940378509875,9,81160,8993
TGCCATAT,0.6969297,0.7556797097266319,9,81160,8993
TTATCGCA,0.6968776,0.6491774213499361,9,81160,8993
TAAGCCGA,0.69669205,0.5121119036820188,9,81160,8993
CGGTTTTA,0.69642746,0.4188244753226405,9,81160,8993
GATTAAAC,0.696396,0.5668783243310106,9,81160,8993
CTATACCG,0.6961962,0.7001814208551519,9,81160,8993
ATCCCGTA,0.6959624,0.8154661279017029,9,81160,8993
ATCCTGTT,0.6958113,0.6590524883519565,9,81160,8993
CCAGATCT,0.6957067,0.7624005277697604,9,81160,8993
ATCAGCCT,0.695573,0.6954294314105471,9,81160,8993
CAGGCTAT,0.69549125,0.7414546654022184,9,81160,8993
TCCCCCAG,0.69531566,0.5370572712654105,9,81160,8993
AAGGAGAC,0.69491816,0.6856471364367295,9,81160,8993
ATAGGGTC,0.6941941,0.7688017977157465,9,81160,8993
ATCCGTTT,0.69409454,0.8167030882777389,9,81160,8993
TGATAACT,0.6940395,0.7280748773347628,9,81160,8993
CGCAGATC,0.6939474,0.6132952624417598,9,81160,8993
TGTTATTT,0.69338006,0.7616892755535397,9,81160,8993
ATTTGTAT,0.6933224,0.6810085350265946,9,81160,8993
ATCGTGGA,0.69306594,0.6568465756813591,9,81160,8993
ATCATTCG,0.6928841,0.798416690718674,9,81160,8993
GATATCTT,1.0142796,0.973209499855688,10,91180,9992
TAATATCA,0.99849474,0.8981878530491074,10,91180,9992
GATATCTC,0.99758685,0.965035253370717,10,91180,9992
ACTGATAT,0.9954878,0.9681585783202078,10,91180,9992
TGATATCG,0.99101657,0.9713231352822331,10,91180,9992
GATATCCC,0.9880785,0.9840638271554034,10,91180,9992
GGATATCT,0.9871993,0.9474394920216056,10,91180,9992
ATATCATC,0.98328274,0.9670350059786418,10,91180,9992
CCGATATC,0.9826971,0.9528305776604956,10,91180,9992
AGATATCA,0.97728693,0.9870325320578899,10,91180,9992
GATATCGT,0.9742847,0.9820228425349441,10,91180,9992
TTGATACC,0.97354794,0.9929802498659959,10,91180,9992
TGTATCAT,0.9735367,0.9761163567393725,10,91180,9992
GATGATAC,0.9726093,0.9861872758009319,10,91180,9992
TGGATATC,0.9725682,0.9623242485465716,10,91180,9992
ATATCATT,0.97208035,0.9719106914608502,10,91180,9992
GTATCACA,0.97086966,0.9817651424566034,10,91180,9992
GTATCGGA,0.9689938,0.9536449099080526,10,91180,9992
ACTGATAC,0.9673799,0.9528821176761637,10,91180,9992
GTGATATA,0.96664107,0.961973776440028,10,91180,9992
GTATCATG,0.96547115,0.9717045313981776,10,91180,9992
CGATATCA,0.9647173,0.9713231352822331,10,91180,9992
ATATCAGT,0.9640304,0.9681585783202078,10,91180,9992
GTATCAGT,0.9638307,0.9528821176761637,10,91180,9992
ATGATACT,0.96210825,0.9804354100523647,10,91180,9992
GTGATACG,0.9617573,0.9751680204510783,10,91180,9992
TATACCCC,0.9609755,0.9564074547478663,10,91180,9992
CGATGATA,0.9574436,0.94793427617202,10,91180,9992
CGATATCG,0.9573097,0.9555828144971756,10,91180,9992
ACCGATAT,0.9572506,0.8862305694140932,10,91180,9992
TGTATCAC,0.9567171,0.9714674473261039,10,91180,9992
GTGATACA,0.95591617,0.9714674473261039,10,91180,9992
AATGATAT,0.9552206,0.9719106914608502,10,91180,9992
ACGATACC,0.9536636,0.9577578031583721,10,91180,9992
GATACGTA,0.95270574,0.9254834453469675,10,91180,9992
CGTATCAC,0.95070624,0.9751680204510783,10,91180,9992
GTATCTAA,0.94996554,0.9415330062260339,10,91180,9992
GGTATATA,0.94909954,0.9296994186286234,10,91180,9992
GTATATCT,0.9486331,0.9360285325526739,10,91180,9992
ATCGATAC,0.9481807,0.9539541500020616,10,91180,9992
GCATATCA,0.9442425,0.9712303632540304,10,91180,9992
TATCATAG,0.9439092,0.923246608666969,10,91180,9992
GCTATATC,0.94285125,0.9194223395043912,10,91180,9992
AGTGATCC,0.94284433,0.9659217416402095,10,91180,9992
TATCATCG,0.94271123,0.94793427617202,10,91180,9992
CCATATCA,0.9400893,0.974724776316332,10,91180,9992
TGATGATA,0.9400505,0.9240506329113923,10,91180,9992
GATATACT,0.9388309,0.937770585082258,10,91180,9992
ATCGTATC,0.938087,0.9294726425596833,10,91180,9992
GACGATAT,0.93779767,0.8903846946769471,10,91180,9992
ACCGATAC,0.9377159,0.9165154826207067,10,91180,9992
TATATCAC,0.9375647,0.961973776440028,10,91180,9992
ATGATAGC,0.9374263,0.9723333195893292,10,91180,9992
AGTATCAC,0.9370295,0.9694780027213128,10,91180,9992
ATATCTAT,0.93599916,0.9426153465550654,10,91180,9992
CGTATCAT,0.9352361,0.9847338473590895,10,91180,9992
CTGATACA,0.9343904,0.9403888178782007,10,91180,9992
AGGTGTCA,0.9343483,0.9462643796643714,10,91180,9992
GATACGTG,0.93359995,0.8919721271595267,10,91180,9992
GTATCAGA,0.93341255,0.9707458871067497,10,91180,9992
TAGTATCA,0.9328439,0.9665711458376283,10,91180,9992
GTATATAC,0.9322931,0.9175875149466046,10,91180,9992
TTGATATT,0.9307363,0.9055683832927885,10,91180,9992
CCTATCAT,0.9304452,0.9467076237991177,10,91180,9992
GATACGAT,0.929477,0.9294726425596833,10,91180,9992
AGGGTATA,0.9288576,0.9090112563394219,10,91180,9992
GATATCGA,0.9283953,0.9400486537747906,10,91180,9992
ATTGATCC,0.9283682,0.938471529295345,10,91180,9992
TGTATCAG,0.9268225,0.9403888178782007,10,91180,9992
ATGGATCA,0.9250332,0.9001979136601658,10,91180,9992
GTATCGCT,0.92381597,0.9320496433430916,10,91180,9992
TATAATCC,0.9220386,0.9247000371088113,10,91180,9992
GGTATCTT,0.9218195,0.9268544097637406,10,91180,9992
AGTATCTG,0.9211677,0.8504205665278523,10,91180,9992
CTGATACG,0.9207983,0.9283284542118501,10,91180,9992
CGGTATCA,0.9204216,0.9879293283305158,10,91180,9992
AACGTATC,0.9203584,0.8869727456397147,10,91180,9992
GATGATAG,0.9199803,0.884045272749763,10,91180,9992
TATATGAT,0.9194293,0.9412856141508267,10,91180,9992
AGTATCTA,0.91931236,0.9117222611635674,10,91180,9992
AGTGTATC,0.91925305,0.9470580959056611,10,91180,9992
TGATACAG,0.918691,0.9472436399620665,10,91180,9992
GCATATCG,0.9184988,0.9249165051746177,10,91180,9992
GCTATCAT,0.9184599,0.9723333195893292,10,91180,9992
AGATCAAT,0.9175205,0.9097843565744445,10,91180,9992
CGTTGATA,0.91740596,0.9195048035294604,10,91180,9992
GGATATAG,0.91728747,0.9028264544592421,10,91180,9992
GTATCTTA,0.9170095,0.9181956871314889,10,91180,9992
CGATACGG,0.9157212,0.9279985981115738,10,91180,9992
GCTGATAC,0.91369927,0.9250814332247558,10,91180,9992
ATGATCCC,0.91355646,0.9514183812311879,10,91180,9992
GATACATG,0.9126899,0.8900857625860719,10,91180,9992
ATGGATAC,0.9121473,0.900837009854451,10,91180,9992
GGAGATAT,0.9120286,0.9440275429843732,10,91180,9992
TGCATATC,0.9120053,0.9039294107945408,10,91180,9992
CGATACTG,0.9106865,0.931389931142539,10,91180,9992
GTATAATA,0.9105104,0.8617799859811158,10,91180,9992
CGATATGG,0.91042787,0.9235249247515772,10,91180,9992
TCGATACG,0.9102638,0.8546983878283099,10,91180,9992
CGATACCA,0.90856934,0.9380901331794005,10,91180,9992
GATATGGT,0.9085115,0.8862821094297613,10,91180,9992
AAGTATCG,0.9083458,0.9094132684616335,10,91180,9992
GTATCGGT,0.9080007,0.9165154826207067,10,91180,9992
GATATTAC,0.90798056,0.8874881457963963,10,91180,9992
CCATATCG,0.9072504,0.9235249247515772,10,91180,9992
CATATCGT,0.9064214,0.943130746711747,10,91180,9992
GATCATTG,0.90575135,0.8911681029151033,10,91180,9992
TGATCCTA,0.9038686,0.9308436069764565,10,91180,9992
TTGATAGC,0.90378153,0.9257617614315755,10,91180,9992
ATCGGATC,0.90358555,0.8946625159774049,10,91180,9992
GATAGTAT,0.903517,0.9121448892920463,10,91180,9992
AGATATGC,0.9026645,0.8920855151939966,10,91180,9992
TATCAACT,0.9018957,0.9025996783903022,10,91180,9992
ACGATACG,0.90112424,0.8959613243722425,10,91180,9992
CCCGATAC,0.9010881,0.8845606729064447,10,91180,9992
ACTGATAG,0.90083796,0.8836638766338185,10,91180,9992
GTGATAGC,0.9001312,0.9339669319259473,10,91180,9992
GATATACG,0.89961755,0.8703871685976992,10,91180,9992
TGGATCAC,0.89807135,0.8957448563064363,10,91180,9992
GTATCCGT,0.89792967,0.8921679792190657,10,91180,9992
GGTATAAT,0.8975496,0.9022595142868923,10,91180,9992
TGGGATCA,0.8973738,0.8842308168061683,10,91180,9992
GCTATCAA,0.8961024,0.9257617614315755,10,91180,9992
ACGTATCG,0.8955697,0.8876839978559353,10,91180,9992
AGGATCAT,0.89490706,0.9030532305281821,10,91180,9992
GGATCGCA,0.8948569,0.8491629901455491,10,91180,9992
GTGTGATA,0.8943948,0.9519956294066715,10,91180,9992
TGGTATCC,0.89334655,0.8813342679256174,10,91180,9992
TTGATCCC,0.89294076,0.9142271059250403,10,91180,9992
ATCTGATC,0.8922577,0.9227312085102873,10,91180,9992
TCGATACA,0.8921973,0.8764998144559436,10,91180,9992
CATGATCT,0.89147377,0.7933554611800602,10,91180,9992
GATACTCG,0.89069915,0.8971673607388777,10,91180,9992
TGGATCAG,0.8897812,0.8785614150826702,10,91180,9992
AGGTATCT,0.889258,0.9248134251432814,10,91180,9992
CGTATATA,0.88920426,0.8974766008328866,10,91180,9992
ATATAGTA,0.88861215,0.8904259266894817,10,91180,9992
CTAATATC,0.887819,0.8889518822413722,10,91180,9992
TAGGGATC,0.8868954,0.8678720158330927,10,91180,9992
CGATATGA,0.8854578,0.8234032903146002,10,91180,9992
AGTATCGG,0.8851042,0.9145363460190493,10,91180,9992
TCAATATC,0.88484967,0.855708572135406,10,91180,9992
ATACTATC,0.88483465,0.9121448892920463,10,91180,9992
GCATGATA,0.88446116,0.9233084566857709,10,91180,9992
ATCTATAT,0.88445306,0.9202675957613492,10,91180,9992
AGTGATAG,0.88411975,0.8870655176679174,10,91180,9992
GTATCGGG,0.8841125,0.8845606729064447,10,91180,9992
GTATATAG,0.883752,0.8785098750670021,10,91180,9992
AAGGGATC,0.88367355,0.8883643260627552,10,91180,9992
AGGTATCC,0.88348067,0.907238279800437,10,91180,9992
GTATCCGA,0.88326776,0.8693976002968705,10,91180,9992
GATCATAC,0.8828472,0.8940234197831196,10,91180,9992
AAGGGTAT,0.88281494,0.8678823238362264,10,91180,9992
CTTGTATC,0.88263416,0.8760359543149302,10,91180,9992
TGTATCCG,0.8825437,0.8796643714179689,10,91180,9992
TCGCGATA,0.88245595,0.8537294355337484,10,91180,9992
TCTGATCC,0.8822707,0.9028367624623759,10,91180,9992
TATGTATC,0.8820619,0.9525522615758875,10,91180,9992
AGATACAC,0.88206065,0.8845915969158455,10,91180,9992
CGTGATCT,0.8820301,0.817177256421886,10,91180,9992
AGCGTATC,0.88185596,0.8690368201871933,10,91180,9992
ATCGTATA,0.8805717,0.8967756566197996,10,91180,9992
ATACCCCA,0.88040507,0.9029295344905786,10,91180,9992
AATATACC,0.87950474,0.8960334803941781,10,91180,9992
GGGATACA,0.8792641,0.8509462746876676,10,91180,9992
CAGGGATC,0.87872773,0.823413598317734,10,91180,9992
CTATCAAA,0.87868583,0.9334618397723993,10,91180,9992
CACGTATC,0.87833834,0.8919721271595267,10,91180,9992
GGATATTG,0.8781589,0.8463592132932009,10,91180,9992
TATCACTA,0.87811077,0.9022492062837586,10,91180,9992
TGATCTGT,0.8774786,0.8599245454170619,10,91180,9992
ATATGGAT,0.8772851,0.885364697150868,10,91180,9992
CGGATACA,0.87715364,0.8796643714179689,10,91180,9992
GTATCTGA,0.8769478,0.8467509174122789,10,91180,9992
ATATCTAA,0.87688583,0.9461612996330351,10,91180,9992
ATATAGGA,0.8766957,0.8471838535438915,10,91180,9992
GTATCTGT,0.8763559,0.8218777058508226,10,91180,9992
TGGGTATA,0.8761978,0.8711396528264546,10,91180,9992
GATCCTAT,0.87617236,0.8761184183399991,10,91180,9992
GTGATCCT,0.87612486,0.9393477095617038,10,91180,9992
ACTGTATC,0.87593377,0.8987444852183236,10,91180,9992
GATACAGT,0.8757951,0.8987444852183236,10,91180,9992
TTGATCCA,0.8755021,0.8986104811775862,10,91180,9992
CCAGTATC,0.87532556,0.8536263555024121,10,91180,9992
ATACCTCA,0.8742118,0.8618315259967838,10,91180,9992
ATCATACA,0.873605,0.8891992743165794,10,91180,9992
GGATCAAC,0.87263155,0.8994969694470787,10,91180,9992
GATTGATC,0.87210786,0.8586257370222241,10,91180,9992
CCTGTATC,0.87192464,0.866294891353647,10,91180,9992
GAATGATC,0.871582,0.8154455118954357,10,91180,9992
TGTATCGA,0.8709589,0.8764998144559436,10,91180,9992
AGATATTA,0.87047803,0.8808085597658022,10,91180,9992
ATTGATCT,0.870314,0.9097843565744445,10,91180,9992
GTATCTAG,0.86969227,0.866995835566734,10,91180,9992
GATCCATA,0.86915076,0.8607801096771533,10,91180,9992
ACTATCAT,0.8686465,0.9216901001937905,10,91180,9992
ATACGGAT,0.8684181,0.8414319877953242,10,91180,9992
ACGATAGG,0.8682002,0.8817775120603636,10,91180,9992
CCGTGATA,0.86776674,0.8500804024244423,10,91180,9992
CTGATCCG,0.8672755,0.8774893827567724,10,91180,9992
GTATCGCG,0.8672031,0.9118253411949037,10,91180,9992
GATCGGAT,0.8665761,0.8842720488187028,10,91180,9992
CCCTATCA,0.86624473,0.9469343998680575,10,91180,9992
TAACGATA,0.8655436,0.907269203809838,10,91180,9992
GTGATCCA,0.86524653,0.8957448563064363,10,91180,9992
GATCACTG,0.86481714,0.8977343009112275,10,91180,9992
CGGGTATA,0.8642913,0.8106935224508308,10,91180,9992
ATAATACA,0.8642286,0.8679338638518947,10,91180,9992
GGATCGTA,0.8637798,0.8645631468271966,10,91180,9992
CCCGGATC,0.86354345,0.9000948336288294,10,91180,9992
ATCAAATA,0.8635309,0.9125984414299262,10,91180,9992
GATAGGGT,0.8622379,0.8768193625530861,10,91180,9992
TGAGATAC,0.86220336,0.904290190904218,10,91180,9992
GGTATCCT,0.86198634,0.8845194408939101,10,91180,9992
TGGATGAT,0.8616254,0.856605368408032,10,91180,9992
AAGATACG,0.86114335,0.8441842246320044,10,91180,9992
GATACACA,0.8610916,0.8498123943429678,10,91180,9992
CCTATCAG,0.8608507,0.8798602234775079,10,91180,9992
ATGGATCC,0.8598083,0.8727786253247021,10,91180,9992
GAAGATAC,0.85954726,0.8255576629695296,10,91180,9992
TAGGATAC,0.8591769,0.8741186657320745,10,91180,9992
AACGGATA,0.85793567,0.8903125386550117,10,91180,9992
ATACCTAG,0.8577801,0.8779326268915186,10,91180,9992
TGATCCAG,0.8577767,0.8656557951593618,10,91180,9992
ATTGTATC,0.8576249,0.8582855729188142,10,91180,9992
TATTTGAT,0.85734653,0.9125984414299262,10,91180,9992
GATCATAG,0.8572751,0.8673463076732776,10,91180,9992
AAATATCG,0.8571371,0.7362800478291346,10,91180,9992
CCTTGATA,0.85694146,0.8977961489300293,10,91180,9992
CATTGATC,0.85658455,0.7955922978600585,10,91180,9992
ATCACTGA,0.8565422,0.8856223972292087,10,91180,9992
TATCTAAT,0.8561025,0.8712221168515235,10,91180,9992
GATACCGA,0.85538673,0.8527707912423205,10,91180,9992
GAGGGATA,0.8551735,0.8976827608955593,10,91180,9992
TAGATACA,0.85514003,0.8346905537459284,10,91180,9992
TAGTGATC,0.85513836,0.8728610893497711,10,91180,9992
ATATTTGA,0.8546128,0.8646971508679339,10,91180,9992
AACGGATC,0.85452867,0.8721395291304168,10,91180,9992
GATGGTAT,0.85390747,0.8573990846493217,10,91180,9992
GATCCAAT,0.85371363,0.9010534779202573,10,91180,9992
TGATCTTA,0.8532518,0.8881787820063497,10,91180,9992
ATTGGATA,0.853148,0.8540695996371583,10,91180,9992
GGGTGTCA,0.85313827,0.9567579268544097,10,91180,9992
GATCTATC,0.8531085,0.8524203191357771,10,91180,9992
ATACATAT,0.85274136,0.8784995670638683,10,91180,9992
TACGGTAT,0.8524445,0.8789634272048819,10,91180,9992
GATCCCTT,0.8522322,0.8883643260627552,10,91180,9992
TGGTATAT,0.8521776,0.893281243557498,10,91180,9992
GTTGTATC,0.8520719,0.86548055910609,10,91180,9992
GGATATGT,0.85147727,0.8884261740815569,10,91180,9992
CGGATCGG,0.8514627,0.8611718137962314,10,91180,9992
AAACGATA,0.8514045,0.8701294685193585,10,91180,9992
CATAGATC,0.85124815,0.8221354059291635,10,91180,9992
TATCTCAC,0.8500347,0.9081763080855977,10,91180,9992
GATGATCA,0.8498039,0.8891168102915104,10,91180,9992
GGATTATC,0.8497157,0.8185172968292582,10,91180,9992
AGTATTAA,0.84931123,0.8267946233455655,10,91180,9992
GCATATCC,0.84896195,0.8792623592957571,10,91180,9992
GATAATAC,0.8485168,0.9114336370758258,10,91180,9992
GATAGTGT,0.8482873,0.8464829093308044,10,91180,9992
CGATATTA,0.84816664,0.8905496227270853,10,91180,9992
GATCGTAT,0.84813917,0.8832824805178741,10,91180,9992
GGATTAAT,0.8478591,0.9074135158537089,10,91180,9992
AGAGGATC,0.84720594,0.860058549457799,10,91180,9992
TTTTGATC,0.8469863,0.8754999381519812,10,91180,9992
TGTATCTG,0.8460113,0.7973961984084443,10,91180,9992
TATCCCTT,0.84563893,0.8611408897868305,10,91180,9992
GGTTATAT,0.84549236,0.8121057188801385,10,91180,9992
CCGATAGC,0.8452823,0.8141673195068652,10,91180,9992
GATCACCG,0.84478235,0.8334535933698924,10,91180,9992
GTAGGTAT,0.8444459,0.8492660701768854,10,91180,9992
TGATCTAC,0.8443962,0.8594916092854492,10,91180,9992
GTGGGTAT,0.84404695,0.8715622809549335,10,91180,9992
TTGCTATC,0.8432465,0.8199604172679669,10,91180,9992
TCGGATCG,0.84317124,0.8229806621861212,10,91180,9992
ATACCATA,0.84314156,0.8718715210489424,10,91180,9992
GGGGTTAT,0.84304094,0.817259720446955,10,91180,9992
GGAGATCA,0.84272385,0.9254731373438339,10,91180,9992
GTCTGATA,0.8424873,0.8317836968622437,10,91180,9992
TCGATGAT,0.8424443,0.8878695419123408,10,91180,9992
GATCACTC,0.84240645,0.8390611470745887,10,91180,9992
GAGGATAC,0.8423457,0.835906898115697,10,91180,9992
ACTATACC,0.8422678,0.8123428029522122,10,91180,9992
TATGTGAT,0.841905,0.8582752649156805,10,91180,9992
CGTATCGG,0.8408751,0.862419082175401,10,91180,9992
ACTATCAC,0.8408367,0.9081866160887313,10,91180,9992
GCGTGATC,0.8406526,0.8160743000865872,10,91180,9992
ATCGTATT,0.84032166,0.8179503566569084,10,91180,9992
GAATATCC,0.8402461,0.8137446913783861,10,91180,9992
GATAATAG,0.84008384,0.8483177338885911,10,91180,9992
GATTATAC,0.8397127,0.8709438007669155,10,91180,9992
ATATTACT,0.8395008,0.8152084278233621,10,91180,9992
CGGTATCC,0.8393048,0.8052715128025398,10,91180,9992
TTTGTATC,0.8390568,0.808528841792768,10,91180,9992
GATATTCA,0.8390554,0.8319383169092484,10,91180,9992
AGAAGTAT,0.8388827,0.8584711169752196,10,91180,9992
CTGATCAT,0.8386388,0.8684904960211107,10,91180,9992
ACACGTAT,0.8383587,0.8682018719333691,10,91180,9992
TATCCGAC,0.8382239,0.8654187110872883,10,91180,9992
TAGAGATA,0.83774185,0.8527192512266524,10,91180,9992
GATCTATT,0.83724815,0.8787675751453429,10,91180,9992
CTGATCCA,0.8370466,0.8785614150826702,10,91180,9992
CAGATATA,0.83677554,0.8144147115820723,10,91180,9992
TATTAGAT,0.8366606,0.794231641446419,10,91180,9992
ATGGATCG,0.8364989,0.849977322393106,10,91180,9992
CGCTATCA,0.8361392,0.9297818826536923,10,91180,9992
ATATCGAG,0.8354339,0.8186203768605945,10,91180,9992
ATACCCGC,0.8353567,0.7958706139446666,10,91180,9992
GAATATCT,0.8352077,0.736826371995217,10,91180,9992
GTATTAAC,0.8347911,0.8304642724611389,10,91180,9992
GTATTTAT,0.8342063,0.8170020203686141,10,91180,9992
ACAAGTAT,0.83328587,0.8154867439079702,10,91180,9992
GATAGCTG,0.8331057,0.8196717931802251,10,91180,9992
ATAGTGAT,0.83302194,0.8463901373026017,10,91180,9992
GGATACAG,0.83267194,0.8475549416567023,10,91180,9992
GGATAGTA,0.832631,0.8105285944006928,10,91180,9992
CGATATTG,0.8325945,0.8136003793345153,10,91180,9992
AATGATCA,0.8321457,0.8430812682967056,10,91180,9992
GGTATGAT,0.8320385,0.8750566940172351,10,91180,9992
CTGATCAG,0.83100855,0.8358450500968952,10,91180,9992
CATATCGC,0.83094096,0.8884055580752898,10,91180,9992
TGTATTAC,0.83032393,0.6533006226033893,10,91180,9992
TCGGATCC,0.8302843,0.836133674184637,10,91180,9992
TATCTACG,0.830114,0.8199604172679669,10,91180,9992
TGATCGTT,0.8300624,0.8003958273203315,10,91180,9992
TATACCAT,0.82991433,0.8760565703211973,10,91180,9992
ATAATACT,0.8299132,0.8688306601245207,10,91180,9992
AAGTATAC,0.8297315,0.8664701274069188,10,91180,9992
GTGGATCG,0.82955647,0.8174968045190285,10,91180,9992
AAGCGATC,0.82922864,0.7856347668329691,10,91180,9992
TCTGTATC,0.8292116,0.8474930936379006,10,91180,9992
GGATACTG,0.82919204,0.7667814291015544,10,91180,9992
TTGATCTG,0.8289932,0.8000247392075207,10,91180,9992
GGATCCCC,0.8287121,0.8152702758421638,10,91180,9992
TATCCTAG,0.8286258,0.834587473714592,10,91180,9992
AATACTAT,0.8285507,0.8895600544262565,10,91180,9992
TGATCAGT,0.8284921,0.8320826289531192,10,91180,9992
ATAGTATT,0.82845354,0.8895600544262565,10,91180,9992
GAAGGGAT,0.8283008,0.7356306436317157,10,91180,9992
CGATAGGT,0.82815653,0.8082299097018926,10,91180,9992
AGTGGATC,0.8273618,0.8189502329608708,10,91180,9992
AAGGATAG,0.8271335,0.7765637240753721,10,91180,9992
TCAGATCA,0.82708263,0.8206922854904548,10,91180,9992
TGTGATCG,0.8270579,0.8446790087824186,10,91180,9992
AGTATATG,0.8269784,0.7143549251638973,10,91180,9992
GGATCAGC,0.8266015,0.8325361810909991,10,91180,9992
TGAGGTAT,0.8262924,0.8618315259967838,10,91180,9992
ATCTTATC,0.8256557,0.839586855234404,10,91180,9992
CGATCTAT,0.8255601,0.8290623840349647,10,91180,9992
GGATCGCG,0.8253226,0.7733063950851441,10,91180,9992
CGATAGGC,0.8252796,0.8005504473673359,10,91180,9992
TAGTAGAT,0.82523084,0.8418339999175359,10,91180,9992
TCACTGAT,0.8251823,0.8029934441100071,10,91180,9992
TGTATCCT,0.8249219,0.8291345400569001,10,91180,9992
AGATGATC,0.8247906,0.9131756896054096,10,91180,9992
CGATCACA,0.82472724,0.8446790087824186,10,91180,9992
AAAAGATA,0.82462496,0.8813342679256174,10,91180,9992
AGTATCCG,0.8244231,0.8700882365068239,10,91180,9992
CTCATATA,0.8244195,0.8557704201542078,10,91180,9992
TATTAATT,0.82429725,0.8082814497175608,10,91180,9992
GATATTCG,0.8240954,0.8169092483404115,10,91180,9992
CAGCGATC,0.8239808,0.7568032820681977,10,91180,9992
TATGAGAT,0.82396036,0.6803385148229085,10,91180,9992
TTTGATCT,0.82380086,0.8424730961118213,10,91180,9992
CCCTATAT,0.8232487,0.8021688038593164,10,91180,9992
TTATCATA,0.8232473,0.8397723992908094,10,91180,9992
GATCATTT,0.82320887,0.8604605615800107,10,91180,9992
CATATGAT,0.82241,0.7898713561208923,10,91180,9992
ACGGATCC,0.8223808,0.8424834041149548,10,91180,9992
ACCTATCG,0.8221152,0.8082299097018926,10,91180,9992
ATACCACT,0.8220521,0.7709664783738094,10,91180,9992
TGGATACG,0.8219145,0.8261967591638147,10,91180,9992
CCGTATAC,0.82124007,0.8182080567352493,10,91180,9992
CTTATGAT,0.8211491,0.7894384199892798,10,91180,9992
TTACTATC,0.8208742,0.7449284624582526,10,91180,9992
CCAGATCA,0.8207912,0.9065373355873501,10,91180,9992
GTATAACC,0.82034516,0.8326289531192017,10,91180,9992
CGATCATC,0.82018244,0.8672535356450748,10,91180,9992
TCTGGTAT,0.81977785,0.8071063373603266,10,91180,9992
CTAGGATA,0.819735,0.834587473714592,10,91180,9992
ATAGCGAT,0.8197278,0.7647198284748279,10,91180,9992
CGGATCTA,0.8193199,0.8312992207149631,10,91180,9992
ATGAGTAT,0.819316,0.8179194326475075,10,91180,9992
ATCTTCTA,0.8190786,0.834587473714592,10,91180,9992
TTATCTAT,0.81860745,0.8218880138539562,10,91180,9992
ATACCGAT,0.8181689,0.8075805055044737,10,91180,9992
CGTATACA,0.81809986,0.8188574609326681,10,91180,9992
CGATAGCT,0.8180739,0.8237434544180101,10,91180,9992
CAGTATCC,0.81799495,0.7667814291015544,10,91180,9992
ATCAATTA,0.81798446,0.8091988619964541,10,91180,9992
CCGATCAC,0.81744933,0.8976209128767576,10,91180,9992
GAATATCG,0.8170689,0.799148558941162,10,91180,9992
CGATAATA,0.81657827,0.8548736238815817,10,91180,9992
GATCGTTT,0.81646913,0.8059930730218942,10,91180,9992
CGGATAGC,0.81636065,0.811982022842535,10,91180,9992
TGGAGTAT,0.81623495,0.8276604956087906,10,91180,9992
GATCTTAC,0.8156071,0.8680060198738301,10,91180,9992
TATCCCAC,0.81556076,0.8337731414670351,10,91180,9992
ATTGTATA,0.8155345,0.855595184100936,10,91180,9992
TCGCGATC,0.8151709,0.8011998515647549,10,91180,9992
AGATCACG,0.81489575,0.817177256421886,10,91180,9992
ATCCGTGA,0.8146329,0.8018080237496393,10,91180,9992
GGTGATAG,0.8144971,0.9111140889786831,10,91180,9992
TCTAATAT,0.8142695,0.8499051663711706,10,91180,9992
GTGATCAG,0.8135067,0.7905104523151775,10,91180,9992
CGATCTGA,0.81312627,0.8457613491114501,10,91180,9992
GATCATAA,0.813122,0.8364119902692451,10,91180,9992
GGATCTTA,0.81303,0.7736877912010885,10,91180,9992
GATTATCA,0.81276435,0.7624108357728941,10,91180,9992
TGTATACG,0.8124223,0.8188574609326681,10,91180,9992
TCTAGGAT,0.8123511,0.7998288871479817,10,91180,9992
AGTAAGAT,0.8123167,0.8010864635302849,10,91180,9992
AAGGTATT,0.81228435,0.8445553127448151,10,91180,9992
TAGCGATC,0.8116885,0.8055601368902816,10,91180,9992
CAGCTATC,0.8115288,0.8196717931802251,10,91180,9992
GATCCTCG,0.8113908,0.8221354059291635,10,91180,9992
GGTATTGG,0.81136143,0.7825423658928793,10,91180,9992
ATTTATAC,0.8110454,0.8138477714097226,10,91180,9992
ATTTGATC,0.8108118,0.7559477178081062,10,91180,9992
GTATATGT,0.8106202,0.773564095163485,10,91180,9992
CAACTATA,0.8105136,0.6782047581742464,10,91180,9992
GTTTATAC,0.81038463,0.7708737063456068,10,91180,9992
ATATAGCC,0.81029224,0.7792231888838494,10,91180,9992
ATACCAGA,0.81008923,0.8071063373603266,10,91180,9992
TGTGGATC,0.81004417,0.8219601698758916,10,91180,9992
TAGATCCC,0.8099316,0.7433513379788068,10,91180,9992
TAGCTATA,0.8098315,0.8381643508019627,10,91180,9992
CAAGTGAT,0.8098126,0.7877272914690966,10,91180,9992
AGTAGTAT,0.8096953,0.8315466127901703,10,91180,9992
AGATCATG,0.80958015,0.7933554611800602,10,91180,9992
ACTAATAT,0.8093624,0.8316806168309074,10,91180,9992
CGGATCGA,0.8093238,0.8002927472889951,10,91180,9992
GAGATCAC,0.809072,0.8410299756731127,10,91180,9992
CCTATCTA,0.80864847,0.80779697357028,10,91180,9992
GTATTAGA,0.8085823,0.8252896548880551,10,91180,9992
GTGGATCC,0.8084632,0.7061497546695255,10,91180,9992
GGTATTAG,0.80839956,0.7856038428235682,10,91180,9992
TGCGGTAT,0.80825126,0.8421638560178122,10,91180,9992
GAATATAC,0.8079958,0.8024883519564591,10,91180,9992
TATAATCA,0.80772257,0.7642868923432152,10,91180,9992
CAAAGATC,0.80769384,0.7468354430379748,10,91180,9992
TACAATAT,0.80716336,0.8095802581123985,10,91180,9992
GATCTCTT,0.8069123,0.8239908464932173,10,91180,9992
GTAGTGAT,0.8068416,0.817455572506494,10,91180,9992
ACCAATAT,0.8065569,0.795581989856925,10,91180,9992
TTACGATC,0.8065214,0.8007256834206077,10,91180,9992
CGTATCCA,0.8059932,0.8261967591638147,10,91180,9992
TGTGTGAT,0.8056736,0.8156104399455737,10,91180,9992
GCTATATT,0.8051596,0.7166329938564301,10,91180,9992
CTACTATA,0.80515563,0.7902939842493713,10,91180,9992
GATAGCTA,0.8047509,0.7874386673813549,10,91180,9992
ACAGGTAT,0.8042579,0.7847173545540758,10,91180,9992
TAAAGTAT,0.80421615,0.835906898115697,10,91180,9992
ATCGTGTA,0.80399066,0.8349997938399373,10,91180,9992
TAGTATAC,0.80396307,0.8136003793345153,10,91180,9992
TATCGGTG,0.8038833,0.8311549086710922,10,91180,9992
GATAGTCC,0.8037539,0.812796355090092,10,91180,9992
GGGATCCT,0.80357933,0.8163732321774625,10,91180,9992
CTAATACC,0.8035109,0.7856038428235682,10,91180,9992
GACTATCG,0.8034322,0.7976642064899188,10,91180,9992
TAGGAGAT,0.80311817,0.7690285737846865,10,91180,9992
CGCTGATC,0.80295813,0.7885106997072527,10,91180,9992
TGAGTATA,0.802917,0.7956747618851276,10,91180,9992
TGATCAAT,0.8026221,0.7988599348534202,10,91180,9992
ATCTGGAT,0.80239844,0.7670700531892963,10,91180,9992
TTGCGATA,0.802309,0.7680080814744569,10,91180,9992
CATATCCA,0.8022418,0.8377211066672163,10,91180,9992
ATCGATCG,0.8018752,0.7779243804890117,10,91180,9992
TAGTGTAT,0.80185735,0.8526986352203851,10,91180,9992
CGATAGTC,0.8017104,0.7976642064899188,10,91180,9992
TATCTTAC,0.80084836,0.8480394178039831,10,91180,9992
GATCTGCT,0.8008462,0.7849441306230157,10,91180,9992
TATCTGAA,0.80071867,0.7781511565579516,10,91180,9992
ATTGATCA,0.8005134,0.7988599348534202,10,91180,9992
CATCTGAT,0.80036634,0.8244443986310972,10,91180,9992
GTTAATAC,0.8001714,0.8304642724611389,10,91180,9992
ATTGGTAT,0.80003464,0.768307013565332,10,91180,9992
CTATCAGT,0.7996972,0.8836638766338185,10,91180,9992
ATGGTATT,0.7995347,0.7267451449305241,10,91180,9992
AAATAGAT,0.7993643,0.7934585412113965,10,91180,9992
ATGTATGA,0.7993089,0.7892116439203398,10,91180,9992
AGGAGTAT,0.7992992,0.8210324495938647,10,91180,9992
AGTTATAC,0.7992773,0.7622046757102214,10,91180,9992
ATGCGATC,0.7990823,0.7884797756978519,10,91180,9992
TACCTGAT,0.79867744,0.8045190285737848,10,91180,9992
ATCATATT,0.798595,0.7715849585618273,10,91180,9992
AGCTATAT,0.7985617,0.8355564260091535,10,91180,9992
TGAAGTAT,0.7982432,0.7539582732033151,10,91180,9992
GATAGGCA,0.7979721,0.8499360903805715,10,91180,9992
GATCACAG,0.79784167,0.8210736816063993,10,91180,9992
ATCGTCTC,0.7975614,0.8531624953613987,10,91180,9992
AGACTGAT,0.7974973,0.7818517296829258,10,91180,9992
ATGCGGAT,0.7973617,0.8264132272296211,10,91180,9992
GGATAGTT,0.7973151,0.7837277862532471,10,91180,9992
CAGATAGG,0.7972645,0.796252010060611,10,91180,9992
CTCAGATC,0.79705906,0.7839957943347214,10,91180,9992
CTAATGAT,0.796912,0.8280831237372696,10,91180,9992
AGGGATAA,0.79667985,0.8274027955304499,10,91180,9992
CGTATGAT,0.7965158,0.7849441306230157,10,91180,9992
CGCTATCG,0.7964945,0.7127468766750505,10,91180,9992
TTTGTATA,0.7963713,0.7449490784645199,10,91180,9992
AAGATCAG,0.79627323,0.8223827980043706,10,91180,9992
ATAGTTAT,0.7962446,0.7343936832556798,10,91180,9992
AGACGTAT,0.7960237,0.8005504473673359,10,91180,9992
ATATCCAG,0.79592323,0.8727477013153012,10,91180,9992
GATCGTAC,0.7959221,0.7983136106873376,10,91180,9992
CTGGGTAT,0.7958412,0.7966952541953572,10,91180,9992
ACTCGGAT,0.7957962,0.8429060322434339,10,91180,9992
AGATCGCT,0.7955961,0.7972518863645736,10,91180,9992
ACACTGAT,0.79559255,0.7278377932626892,10,91180,9992
AGAAGATC,0.7955613,0.8080443656454872,10,91180,9992
AATAATAC,0.7955321,0.880757019750134,10,91180,9992
GGTATAGC,0.7953628,0.756205417886447,10,91180,9992
ATCGTTAT,0.795209,0.8133632952624418,10,91180,9992
CGATCGCA,0.79510415,0.7846039665196058,10,91180,9992
ATCATACG,0.79504645,0.7849441306230157,10,91180,9992
AAGTATAT,0.7949206,0.7699872180761143,10,91180,9992
ATATTTAG,0.7949109,0.7883870036696491,10,91180,9992
ATCGTTGA,0.794905,0.7977879025275224,10,91180,9992
ATATAGGT,0.79469025,0.779882901084402,10,91180,9992
CTATACAC,0.7945473,0.7628025398919722,10,91180,9992
ATGATCGC,0.79452586,0.8015297076650311,10,91180,9992
GATCATGG,0.7943639,0.8021997278687173,10,91180,9992
ATGTGTAT,0.79421735,0.798808394837752,10,91180,9992
GGGATAAC,0.79405683,0.8519770750010307,10,91180,9992
AGATAAAT,0.79393196,0.7406300251515276,10,91180,9992
ACTGATCA,0.7939255,0.8320826289531192,10,91180,9992
ATCGATCA,0.79357386,0.7863047870366553,10,91180,9992
CGATCAGT,0.7935358,0.7787284047334351,10,91180,9992
GGTATTGC,0.7931583,0.7592978188265369,10,91180,9992
TTTGGATC,0.79285,0.7799756731126046,10,91180,9992
TCTGATCA,0.79278326,0.7358264956912547,10,91180,9992
AATCAATA,0.7926774,0.7728734589535315,10,91180,9992
CGGCTATC,0.79267645,0.9045066589700244,10,91180,9992
GATCACGG,0.79261565,0.8100853502659464,10,91180,9992
ATATACGT,0.79256594,0.834082381561044,10,91180,9992
CTGGGATC,0.7924719,0.7726879148971262,10,91180,9992
GATCTTCA,0.79236025,0.8538634395744856,10,91180,9992
CGAGGGAT,0.79229355,0.7843668824475323,10,91180,9992
ACGTATGA,0.79162425,0.6724219684162783,10,91180,9992
AGACGGAT,0.79158306,0.8397414752814086,10,91180,9992
CGATCACC,0.79127574,0.8336288294231642,10,91180,9992
TTAGGATC,0.7912158,0.7642868923432152,10,91180,9992
CTATCCCT,0.79106283,0.7872221993155486,10,91180,9992
CTTGGATC,0.79073167,0.8139199274316581,10,91180,9992
GCATGATC,0.7903179,0.7414134333896838,10,91180,9992
GCAGGTAT,0.7902297,0.7598956830082877,10,91180,9992
TTCAATAC,0.79003644,0.7701109141137179,10,91180,9992
GATAGGCC,0.78977704,0.713097348781594,10,91180,9992
CCAGGATC,0.7897645,0.7833154661279018,10,91180,9992
TAATACAG,0.7897053,0.7314249783531934,10,91180,9992
AGATAGCC,0.78951156,0.8298870242856554,10,91180,9992
AGTGGTAT,0.78900784,0.7709664783738094,10,91180,9992
TATAGGGA,0.7886512,0.732280542613285,10,91180,9992
ATGAGGAT,0.78862023,0.7560611058425762,10,91180,9992
ATAATTGA,0.7885069,0.739805384900837,10,91180,9992
GTAGATCT,0.7883685,0.7569785181214695,10,91180,9992
CGATATTT,0.7882884,0.7362800478291346,10,91180,9992
ACAGGATC,0.78778976,0.7674411413021069,10,91180,9992
TGTATATT,0.78769386,0.8685214200305117,10,91180,9992
ATCGGATT,0.78768766,0.785356450748361,10,91180,9992
AGATCTTA,0.7876755,0.8250731868222488,10,91180,9992
ATTATACA,0.7875567,0.7526079247928091,10,91180,9992
CAGTATAC,0.78754896,0.7762338679750959,10,91180,9992
TGAGAGAT,0.7874521,0.7981486826371995,10,91180,9992
TAGATCCA,0.78727984,0.7782336205830207,10,91180,9992
ATCATAAA,0.78714705,0.8058075289654889,10,91180,9992
GTATTACC,0.7865691,0.7748732115614563,10,91180,9992
ACGATCCC,0.78646827,0.8036634643136931,10,91180,9992
ACTGATCT,0.78622586,0.9038778707788728,10,91180,9992
CGGATCCG,0.78601706,0.881148723869212,10,91180,9992
TATCCTTA,0.7859749,0.795891229950934,10,91180,9992
AATGTGAT,0.7858629,0.7873768193625531,10,91180,9992
ATCAACAG,0.7856253,0.7890364078670681,10,91180,9992
GGGGTGAT,0.78518915,0.7577310023502247,10,91180,9992
AATATACG,0.7844822,0.7611017193749228,10,91180,9992
CCGATCCC,0.78427637,0.8087659258648414,10,91180,9992
GATCCCGC,0.7841754,0.7647919844967633,10,91180,9992
GTATAACT,0.7841104,0.7622046757102214,10,91180,9992
AGGATAGC,0.78404427,0.7689976497752855,10,91180,9992
GGTTATCC,0.7837793,0.7482064074547479,10,91180,9992
TAACATAT,0.7835672,0.7149837133550488,10,91180,9992
TGCTATCA,0.7832235,0.8901063785923391,10,91180,9992
CGGTATTG,0.78316295,0.7923349688698306,10,91180,9992
GATCGCTG,0.7829056,0.7568032820681977,10,91180,9992
ATACACCA,0.7825515,0.855368408031996,10,91180,9992
ATACACCT,0.782467,0.8134766832969117,10,91180,9992
GGGTGTAT,0.78243494,0.8345359336989239,10,91180,9992
GTAGGATC,0.78240013,0.7706263142703996,10,91180,9992
ATACCGAA,0.78197134,0.7795942769966602,10,91180,9992
TGAGGGAT,0.7818037,0.7452583185585289,10,91180,9992
AGACTATA,0.7815918,0.7633076320455201,10,91180,9992
CGTATCCG,0.7815777,0.7735125551478167,10,91180,9992
CGAAGATC,0.7814853,0.7364965158949408,10,91180,9992
CATATATG,0.7813794,0.8332062012946853,10,91180,9992
CTATGTAT,0.7812892,0.6634952377025523,10,91180,9992
GGGATAGA,0.7810857,0.8003133632952625,10,91180,9992
TATAAACA,0.781055,0.8111779985981116,10,91180,9992
CGATATTC,0.78097415,0.799148558941162,10,91180,9992
ATAAGATC,0.7809609,0.8011276955428195,10,91180,9992
TTGGAGAT,0.78082144,0.6692161794417186,10,91180,9992
ATCATTTG,0.7808142,0.7247763163320001,10,91180,9992
GCGTATCC,0.7807804,0.7786047086958313,10,91180,9992
GATAGCAT,0.7805578,0.7690079577784191,10,91180,9992
ATGGGGAT,0.7804535,0.7171071620005772,10,91180,9992
AGGCGATC,0.78045034,0.7095617037067579,10,91180,9992
CATATAAG,0.7804308,0.7394446047911599,10,91180,9992
ATCGATGA,0.78035676,0.7619572836350142,10,91180,9992
CTATCTCC,0.78025347,0.8194450171112853,10,91180,9992
TCATGTAT,0.7802451,0.810404898363089,10,91180,9992
ATTAGTAT,0.78018486,0.7976229744773843,10,91180,9992
TGATCGAT,0.78012383,0.7863047870366553,10,91180,9992
ATCAATCG,0.7801034,0.768987341772152,10,91180,9992
ATCATGCA,0.7800641,0.8118480188017977,10,91180,9992
TTATACTT,0.7798472,0.8066527852224468,10,91180,9992
AGTTGATC,0.7797762,0.7529274728899517,10,91180,9992
TCCGATCC,0.77970606,0.816445388199398,10,91180,9992
CTATATGT,0.77965754,0.7214777553292376,10,91180,9992
CCGTATTA,0.7796075,0.8419680039582732,10,91180,9992
ACGTATAC,0.778872,0.7655135447161175,10,91180,9992
CTACGATC,0.7788279,0.7519791366016575,10,91180,9992
TTTATCCA,0.7783018,0.7267245289242569,10,91180,9992
TGATCGGA,0.7781562,0.7079227312085102,10,91180,9992
TAGGGGAT,0.77804554,0.8879107739248753,10,91180,9992
ACACAGAT,0.7777318,0.8048076526615264,10,91180,9992
AATAGGAT,0.7775111,0.8596977693481219,10,91180,9992
ACGATCCA,0.7773602,0.7624211437760277,10,91180,9992
GTATATGG,0.7772554,0.7375479322145714,10,91180,9992
TATACAGT,0.7770709,0.7495567558652538,10,91180,9992
TATCGCAG,0.7769937,0.7832742341153672,10,91180,9992
TGTGGTAT,0.7767655,0.794736733599967,10,91180,9992
ATTGATAA,0.77661943,0.7793571929245867,10,91180,9992
CTGCGATC,0.77647316,0.7496701438997238,10,91180,9992
CGATCGGT,0.7761531,0.7531027089432235,10,91180,9992
CCTAGATC,0.77577674,0.7653486166659795,10,91180,9992
CCTAGTAT,0.7756648,0.8167133962808726,10,91180,9992
GATCGTTG,0.7755863,0.7683173215684658,10,91180,9992
ATTTATCC,0.7755417,0.7640910402836762,10,91180,9992
TCAGTATA,0.775228,0.819166701026677,10,91180,9992
TCACATAT,0.7751999,0.8710365727951181,10,91180,9992
GGAGATCG,0.77518773,0.7750278316084609,10,91180,9992
TATCTGTG,0.7751274,0.7691316538160229,10,91180,9992
GGATCTAA,0.77509534,0.8003030552921288,10,91180,9992
ACAGTGAT,0.77506334,0.7389188966313445,10,91180,9992
ATACGCAT,0.77489865,0.8100235022471447,10,91180,9992
TGTATAAC,0.7748244,0.7868098791902034,10,91180,9992
TGTATATG,0.7744782,0.778027460520348,10,91180,9992
GACAGGAT,0.7744125,0.7175607141384571,10,91180,9992
TGAAGGAT,0.7742599,0.8000144312043872,10,91180,9992
GTTATACG,0.77420425,0.7483507194986186,10,91180,9992
AGTATACA,0.77418905,0.7767492681317775,10,91180,9992
GATCCTGG,0.7740309,0.7833154661279018,10,91180,9992
TAGAGATC,0.77394015,0.7564528099616542,10,91180,9992
TCGATAGG,0.7738797,0.7319300705067415,10,91180,9992
TTATACTG,0.77381265,0.7831711540840309,10,91180,9992
CTGAGTAT,0.77372074,0.7898301241083577,10,91180,9992
ATCCAGAT,0.77369916,0.7670700531892963,10,91180,9992
GTATACGT,0.7734803,0.7655135447161175,10,91180,9992
TAGATAGA,0.77276665,0.7797592050467984,10,91180,9992
GATAACAT,0.7725282,0.7654104646847812,10,91180,9992
GAGTATAG,0.7724123,0.7868614192058714,10,91180,9992
CGTATAAA,0.77180606,0.7956026058631922,10,91180,9992
ATCAAGAT,0.77176166,0.7470106790912464,10,91180,9992
ATAATAGG,0.77150834,0.7545973693976004,10,91180,9992
TGATGTAT,0.7713996,0.7656372407537213,10,91180,9992
ATACCATG,0.7711909,0.7878200634972993,10,91180,9992
TCTCTATC,0.7711282,0.5933080443656454,10,91180,9992
GATAACCG,0.7711253,0.7549478415041438,10,91180,9992
TATAGTTA,0.7710646,0.7640291922648745,10,91180,9992
TGGATCCC,0.77091825,0.7613903434626644,10,91180,9992
GAAGTATA,0.77079284,0.788026223559972,10,91180,9992
GATCGGGC,0.7706287,0.7908196924091866,10,91180,9992
CGTATAGA,0.77050257,0.7608852513091166,10,91180,9992
CTGTTATC,0.7703297,0.8184245248010557,10,91180,9992
ATACTTCG,0.77029705,0.7656578567599884,10,91180,9992
GTTATACC,0.770099,0.8321547849750546,10,91180,9992
CTATAATC,0.7697786,0.7779346884921453,10,91180,9992
AGGATAAA,0.7696593,0.7782645445924216,10,91180,9992
TCCAGTAT,0.769029,0.8077660495608792,10,91180,9992
AAAGTATA,0.76899844,0.7589473467199934,10,91180,9992
GCAGTATA,0.76887465,0.6808332989733229,10,91180,9992
TTTTAGAT,0.7688048,0.7687296416938111,10,91180,9992
TATACCGG,0.7687968,0.8074465014637364,10,91180,9992
CAGAGGAT,0.7687701,0.7929019090421803,10,91180,9992
CCGATGAT,0.76835,0.7352904795283057,10,91180,9992
GTTGGATC,0.7682103,0.7547210654352039,10,91180,9992
GCTAGATA,0.768046,0.7679977734713231,10,91180,9992
CTTGTGAT,0.76782215,0.7603080031336329,10,91180,9992
CTATCAGA,0.7676952,0.8528738712736569,10,91180,9992
GAGTGAGA,0.7676035,0.5529728281037397,10,91180,9992
CCGATCCA,0.76754445,0.7681936255308621,10,91180,9992
CTAGTGAT,0.76737416,0.7651630726095741,10,91180,9992
CATACTAT,0.767083,0.7806456933162907,10,91180,9992
CATATAAT,0.7670021,0.7818104976703913,10,91180,9992
GCTATCTA,0.76692104,0.7684616336123367,10,91180,9992
GGATCTCC,0.76639843,0.8271141714427082,10,91180,9992
CGAATATA,0.76638234,0.7228590277491445,10,91180,9992
ATATGGGC,0.7662549,0.7865831031212633,10,91180,9992
AGGATCGC,0.7660197,0.7720282026965737,10,91180,9992
ATCGTTAA,0.7659817,0.7355687956129138,10,91180,9992
CGAAGTAT,0.7659733,0.7656578567599884,10,91180,9992
TGTGGGAT,0.7658934,0.7151074093926525,10,91180,9992
CGTTGATC,0.7658145,0.7669154331422917,10,91180,9992
GAATCGAT,0.76540846,0.7601430750834949,10,91180,9992
CCTAATAT,0.7653998,0.7985094627468767,10,91180,9992
ATTCGGAT,0.7653813,0.7784913206613616,10,91180,9992
TGGATAGC,0.7653127,0.7654310806910486,10,91180,9992
TATACGCT,0.7652788,0.7551024615511482,10,91180,9992
AGGATAAC,0.76511705,0.7568651300869996,10,91180,9992
TACCAAAT,0.7649224,0.645219148146621,10,91180,9992
AGAAAGAT,0.7640538,0.7053663464313693,10,91180,9992
ACTAAGAT,0.763883,0.6938110749185668,10,91180,9992
AGTCATAT,0.7638589,0.8176411165628994,10,91180,9992
CGGGAGAT,0.7635813,0.7574526862656167,10,91180,9992
ATTATAGG,0.76316655,0.6976044200717437,10,91180,9992
ACGATGAT,0.7631663,0.7648229085061642,10,91180,9992
ATTATCTA,0.7630798,0.7191172226116357,10,91180,9992
ATCGTGAT,0.76288235,0.7338988991052653,10,91180,9992
CGTATTGA,0.7628471,0.7997051911103781,10,91180,9992
AGATCTAG,0.76255566,0.7416917494742918,10,91180,9992
TGATCACG,0.76252574,0.7873149713437513,10,91180,9992
GTCCGATA,0.76247615,0.810745062466499,10,91180,9992
ACGCGATA,0.76226616,0.7216736073887766,10,91180,9992
CAGTTATC,0.7622324,0.7507524842287552,10,91180,9992
ATACCCAG,0.7619634,0.7966952541953572,10,91180,9992
ATCGGGAT,0.7618469,0.7977363625118542,10,91180,9992
ATACTGCG,0.7616582,0.5665278522244671,10,91180,9992
CGATCAGA,0.76107824,0.7630499319671794,10,91180,9992
GCACGGAT,0.76105756,0.6679998350719498,10,91180,9992
GATCGTGC,0.7610462,0.7648332165092978,10,91180,9992
CCATAGAT,0.76100326,0.5298004370593329,10,91180,9992
ATGGTGTT,0.76043594,0.6034717354554076,10,91180,9992
CGTATAAC,0.76041347,0.7483507194986186,10,91180,9992
TATACAAG,0.7600322,0.8200841133055704,10,91180,9992
GATTGGAT,0.7598795,0.753762421143776,10,91180,9992
TATAGCAT,0.759689,0.6544551189543562,10,91180,9992
CCTTATCA,0.75881785,0.751968828598524,10,91180,9992
TGATCGTG,0.7587789,0.7311672782748525,10,91180,9992
CGGATGAT,0.7585797,0.7648641405186988,10,91180,9992
TATCGAAC,0.75819385,0.792293736857296,10,91180,9992
TATCTTGA,0.758128,0.7927060569826414,10,91180,9992
ATCAGATT,0.7580914,0.8021688038593164,10,91180,9992
CAAAGTAT,0.75794196,0.8295159361728446,10,91180,9992
TAGCGGAT,0.75765604,0.7289201335917206,10,91180,9992
GTGCGATC,0.7574968,0.7508658722632252,10,91180,9992
CGTTATCC,0.75741625,0.7405784851358596,10,91180,9992
TCAGGGAT,0.75708544,0.736548055910609,10,91180,9992
ATGTAATA,0.7570164,0.7960149259885375,10,91180,9992
GCATATAA,0.75643253,0.7258586566610316,10,91180,9992
GTTATTGA,0.756352,0.5954211850080402,10,91180,9992
GTGGATCT,0.7560562,0.7764091040283676,10,91180,9992
ATCGTGTC,0.75539005,0.765420772687915,10,91180,9992
CTTATCAT,0.7552752,0.7583597905413764,10,91180,9992
TATAGTAA,0.7551142,0.7122211685152352,10,91180,9992
AGATGGAT,0.7550697,0.7188389065270275,10,91180,9992
GTTATACT,0.75500935,0.7448769224425845,10,91180,9992
TATACTAA,0.75451076,0.7311054302560508,10,91180,9992
GTAGATCG,0.75435376,0.7160763616872139,10,91180,9992
TTCATATA,0.75425005,0.7570815981528058,10,91180,9992
TCAAATAT,0.7542124,0.8646971508679339,10,91180,9992
CGATAGTG,0.75409406,0.737279924133097,10,91180,9992
GTTATGAT,0.75397325,0.792015420772688,10,91180,9992
TGTCGTAT,0.75395983,0.761936667628747,10,91180,9992
CAAATGAT,0.75379264,0.7247763163320001,10,91180,9992
TCCAAGAT,0.7537606,0.7579062384034965,10,91180,9992
GTATAGGT,0.7536279,0.8365356863068486,10,91180,9992
GGAGATCT,0.75348365,0.7589061147074588,10,91180,9992
AATGTTAT,0.7529623,0.7517832845421185,10,91180,9992
CGTATTTT,0.75288343,0.6170886075949368,10,91180,9992
AGATCTTC,0.75276065,0.794509957531027,10,91180,9992
TAGTGGAT,0.7527277,0.7664618810044118,10,91180,9992
CTACTGAT,0.7527265,0.7291262936543933,10,91180,9992
CAAGGGAT,0.75260735,0.691780398301241,10,91180,9992
ACTCTATC,0.75235695,0.7463406588875603,10,91180,9992
GATCCACC,0.7522348,0.8482146538572548,10,91180,9992
ATACGTGC,0.75214756,0.7579577784191647,10,91180,9992
GGATCTCA,0.75202996,0.7401352410011133,10,91180,9992
CGGATCCT,0.75190246,0.7550818455448811,10,91180,9992
ATTGCTAT,0.751861,0.7687708737063457,10,91180,9992
ATATGGCA,0.7515786,0.7556797097266319,10,91180,9992
CTAGGGAT,0.7514107,0.7444646023172391,10,91180,9992
GATCGCAG,0.7512724,0.7496701438997238,10,91180,9992
TGTATAAT,0.7512716,0.7526079247928091,10,91180,9992
ATAATGTA,0.7510788,0.7990970189254938,10,91180,9992
ATCTCTAA,0.7509308,0.7090669195563436,10,91180,9992
GCTTATAT,0.7508494,0.7358058796849875,10,91180,9992
GACCGATC,0.7506488,0.7470622191069145,10,91180,9992
TTATGGAT,0.7504716,0.7209829711788232,10,91180,9992
ACGAGTAT,0.7503952,0.7401764730136479,10,91180,9992
ATACAGTT,0.7503903,0.6500432936131613,10,91180,9992
ATACTTAC,0.7500589,0.7399600049478415,10,91180,9992
AGACGCTA,0.75004333,0.4187110872881705,10,91180,9992
TGTATAGC,0.74989444,0.7449181544551189,10,91180,9992
ATCATCGC,0.7498772,0.8054055168432771,10,91180,9992
CGATCGTT,0.7498275,0.6791530944625407,10,91180,9992
TACCCGAT,0.7497128,0.7954067538036531,10,91180,9992
CTTCGATC,0.7492788,0.5931431163155074,10,91180,9992
GTATAAGC,0.7492508,0.6989856924916504,10,91180,9992
GATCGGTG,0.74920255,0.7235599719622315,10,91180,9992
GGCGATCT,0.74898416,0.6238918896631345,10,91180,9992
AAATATAG,0.7489762,0.7469179070630437,10,91180,9992
ATCACGAT,0.74890065,0.7338988991052653,10,91180,9992
GGATTAAC,0.7487341,0.7553498536263555,10,91180,9992
CGAGATCT,0.74873173,0.7216117593699749,10,91180,9992
ATGGTGTC,0.74858296,0.8560075042262814,10,91180,9992
ATCAGCGA,0.7485688,0.7978600585494577,10,91180,9992
TCCGATCA,0.7485023,0.7079227312085102,10,91180,9992
GCGTATAC,0.74837714,0.715849585618274,10,91180,9992
CGATTATC,0.74828273,0.724642312291263,10,91180,9992
ATCGGTGA,0.74806595,0.7340225951428689,10,91180,9992
CTCGTATA,0.74804914,0.6887704613862203,10,91180,9992
TGTTTGAT,0.7478508,0.7828000659712201,10,91180,9992
CTTATACT,0.7478476,0.8213829217004082,10,91180,9992
TATACTGG,0.7473032,0.7323011586195523,10,91180,9992
TTTCTGAT,0.7472994,0.7415989774460892,10,91180,9992
ACCGATCA,0.74716103,0.8401125633942192,10,91180,9992
CCAATACA,0.7471589,0.6432606275512308,10,91180,9992
ATAATAGC,0.74702317,0.7097163237537624,10,91180,9992
AGCTATAC,0.74665534,0.726518368861584,10,91180,9992
GCAAGGAT,0.74663514,0.6069249165051747,10,91180,9992
GTCTCATT,0.7464489,0.5721560219354307,10,91180,9992
GATAGTCG,0.746108,0.7255494165670227,10,91180,9992
ATACTGAG,0.74591184,0.7456706386838742,10,91180,9992
TAGCAGAT,0.7458647,0.7572465262029441,10,91180,9992
GGGATCTC,0.74580854,0.8104976703912918,10,91180,9992
ATTGATTC,0.7457026,0.7092833876221498,10,91180,9992
TAGATAAC,0.74529046,0.7336515070300581,10,91180,9992
GCCTATCC,0.7451933,0.7109017441141302,10,91180,9992
ATCGTAGA,0.74514556,0.7074897950768977,10,91180,9992
CAATTATA,0.7449644,0.6864099286686183,10,91180,9992
TATAACAG,0.74464387,0.6864511606811529,10,91180,9992
CTTATAGC,0.7445402,0.4395951016369109,10,91180,9992
ACATCAAA,0.7445227,0.44649115573331133,10,91180,9992
AATGAGAT,0.74446934,0.7829959180307592,10,91180,9992
AGGTATGA,0.744281,0.7664721890075455,10,91180,9992
GTCTCATA,0.7436035,0.7406712571640621,10,91180,9992
GATTAGAT,0.7435815,0.7839545623221869,10,91180,9992
CGATGCCA,0.7435584,0.3705314806415701,10,91180,9992
CTGATCGG,0.7431735,0.7075928751082341,10,91180,9992
GGTCGATA,0.7426672,0.7441141302106956,10,91180,9992
TACATGTA,0.74259025,0.7178081062136643,10,91180,9992
ATTATCAT,0.74253935,0.7612357234156599,10,91180,9992
ACGCATAT,0.74243784,0.7187255184925577,10,91180,9992
GATCTACG,0.74243385,0.6811837710798665,10,91180,9992
CCATACCA,0.74238056,0.44194532635137923,10,91180,9992
CCGAGTAT,0.74229103,0.7362491238197337,10,91180,9992
GTATTACT,0.74228626,0.6969240918649239,10,91180,9992
ATATGAGG,0.7422694,0.6941512390219767,10,91180,9992
ATCGGGTT,0.7422519,0.7144373891889663,10,91180,9992
TTAATACT,0.7421541,0.8267946233455655,10,91180,9992
TGGTTATA,0.7421477,0.6861625365934112,10,91180,9992
TGATGGAT,0.7414203,0.6920793303921164,10,91180,9992
CGCAGTAT,0.74138594,0.5665278522244671,10,91180,9992
TGTTGTAT,0.7413304,0.8142394755288006,10,91180,9992
CTTATACG,0.7411442,0.710149259885375,10,91180,9992
CCGATAAT,0.7409531,0.6762050055663217,10,91180,9992
GGAAGGAT,0.74087536,0.6890900094833629,10,91180,9992
GCTATCCT,0.740615,0.7689976497752855,10,91180,9992
CTGGATCT,0.74043417,0.7292706056982642,10,91180,9992
AGATCCGT,0.740342,0.743794582113553,10,91180,9992
GCATGGAT,0.7399881,0.6659794664577579,10,91180,9992
GTATTAGG,0.73992777,0.8055292128808808,10,91180,9992
CGTTATCT,0.7399068,0.705799282562982,10,91180,9992
ATACGACT,0.739807,0.7331670308827775,10,91180,9992
CTAATTAT,0.7397201,0.7199624788685937,10,91180,9992
AGTATTTA,0.7395346,0.6712674720653116,10,91180,9992
ATAATAAG,0.7395302,0.704170618067868,10,91180,9992
CTATACAG,0.73952556,0.7169010019379046,10,91180,9992
AGGAGATT,0.73943466,0.6233764895064529,10,91180,9992
GACGTGAT,0.73921937,0.7034902898610481,10,91180,9992
ACTGCTAT,0.7392073,0.7606172432276419,10,91180,9992
GAGTGGAT,0.7391623,0.6835236877912011,10,91180,9992
TCACGATA,0.7390419,0.6982538242691625,10,91180,9992
CGATCTGT,0.73852813,0.8042097884797756,10,91180,9992
CTGGATCG,0.7384057,0.6694944955263267,10,91180,9992
CTGAGGAT,0.73833525,0.7414546654022184,10,91180,9992
GATCTCCA,0.737859,0.786366635055457,10,91180,9992
GACTATAC,0.73780847,0.7739351832762957,10,91180,9992
CGATAACT,0.7376692,0.7301570939677565,10,91180,9992
CCTGGTAT,0.7373654,0.8122397229208759,10,91180,9992
CGTATTTA,0.7373125,0.8034263802416196,10,91180,9992
ATCGGGTC,0.7372323,0.6969756318805921,10,91180,9992
GGATCTGG,0.7368254,0.7026965736197583,10,91180,9992
CATTTATC,0.73643327,0.7208901991506206,10,91180,9992
GGTAGTAT,0.736408,0.7173236300663836,10,91180,9992
AGTCTGAT,0.73622,0.7146744732610398,10,91180,9992
CCAGTATA,0.7361471,0.7323011586195523,10,91180,9992
CAATAATA,0.7361086,0.8043334845173793,10,91180,9992
CTATAGGG,0.73605514,0.738908588628211,10,91180,9992
CGATCTTA,0.7359163,0.7262091287675752,10,91180,9992
CGATCTAC,0.7358318,0.7160763616872139,10,91180,9992
TCATAAAT,0.7357869,0.7438564301323548,10,91180,9992
TGTATAGG,0.7355376,0.6929864346678761,10,91180,9992
GTATGAGA,0.73545575,0.6191502082216633,10,91180,9992
CTATCCAT,0.7354483,0.7038407619675917,10,91180,9992
ATCCCTAG,0.7354151,0.7444646023172391,10,91180,9992
ATAGTTGA,0.73537976,0.76398796025234,10,91180,9992
CGATTGAT,0.73516417,0.768987341772152,10,91180,9992
GATAACTG,0.73493254,0.7507524842287552,10,91180,9992
ATAGCATA,0.734833,0.7264668288459161,10,91180,9992
CTATCGGG,0.7347568,0.6984187523193007,10,91180,9992
CGTATTAC,0.73469806,0.731940378509875,10,91180,9992
CTAATATG,0.73461765,0.6794107945408815,10,91180,9992
CGATAATC,0.7342732,0.7246938523069311,10,91180,9992
ACTTATCA,0.7340068,0.7283428854162372,10,91180,9992
GATCAGCG,0.7339623,0.7885106997072527,10,91180,9992
CGCTATCT,0.73359394,0.6407867067991588,10,91180,9992
ATAGGTTT,0.73359305,0.7057271265410464,10,91180,9992
ATCAGTCG,0.7335129,0.7600090710427577,10,91180,9992
AGGTGTAA,0.73346055,0.8013132395992248,10,91180,9992
AGTATTGT,0.7330289,0.7621222116851523,10,91180,9992
TCCGATCG,0.73300713,0.7458355667340123,10,91180,9992
CGATAACC,0.7328533,0.7354347915721766,10,91180,9992
AATACGTA,0.73281586,0.7422689976497753,10,91180,9992
ACGAGGAT,0.7326447,0.7052838824063002,10,91180,9992
TTAGCGAT,0.7324884,0.734383375252546,10,91180,9992
TCTGATCG,0.73245054,0.7630499319671794,10,91180,9992
TGGATCTG,0.7322388,0.732167154578815,10,91180,9992
TTTCGGAT,0.7321733,0.7905723003339793,10,91180,9992
CTAGATCC,0.73215073,0.6945326351379212,10,91180,9992
GTGTTATC,0.7320957,0.7185399744361523,10,91180,9992
ACAGGGAT,0.7319688,0.6933884467900878,10,91180,9992
TTGATCAG,0.73194385,0.6910176060693523,10,91180,9992
GCGCGATC,0.73187965,0.7022224054756113,10,91180,9992
ATCACTAA,0.73183453,0.7165608378344948,10,91180,9992
CTATAGCA,0.7317961,0.6445903599554694,10,91180,9992
CTATACGT,0.731735,0.7159732816558776,10,91180,9992
GAATATAG,0.7313937,0.6985630643631716,10,91180,9992
CCGGGGAT,0.7312832,0.6841833999917536,10,91180,9992
TTGCGATC,0.73096323,0.6884199892796768,10,91180,9992
ATCACTGG,0.73073316,0.6666804106708448,10,91180,9992
ATATTTCA,0.7306465,0.7102007999010431,10,91180,9992
TGTAAGAT,0.7305174,0.7372902321362306,10,91180,9992
ATCTACAA,0.7302756,0.7069331629076816,10,91180,9992
GAATTGAT,0.7301272,0.6884715292953448,10,91180,9992
TTGTAGAT,0.72983617,0.7069331629076816,10,91180,9992
CGCTATCC,0.72980475,0.7837793262689151,10,91180,9992
AGATAACC,0.72963476,0.7323320826289531,10,91180,9992
GATTGAGA,0.7295219,0.6272213746752979,10,91180,9992
ATCCTAGT,0.7293609,0.684451408073228,10,91180,9992
TCCTGATT,0.72915643,0.6626190574361934,10,91180,9992
GGCTCATA,0.7290272,0.7542365892879231,10,91180,9992
CGTATAAG,0.7288563,0.710149259885375,10,91180,9992
ACGATAGA,0.72876203,0.6944604791159857,10,91180,9992
CGATCACG,0.72860324,0.7398363089102379,10,91180,9992
ATCGCCTA,0.7284529,0.6701645157300127,10,91180,9992
AGCAGGAT,0.7284322,0.6377561538778708,10,91180,9992
GGAAGTAT,0.7281364,0.7423514616748443,10,91180,9992
TAAGCTAT,0.72806334,0.736774831979549,10,91180,9992
GATCTCGG,0.72795266,0.7597616789675504,10,91180,9992
CCTATAAT,0.72694516,0.6976044200717437,10,91180,9992
CTTGGTAT,0.72680026,0.7444336783078382,10,91180,9992
AATGAGAC,0.7267244,0.5721560219354307,10,91180,9992
ACTGATCG,0.7261679,0.7787284047334351,10,91180,9992
ATCGTCGA,0.72586566,0.7537108811281079,10,91180,9992
CCGAGATC,0.72586346,0.7597616789675504,10,91180,9992
TGGTGTCT,0.7258623,0.7932626891518575,10,91180,9992
ATCAATTC,0.72574085,0.6884715292953448,10,91180,9992
ATTATCGG,0.725696,0.6762050055663217,10,91180,9992
CCGATAAG,0.72562516,0.48812518039005487,10,91180,9992
CCAGATCC,0.72560835,0.7026965736197583,10,91180,9992
GAGATAAC,0.7254819,0.698521832350637,10,91180,9992
CTGATAAC,0.7254752,0.6949140312538655,10,91180,9992
GTCAGGAT,0.7254606,0.7295076897703378,10,91180,9992
CTATCCCA,0.72534513,0.7205397270440771,10,91180,9992
TGGTTATC,0.72521496,0.6989341524759825,10,91180,9992
CTTATTAT,0.7252071,0.704170618067868,10,91180,9992
ATCCATAC,0.7251858,0.7143858491732982,10,91180,9992
TTGCCGAT,0.72482353,0.6229538613779738,10,91180,9992
TATAAAGC,0.724721,0.6215210489423989,10,91180,9992
ATCATGAA,0.72465706,0.6394775904011875,10,91180,9992
CTAAGATC,0.72431916,0.7501340040407373,10,91180,9992
GTAGCGAT,0.7242064,0.6525996783903022,10,91180,9992
ACCATGAT,0.7241504,0.7278893332783574,10,91180,9992
ACGTGTAT,0.7238873,0.7081907392899848,10,91180,9992
TTTCGATC,0.72384983,0.7050364903310931,10,91180,9992
TATTTAGA,0.7238158,0.6858017564837341,10,91180,9992
ATTGTTAT,0.72375333,0.7041396940584671,10,91180,9992
GGGGGATT,0.7237389,0.7422380736403744,10,91180,9992
TGTCTATA,0.7235284,0.7998701191605163,10,91180,9992
GCTCGGAT,0.72328097,0.7040984620459325,10,91180,9992
TCTATGTA,0.7232603,0.6735661567641117,10,91180,9992
CTTACGAT,0.7232345,0.6016162948913537,10,91180,9992
TGCAATAT,0.723227,0.7063559147321982,10,91180,9992
CTCGTATT,0.72287536,0.7522986846988001,10,91180,9992
CGATCTCA,0.7226894,0.7582670185131736,10,91180,9992
CCATATAG,0.7224736,0.7086030594153301,10,91180,9992
CCAGATCT,0.7222943,0.7624005277697604,10,91180,9992
ATAGCACT,0.7221256,0.6740815569207933,10,91180,9992
ATGTTATA,0.7219992,0.6676905949779409,10,91180,9992
TAGATCGG,0.7218836,0.8049931967179318,10,91180,9992
GATCCAGG,0.72187644,0.6994907846451985,10,91180,9992
CATATGAC,0.7216718,0.7065208427823362,10,91180,9992
AATTTATC,0.72152686,0.6459304003628418,10,91180,9992
ATAGTAGT,0.72149736,0.7235393559559642,10,91180,9992
CGATCTCT,0.7214265,0.6967900878241867,10,91180,9992
TCACGATC,0.7211381,0.6706386838741598,10,91180,9992
CTGCATAT,0.72105485,0.701274069187317,10,91180,9992
TAGTTGAT,0.72104514,0.7073867150455614,10,91180,9992
