{"run_id": "18:13:29-01/16/2025", "exp_name": "DirichletPPO", "model_name": "LandscapeAsModel=TF_Binding", "landscape_name": "TF_Binding", "rounds": 10, "sequences_batch_size": 1000, "model_queries_per_batch": 5000}
sequence,model_score,true_score,round,model_cost,measurement_cost
GCTCGAGC,,0.5502102832639261,0,0,1
GATATCGC,0.9771575,0.9771574650558693,1,20000,1000
GCGATATC,0.9771575,0.9771574650558693,1,20000,1000
GGTGTATC,0.9676947,0.9676947181791943,1,20000,1000
GATATACC,0.9673236,0.9673236300663836,1,20000,1000
TCGATACC,0.95415,0.9541500020616006,1,20000,1000
GATCCCCC,0.95283055,0.9528305776604957,1,20000,1000
GATATGCC,0.9485527,0.9485527563600379,1,20000,1000
TATCGATC,0.9319775,0.9319774873211562,1,20000,1000
GATCGATA,0.9319775,0.9319774873211562,1,20000,1000
GATATAGG,0.92959636,0.929596338597287,1,20000,1000
CCTATATC,0.92959636,0.929596338597287,1,20000,1000
GATACATC,0.92898816,0.9289881664124026,1,20000,1000
GATGTATC,0.92898816,0.9289881664124026,1,20000,1000
GTATCAGC,0.92508143,0.9250814332247558,1,20000,1000
AGTATCGC,0.9248959,0.9248958891683503,1,20000,1000
TCTATATC,0.9246073,0.9246072650806086,1,20000,1000
GATATAGA,0.9246073,0.9246072650806086,1,20000,1000
TATCTATC,0.9238135,0.9238135488393188,1,20000,1000
GATAGATA,0.9238135,0.9238135488393188,1,20000,1000
GCATGATA,0.92330843,0.9233084566857709,1,20000,1000
CCGGTATC,0.92216426,0.9221642683379376,1,20000,1000
ACTATATC,0.92187566,0.921875644250196,1,20000,1000
GATATAGC,0.9194223,0.9194223395043912,1,20000,1000
GCTATATC,0.9194223,0.9194223395043912,1,20000,1000
AATCGATA,0.9179174,0.9179173710468809,1,20000,1000
TATCGATT,0.9179174,0.9179173710468809,1,20000,1000
GATAGGGA,0.91408277,0.9140827938811694,1,20000,1000
TCCCTATC,0.91408277,0.9140827938811694,1,20000,1000
GGTGTCAC,0.9134334,0.9134333896837504,1,20000,1000
TATCGCTT,0.9130417,0.9130416855646725,1,20000,1000
GTACGATA,0.9126603,0.912660289448728,1,20000,1000
GTATTATC,0.91143364,0.9114336370758257,1,20000,1000
TATTGATC,0.91079456,0.9107945408815404,1,20000,1000
TATCAATC,0.9094751,0.9094751164804354,1,20000,1000
TATCAAGC,0.9089082,0.9089081763080856,1,20000,1000
GCTTGATA,0.9089082,0.9089081763080856,1,20000,1000
GTGAGATA,0.9081763,0.9081763080855977,1,20000,1000
TATCAAAC,0.9073001,0.9073001278192389,1,20000,1000
GTTTGATA,0.9073001,0.9073001278192389,1,20000,1000
TATCACGC,0.9045994,0.904599430998227,1,20000,1000
GATAGCCG,0.9045067,0.9045066589700244,1,20000,1000
TATCGATA,0.90300167,0.903001690512514,1,20000,1000
GATCCAAT,0.9010535,0.9010534779202574,1,20000,1000
CCCGGATC,0.9000948,0.9000948336288294,1,20000,1000
GGTTGATA,0.89998144,0.8999814455943594,1,20000,1000
CCTTGATA,0.89779615,0.8977961489300293,1,20000,1000
ACTTGATA,0.8977652,0.8977652249206285,1,20000,1000
TATCAAGT,0.8977652,0.8977652249206285,1,20000,1000
CAGTGATC,0.8977343,0.8977343009112275,1,20000,1000
GATCACCC,0.8962809,0.8962808724693851,1,20000,1000
GATCATCC,0.8900548,0.890054838576671,1,20000,1000
GATCACAT,0.88889,0.8888900342225705,1,20000,1000
TATCGAAG,0.887014,0.8870139776522492,1,20000,1000
TATCTAAG,0.8843957,0.8843957448563065,1,20000,1000
GATCGGAT,0.88427204,0.8842720488187028,1,20000,1000
GCTGTATC,0.8837876,0.8837875726714222,1,20000,1000
GATACAGC,0.8837876,0.8837875726714222,1,20000,1000
ATACGATC,0.8832825,0.8832824805178741,1,20000,1000
TTTCGATA,0.88258153,0.882581536304787,1,20000,1000
TATCTATT,0.88158166,0.8815816600008246,1,20000,1000
GCTATATA,0.878881,0.8788809631798128,1,20000,1000
AATAGATC,0.87876755,0.8787675751453429,1,20000,1000
GCCGGATC,0.8777265,0.8777264668288458,1,20000,1000
GATCCGGC,0.8777265,0.8777264668288458,1,20000,1000
GATAGGGT,0.8768194,0.8768193625530861,1,20000,1000
ACCCTATC,0.8768194,0.8768193625530861,1,20000,1000
TTTTGATC,0.87549996,0.8754999381519812,1,20000,1000
TATCGATG,0.87201583,0.8720158330928133,1,20000,1000
GATTATAC,0.8709438,0.8709438007669155,1,20000,1000
GTATAATC,0.8709438,0.8709438007669155,1,20000,1000
TCAGGATA,0.8702841,0.8702840885663629,1,20000,1000
TATCCTGA,0.8702841,0.8702840885663629,1,20000,1000
AAACGATA,0.87012947,0.8701294685193585,1,20000,1000
TATCGGGG,0.8687791,0.8687791201088525,1,20000,1000
AATGGATC,0.8683668,0.8683667999835072,1,20000,1000
GTAAGATC,0.868006,0.8680060198738301,1,20000,1000
GATATAAC,0.8678823,0.8678823238362264,1,20000,1000
GATCCCTA,0.867872,0.8678720158330928,1,20000,1000
TAGGGATC,0.867872,0.8678720158330928,1,20000,1000
GATACAGG,0.8662949,0.866294891353647,1,20000,1000
GTTGTATC,0.86548054,0.86548055910609,1,20000,1000
GATCTATA,0.86542904,0.8654290190904217,1,20000,1000
TATAGATC,0.86542904,0.8654290190904217,1,20000,1000
GCGATCGC,0.86459404,0.8645940708365975,1,20000,1000
TATCTAGT,0.86455286,0.8645528388240631,1,20000,1000
ACACGATA,0.8639859,0.8639858986517132,1,20000,1000
TATCGTGT,0.8639859,0.8639858986517132,1,20000,1000
GATAGTAG,0.86342925,0.863429266482497,1,20000,1000
GAGGGATC,0.8593576,0.8593576052447119,1,20000,1000
GATCCCTC,0.8593576,0.8593576052447119,1,20000,1000
GATTGATC,0.8586257,0.8586257370222241,1,20000,1000
GATCAATC,0.8586257,0.8586257370222241,1,20000,1000
ATGCGATA,0.85777014,0.8577701727621325,1,20000,1000
TCTTGATA,0.8567291,0.8567290644456356,1,20000,1000
GATATTGT,0.8552344,0.8552344039912588,1,20000,1000
TATCGCGC,0.855121,0.8551210159567888,1,20000,1000
GCGCGATA,0.855121,0.8551210159567888,1,20000,1000
ATTGGATA,0.8540696,0.8540695996371583,1,20000,1000
GATCTTCA,0.8538634,0.8538634395744855,1,20000,1000
TATCGCGA,0.8537294,0.8537294355337484,1,20000,1000
GCAGGATC,0.8535542,0.8535541994804766,1,20000,1000
GATCCTGC,0.8535542,0.8535541994804766,1,20000,1000
GCCCTATC,0.85351294,0.853512967467942,1,20000,1000
GATAGGGC,0.85351294,0.853512967467942,1,20000,1000
GTTAGATA,0.8530388,0.853038799323795,1,20000,1000
GATCTATC,0.85242033,0.8524203191357771,1,20000,1000
GATAGATC,0.85242033,0.8524203191357771,1,20000,1000
GGAGGATC,0.85044116,0.8504411825341195,1,20000,1000
GATCCTCC,0.85044116,0.8504411825341195,1,20000,1000
ACCCGATA,0.84927636,0.8492763781800191,1,20000,1000
TATCGGGT,0.84927636,0.8492763781800191,1,20000,1000
GGTGGATC,0.8482146,0.8482146538572548,1,20000,1000
GATCCACC,0.8482146,0.8482146538572548,1,20000,1000
TCTGTATC,0.8474931,0.8474930936379006,1,20000,1000
GATACAGA,0.8474931,0.8474930936379006,1,20000,1000
ACACTATC,0.84648293,0.8464829093308044,1,20000,1000
TATCGTGG,0.84597784,0.8459778171772564,1,20000,1000
GATCCTTC,0.845782,0.8457819651177175,1,20000,1000
GTATAAGA,0.8450398,0.8450397888920959,1,20000,1000
CGTGGATA,0.84487486,0.8448748608419577,1,20000,1000
ATACAAGT,0.84422547,0.8442254566445387,1,20000,1000
GATCGCCC,0.84398836,0.8439883725724653,1,20000,1000
GGGCGATC,0.84398836,0.8439883725724653,1,20000,1000
GATCAAGT,0.8437204,0.8437203644909909,1,20000,1000
ACTTGATC,0.8437204,0.8437203644909909,1,20000,1000
ACCCGATC,0.8435967,0.8435966684533872,1,20000,1000
GATCGGGT,0.8435967,0.8435966684533872,1,20000,1000
GGTGGATA,0.84355545,0.8435554364408527,1,20000,1000
CCTAGATA,0.8435039,0.8435038964251845,1,20000,1000
TATCTAGG,0.8435039,0.8435038964251845,1,20000,1000
GATAGTTC,0.84348327,0.8434832804189173,1,20000,1000
ATTCGATA,0.84190613,0.8419061559394714,1,20000,1000
TATCGAAT,0.84190613,0.8419061559394714,1,20000,1000
GGTATTAC,0.8416175,0.8416175318517297,1,20000,1000
GAGATAGT,0.8415763,0.8415762998391951,1,20000,1000
CTACGATA,0.84024656,0.8402465674349565,1,20000,1000
CAACGATA,0.83994764,0.8399476353440812,1,20000,1000
TATCGCAC,0.83864886,0.8386488269492435,1,20000,1000
TATCCAAC,0.8382365,0.838236506823898,1,20000,1000
GATCAGAC,0.8382159,0.8382158908176308,1,20000,1000
GTCTGATC,0.8382159,0.8382158908176308,1,20000,1000
GGTGGTAT,0.837082,0.8370820104729313,1,20000,1000
GTATCTGC,0.8363914,0.8363913742629778,1,20000,1000
GATCTTGA,0.8363089,0.8363089102379088,1,20000,1000
TCAAGATC,0.8363089,0.8363089102379088,1,20000,1000
GATCCGCC,0.8359275,0.8359275141219644,1,20000,1000
TACCGATC,0.8333402,0.8333402053354225,1,20000,1000
GATCGGTA,0.8333402,0.8333402053354225,1,20000,1000
AATGGATA,0.8322063,0.8322063249907228,1,20000,1000
TCTAGATC,0.83174247,0.8317424648497094,1,20000,1000
GATCTAGA,0.83174247,0.8317424648497094,1,20000,1000
ACGCTATC,0.8316806,0.8316806168309074,1,20000,1000
CCGCTATC,0.8314229,0.8314229167525667,1,20000,1000
GATAGCGG,0.8314229,0.8314229167525667,1,20000,1000
TCATGATC,0.8310415,0.8310415206366223,1,20000,1000
GATCATGA,0.8310415,0.8310415206366223,1,20000,1000
TATCGGTC,0.82968086,0.8296808642229827,1,20000,1000
GACCGATA,0.82968086,0.8296808642229827,1,20000,1000
TATCTGGA,0.8295881,0.82958809219478,1,20000,1000
TATCCAGA,0.8285264,0.8285263678720158,1,20000,1000
GATCACGT,0.8278667,0.8278666556714633,1,20000,1000
GATCAAGA,0.82784605,0.8278460396651961,1,20000,1000
TCTTGATC,0.82784605,0.8278460396651961,1,20000,1000
AACCGATC,0.8264854,0.8264853832515565,1,20000,1000
GATCTCCC,0.82518655,0.8251865748567188,1,20000,1000
GATAGGAC,0.82425886,0.8242588545746918,1,20000,1000
GATCTCTT,0.8239908,0.8239908464932173,1,20000,1000
GATCAGTC,0.82387745,0.8238774584587474,1,20000,1000
GCGATAGT,0.82322806,0.8232280542613285,1,20000,1000
ACTATCGC,0.82322806,0.8232280542613285,1,20000,1000
GATCTATG,0.8221354,0.8221354059291635,1,20000,1000
CATAGATC,0.8221354,0.8221354059291635,1,20000,1000
GATCCACA,0.82196015,0.8219601698758916,1,20000,1000
TGTGGATC,0.82196015,0.8219601698758916,1,20000,1000
GATATTGC,0.82108396,0.8210839896095329,1,20000,1000
AGTGGATC,0.81895024,0.8189502329608709,1,20000,1000
ACTGGATA,0.8181771,0.8181771327258485,1,20000,1000
TATCTGTC,0.8179091,0.8179091246443739,1,20000,1000
GACCTATC,0.81668246,0.8166824722714716,1,20000,1000
GATCACGC,0.8160743,0.8160743000865872,1,20000,1000
GCGTGATC,0.8160743,0.8160743000865872,1,20000,1000
GGGCGATA,0.8153424,0.8153424318640993,1,20000,1000
GATCCAAG,0.8139199,0.813919927431658,1,20000,1000
CTTGGATC,0.8139199,0.813919927431658,1,20000,1000
TATACATC,0.81307465,0.8130746711747001,1,20000,1000
GATCTACC,0.81279635,0.812796355090092,1,20000,1000
GGTAGATC,0.81279635,0.812796355090092,1,20000,1000
GGTATAGT,0.8123428,0.8123428029522122,1,20000,1000
GCTATCGT,0.8114151,0.811415082670185,1,20000,1000
ACGATAGC,0.8114151,0.811415082670185,1,20000,1000
GCTGATCT,0.81097186,0.810971838535439,1,20000,1000
AGATCAGC,0.81097186,0.810971838535439,1,20000,1000
TATCGGAC,0.81074506,0.810745062466499,1,20000,1000
GTCCGATA,0.81074506,0.810745062466499,1,20000,1000
GATCACGG,0.81008536,0.8100853502659465,1,20000,1000
CCGTGATC,0.81008536,0.8100853502659465,1,20000,1000
TCCTGATC,0.8098998,0.8098998062095412,1,20000,1000
GATCAGGA,0.8098998,0.8098998062095412,1,20000,1000
GCTTGATC,0.80985856,0.8098585741970066,1,20000,1000
GATCAAGC,0.80985856,0.8098585741970066,1,20000,1000
GATCTTCC,0.80772483,0.8077248175483446,1,20000,1000
TCTATACC,0.8074465,0.8074465014637364,1,20000,1000
GGTATAGA,0.8074465,0.8074465014637364,1,20000,1000
GATCCGTC,0.80619925,0.8061992330845669,1,20000,1000
AAACGATC,0.8059931,0.8059930730218942,1,20000,1000
GATCGTTT,0.8059931,0.8059930730218942,1,20000,1000
GAGCGATC,0.80553955,0.8055395208840144,1,20000,1000
GATCGCTC,0.80553955,0.8055395208840144,1,20000,1000
TATCCGTC,0.80544674,0.8054467488558116,1,20000,1000
ATTTGAGA,0.8053437,0.8053436688244753,1,20000,1000
GATCGTGT,0.8040139,0.8040139364202367,1,20000,1000
ACACGATC,0.8040139,0.8040139364202367,1,20000,1000
TATCGAGT,0.80316865,0.8031686801632787,1,20000,1000
ACTCGATA,0.80316865,0.8031686801632787,1,20000,1000
GCGATCGG,0.8031481,0.8031480641570116,1,20000,1000
CCATGATC,0.8021997,0.8021997278687173,1,20000,1000
GATCCATC,0.80208635,0.8020863398342473,1,20000,1000
GATGGATC,0.80208635,0.8020863398342473,1,20000,1000
ACGAGATC,0.8017771,0.8017770997402383,1,20000,1000
TGTTGATC,0.801406,0.8014060116274276,1,20000,1000
GATCAACA,0.801406,0.8014060116274276,1,20000,1000
TCGCGATC,0.80119985,0.8011998515647549,1,20000,1000
GATCGCGA,0.80119985,0.8011998515647549,1,20000,1000
GTGCTATC,0.8007875,0.8007875314394096,1,20000,1000
GATCGTAA,0.8007257,0.8007256834206077,1,20000,1000
TTACGATC,0.8007257,0.8007256834206077,1,20000,1000
ATCCTAGA,0.7998289,0.7998288871479817,1,20000,1000
GCGATAGG,0.7986022,0.7986022347750794,1,20000,1000
TATCGACT,0.7985713,0.7985713107656784,1,20000,1000
AGTCGATA,0.7985713,0.7985713107656784,1,20000,1000
GATCGTAC,0.7983136,0.7983136106873376,1,20000,1000
GTACGATC,0.7983136,0.7983136106873376,1,20000,1000
GATCCAGT,0.79716945,0.7971694223395044,1,20000,1000
GATCTCTC,0.7970251,0.7970251102956335,1,20000,1000
TTACGATA,0.794479,0.7944790335216262,1,20000,1000
TATCGTAA,0.794479,0.7944790335216262,1,20000,1000
GATCGATC,0.7932524,0.7932523811487239,1,20000,1000
TATCTTGA,0.7927061,0.7927060569826414,1,20000,1000
GATAGCCC,0.7924174,0.7924174328948996,1,20000,1000
TATCGAAC,0.7922937,0.792293736857296,1,20000,1000
GAAGGATA,0.7922937,0.792293736857296,1,20000,1000
GTTCGATA,0.7922937,0.792293736857296,1,20000,1000
GCACGATA,0.7922216,0.7922215808353607,1,20000,1000
TATCGTGC,0.7922216,0.7922215808353607,1,20000,1000
ATTAGACA,0.79188144,0.7918814167319507,1,20000,1000
GATCGGGC,0.7908197,0.7908196924091866,1,20000,1000
GCCCGATC,0.7908197,0.7908196924091866,1,20000,1000
TATCAGGC,0.7901394,0.7901393642023666,1,20000,1000
GCCTGATA,0.7901394,0.7901393642023666,1,20000,1000
TCTGGATC,0.7899435,0.7899435121428278,1,20000,1000
GATCCAGA,0.7899435,0.7899435121428278,1,20000,1000
GCGAGATA,0.7888921,0.7888920958231972,1,20000,1000
GGATAAGC,0.78864473,0.7886447037479899,1,20000,1000
GATCGCAT,0.7884798,0.7884797756978519,1,20000,1000
ATGCGATC,0.7884798,0.7884797756978519,1,20000,1000
GATCACGA,0.7874284,0.7874283593782213,1,20000,1000
TCGTGATC,0.7874284,0.7874283593782213,1,20000,1000
ATTAGATC,0.78689235,0.7868923432152723,1,20000,1000
GATCTAAT,0.78689235,0.7868923432152723,1,20000,1000
TCACTATC,0.78601617,0.7860161629489135,1,20000,1000
GATCGCTT,0.78563476,0.7856347668329691,1,20000,1000
GTACGGAT,0.78550076,0.7855007627922319,1,20000,1000
CCCCGATC,0.78525335,0.7852533707170247,1,20000,1000
GATCGGGG,0.78525335,0.7852533707170247,1,20000,1000
GATAGTAC,0.78314024,0.78314023007463,1,20000,1000
GTACTATC,0.78314024,0.78314023007463,1,20000,1000
GGATCGGC,0.7828825,0.7828825299962892,1,20000,1000
GATCGTCT,0.7827382,0.7827382179524183,1,20000,1000
ATTATAGC,0.7819136,0.7819135777017276,1,20000,1000
ATACGAGA,0.78048074,0.7804807652661527,1,20000,1000
ATCCGCGC,0.7803158,0.7803158372160145,1,20000,1000
GCGCGGAT,0.7803158,0.7803158372160145,1,20000,1000
TCTCCGAT,0.7796561,0.7796561250154619,1,20000,1000
GATCGTTA,0.777677,0.7776769884138045,1,20000,1000
TAACGATC,0.777677,0.7776769884138045,1,20000,1000
GATCTGGT,0.7767802,0.7767801921411785,1,20000,1000
TATCGACA,0.7765225,0.7765224920628376,1,20000,1000
GATCGATT,0.7759246,0.7759246278810868,1,20000,1000
AATCGATC,0.7759246,0.7759246278810868,1,20000,1000
GGTAATAC,0.7748732,0.7748732115614563,1,20000,1000
TTTAGATC,0.772925,0.7729249989691998,1,20000,1000
ACTAGATC,0.77146125,0.7714612625242239,1,20000,1000
GATCTAGT,0.77146125,0.7714612625242239,1,20000,1000
GTAGGATC,0.7706263,0.7706263142703996,1,20000,1000
GATCGTTG,0.76831734,0.7683173215684658,1,20000,1000
CAACGATC,0.76831734,0.7683173215684658,1,20000,1000
AGTCGATC,0.7682142,0.7682142415371295,1,20000,1000
GCTAGATA,0.7679978,0.7679977734713231,1,20000,1000
TATCTAGC,0.7679978,0.7679977734713231,1,20000,1000
TCTATAGG,0.7679256,0.7679256174493877,1,20000,1000
ACAGGATC,0.76744115,0.7674411413021069,1,20000,1000
TCTAGATA,0.76742053,0.7674205252958397,1,20000,1000
GATCGCGG,0.7671731,0.7671731332206326,1,20000,1000
CCGCGATC,0.7671731,0.7671731332206326,1,20000,1000
GATCAACG,0.76691544,0.7669154331422917,1,20000,1000
CGTTGATC,0.76691544,0.7669154331422917,1,20000,1000
GATCGCGT,0.76642066,0.7664206489918772,1,20000,1000
ACGCGATC,0.76642066,0.7664206489918772,1,20000,1000
GGTATACG,0.76580215,0.7658021688038593,1,20000,1000
GATCAACC,0.76577127,0.7657712447944585,1,20000,1000
GGTTGATC,0.76577127,0.7657712447944585,1,20000,1000
CCTAGATC,0.7653486,0.7653486166659795,1,20000,1000
GATCTAGG,0.7653486,0.7653486166659795,1,20000,1000
GCACGATC,0.7648332,0.7648332165092978,1,20000,1000
GATCGTGC,0.7648332,0.7648332165092978,1,20000,1000
GCGGGATC,0.76479197,0.7647919844967633,1,20000,1000
GATCCCGC,0.76479197,0.7647919844967633,1,20000,1000
GATCCCGT,0.7644415,0.7644415123902198,1,20000,1000
GGCAGATC,0.76354474,0.7635447161175937,1,20000,1000
GATCTTGG,0.76354474,0.7635447161175937,1,20000,1000
TATCGGGA,0.7613697,0.7613697274563972,1,20000,1000
GCTCATAT,0.7580712,0.7580711664536346,1,20000,1000
TCTCGATA,0.75796807,0.7579680864222983,1,20000,1000
TATCGAGA,0.75796807,0.7579680864222983,1,20000,1000
ATACGTGC,0.75795776,0.7579577784191647,1,20000,1000
GATCGCTG,0.7568033,0.7568032820681978,1,20000,1000
GATAGTGC,0.7563188,0.7563188059209169,1,20000,1000
GCACTATC,0.7563188,0.7563188059209169,1,20000,1000
GGTATAGC,0.75620544,0.756205417886447,1,20000,1000
GCTATACC,0.75620544,0.756205417886447,1,20000,1000
GTTGGATC,0.75472105,0.7547210654352039,1,20000,1000
GATCCAAC,0.75472105,0.7547210654352039,1,20000,1000
ATCCAATC,0.7537624,0.753762421143776,1,20000,1000
GCTATGAT,0.7530821,0.7530820929369563,1,20000,1000
AGTTGATC,0.7529275,0.7529274728899517,1,20000,1000
GATCAACT,0.7529275,0.7529274728899517,1,20000,1000
ATACTCGC,0.7527007,0.7527006968210119,1,20000,1000
GGTGTCGC,0.7525564,0.7525563847771409,1,20000,1000
GTCAGATA,0.75251514,0.7525151527646065,1,20000,1000
GTGAGATC,0.7525048,0.7525048447614728,1,20000,1000
GATCTCAC,0.7525048,0.7525048447614728,1,20000,1000
GATCAGGC,0.751237,0.751236960376036,1,20000,1000
GCCTGATC,0.751237,0.751236960376036,1,20000,1000
GATCGCAC,0.7508659,0.7508658722632252,1,20000,1000
GTGCGATC,0.7508659,0.7508658722632252,1,20000,1000
GCTATCGC,0.7507628,0.7507627922318889,1,20000,1000
GCGATAGC,0.7507628,0.7507627922318889,1,20000,1000
TCTCGATC,0.74993813,0.7499381519811982,1,20000,1000
GATCGAGA,0.74993813,0.7499381519811982,1,20000,1000
TCGCTATC,0.74954647,0.7495464478621201,1,20000,1000
CATTGACC,0.7489589,0.748958891683503,1,20000,1000
TATCGAGG,0.7476704,0.747670391291799,1,20000,1000
CCTCGATA,0.7476704,0.747670391291799,1,20000,1000
ATACGAGG,0.7475776,0.7475776192635962,1,20000,1000
TCCCGGGT,0.74752605,0.7475260792479281,1,20000,1000
GATCAGGG,0.7471962,0.7471962231476519,1,20000,1000
GACCGATC,0.7470622,0.7470622191069145,1,20000,1000
GATCGGTC,0.7470622,0.7470622191069145,1,20000,1000
ACTCTATC,0.74634063,0.7463406588875603,1,20000,1000
GATAGAGT,0.74634063,0.7463406588875603,1,20000,1000
TCTCCTTC,0.74480474,0.7448047664206491,1,20000,1000
TATCGACC,0.7441141,0.7441141302106956,1,20000,1000
GGTCGATA,0.7441141,0.7441141302106956,1,20000,1000
GCTCAATA,0.7418464,0.7418463695212963,1,20000,1000
TATTGAGC,0.7418464,0.7418463695212963,1,20000,1000
GGCCGATC,0.74151653,0.7415165134210201,1,20000,1000
GATCGGCC,0.74151653,0.7415165134210201,1,20000,1000
GATCATGC,0.7414134,0.7414134333896838,1,20000,1000
GCATGATC,0.7414134,0.7414134333896838,1,20000,1000
TTCCGATC,0.7404754,0.7404754051045233,1,20000,1000
ACTATAGT,0.7391869,0.739186904712819,1,20000,1000
GCAAGATC,0.73746544,0.7374654681895023,1,20000,1000
TCTCCAAA,0.735909,0.7359089597163238,1,20000,1000
GCTATCTC,0.7354863,0.7354863315878448,1,20000,1000
GATCTGTC,0.7348885,0.7348884674060941,1,20000,1000
GATTGAAT,0.7339917,0.7339916711334681,1,20000,1000
TCTTTATC,0.73373395,0.7337339710551273,1,20000,1000
GATAAAGA,0.73373395,0.7337339710551273,1,20000,1000
ATATGTGC,0.73188883,0.7318888384942069,1,20000,1000
GATCTTAA,0.73045605,0.7304560260586319,1,20000,1000
GGACGATC,0.7296726,0.7296726178204759,1,20000,1000
GATCGTCC,0.7296726,0.7296726178204759,1,20000,1000
GGCCGATA,0.7294561,0.7294561497546695,1,20000,1000
TCTCTATA,0.72866243,0.7286624335133798,1,20000,1000
TATAGAGA,0.72866243,0.7286624335133798,1,20000,1000
GATCTTTC,0.7278584,0.7278584092689564,1,20000,1000
GATCGTTC,0.72764194,0.7276419412031501,1,20000,1000
GAACGATC,0.72764194,0.7276419412031501,1,20000,1000
TATCGGGC,0.7269307,0.7269306889869295,1,20000,1000
GCCCGATA,0.7269307,0.7269306889869295,1,20000,1000
CCTGGTGT,0.726807,0.7268069929493258,1,20000,1000
GGTGTAGT,0.7256216,0.7256215725889581,1,20000,1000
ATTCTATA,0.72500306,0.7250030924009401,1,20000,1000
GGGCGGAT,0.7245392,0.7245392322599267,1,20000,1000
GATCTTGT,0.72428155,0.7242815321815858,1,20000,1000
TCTAGTGA,0.72356,0.7235599719622315,1,20000,1000
TCACTAGA,0.72356,0.7235599719622315,1,20000,1000
CACCGATC,0.72356,0.7235599719622315,1,20000,1000
ATTCGATC,0.7222509,0.7222508555642602,1,20000,1000
GATCGAAT,0.7222509,0.7222508555642602,1,20000,1000
GTTTGATC,0.7215087,0.7215086793386385,1,20000,1000
GATCAAAC,0.7215087,0.7215086793386385,1,20000,1000
GTTCGGAT,0.720715,0.7207149630973488,1,20000,1000
TGTCTATC,0.719076,0.7190759905991011,1,20000,1000
TATAGAAC,0.71876675,0.7187667505050921,1,20000,1000
GCTATTTA,0.71855026,0.7185502824392859,1,20000,1000
GCTGGATA,0.71735454,0.7173545540757844,1,20000,1000
TATCCAGC,0.71735454,0.7173545540757844,1,20000,1000
CATCGATC,0.71707624,0.7170762379911764,1,20000,1000
GATCGATG,0.71707624,0.7170762379911764,1,20000,1000
GCTATACG,0.7166433,0.7166433018595638,1,20000,1000
AATTGAGA,0.7157053,0.7157052735744033,1,20000,1000
TCTCAATT,0.7157053,0.7157052735744033,1,20000,1000
TGGCGATC,0.7153445,0.715344493464726,1,20000,1000
GGTCGGAT,0.7152105,0.7152104894239888,1,20000,1000
ACTCATAC,0.71040696,0.7104069599637158,1,20000,1000
GATGACCC,0.70870614,0.7087061394466664,1,20000,1000
ATCCTAGG,0.7086855,0.7086855234403991,1,20000,1000
GTTATAGA,0.7084484,0.7084484393683256,1,20000,1000
GTTGGATT,0.7078506,0.7078505751865748,1,20000,1000
AATCCAAC,0.7078506,0.7078505751865748,1,20000,1000
GCTGGATC,0.707799,0.7077990351709067,1,20000,1000
GATCCAGC,0.707799,0.7077990351709067,1,20000,1000
TCCCGATC,0.70701563,0.7070156269327506,1,20000,1000
GATCGGGA,0.70701563,0.7070156269327506,1,20000,1000
TATATGGC,0.7059539,0.7059539026099865,1,20000,1000
GATCGAAA,0.70503646,0.7050364903310931,1,20000,1000
TTTCGATC,0.70503646,0.7050364903310931,1,20000,1000
GCAAGATA,0.70483035,0.7048303302684205,1,20000,1000
GATCGGAC,0.70417064,0.704170618067868,1,20000,1000
GTCCGATC,0.70417064,0.704170618067868,1,20000,1000
GCTCGGAT,0.70409846,0.7040984620459325,1,20000,1000
ATCCGAGC,0.70409846,0.7040984620459325,1,20000,1000
ATATGCGC,0.7037686,0.7037686059456563,1,20000,1000
TCGCTATA,0.70371705,0.7037170659299881,1,20000,1000
TCCCATGA,0.7024389,0.7024388735414175,1,20000,1000
GCGCGATC,0.7022224,0.7022224054756112,1,20000,1000
GATCGCGC,0.7022224,0.7022224054756112,1,20000,1000
GGTCATCC,0.70056283,0.7005628169710963,1,20000,1000
GATCCAGG,0.6994908,0.6994907846451985,1,20000,1000
GCTTATAC,0.6989857,0.6989856924916505,1,20000,1000
CATCGAAG,0.6984909,0.6984909083412362,1,20000,1000
TCTGGGAT,0.69829506,0.6982950562816971,1,20000,1000
TATCGTGA,0.6982538,0.6982538242691625,1,20000,1000
CGTATAGG,0.69821256,0.698212592256628,1,20000,1000
ACTCAATG,0.6979755,0.6979755081845544,1,20000,1000
TCTCCTAA,0.69660455,0.6966045437677814,1,20000,1000
GCATTATC,0.696419,0.696418999711376,1,20000,1000
ACTTAATA,0.69636744,0.6963674596957077,1,20000,1000
TCCCATGT,0.69599634,0.695996371582897,1,20000,1000
ACTCAATA,0.69581085,0.6958108275264915,1,20000,1000
TGTCCAAC,0.6957696,0.6957695955139571,1,20000,1000
TCTGTAAT,0.69571805,0.6957180554982889,1,20000,1000
ACACTAAT,0.6955944,0.6955943594606853,1,20000,1000
CGTGGATC,0.69401723,0.6940172349812395,1,20000,1000
GATCCACG,0.69401723,0.6940172349812395,1,20000,1000
CCTTGATC,0.69314104,0.6931410547148806,1,20000,1000
GATCAAGG,0.69314104,0.6931410547148806,1,20000,1000
ACCCGGGT,0.6930483,0.6930482826866778,1,20000,1000
GATTCATA,0.69147116,0.6914711582072322,1,20000,1000
GATTACGC,0.690997,0.690996990063085,1,20000,1000
GATGGTGT,0.68845093,0.6884509132890777,1,20000,1000
GATCTGAC,0.6877706,0.687770585082258,1,20000,1000
CTCCGATC,0.68734795,0.6873479569537789,1,20000,1000
GATCGGAG,0.68734795,0.6873479569537789,1,20000,1000
CCTCCAGC,0.6870078,0.687007792850369,1,20000,1000
GCTGGAGG,0.6870078,0.687007792850369,1,20000,1000
GTTCTAAT,0.6864924,0.6864923926936874,1,20000,1000
CCTCGAGG,0.6860079,0.6860079165464067,1,20000,1000
TTATGAGC,0.6843071,0.6843070960293572,1,20000,1000
TCTTAATC,0.68384326,0.6838432358883437,1,20000,1000
TTTCAATA,0.6819569,0.6819568713148889,1,20000,1000
ATACCAGC,0.68193626,0.6819362553086217,1,20000,1000
AGTCAATA,0.6809467,0.6809466870077928,1,20000,1000
GACCCAGA,0.6803179,0.6803178988166412,1,20000,1000
TCTGGGTC,0.6803179,0.6803178988166412,1,20000,1000
TTTTGAGA,0.67847276,0.678472766255721,1,20000,1000
TCTCAAAA,0.67847276,0.678472766255721,1,20000,1000
GCTCGATA,0.67831814,0.6783181462087164,1,20000,1000
TATCGAGC,0.67831814,0.6783181462087164,1,20000,1000
TATTGACC,0.67808104,0.6780810621366429,1,20000,1000
GATTATGC,0.6777615,0.6777615140395004,1,20000,1000
ATACGAAC,0.6767204,0.6767204057230033,1,20000,1000
CGCCGATC,0.6763699,0.6763699336164598,1,20000,1000
TCTATAGT,0.67458665,0.6745866490743413,1,20000,1000
GATAGAAA,0.67403,0.6740300169051251,1,20000,1000
ATACTAGC,0.6738651,0.6738650888549871,1,20000,1000
GTGCTATA,0.6738651,0.6738650888549871,1,20000,1000
GCTAGTAT,0.6738651,0.6738650888549871,1,20000,1000
ATCCGAAG,0.67348367,0.6734836927390425,1,20000,1000
GCTATAAA,0.6725457,0.672545664453882,1,20000,1000
AATCCATC,0.6711747,0.6711747000371089,1,20000,1000
GATAGCGC,0.67106134,0.6710613120026389,1,20000,1000
GCGCTATC,0.67106134,0.6710613120026389,1,20000,1000
GATCGTGA,0.6706387,0.6706386838741598,1,20000,1000
TCACGATC,0.6706387,0.6706386838741598,1,20000,1000
GCTTAATA,0.6689894,0.6689894033727787,1,20000,1000
TCAAGAAT,0.66840184,0.6684018471941616,1,20000,1000
ATCCGTGC,0.66799986,0.6679998350719498,1,20000,1000
CCTATAGC,0.667938,0.6679379870531481,1,20000,1000
GCTATAGG,0.667938,0.6679379870531481,1,20000,1000
TATCTGGC,0.6669175,0.6669174947429184,1,20000,1000
GGTCTATA,0.6666804,0.6666804106708448,1,20000,1000
TATAGACC,0.6666804,0.6666804106708448,1,20000,1000
GATCTAAC,0.6662372,0.6662371665360985,1,20000,1000
GTTAGATC,0.6662372,0.6662371665360985,1,20000,1000
TCTAGAGG,0.66511357,0.6651135941945326,1,20000,1000
CCTCTAGA,0.66511357,0.6651135941945326,1,20000,1000
GCGCATTA,0.66259843,0.6625984414299263,1,20000,1000
CCTGGATA,0.6623511,0.662351049354719,1,20000,1000
TCTAGAGT,0.6610522,0.6610522409598812,1,20000,1000
ACTCTAGA,0.6610522,0.6610522409598812,1,20000,1000
GCTGTTTA,0.66066056,0.6606605368408032,1,20000,1000
GATAAAGT,0.6603204,0.6603203727373933,1,20000,1000
GATAGAAC,0.65925866,0.6592586484146291,1,20000,1000
GTTCTATC,0.65925866,0.6592586484146291,1,20000,1000
GCGATCGT,0.6581557,0.6581556920793304,1,20000,1000
TCTCATGT,0.657898,0.6578979920009896,1,20000,1000
GCTAAATA,0.6578671,0.6578670679915887,1,20000,1000
GATAAAGG,0.6577846,0.6577846039665196,1,20000,1000
ATTCGTAT,0.65754753,0.657547519894446,1,20000,1000
GCGATAAC,0.657228,0.6572279717973034,1,20000,1000
AATGGATT,0.6563518,0.6563517915309446,1,20000,1000
GCGCGTAT,0.6558261,0.6558260833711294,1,20000,1000
ATACGCGC,0.6558261,0.6558260833711294,1,20000,1000
ACTCGATC,0.6555993,0.6555993073021894,1,20000,1000
GATCGAGT,0.6555993,0.6555993073021894,1,20000,1000
GATAGATT,0.655455,0.6554549952583185,1,20000,1000
AATCTATC,0.655455,0.6554549952583185,1,20000,1000
CCACGATC,0.6553004,0.6553003752113141,1,20000,1000
GATCGTGG,0.6553004,0.6553003752113141,1,20000,1000
GCAGGATA,0.65475404,0.6547540510452315,1,20000,1000
TATCCTGC,0.65475404,0.6547540510452315,1,20000,1000
TCTGGTGT,0.6541253,0.6541252628540799,1,20000,1000
TCTTTACC,0.6539191,0.6539191027914072,1,20000,1000
GGTAAAGA,0.6539191,0.6539191027914072,1,20000,1000
GATCTAGC,0.6526821,0.6526821424153713,1,20000,1000
GCTAGATC,0.6526821,0.6526821424153713,1,20000,1000
CCTCTATC,0.6524554,0.6524553663464313,1,20000,1000
GATAGAGG,0.6524554,0.6524553663464313,1,20000,1000
TCTCAAGG,0.65114623,0.6511462499484599,1,20000,1000
CCTTGAGA,0.65114623,0.6511462499484599,1,20000,1000
CATAGAGG,0.65109473,0.6510947099327918,1,20000,1000
CCTCTATG,0.65109473,0.6510947099327918,1,20000,1000
GCTTAGGT,0.65103287,0.65103286191399,1,20000,1000
TCTCAGGT,0.6498784,0.6498783655630231,1,20000,1000
TCTCATTG,0.64971346,0.649713437512885,1,20000,1000
GCGAGATC,0.6493836,0.6493835814126088,1,20000,1000
GATCTCGC,0.6493836,0.6493835814126088,1,20000,1000
GGTGTAGA,0.6490331,0.6490331093060652,1,20000,1000
TCATGAGA,0.6488785,0.6488784892590608,1,20000,1000
GATGGAGT,0.64873415,0.6487341772151899,1,20000,1000
ACTCCATC,0.64873415,0.6487341772151899,1,20000,1000
TCTCTCGA,0.6479714,0.6479713849833011,1,20000,1000
ATACGAGT,0.6476931,0.6476930688986929,1,20000,1000
ACTCGTAT,0.6476931,0.6476930688986929,1,20000,1000
GCTCATTA,0.64729106,0.6472910567764812,1,20000,1000
GTTGGTGT,0.6458067,0.6458067043252381,1,20000,1000
ACACCAAC,0.6458067,0.6458067043252381,1,20000,1000
GCTAATAC,0.64559025,0.6455902362594318,1,20000,1000
GTATTAGC,0.64559025,0.6455902362594318,1,20000,1000
ACTTTAGA,0.64535314,0.6453531521873583,1,20000,1000
TCTAAAGT,0.64535314,0.6453531521873583,1,20000,1000
TCTCCAGA,0.6452398,0.6452397641528883,1,20000,1000
TCTGGAGA,0.6452398,0.6452397641528883,1,20000,1000
GTTTGACA,0.64288956,0.64288953943842,1,20000,1000
TGTCAAAC,0.64288956,0.64288953943842,1,20000,1000
GCTCGATC,0.6426112,0.6426112233538119,1,20000,1000
GATCGAGC,0.6426112,0.6426112233538119,1,20000,1000
GATAAAAC,0.6425288,0.6425287593287428,1,20000,1000
TCTCTCGG,0.6421783,0.6421782872221993,1,20000,1000
GTGAGACC,0.642168,0.6421679792190657,1,20000,1000
AATCAATC,0.6421164,0.6421164392033976,1,20000,1000
GCTCGTAT,0.64171445,0.6417144270811859,1,20000,1000
ATACGAGC,0.64171445,0.6417144270811859,1,20000,1000
AATCTACC,0.64080733,0.6408073228054262,1,20000,1000
TCTGTAGT,0.6407661,0.6407660907928917,1,20000,1000
ACTACAGA,0.6407661,0.6407660907928917,1,20000,1000
CATCCAGA,0.6398796,0.6398796025233991,1,20000,1000
ACTAAATG,0.6389519,0.6389518822413722,1,20000,1000
GAACAAGA,0.63832307,0.6383230940502206,1,20000,1000
ACGGGAGT,0.63831276,0.638312786047087,1,20000,1000
TGTCGTGT,0.63765305,0.6376530738465345,1,20000,1000
AGTCGTGT,0.63708615,0.6370861336741847,1,20000,1000
CCTAGAAG,0.63671505,0.6367150455613738,1,20000,1000
AACCCAAC,0.6362306,0.6362305694140931,1,20000,1000
CATTGAGA,0.6361378,0.6361377973858904,1,20000,1000
GTGTGATT,0.63582855,0.6358285572918814,1,20000,1000
TCTAAATC,0.63580793,0.6358079412856141,1,20000,1000
GATCGTCA,0.63516885,0.635168845091329,1,20000,1000
GCTAGTAG,0.63489056,0.6348905290067208,1,20000,1000
TGTCAAGT,0.6342308,0.6342308168061683,1,20000,1000
AACCGAGA,0.63390094,0.633900960705892,1,20000,1000
TCTCGGTT,0.63390094,0.633900960705892,1,20000,1000
GCTGAGAC,0.63349897,0.6334989485836805,1,20000,1000
TCTCAACG,0.632932,0.6329320084113306,1,20000,1000
AATCGCGA,0.632664,0.632664000329856,1,20000,1000
TCCCCCGC,0.63259184,0.6325918443079206,1,20000,1000
GCGGGGGA,0.63259184,0.6325918443079206,1,20000,1000
GCTATTAC,0.632262,0.6322619882076443,1,20000,1000
TCTCTATT,0.6305612,0.630561167690595,1,20000,1000
GCAATATT,0.6299736,0.6299736115119778,1,20000,1000
CCATGTGA,0.62928295,0.6292829753020245,1,20000,1000
TCTCATCC,0.6291077,0.6291077392487527,1,20000,1000
GATCGGCA,0.62899435,0.6289943512142827,1,20000,1000
GATGGTTA,0.6287882,0.6287881911516101,1,20000,1000
CTTAGAGA,0.62834495,0.6283449470168638,1,20000,1000
TCTCTAAG,0.62834495,0.6283449470168638,1,20000,1000
CCTGAATC,0.62730384,0.627303838700367,1,20000,1000
TCTCAATC,0.62722135,0.6272213746752979,1,20000,1000
GATTGAGA,0.62722135,0.6272213746752979,1,20000,1000
ATTCAAAC,0.62651014,0.6265101224590773,1,20000,1000
GTTTGAAT,0.62651014,0.6265101224590773,1,20000,1000
TCTAGACT,0.62414956,0.6241495897414752,1,20000,1000
AGTCTAGA,0.62414956,0.6241495897414752,1,20000,1000
AATCCAGA,0.6238816,0.6238815816600009,1,20000,1000
TCTGGATT,0.6238816,0.6238815816600009,1,20000,1000
ATCTAAGC,0.62292296,0.622922937368573,1,20000,1000
TATGTTGC,0.62249,0.6224900012369604,1,20000,1000
TCATGAGT,0.6218303,0.6218302890364078,1,20000,1000
TATAAAGC,0.62152106,0.6215210489423989,1,20000,1000
GTAGTAGC,0.6208098,0.6208097967261782,1,20000,1000
TCTCCTGC,0.6200676,0.6200676205005566,1,20000,1000
GCAGGAGA,0.6200676,0.6200676205005566,1,20000,1000
GCTTTGGA,0.61998516,0.6199851564754876,1,20000,1000
GATAGAAG,0.61959344,0.6195934523564095,1,20000,1000
GTATGAGA,0.6191502,0.6191502082216633,1,20000,1000
TCTCTTGA,0.61886156,0.6188615841339216,1,20000,1000
TCAAGAGA,0.61886156,0.6188615841339216,1,20000,1000
CGTCGATC,0.6187585,0.6187585041025853,1,20000,1000
GATCGACG,0.6187585,0.6187585041025853,1,20000,1000
ATAAGAGC,0.617202,0.6172019956294066,1,20000,1000
GCTCTTAT,0.617202,0.6172019956294066,1,20000,1000
ACTAGATG,0.61704737,0.6170473755824022,1,20000,1000
GGAGGGGT,0.6164804,0.6164804354100524,1,20000,1000
GAGCGAGG,0.61636704,0.6163670473755823,1,20000,1000
CCTCGCTC,0.61636704,0.6163670473755823,1,20000,1000
GCTGGGGT,0.6158413,0.6158413392157671,1,20000,1000
ACAAGAGA,0.61550117,0.6155011751123572,1,20000,1000
TCTCTTGT,0.61550117,0.6155011751123572,1,20000,1000
TACCGTGT,0.6150992,0.6150991629901456,1,20000,1000
GATCGACA,0.6145013,0.6145012988083949,1,20000,1000
TGTCGATC,0.6145013,0.6145012988083949,1,20000,1000
ATCCGGGC,0.61418176,0.6141817507112523,1,20000,1000
GATCTCGA,0.6141508,0.6141508267018513,1,20000,1000
ACTATAGC,0.6138416,0.6138415866078424,1,20000,1000
GCTATAGT,0.6138416,0.6138415866078424,1,20000,1000
AATCGTAT,0.6128005,0.6128004782913453,1,20000,1000
GCTGTATT,0.6127489,0.6127489382756772,1,20000,1000
GCTGACAC,0.61225414,0.612254154125263,1,20000,1000
GGTAGCGA,0.6120068,0.6120067620500557,1,20000,1000
GCTATTGA,0.6116975,0.6116975219560467,1,20000,1000
TAACTAGT,0.6114192,0.6114192058714385,1,20000,1000
GGTATTTC,0.61080074,0.6108007256834206,1,20000,1000
GAAATACC,0.61080074,0.6108007256834206,1,20000,1000
TCTCCTGG,0.61072856,0.6107285696614851,1,20000,1000
GGTTTATT,0.6097493,0.60974930936379,1,20000,1000
CTTAGAGG,0.609739,0.6097390013606565,1,20000,1000
GATTGATG,0.60941947,0.6094194532635138,1,20000,1000
CATCAATC,0.60941947,0.6094194532635138,1,20000,1000
CCTCAACA,0.60890406,0.6089040531068322,1,20000,1000
AATCGAAT,0.6082753,0.6082752649156805,1,20000,1000
TCAATAGA,0.6081825,0.6081824928874778,1,20000,1000
GTATGAAC,0.6081722,0.6081721848843442,1,20000,1000
GGTGGATT,0.60773927,0.6077392487527317,1,20000,1000
GCTAATGA,0.60607964,0.6060796602482167,1,20000,1000
CATAGACC,0.60602814,0.6060281202325486,1,20000,1000
TGTCGAGA,0.605925,0.6059250402012123,1,20000,1000
TCTCGACA,0.605925,0.6059250402012123,1,20000,1000
ACTCTTGA,0.6059044,0.605904424194945,1,20000,1000
TCAAGAGT,0.6059044,0.605904424194945,1,20000,1000
TCTCTCTC,0.60529625,0.6052962520100607,1,20000,1000
GTTCGATT,0.6047602,0.6047602358471117,1,20000,1000
AATCGAAC,0.6047602,0.6047602358471117,1,20000,1000
GTTCAATA,0.60454375,0.6045437677813054,1,20000,1000
TATTGAAC,0.60454375,0.6045437677813054,1,20000,1000
TCTCGCTC,0.6045231,0.6045231517750381,1,20000,1000
GAGCGAGA,0.6045231,0.6045231517750381,1,20000,1000
TCTATAAA,0.6043685,0.6043685317280336,1,20000,1000
ACCCGGCT,0.6039253,0.6039252875932873,1,20000,1000
ACACGAAT,0.60293573,0.6029357192924587,1,20000,1000
ACACTAGA,0.6026677,0.6026677112109842,1,20000,1000
ACCCGTGT,0.60259557,0.6025955551890487,1,20000,1000
ACACGGGT,0.60259557,0.6025955551890487,1,20000,1000
ATTAAATC,0.60206985,0.6020698470292336,1,20000,1000
TCTCGTTA,0.6018637,0.6018636869665608,1,20000,1000
TCTCTAAT,0.6011524,0.6011524347503402,1,20000,1000
ATTAGAGA,0.6011524,0.6011524347503402,1,20000,1000
TCTAGAAC,0.59922487,0.5992248381643508,1,20000,1000
GTTCTAGA,0.59922487,0.5992248381643508,1,20000,1000
GATAGACC,0.59859604,0.5985960499731992,1,20000,1000
GGTCTATC,0.59859604,0.5985960499731992,1,20000,1000
CCGGGAGA,0.5985651,0.5985651259637983,1,20000,1000
ACACGATG,0.59822494,0.5982249618603884,1,20000,1000
CCCCGACT,0.5978848,0.5978847977569786,1,20000,1000
ACTCTAAC,0.59771985,0.5977198697068404,1,20000,1000
GTTAGAGT,0.59771985,0.5977198697068404,1,20000,1000
ACTCATGG,0.59751374,0.5975137096441677,1,20000,1000
GTTAAAGA,0.59664786,0.5966478373809426,1,20000,1000
TCTTTAAC,0.59664786,0.5966478373809426,1,20000,1000
TCTCGTAC,0.59663755,0.596637529377809,1,20000,1000
GTACGAGA,0.59663755,0.596637529377809,1,20000,1000
TCTGGCTA,0.5963798,0.5963798292994681,1,20000,1000
CATTTAGA,0.59626645,0.5962664412649982,1,20000,1000
GATAGACT,0.5959984,0.5959984331835236,1,20000,1000
ACACGTGA,0.59576136,0.5957613491114502,1,20000,1000
CCTCTAGG,0.5956995,0.5956995010926484,1,20000,1000
CCTAGAGG,0.5956995,0.5956995010926484,1,20000,1000
TTACGAGC,0.59509134,0.595091328907764,1,20000,1000
GCTCGTAA,0.59509134,0.595091328907764,1,20000,1000
ATTTGATG,0.5949882,0.5949882488764277,1,20000,1000
GCATCAGA,0.5949161,0.5949160928544922,1,20000,1000
AATCTAGA,0.5946893,0.5946893167855523,1,20000,1000
TCTAGATT,0.5946893,0.5946893167855523,1,20000,1000
GATGGAGA,0.5946584,0.5946583927761514,1,20000,1000
TCTCCATC,0.5946584,0.5946583927761514,1,20000,1000
TCTGGTTA,0.594143,0.5941429926194697,1,20000,1000
GGTTGAGA,0.5938647,0.5938646765348616,1,20000,1000
TCTCAACC,0.5938647,0.5938646765348616,1,20000,1000
ATGCGTTC,0.59354514,0.5935451284377191,1,20000,1000
TCGCGACA,0.5935142,0.5935142044283181,1,20000,1000
TCTCTATC,0.59330803,0.5933080443656454,1,20000,1000
GATAGAGA,0.59330803,0.5933080443656454,1,20000,1000
GATCGAAG,0.5931431,0.5931431163155074,1,20000,1000
CTTCGATC,0.5931431,0.5931431163155074,1,20000,1000
ACTTGAGA,0.59294724,0.5929472642559683,1,20000,1000
TCTCAAGT,0.59294724,0.5929472642559683,1,20000,1000
TCTCCATG,0.5928442,0.592844184224632,1,20000,1000
GCTAATCC,0.59279263,0.5927926442089639,1,20000,1000
GTTGTCTC,0.5925659,0.592565868140024,1,20000,1000
GGTAGAAT,0.59193707,0.5919370799488723,1,20000,1000
CATCGAGA,0.59150416,0.5915041438172597,1,20000,1000
TCTCGATG,0.59150416,0.5915041438172597,1,20000,1000
GTCTTATC,0.5913083,0.5913082917577207,1,20000,1000
TTTCTAGC,0.59105057,0.5910505916793798,1,20000,1000
GCTAGAAA,0.59105057,0.5910505916793798,1,20000,1000
GATGATGC,0.59099907,0.5909990516637117,1,20000,1000
GTTCGATC,0.5907207,0.5907207355791035,1,20000,1000
GATCGAAC,0.5907207,0.5907207355791035,1,20000,1000
TAACCCGC,0.5905661,0.5905661155320991,1,20000,1000
GCGATAGA,0.590494,0.5904939595101637,1,20000,1000
TCTCGAGA,0.59001976,0.5900197913660166,1,20000,1000
ATTCTAAC,0.5896899,0.5896899352657403,1,20000,1000
AATCTCAC,0.58944255,0.5894425431905331,1,20000,1000
AATCTAGG,0.589123,0.5891229950933905,1,20000,1000
CCTAGATT,0.589123,0.5891229950933905,1,20000,1000
ACATGAGC,0.58862823,0.5886282109429761,1,20000,1000
GCTCATGT,0.58862823,0.5886282109429761,1,20000,1000
AGACAACC,0.5885251,0.5885251309116398,1,20000,1000
TCATGACC,0.5885045,0.5885045149053725,1,20000,1000
TATAGAGC,0.58825713,0.5882571228301653,1,20000,1000
GCTCTATA,0.58825713,0.5882571228301653,1,20000,1000
GCGAGGGG,0.5875459,0.5875458706139447,1,20000,1000
CATCGAAA,0.58735,0.5873500185544056,1,20000,1000
GATTAAGC,0.5870614,0.5870613944666639,1,20000,1000
GCTTAATC,0.5870614,0.5870613944666639,1,20000,1000
ACACTACC,0.5866078,0.5866078423287842,1,20000,1000
GGTAGTGT,0.5866078,0.5866078423287842,1,20000,1000
GGTGGAAT,0.586412,0.5864119902692451,1,20000,1000
AAGCTAGC,0.58562857,0.5856285820310889,1,20000,1000
TCACGACC,0.5846906,0.5846905537459284,1,20000,1000
GGTCGTGA,0.5846906,0.5846905537459284,1,20000,1000
GTCTGAGT,0.583701,0.5837009854450995,1,20000,1000
TCTAAACC,0.5833196,0.5833195893291552,1,20000,1000
TTTTGCGC,0.58300006,0.5830000412320125,1,20000,1000
GCGAGCCC,0.58276296,0.582762957159939,1,20000,1000
TACCGCTC,0.5824434,0.5824434090627963,1,20000,1000
ATTCGTCC,0.5824331,0.5824331010596627,1,20000,1000
GGACGAAT,0.5824331,0.5824331010596627,1,20000,1000
CTCCTAAC,0.5813817,0.5813816847400322,1,20000,1000
CATCTACA,0.5811755,0.5811755246773596,1,20000,1000
GTCGGATT,0.580722,0.5807219725394797,1,20000,1000
TCTGAACC,0.580021,0.5800210283263927,1,20000,1000
GTTAGAGG,0.5794644,0.5794643961571765,1,20000,1000
CCTCTAAC,0.5794644,0.5794643961571765,1,20000,1000
GCCCCGCC,0.5791139,0.579113924050633,1,20000,1000
CCTAGAAT,0.57909334,0.5790933080443657,1,20000,1000
ATTCGTGA,0.5783202,0.5783202078093431,1,20000,1000
TCACGAAT,0.5783202,0.5783202078093431,1,20000,1000
GCTCTAAT,0.5783099,0.5783098998062096,1,20000,1000
ATTAGAGC,0.5783099,0.5783098998062096,1,20000,1000
TCTTGTGG,0.5782378,0.5782377437842742,1,20000,1000
CTTGAACC,0.57798004,0.5779800437059334,1,20000,1000
GGCCTATA,0.5774956,0.5774955675586525,1,20000,1000
GCTATAGA,0.57688737,0.5768873953737682,1,20000,1000
TCTATAGC,0.57688737,0.5768873953737682,1,20000,1000
CCTGGATT,0.57657814,0.5765781552797592,1,20000,1000
ACTGAAGC,0.5765575,0.576557539273492,1,20000,1000
AGCGGAGA,0.5764854,0.5764853832515565,1,20000,1000
GCTCTGTA,0.5753412,0.5753411949037233,1,20000,1000
TTTTCAGC,0.5750732,0.5750731868222488,1,20000,1000
ACTCATTT,0.57491857,0.5749185667752443,1,20000,1000
GGTCTAGA,0.5742073,0.5742073145590236,1,20000,1000
TCTAGACC,0.5742073,0.5742073145590236,1,20000,1000
CTTCTAGT,0.5740424,0.5740423865088855,1,20000,1000
ACTAGAAG,0.5740424,0.5740423865088855,1,20000,1000
TTTCTAAA,0.5739084,0.5739083824681483,1,20000,1000
TCCCGTGT,0.57351667,0.5735166783490702,1,20000,1000
ACACGGGA,0.57351667,0.5735166783490702,1,20000,1000
CCTAGATG,0.573393,0.5733929823114666,1,20000,1000
TCTTAAGT,0.5731868,0.573186822248794,1,20000,1000
GGGGAATC,0.5731044,0.573104358223725,1,20000,1000
GCTCATCC,0.5725374,0.572537418051375,1,20000,1000
GGATGAGC,0.5725374,0.572537418051375,1,20000,1000
CCTCGTGA,0.57247555,0.5724755700325733,1,20000,1000
TCTCAGTG,0.57247555,0.5724755700325733,1,20000,1000
TCACGAGG,0.57247555,0.5724755700325733,1,20000,1000
TCTACCTC,0.57152724,0.571527233744279,1,20000,1000
ACCCGAAT,0.57130045,0.5713004576753391,1,20000,1000
ACTGATGC,0.5709706,0.5709706015750629,1,20000,1000
GCATCAGT,0.5709706,0.5709706015750629,1,20000,1000
GTTTCATC,0.5709603,0.5709602935719292,1,20000,1000
CGTGTAAC,0.5705274,0.5705273574403167,1,20000,1000
GCTACATA,0.57011503,0.5701150373149714,1,20000,1000
TCTACTGA,0.56988823,0.5698882612460314,1,20000,1000
CCTAAAGA,0.56962025,0.569620253164557,1,20000,1000
TCTTATGG,0.5695172,0.5695171731332206,1,20000,1000
GCGGGGAT,0.5694553,0.5694553251144189,1,20000,1000
ACCGTAGC,0.56922853,0.5692285490454789,1,20000,1000
GCTACGGT,0.56922853,0.5692285490454789,1,20000,1000
GTTCATAA,0.5688472,0.5688471529295345,1,20000,1000
GAACTAGA,0.56868225,0.5686822248793963,1,20000,1000
TCTAGTTC,0.56868225,0.5686822248793963,1,20000,1000
CCACAATC,0.5685688,0.5685688368449263,1,20000,1000
CCTAGAGA,0.5683421,0.5683420607759865,1,20000,1000
TCTCTAGG,0.5683421,0.5683420607759865,1,20000,1000
TGTCGATT,0.5682493,0.5682492887477838,1,20000,1000
GAACGATT,0.56777513,0.5677751206036367,1,20000,1000
TCACAAGT,0.567301,0.5673009524594895,1,20000,1000
TCTCTACA,0.5672597,0.5672597204469549,1,20000,1000
TCTGTACC,0.56712574,0.5671257164062178,1,20000,1000
GTTTAATC,0.5668783,0.5668783243310106,1,20000,1000
GCTTTATC,0.5668474,0.5668474003216097,1,20000,1000
GATAAAGC,0.5668474,0.5668474003216097,1,20000,1000
AATCGAGT,0.56654847,0.5665484682307343,1,20000,1000
ACTCGATT,0.56654847,0.5665484682307343,1,20000,1000
GCTCACTC,0.56593,0.5659299880427163,1,20000,1000
GAGTGAGC,0.56593,0.5659299880427163,1,20000,1000
GATTGGGA,0.5648786,0.5648785717230859,1,20000,1000
AATCTACT,0.56447655,0.5644765596008742,1,20000,1000
TCTACAGT,0.56396115,0.5639611594441925,1,20000,1000
ACTGTAGA,0.56396115,0.5639611594441925,1,20000,1000
TTTCGGGG,0.56368285,0.5636828433595844,1,20000,1000
GCATGGGG,0.56353855,0.5635385313157135,1,20000,1000
TGTCAAGA,0.56344575,0.5634457592875108,1,20000,1000
GCTTGTAC,0.56332207,0.5633220632499073,1,20000,1000
GTACAAGC,0.56332207,0.5633220632499073,1,20000,1000
CATGGCGT,0.56286854,0.5628685111120274,1,20000,1000
ACTCGTGT,0.5627654,0.562765431080691,1,20000,1000
ACACGAGT,0.5627654,0.562765431080691,1,20000,1000
TCTCTGGT,0.5625387,0.5625386550117512,1,20000,1000
ACCGGAGA,0.5620851,0.5620851028738714,1,20000,1000
GTAAGAGA,0.5618686,0.561868634808065,1,20000,1000
TCTTTAAA,0.5614357,0.5614356986764525,1,20000,1000
TTTAAAGA,0.5614357,0.5614356986764525,1,20000,1000
GCTAGAGA,0.56095123,0.5609512225291716,1,20000,1000
TCTCTAGC,0.56095123,0.5609512225291716,1,20000,1000
TCGCAAGA,0.5607657,0.5607656784727663,1,20000,1000
GGAATAGT,0.5606214,0.5606213664288954,1,20000,1000
TCACCAGC,0.5603843,0.5603842823568218,1,20000,1000
GCTGGTGA,0.5603843,0.5603842823568218,1,20000,1000
ACTGTAAT,0.5598998,0.5598998062095412,1,20000,1000
ACACCGTC,0.55941534,0.5594153300622603,1,20000,1000
CCTTGTGA,0.55929166,0.5592916340246568,1,20000,1000
GTTAGCGA,0.5587866,0.5587865418711087,1,20000,1000
GGTAGGGA,0.5587453,0.5587453098585743,1,20000,1000
GCTATAGC,0.558735,0.5587350018554406,1,20000,1000
GATGTAGA,0.5587144,0.5587143858491732,1,20000,1000
CCTCTATA,0.55853915,0.5585391497959015,1,20000,1000
GATTACGA,0.5583639,0.5583639137426297,1,20000,1000
TCTTGAGA,0.55795157,0.5579515936172844,1,20000,1000
TCTCAAGA,0.55795157,0.5579515936172844,1,20000,1000
GCATCAAC,0.55707544,0.5570754133509256,1,20000,1000
CCTAGTGT,0.55661154,0.5566115532099122,1,20000,1000
CATCTACC,0.5565497,0.5565497051911104,1,20000,1000
TCTAGAGC,0.55634356,0.5563435451284378,1,20000,1000
GCTCTAGA,0.55634356,0.5563435451284378,1,20000,1000
GCTAGATT,0.55605495,0.5560549210406961,1,20000,1000
AATCTAGC,0.55605495,0.5560549210406961,1,20000,1000
ACCCGATG,0.5559312,0.5559312250030924,1,20000,1000
TATAGCGC,0.55580753,0.5558075289654888,1,20000,1000
ACAGGAGA,0.55516845,0.5551684327712035,1,20000,1000
ACTAATGA,0.5551066,0.5551065847524018,1,20000,1000
TCTCCAAC,0.55442625,0.554426256545582,1,20000,1000
GTAAGAAT,0.5543541,0.5543541005236465,1,20000,1000
ACTCGAGA,0.5540758,0.5540757844390385,1,20000,1000
TCTCGAGT,0.5540758,0.5540757844390385,1,20000,1000
GATGACTC,0.55383873,0.5538387003669649,1,20000,1000
TCCTACGC,0.5532924,0.5532923762008823,1,20000,1000
CATAGAAC,0.55303466,0.5530346761225416,1,20000,1000
GTTCTATG,0.55303466,0.5530346761225416,1,20000,1000
GAGTGAGA,0.55297285,0.5529728281037397,1,20000,1000
ACACCCAC,0.5526945,0.5526945120191317,1,20000,1000
AGGCGAGG,0.55206573,0.55206572382798,1,20000,1000
GATAACGC,0.55183893,0.5518389477590401,1,20000,1000
GATGCAGG,0.5518286,0.5518286397559066,1,20000,1000
CGTTGTGT,0.55158126,0.5515812476806993,1,20000,1000
GCTCAATC,0.55097306,0.550973075495815,1,20000,1000
GATTGAGC,0.55097306,0.550973075495815,1,20000,1000
ACTGGAGA,0.55096275,0.5509627674926812,1,20000,1000
TCTCCAGT,0.55096275,0.5509627674926812,1,20000,1000
TTACGAGA,0.5506329,0.5506329113924051,1,20000,1000
CCTTTATA,0.5505711,0.5505710633736033,1,20000,1000
TCTACAAC,0.55054015,0.5505401393642023,1,20000,1000
GCTCGAGC,0.5502103,0.5502102832639261,1,20000,1000
AGGTGAGC,0.54990107,0.5499010431699172,1,20000,1000
GATAGACG,0.5494887,0.5494887230445719,1,20000,1000
AATCGAGA,0.5494681,0.5494681070383046,1,20000,1000
TCTCGATT,0.5494681,0.5494681070383046,1,20000,1000
CCTCGTTA,0.5494578,0.5494577990351709,1,20000,1000
GACCCTGC,0.54875684,0.5487568548220838,1,20000,1000
CTCCGAGC,0.5486641,0.5486640827938812,1,20000,1000
CCCTGAGC,0.54846823,0.5484682307343421,1,20000,1000
GCTCAGGG,0.54846823,0.5484682307343421,1,20000,1000
GCGGAAGA,0.5479219,0.5479219065682596,1,20000,1000
TCTTCCGC,0.5479219,0.5479219065682596,1,20000,1000
GTCCTCGA,0.5479116,0.547911598565126,1,20000,1000
ACTCGGGT,0.54717976,0.547179730342638,1,20000,1000
ACCCGAGT,0.54717976,0.547179730342638,1,20000,1000
TTTCAAGA,0.5468808,0.5468807982517627,1,20000,1000
GCGAGAAG,0.5468293,0.5468292582360945,1,20000,1000
ATGTGAGG,0.546386,0.5463860141013482,1,20000,1000
CCTCCCGT,0.5463036,0.5463035500762793,1,20000,1000
GCCCGTGT,0.5459943,0.5459943099822703,1,20000,1000
ACACGGGC,0.5459943,0.5459943099822703,1,20000,1000
GGTCAGGT,0.54554075,0.5455407578443905,1,20000,1000
TCTCGGTG,0.5453552,0.545355213787985,1,20000,1000
CACCGAGA,0.5453552,0.545355213787985,1,20000,1000
GTCGGAGA,0.5452212,0.5452212097472477,1,20000,1000
GTCTCACC,0.54501504,0.5450150496845751,1,20000,1000
GCTATTGT,0.5445306,0.5445305735372943,1,20000,1000
GCCGGCTA,0.543943,0.5439430173586772,1,20000,1000
GCTCAAAT,0.543675,0.5436750092772028,1,20000,1000
ATTTGAGC,0.543675,0.5436750092772028,1,20000,1000
GTTTCAAC,0.5436647,0.5436647012740692,1,20000,1000
TCTCTAGA,0.54363376,0.5436337772646683,1,20000,1000
TCTAGAGA,0.54363376,0.5436337772646683,1,20000,1000
TCTAAGAC,0.54361314,0.5436131612584011,1,20000,1000
TCTCGCAA,0.5434379,0.5434379252051292,1,20000,1000
TTGCGAGA,0.5434379,0.5434379252051292,1,20000,1000
TCTCTTTC,0.54333484,0.5433348451737929,1,20000,1000
GGTCAACA,0.54311836,0.5431183771079866,1,20000,1000
GCTTGAAC,0.542871,0.5428709850327794,1,20000,1000
GTTCAAGC,0.542871,0.5428709850327794,1,20000,1000
ACAAGAGC,0.5428091,0.5428091370139777,1,20000,1000
GCTCTTGT,0.5428091,0.5428091370139777,1,20000,1000
ACTAGAGA,0.5427576,0.5427575969983095,1,20000,1000
TCTCTAGT,0.5427576,0.5427575969983095,1,20000,1000
GCTATAAC,0.54259264,0.5425926689481714,1,20000,1000
GTTATAGC,0.54259264,0.5425926689481714,1,20000,1000
CCCATACC,0.5425721,0.542572052941904,1,20000,1000
TCTCGAAT,0.54253083,0.5425308209293696,1,20000,1000
ATTCGAGA,0.54253083,0.5425308209293696,1,20000,1000
TTCCGAGT,0.5422937,0.542293736857296,1,20000,1000
ACGCGAGA,0.5415516,0.5415515606316744,1,20000,1000
TCTCGCGT,0.5415516,0.5415515606316744,1,20000,1000
CCATGGGA,0.5414794,0.541479404609739,1,20000,1000
CCTCAATA,0.54137635,0.5413763245784027,1,20000,1000
TATTGAGG,0.54137635,0.5413763245784027,1,20000,1000
TCCCAAGA,0.541232,0.5412320125345318,1,20000,1000
GTACGAGG,0.5406857,0.5406856883684492,1,20000,1000
CCTCGTAC,0.5406857,0.5406856883684492,1,20000,1000
CTTTGATT,0.54061353,0.5406135323465139,1,20000,1000
GTTCTATT,0.5405208,0.5405207603183112,1,20000,1000
GCTGATTA,0.5405208,0.5405207603183112,1,20000,1000
GCTTATGA,0.54047954,0.5404795283057766,1,20000,1000
TCCCCAGA,0.5404486,0.5404486042963758,1,20000,1000
TCTCGTGC,0.5399126,0.5399125881334268,1,20000,1000
GCACGAGA,0.5399126,0.5399125881334268,1,20000,1000
GCTCATCG,0.5395312,0.5395311920174825,1,20000,1000
GAAAGTGA,0.53952086,0.5395208840143487,1,20000,1000
ATTGGAGA,0.5386962,0.5386962437636581,1,20000,1000
TCTCCAAT,0.5386962,0.5386962437636581,1,20000,1000
GTTAGAAG,0.5383148,0.5383148476477136,1,20000,1000
CTTCTAAC,0.5383148,0.5383148476477136,1,20000,1000
ATTCAAGT,0.53827363,0.5382736156351792,1,20000,1000
GCTCAGTA,0.5380365,0.5380365315631056,1,20000,1000
GGACGAGA,0.5377376,0.5377375994722302,1,20000,1000
TCTCGTCC,0.5377376,0.5377375994722302,1,20000,1000
CCCTGTAC,0.53745925,0.5374592833876222,1,20000,1000
GTTAGATG,0.53674805,0.5367480311714015,1,20000,1000
TCCCTAGC,0.53587186,0.5358718509050426,1,20000,1000
GCTAGGGA,0.53587186,0.5358718509050426,1,20000,1000
GATAAATC,0.53556263,0.5355626108110337,1,20000,1000
GAGTGAAA,0.53505754,0.5350575186574857,1,20000,1000
TGTCTAGA,0.53468645,0.5346864305446749,1,20000,1000
TCTCCACA,0.5342844,0.5342844184224632,1,20000,1000
CGGTGAGA,0.53424317,0.5342431864099286,1,20000,1000
GTACTAGA,0.5340576,0.5340576423535233,1,20000,1000
TCGCCAAT,0.5337484,0.5337484022595144,1,20000,1000
GGTATGGT,0.53370714,0.5337071702469798,1,20000,1000
ACTCTAAG,0.5334804,0.5334803941780398,1,20000,1000
AATCGGGG,0.5334701,0.5334700861749062,1,20000,1000
GCTTATTC,0.5333258,0.5333257741310353,1,20000,1000
GGTCTATT,0.53314024,0.5331402300746299,1,20000,1000
AATAGACC,0.53314024,0.5331402300746299,1,20000,1000
ACTAGTAC,0.53300625,0.5330062260338927,1,20000,1000
CCTCATTA,0.53239805,0.5323980538490084,1,20000,1000
GATCGAGG,0.53226405,0.5322640498082712,1,20000,1000
CCTCGATC,0.53226405,0.5322640498082712,1,20000,1000
TCTTGATT,0.53218156,0.5321815857832021,1,20000,1000
AATCCTGG,0.53197545,0.5319754257205294,1,20000,1000
ACAATAGG,0.5315734,0.5315734135983178,1,20000,1000
ATTAAAGC,0.53148067,0.531480641570115,1,20000,1000
CCTCCAGA,0.5306148,0.5306147693068899,1,20000,1000
TCTGGAGG,0.5306148,0.5306147693068899,1,20000,1000
AATTTACC,0.53058386,0.530583845297489,1,20000,1000
ATGCGGGC,0.53050137,0.53050138127242,1,20000,1000
ACTCCTGA,0.5302437,0.530243681194079,1,20000,1000
GATATCAC,0.9942172,0.9942172102420319,2,40000,1999
GGTATCAC,0.993908,0.9939079701480229,2,40000,1999
GATATCAA,0.99350595,0.9935059580258113,2,40000,1999
GGTATCAA,0.99298024,0.992980249865996,2,40000,1999
GATACCCC,0.99091864,0.9909186492392694,2,40000,1999
GGTATCAT,0.989692,0.989691996866367,2,40000,1999
CATATCAT,0.9850946,0.9850946274687667,2,40000,1999
CGTATCAT,0.9847338,0.9847338473590896,2,40000,1999
GATATCCC,0.9840638,0.9840638271554035,2,40000,1999
GGGATATC,0.9840638,0.9840638271554035,2,40000,1999
TATGATAC,0.98270315,0.982703170741764,2,40000,1999
CGTATCAA,0.9825898,0.982589782707294,2,40000,1999
GATATCGT,0.9820228,0.9820228425349441,2,40000,1999
GATACCCT,0.98124975,0.9812497422999216,2,40000,1999
AGTATCAT,0.98043543,0.9804354100523647,2,40000,1999
GATACCTA,0.97972417,0.979724157836144,2,40000,1999
GATATCAT,0.9794561,0.9794561497546695,2,40000,1999
GATATCGC,0.9771575,0.9771574650558693,2,40000,1999
TGTATCAT,0.97611636,0.9761163567393725,2,40000,1999
GATATCCT,0.9755082,0.9755081845544881,2,40000,1999
CGTATCAC,0.97516805,0.9751680204510782,2,40000,1999
GATATCAG,0.9750546,0.9750546324166083,2,40000,1999
GATATCCG,0.9737352,0.9737352080155032,2,40000,1999
GATATCTT,0.9732095,0.9732094998556878,2,40000,1999
GATATATA,0.9730446,0.9730445718055498,2,40000,1999
TATATATC,0.9730446,0.9730445718055498,2,40000,1999
TAGATATC,0.9729827,0.9729827237867481,2,40000,1999
GATATCTA,0.9729827,0.9729827237867481,2,40000,1999
GATATATC,0.97251886,0.9725188636457345,2,40000,1999
GCTATCAT,0.9723333,0.9723333195893292,2,40000,1999
ATGATAGC,0.9723333,0.9723333195893292,2,40000,1999
TGTATCAC,0.97146744,0.9714674473261039,2,40000,1999
GATACCTT,0.9706634,0.9706634230816805,2,40000,1999
CATATCAA,0.970045,0.9700449428936627,2,40000,1999
GATATGAT,0.97002435,0.9700243268873954,2,40000,1999
AGTATCAC,0.969478,0.9694780027213128,2,40000,1999
GATATCTG,0.968272,0.9682719663546778,2,40000,1999
GATACACC,0.9676947,0.9676947181791943,2,40000,1999
GGTATATC,0.9673236,0.9673236300663836,2,40000,1999
GATATACC,0.9673236,0.9673236300663836,2,40000,1999
AGTATCAG,0.9653548,0.9653548014678596,2,40000,1999
GATACCCG,0.96530324,0.9653032614521916,2,40000,1999
GATATCTC,0.96503526,0.9650352533707169,2,40000,1999
GAGATATC,0.96503526,0.9650352533707169,2,40000,1999
TATCACCC,0.9641694,0.9641693811074918,2,40000,1999
GATATCCA,0.96232426,0.9623242485465716,2,40000,1999
GGTATCTA,0.962149,0.9621490124932999,2,40000,1999
TATATCAC,0.9619738,0.961973776440028,2,40000,1999
CATATCAG,0.9595514,0.9595513957036242,2,40000,1999
GATACCTG,0.9586752,0.9586752154372655,2,40000,1999
GGTATCGT,0.95775783,0.9577578031583722,2,40000,1999
ATGATCCG,0.9577166,0.9577165711458376,2,40000,1999
CATATCAC,0.9574898,0.9574897950768977,2,40000,1999
TATATCAT,0.9571909,0.9571908629860224,2,40000,1999
TATACCCC,0.9564074,0.9564074547478661,2,40000,1999
TATCCCCC,0.9563147,0.9563146827196636,2,40000,1999
GGTGTCAA,0.9545623,0.9545623221869459,2,40000,1999
GATACCTC,0.9544386,0.9544386261493425,2,40000,1999
GAGGTATC,0.9544386,0.9544386261493425,2,40000,1999
GGTATCGA,0.95415,0.9541500020616006,2,40000,1999
GGTATCAG,0.9533975,0.9533975178328454,2,40000,1999
GATATCGG,0.95283055,0.9528305776604957,2,40000,1999
GATCCCCC,0.95283055,0.9528305776604957,2,40000,1999
TATGTATC,0.95255226,0.9525522615758876,2,40000,1999
GATATGGG,0.9523461,0.9523461015132149,2,40000,1999
TATCACAC,0.9519956,0.9519956294066714,2,40000,1999
GGTATCGC,0.9493362,0.9493361645981941,2,40000,1999
TATATATA,0.9487692,0.9487692244258442,2,40000,1999
TATATCCC,0.94857335,0.9485733723663052,2,40000,1999
GATATGCC,0.9485527,0.9485527563600379,2,40000,1999
GGCATATC,0.9485527,0.9485527563600379,2,40000,1999
TATCACTC,0.9481817,0.9481816682472273,2,40000,1999
AATATCAC,0.94530576,0.9453057353729436,2,40000,1999
TATATCAG,0.94520265,0.9452026553416072,2,40000,1999
GATATGTA,0.94469756,0.9446975631880592,2,40000,1999
GATACCCA,0.9444502,0.944450171112852,2,40000,1999
CATATCGT,0.94313073,0.9431307467117469,2,40000,1999
GGTATCGG,0.9428421,0.9428421226240052,2,40000,1999
TATATCGA,0.94096607,0.940966066053684,2,40000,1999
GATACTAC,0.9406156,0.9406155939471406,2,40000,1999
GTAGTATC,0.9406156,0.9406155939471406,2,40000,1999
GTGATCCC,0.9401311,0.9401311177998598,2,40000,1999
GGGATCAC,0.9401311,0.9401311177998598,2,40000,1999
GATATCGA,0.94004864,0.9400486537747907,2,40000,1999
AGTATATC,0.9377706,0.937770585082258,2,40000,1999
GATATACT,0.9377706,0.937770585082258,2,40000,1999
TATATCTC,0.9376984,0.9376984290603225,2,40000,1999
GAGATATA,0.9376984,0.9376984290603225,2,40000,1999
TATCTCCC,0.93744075,0.9374407289819816,2,40000,1999
GATACGGT,0.935977,0.9359769925370057,2,40000,1999
GATACTCC,0.93565744,0.9356574444398631,2,40000,1999
AGTATCGA,0.9347503,0.9347503401641034,2,40000,1999
GTGATAGC,0.93396693,0.9339669319259473,2,40000,1999
GCTATCAC,0.93396693,0.9339669319259473,2,40000,1999
TATATCAA,0.933668,0.933667999835072,2,40000,1999
AGTATCGT,0.9333588,0.933358759741063,2,40000,1999
GGTATTAT,0.9329258,0.9329258236094504,2,40000,1999
TATATATG,0.9319775,0.9319774873211562,2,40000,1999
TATATCTA,0.93192595,0.931925947305488,2,40000,1999
GATATAAT,0.9310807,0.9310806910485301,2,40000,1999
GATACCGT,0.93062717,0.9306271389106502,2,40000,1999
TATATACT,0.9302767,0.9302766668041067,2,40000,1999
TATATACC,0.9296994,0.9296994186286234,2,40000,1999
GGTATATA,0.9296994,0.9296994186286234,2,40000,1999
CCTATATC,0.92959636,0.929596338597287,2,40000,1999
GATATAGG,0.92959636,0.929596338597287,2,40000,1999
GATACGAT,0.9294726,0.9294726425596833,2,40000,1999
GACATATC,0.9292562,0.9292561744938771,2,40000,1999
GATATGTC,0.9292562,0.9292561744938771,2,40000,1999
GATACATC,0.92898816,0.9289881664124026,2,40000,1999
GATGTATC,0.92898816,0.9289881664124026,2,40000,1999
CGTATCAG,0.92832845,0.9283284542118501,2,40000,1999
TATATCGC,0.92818415,0.9281841421679792,2,40000,1999
AAGATACC,0.92685443,0.9268544097637406,2,40000,1999
GGTATCTT,0.92685443,0.9268544097637406,2,40000,1999
GATACTTC,0.9264318,0.9264317816352615,2,40000,1999
TTGATAGC,0.92576176,0.9257617614315755,2,40000,1999
GCTATCAA,0.92576176,0.9257617614315755,2,40000,1999
CATATATC,0.9251948,0.9251948212592257,2,40000,1999
GATATATG,0.9251948,0.9251948212592257,2,40000,1999
GATACTGT,0.92510206,0.9251020492310229,2,40000,1999
AGTATCGC,0.9248959,0.9248958891683503,2,40000,1999
GATATAGA,0.9246073,0.9246072650806086,2,40000,1999
CACATATC,0.9244011,0.9244011050179359,2,40000,1999
GATATGTG,0.9244011,0.9244011050179359,2,40000,1999
GATATGGA,0.92398876,0.9239887848925906,2,40000,1999
TATCTATA,0.9239476,0.923947552880056,2,40000,1999
TATCTATC,0.9238135,0.9238135488393188,2,40000,1999
GATAGATA,0.9238135,0.9238135488393188,2,40000,1999
AATATCAT,0.9232157,0.9232156846575681,2,40000,1999
GATACCGG,0.92216426,0.9221642683379376,2,40000,1999
GATATAGT,0.92187566,0.921875644250196,2,40000,1999
ACTATCAT,0.9216901,0.9216901001937905,2,40000,1999
GATATGCT,0.92107165,0.9210716200057726,2,40000,1999
GATACCAG,0.9206593,0.9206592998804272,2,40000,1999
GATACGCC,0.92045313,0.9204531398177546,2,40000,1999
GTGATAGG,0.92004085,0.9200408196924091,2,40000,1999
CCTATCAC,0.92004085,0.9200408196924091,2,40000,1999
GCTATATC,0.9194223,0.9194223395043912,2,40000,1999
GATATAGC,0.9194223,0.9194223395043912,2,40000,1999
GATACTCA,0.9193193,0.9193192594730549,2,40000,1999
GATACTGA,0.9182266,0.9182266111408898,2,40000,1999
GATATGCG,0.91811323,0.9181132231064197,2,40000,1999
GATACCGC,0.9176391,0.9176390549622727,2,40000,1999
GATACCAC,0.91761845,0.9176184389560055,2,40000,1999
TATATCCG,0.91751534,0.9175153589246692,2,40000,1999
TTAATACC,0.9150208,0.91502082216633,2,40000,1999
GGTATTAA,0.9150208,0.91502082216633,2,40000,1999
GACACCCT,0.91496927,0.9149692821506618,2,40000,1999
AGTATCGG,0.91453636,0.9145363460190493,2,40000,1999
GATAGGGA,0.91408277,0.9140827938811694,2,40000,1999
GGTGTCAC,0.9134334,0.9134333896837504,2,40000,1999
GATAGTAT,0.9121449,0.9121448892920463,2,40000,1999
AGTATCTA,0.91172224,0.9117222611635674,2,40000,1999
GATAATAC,0.91143364,0.9114336370758257,2,40000,1999
GATATACA,0.91143364,0.9114336370758257,2,40000,1999
TGTATATC,0.91143364,0.9114336370758257,2,40000,1999
TGTATCGT,0.91115534,0.9111553209912175,2,40000,1999
GATCACTT,0.9092793,0.9092792644208963,2,40000,1999
GATATATT,0.90914524,0.9091452603801592,2,40000,1999
AATATATC,0.90914524,0.9091452603801592,2,40000,1999
ACTATCAC,0.9081866,0.9081866160887313,2,40000,1999
GTGATAGT,0.9081866,0.9081866160887313,2,40000,1999
TATCTCAC,0.9081763,0.9081763080855977,2,40000,1999
TATACCTA,0.9075063,0.9075062878819116,2,40000,1999
TATCAAAC,0.9073001,0.9073001278192389,2,40000,1999
CATATCGG,0.90720737,0.9072073557910362,2,40000,1999
GATACTTA,0.9067126,0.9067125716406219,2,40000,1999
GATACATT,0.90645486,0.906454871562281,2,40000,1999
GGTATCTG,0.90591884,0.905918855399332,2,40000,1999
GGTATCCA,0.90578485,0.9057848513585948,2,40000,1999
GATACGGA,0.9055787,0.9055786912959222,2,40000,1999
AATATCAA,0.90556836,0.9055683832927885,2,40000,1999
GATAGGAT,0.90536225,0.9053622232301158,2,40000,1999
TATCACGC,0.9045994,0.904599430998227,2,40000,1999
GATAGCCG,0.9045067,0.9045066589700244,2,40000,1999
GATATGCA,0.9039294,0.9039294107945408,2,40000,1999
TATCTCTC,0.9031048,0.9031047705438503,2,40000,1999
TATATCCA,0.9024554,0.9024553663464314,2,40000,1999
ATTATACC,0.9022595,0.9022595142868923,2,40000,1999
GATACTAA,0.9022286,0.9022285902774915,2,40000,1999
GATATGTT,0.9020018,0.9020018142085515,2,40000,1999
AATATAGA,0.9019503,0.9019502741928833,2,40000,1999
GATACGGC,0.90131116,0.9013111779985981,2,40000,1999
TATCTCAA,0.90065145,0.9006514657980456,2,40000,1999
GAGATACC,0.9001773,0.9001772976538985,2,40000,1999
GGTATCTC,0.9001773,0.9001772976538985,2,40000,1999
GATCCGGG,0.9000948,0.9000948336288294,2,40000,1999
TATATCTT,0.899899,0.8998989815692905,2,40000,1999
TGTATCGG,0.89948666,0.8994866614439451,2,40000,1999
TATATCCT,0.8994454,0.8994454294314106,2,40000,1999
GATACAGT,0.89874446,0.8987444852183236,2,40000,1999
GATATTAA,0.8984146,0.8984146291180473,2,40000,1999
GATCACTG,0.8977343,0.8977343009112275,2,40000,1999
GTGATCGG,0.8976209,0.8976209128767576,2,40000,1999
GATACCAA,0.8976209,0.8976209128767576,2,40000,1999
TATATACG,0.8974766,0.8974766008328866,2,40000,1999
GATACTCG,0.8971674,0.8971673607388777,2,40000,1999
GATACGCG,0.89651793,0.8965179565414588,2,40000,1999
TGTATCTC,0.8964149,0.8964148765101225,2,40000,1999
GAGATACA,0.8964149,0.8964148765101225,2,40000,1999
TATATCGT,0.8963427,0.8963427204881871,2,40000,1999
GATCACCC,0.8962809,0.8962808724693851,2,40000,1999
AATATACC,0.89603347,0.896033480394178,2,40000,1999
CGTATCGT,0.89596134,0.8959613243722426,2,40000,1999
CATATCCG,0.8956315,0.8956314682719664,2,40000,1999
GATACTGC,0.8951882,0.8951882241372201,2,40000,1999
GCTATCAG,0.895013,0.8950129880839484,2,40000,1999
GATAGCCT,0.89483774,0.8948377520306766,2,40000,1999
GATCCGAT,0.8946625,0.8946625159774049,2,40000,1999
GATATTAT,0.89419866,0.8941986558363915,2,40000,1999
CGTATCGC,0.8940234,0.8940234197831196,2,40000,1999
GATCATAC,0.8940234,0.8940234197831196,2,40000,1999
AGTATCTC,0.89242566,0.8924256792974065,2,40000,1999
GAGATACT,0.89242566,0.8924256792974065,2,40000,1999
GATCACAC,0.8910341,0.8910340988743661,2,40000,1999
GATACATG,0.89008576,0.8900857625860719,2,40000,1999
GATCATCC,0.8900548,0.890054838576671,2,40000,1999
CATATCCT,0.8899105,0.8899105265328,2,40000,1999
AATACCCC,0.8892508,0.8892508143322476,2,40000,1999
GATATTAG,0.8889519,0.8889518822413722,2,40000,1999
GATCACAT,0.88889,0.8888900342225705,2,40000,1999
GAGATCAT,0.8888076,0.8888075701975013,2,40000,1999
CATATCGC,0.88840556,0.8884055580752898,2,40000,1999
GATCCCTT,0.8883643,0.8883643260627552,2,40000,1999
TATATATT,0.88766336,0.8876633818496681,2,40000,1999
TATCTCCT,0.88755,0.8875499938151981,2,40000,1999
GATATTAC,0.8874881,0.8874881457963963,2,40000,1999
CATATCGA,0.88708615,0.8870861336741847,2,40000,1999
GATACGTT,0.8869727,0.8869727456397147,2,40000,1999
GATATGGT,0.8862821,0.8862821094297613,2,40000,1999
TATACCAA,0.88502455,0.8850245330474581,2,40000,1999
GGTATCCT,0.88451946,0.8845194408939101,2,40000,1999
CTGATCCC,0.8838906,0.8838906527027585,2,40000,1999
GATACAGC,0.8837876,0.8837875726714222,2,40000,1999
CGTATCTC,0.88349897,0.8834989485836804,2,40000,1999
GAGATCAA,0.88193214,0.8819321321073682,2,40000,1999
TATACCTC,0.8818188,0.8818187440728982,2,40000,1999
CCTATCGT,0.8817775,0.8817775120603636,2,40000,1999
CATATCTA,0.8813858,0.8813858079412856,2,40000,1999
AATAATAC,0.88075703,0.880757019750134,2,40000,1999
TGTATCGC,0.88032407,0.8803240836185214,2,40000,1999
CCTATCAG,0.8798602,0.8798602234775079,2,40000,1999
TGTATCCG,0.87966436,0.8796643714179689,2,40000,1999
CAGATCAC,0.8790459,0.8790458912299509,2,40000,1999
CGTATCTA,0.87900466,0.8790046592174164,2,40000,1999
GCTATATA,0.878881,0.8788809631798128,2,40000,1999
TATATAGC,0.878881,0.8788809631798128,2,40000,1999
GATCATGT,0.87876755,0.8787675751453429,2,40000,1999
GATCTATT,0.87876755,0.8787675751453429,2,40000,1999
TATCAGGG,0.87783986,0.8778398548633158,2,40000,1999
GATCCGGC,0.8777265,0.8777264668288458,2,40000,1999
GATAGGGT,0.8768194,0.8768193625530861,2,40000,1999
TGTATCGA,0.87649983,0.8764998144559436,2,40000,1999
GACGTATC,0.8763864,0.8763864264214737,2,40000,1999
TATATTAT,0.87617,0.8761699583556674,2,40000,1999
TATACCAT,0.87605655,0.8760565703211973,2,40000,1999
GATACAAG,0.8760359,0.8760359543149302,2,40000,1999
TATATCGG,0.8754381,0.8754380901331794,2,40000,1999
TAGATCAG,0.87533504,0.8753350101018431,2,40000,1999
GGTATACC,0.874933,0.8749329979796313,2,40000,1999
GATAGGTA,0.8737373,0.87373726961613,2,40000,1999
GATCACCT,0.87269616,0.872696161299633,2,40000,1999
AGTATACC,0.8726343,0.8726343132808312,2,40000,1999
GATATTGG,0.87249,0.8724900012369603,2,40000,1999
CATATCTT,0.87246937,0.8724693852306932,2,40000,1999
GATACGAC,0.87178904,0.8717890570238733,2,40000,1999
TATACCCA,0.87113965,0.8711396528264546,2,40000,1999
AATATCTA,0.87112933,0.8711293448233208,2,40000,1999
GGAATATC,0.87100565,0.8710056487857173,2,40000,1999
GATATTCC,0.87100565,0.8710056487857173,2,40000,1999
GATATGAC,0.8708098,0.8708097967261782,2,40000,1999
GTCATATC,0.8708098,0.8708097967261782,2,40000,1999
GATAGGGG,0.87049025,0.8704902486290356,2,40000,1999
TATATTGA,0.8704387,0.8704387086133675,2,40000,1999
GATATACG,0.8703872,0.8703871685976993,2,40000,1999
TATATAAT,0.8700882,0.8700882365068239,2,40000,1999
GATACGCT,0.8690368,0.8690368201871933,2,40000,1999
GGTATCCG,0.86886156,0.8688615841339216,2,40000,1999
TGTATATT,0.8685214,0.8685214200305117,2,40000,1999
GGTATCCC,0.8685008,0.8685008040242445,2,40000,1999
CTGATCAT,0.8684905,0.8684904960211108,2,40000,1999
TATATAAG,0.8680885,0.868088483898899,2,40000,1999
GATCTTAC,0.868006,0.8680060198738301,2,40000,1999
GATATAAC,0.8678823,0.8678823238362264,2,40000,1999
GTTATATC,0.8678823,0.8678823238362264,2,40000,1999
GATCCCTA,0.867872,0.8678720158330928,2,40000,1999
GATATAAG,0.8678617,0.8678617078299593,2,40000,1999
CTTATATC,0.8678617,0.8678617078299593,2,40000,1999
GATAGCTT,0.8674597,0.8674596957077475,2,40000,1999
AATATCCG,0.8674288,0.8674287716983466,2,40000,1999
GGTATAAA,0.8669855,0.8669855275636005,2,40000,1999
TTTATACC,0.8669855,0.8669855275636005,2,40000,1999
TATATACA,0.86665565,0.8666556714633241,2,40000,1999
GATACAGG,0.8662949,0.866294891353647,2,40000,1999
GTTGTATC,0.86548054,0.86548055910609,2,40000,1999
GATACAAC,0.86548054,0.86548055910609,2,40000,1999
TATAGATC,0.86542904,0.8654290190904217,2,40000,1999
TATACCTT,0.8653672,0.86536717107162,2,40000,1999
GATCCGGT,0.86483115,0.8648311549086711,2,40000,1999
GCGATCGC,0.86459404,0.8645940708365975,2,40000,1999
TATCTAGT,0.86455286,0.8645528388240631,2,40000,1999
GTATCCGC,0.86301696,0.8630169463571516,2,40000,1999
CATATCCC,0.8628932,0.8628932503195481,2,40000,1999
CGTATCGG,0.86241907,0.862419082175401,2,40000,1999
GGTATTGA,0.86131614,0.8613161258401023,2,40000,1999
GATCCCTC,0.8593576,0.8593576052447119,2,40000,1999
TATCTCCA,0.8583474,0.858347420937616,2,40000,1999
ATTATCTC,0.8578423,0.857842328784068,2,40000,1999
GAGATAAT,0.8578423,0.857842328784068,2,40000,1999
GATCTACT,0.8567909,0.8567909124644374,2,40000,1999
GATATTCT,0.8561209,0.8561208922607513,2,40000,1999
GATATTGA,0.8557086,0.855708572135406,2,40000,1999
GATATTGT,0.8552344,0.8552344039912588,2,40000,1999
TATCGCGC,0.855121,0.8551210159567888,2,40000,1999
TATATAGT,0.85486335,0.8548633158784481,2,40000,1999
CGTATCGA,0.85469836,0.8546983878283099,2,40000,1999
TATATTAA,0.8543582,0.8543582237249,2,40000,1999
GATCTTCA,0.8538634,0.8538634395744855,2,40000,1999
GATACTGG,0.8536264,0.8536263555024121,2,40000,1999
GATCCTGC,0.8535542,0.8535541994804766,2,40000,1999
GATAGGGC,0.85351294,0.853512967467942,2,40000,1999
GTTATCCG,0.8534305,0.8534305034428731,2,40000,1999
GATATGGC,0.85311097,0.8531109553457304,2,40000,1999
AATATCGT,0.8530388,0.853038799323795,2,40000,1999
GATACCGA,0.8527708,0.8527707912423205,2,40000,1999
TATCTCTA,0.85271925,0.8527192512266524,2,40000,1999
GATAGATC,0.85242033,0.8524203191357771,2,40000,1999
GATCTATC,0.85242033,0.8524203191357771,2,40000,1999
ATAATCCC,0.8523997,0.8523997031295097,2,40000,1999
GATCCTAG,0.85205954,0.8520595390260999,2,40000,1999
GTTATCCC,0.85197705,0.8519770750010307,2,40000,1999
AATATATG,0.85177094,0.8517709149383581,2,40000,1999
TGTATCCC,0.85094625,0.8509462746876676,2,40000,1999
GGTGTCGG,0.850637,0.8506370345936586,2,40000,1999
GATCCTCC,0.85044116,0.8504411825341195,2,40000,1999
TATCACGG,0.85008043,0.8500804024244423,2,40000,1999
GATCTCTG,0.8498227,0.8498227023461016,2,40000,1999
TATATTAC,0.84912175,0.8491217581330145,2,40000,1999
GATCTGGG,0.8490187,0.8490186781016782,2,40000,1999
AATACCTC,0.848627,0.8486269739826,2,40000,1999
GATACGCA,0.8483693,0.8483692739042592,2,40000,1999
GATAATAG,0.84831774,0.8483177338885911,2,40000,1999
TAGATCAC,0.84771985,0.8477198697068403,2,40000,1999
GTGATCAC,0.84707046,0.8470704655094216,2,40000,1999
GATAGTGT,0.84648293,0.8464829093308044,2,40000,1999
CATATCTC,0.84614277,0.8461427452273945,2,40000,1999
GAGATATG,0.84614277,0.8461427452273945,2,40000,1999
TATATGGT,0.84590566,0.845905661155321,2,40000,1999
GATCCTTC,0.845782,0.8457819651177175,2,40000,1999
ACTATCAG,0.8445347,0.8445346967385478,2,40000,1999
GATCAAGT,0.8437204,0.8437203644909909,2,40000,1999
GAGATCTC,0.84360695,0.8436069764565208,2,40000,1999
TATCTAGG,0.8435039,0.8435038964251845,2,40000,1999
GAACTATC,0.84348327,0.8434832804189173,2,40000,1999
GATAGTTC,0.84348327,0.8434832804189173,2,40000,1999
AATATCCA,0.84259677,0.8425967921494248,2,40000,1999
AATACCGT,0.8424112,0.8424112480930194,2,40000,1999
GGGATCGA,0.842102,0.8421020079990105,2,40000,1999
GGTGTCGT,0.84201956,0.8420195439739413,2,40000,1999
TATATGGG,0.8419577,0.8419576959551396,2,40000,1999
GATATTTA,0.84185463,0.8418546159238033,2,40000,1999
TAAATATC,0.84185463,0.8418546159238033,2,40000,1999
GGTATTAC,0.8416175,0.8416175318517297,2,40000,1999
ACTATCTC,0.8415763,0.8415762998391951,2,40000,1999
GAGATCAC,0.84103,0.8410299756731127,2,40000,1999
GTGATCTC,0.84103,0.8410299756731127,2,40000,1999
CGTATCTG,0.84048367,0.84048365150703,2,40000,1999
TATATTTA,0.8401229,0.840122871397353,2,40000,1999
TATCTTAA,0.8400507,0.8400507153754175,2,40000,1999
ACTATCGT,0.83985484,0.8398548633158784,2,40000,1999
GATCACTC,0.83906114,0.8390611470745887,2,40000,1999
TATCGCAC,0.83864886,0.8386488269492435,2,40000,1999
ACTATCGA,0.8383499,0.8383498948583681,2,40000,1999
CATATCCA,0.8377211,0.8377211066672164,2,40000,1999
ATAATCCG,0.836948,0.8369480064321939,2,40000,1999
GATCTTGA,0.8363089,0.8363089102379088,2,40000,1999
GATCCGCC,0.8359275,0.8359275141219644,2,40000,1999
TATACTCC,0.83510286,0.8351028738712736,2,40000,1999
GATCCGAC,0.8344844,0.8344843936832557,2,40000,1999
TATATTCA,0.8343195,0.8343194656331177,2,40000,1999
TATCTTTC,0.83392775,0.8339277615140395,2,40000,1999
TATCCCAC,0.83377314,0.8337731414670351,2,40000,1999
TATAGGTT,0.8333814,0.833381437347957,2,40000,1999
TATACCGA,0.8333299,0.8333298973322888,2,40000,1999
CATATATG,0.8332062,0.8332062012946851,2,40000,1999
AATATCCC,0.83305156,0.8330515812476808,2,40000,1999
GTGATCTT,0.8327939,0.83279388116934,2,40000,1999
AAGATCAC,0.8327939,0.83279388116934,2,40000,1999
AAGATCCG,0.8325568,0.8325567970972663,2,40000,1999
GCTGATCC,0.83253616,0.8325361810909991,2,40000,1999
CATATCTG,0.8324434,0.8324434090627963,2,40000,1999
GTTATACC,0.8321548,0.8321547849750547,2,40000,1999
GGTATAAC,0.8321548,0.8321547849750547,2,40000,1999
GATATTCA,0.8319383,0.8319383169092484,2,40000,1999
GATCTAGA,0.83174247,0.8317424648497094,2,40000,1999
GATAGCGT,0.8316806,0.8316806168309074,2,40000,1999
TATCTCCG,0.83166,0.8316600008246403,2,40000,1999
CGGATCGC,0.8315569,0.831556920793304,2,40000,1999
GAGATATT,0.83151567,0.8315156887807694,2,40000,1999
AATATCTC,0.83151567,0.8315156887807694,2,40000,1999
GATAGCGG,0.8314229,0.8314229167525667,2,40000,1999
TCTATCCG,0.83136106,0.8313610687337649,2,40000,1999
ATTATCCC,0.8310518,0.8310518286397559,2,40000,1999
TATCCCGT,0.8308766,0.830876592586484,2,40000,1999
TCGATCCT,0.8301653,0.8301653403702636,2,40000,1999
TATCTGGA,0.8295881,0.82958809219478,2,40000,1999
CATATAGA,0.8284027,0.8284026718344122,2,40000,1999
ACTATCTA,0.82800066,0.8280006597122005,2,40000,1999
TATATGCC,0.82790786,0.8279078876839978,2,40000,1999
GATCACGT,0.8278667,0.8278666556714633,2,40000,1999
CGTATCCA,0.82619673,0.8261967591638147,2,40000,1999
GATATGAG,0.82616585,0.8261658351544139,2,40000,1999
ATCCTCTC,0.8259081,0.8259081350760731,2,40000,1999
TATACGGG,0.8255164,0.8255164309569951,2,40000,1999
AATATCTT,0.82527936,0.8252793468849214,2,40000,1999
GATCTCCC,0.82518655,0.8251865748567188,2,40000,1999
CTTATCCC,0.8243207,0.8243207025934937,2,40000,1999
GATAGGAC,0.82425886,0.8242588545746918,2,40000,1999
GATCTCTT,0.8239908,0.8239908464932173,2,40000,1999
GATCTCCG,0.82357854,0.823578526367872,2,40000,1999
GTGATCGC,0.8235476,0.8235476023584711,2,40000,1999
GCGATCAC,0.8235476,0.8235476023584711,2,40000,1999
GATCCCTG,0.8234136,0.823413598317734,2,40000,1999
ACTATCGC,0.82322806,0.8232280542613285,2,40000,1999
GGTATTCA,0.82270235,0.8227023461015132,2,40000,1999
AAGATCAG,0.8223828,0.8223827980043706,2,40000,1999
CATAGATC,0.8221354,0.8221354059291635,2,40000,1999
GATCTATG,0.8221354,0.8221354059291635,2,40000,1999
GATCCCAC,0.82159936,0.8215993897662145,2,40000,1999
GATCTCAT,0.8210943,0.8210942976126664,2,40000,1999
GATATTGC,0.82108396,0.8210839896095329,2,40000,1999
GCAATATC,0.82108396,0.8210839896095329,2,40000,1999
TTTATATC,0.82087785,0.8208778295468602,2,40000,1999
GATATAAA,0.82087785,0.8208778295468602,2,40000,1999
GATCACAA,0.82063043,0.820630437471653,2,40000,1999
GACACCAC,0.82040364,0.820403661402713,2,40000,1999
TATATAAC,0.82013565,0.8201356533212387,2,40000,1999
GATAGCAA,0.8199604,0.8199604172679669,2,40000,1999
GATAGCCA,0.81989855,0.819898569249165,2,40000,1999
TATACCAC,0.81988823,0.8198882612460314,2,40000,1999
GATAGCTG,0.8196718,0.8196717931802251,2,40000,1999
AATATCGG,0.8192904,0.8192903970642808,2,40000,1999
AATATCGC,0.81922853,0.819228549045479,2,40000,1999
TATACTGA,0.8191667,0.8191667010266771,2,40000,1999
GATAATCC,0.81851727,0.8185172968292582,2,40000,1999
GATAACAG,0.8184245,0.8184245248010557,2,40000,1999
TATCGCTC,0.81732154,0.8173215684657568,2,40000,1999
GATATTCG,0.81690925,0.8169092483404115,2,40000,1999
AATATCCT,0.81690925,0.8169092483404115,2,40000,1999
GATCTGTA,0.81688863,0.8168886323341443,2,40000,1999
GACCTATC,0.81668246,0.8166824722714716,2,40000,1999
GATAGGTC,0.81668246,0.8166824722714716,2,40000,1999
ATTATCAA,0.8164248,0.8164247721931308,2,40000,1999
AGGATCCC,0.8163732,0.8163732321774626,2,40000,1999
GGGATCCT,0.8163732,0.8163732321774626,2,40000,1999
TGTATCCA,0.81610525,0.8161052240959881,2,40000,1999
GATCACGC,0.8160743,0.8160743000865872,2,40000,1999
AAGATCGT,0.8157754,0.8157753679957119,2,40000,1999
GCGATCCC,0.8156723,0.8156722879643755,2,40000,1999
GGGATCGC,0.8156723,0.8156722879643755,2,40000,1999
CAACTATC,0.8156207,0.8156207479487074,2,40000,1999
GATAGTTG,0.8156207,0.8156207479487074,2,40000,1999
CCTATCGG,0.8153218,0.815321815857832,2,40000,1999
GCTATCGA,0.8144353,0.8144353275883396,2,40000,1999
TCGATAGC,0.8144353,0.8144353275883396,2,40000,1999
TATATCTG,0.81441474,0.8144147115820723,2,40000,1999
CAGATATA,0.81441474,0.8144147115820723,2,40000,1999
GATAGCAG,0.81424975,0.8142497835319341,2,40000,1999
GCTATCGG,0.8141673,0.8141673195068652,2,40000,1999
GATACGAA,0.81286854,0.8128685111120274,2,40000,1999
GATAGTCC,0.81279635,0.812796355090092,2,40000,1999
GATCTACC,0.81279635,0.812796355090092,2,40000,1999
AAGATCCT,0.8125387,0.812538655011751,2,40000,1999
TATACTGT,0.8124768,0.8124768069929493,2,40000,1999
ACTATACC,0.8123428,0.8123428029522122,2,40000,1999
GGTATAGT,0.8123428,0.8123428029522122,2,40000,1999
GATAGGCT,0.81206447,0.8120644868676041,2,40000,1999
GATATTTT,0.81200266,0.8120026388488022,2,40000,1999
GCTATCCG,0.81198204,0.811982022842535,2,40000,1999
CGGATAGC,0.81198204,0.811982022842535,2,40000,1999
TGTATACC,0.81184804,0.8118480188017977,2,40000,1999
GGTATACA,0.81184804,0.8118480188017977,2,40000,1999
AAGATCCC,0.8117862,0.811786170782996,2,40000,1999
GACACCAG,0.81147695,0.811476930688987,2,40000,1999
GCTATCGT,0.8114151,0.811415082670185,2,40000,1999
TATACAGA,0.81091,0.8109099905166371,2,40000,1999
TATACTAC,0.81059045,0.8105904424194945,2,40000,1999
GGGATCTC,0.81049764,0.8104976703912918,2,40000,1999
GAGATCCC,0.81049764,0.8104976703912918,2,40000,1999
GGTATAAG,0.8102503,0.8102502783160846,2,40000,1999
GACACCCG,0.8101163,0.8101162742753474,2,40000,1999
GATCACGG,0.81008536,0.8100853502659465,2,40000,1999
GATCAAGC,0.80985856,0.8098585741970066,2,40000,1999
GGGATCGG,0.80876595,0.8087659258648414,2,40000,1999
GATCTTCT,0.8080444,0.8080443656454872,2,40000,1999
CCTATCTA,0.80779696,0.80779697357028,2,40000,1999
TAGATAGG,0.80779696,0.80779697357028,2,40000,1999
TATATGTT,0.8075599,0.8075598894982065,2,40000,1999
TATACCGG,0.8074465,0.8074465014637364,2,40000,1999
GGTATAGA,0.8074465,0.8074465014637364,2,40000,1999
TCTATACC,0.8074465,0.8074465014637364,2,40000,1999
GATATTTG,0.8070342,0.8070341813383912,2,40000,1999
CAAATATC,0.8070342,0.8070341813383912,2,40000,1999
GATCCGTC,0.80619925,0.8061992330845669,2,40000,1999
AGTATGAT,0.8060755,0.8060755370469632,2,40000,1999
GGTATAGG,0.8058591,0.8058590689811569,2,40000,1999
CCTATACC,0.8058591,0.8058590689811569,2,40000,1999
GATCGCTA,0.8055601,0.8055601368902816,2,40000,1999
GATCGCTC,0.80553955,0.8055395208840144,2,40000,1999
ATCATCGC,0.8054055,0.8054055168432771,2,40000,1999
AATATATT,0.8053952,0.8053952088401435,2,40000,1999
TAGATCGG,0.8049932,0.8049931967179318,2,40000,1999
GGGATAGT,0.80454993,0.8045499525831856,2,40000,1999
TAGATCTA,0.80369437,0.803694388323094,2,40000,1999
GGGATCGT,0.8036635,0.8036634643136931,2,40000,1999
TATATGCT,0.80363256,0.8036325403042922,2,40000,1999
CCGATCGC,0.8031481,0.8031480641570116,2,40000,1999
GCGATCGG,0.8031481,0.8031480641570116,2,40000,1999
GAGATCAG,0.8026327,0.80263266400033,2,40000,1999
TACACCTA,0.8025708,0.8025708159815281,2,40000,1999
GATCATGG,0.8021997,0.8021997278687173,2,40000,1999
AAGATCTC,0.8021791,0.8021791118624501,2,40000,1999
GAGATCTT,0.8021791,0.8021791118624501,2,40000,1999
GATAATGA,0.80208635,0.8020863398342473,2,40000,1999
GATCTCGT,0.8017771,0.8017770997402383,2,40000,1999
CGTATCCT,0.80157095,0.8015709396775657,2,40000,1999
GCGATCAT,0.8015297,0.8015297076650311,2,40000,1999
GATCGCGA,0.80119985,0.8011998515647549,2,40000,1999
GATCTTAT,0.8011277,0.8011276955428195,2,40000,1999
TATCCCGC,0.8009421,0.800942151486414,2,40000,1999
GATAGCAC,0.8007875,0.8007875314394096,2,40000,1999
AGGATCTC,0.8007463,0.8007462994268751,2,40000,1999
GAGATCCT,0.8007463,0.8007462994268751,2,40000,1999
CAGATCGA,0.8003546,0.800354595307797,2,40000,1999
TCTATCCC,0.80031335,0.8003133632952625,2,40000,1999
CAGATCAA,0.80002475,0.8000247392075207,2,40000,1999
ATCATCAC,0.7995918,0.7995918030759082,2,40000,1999
ATAATCCA,0.7991795,0.7991794829505628,2,40000,1999
ATCATTGG,0.79870534,0.7987053148064157,2,40000,1999
CCTATCGC,0.7986022,0.7986022347750794,2,40000,1999
GACACCGT,0.7985919,0.7985919267719457,2,40000,1999
GATCGTAC,0.7983136,0.7983136106873376,2,40000,1999
GAATACCC,0.7981693,0.7981692986434669,2,40000,1999
GGTGTCTA,0.7975714,0.7975714344617161,2,40000,1999
ATCAGCCC,0.79724157,0.7972415783614398,2,40000,1999
CATATTAA,0.79717976,0.7971797303426381,2,40000,1999
TATACGGC,0.797056,0.7970560343050344,2,40000,1999
TATATTTC,0.797056,0.7970560343050344,2,40000,1999
GATCTCTC,0.7970251,0.7970251102956335,2,40000,1999
GAGAGATC,0.7970251,0.7970251102956335,2,40000,1999
TATATTTG,0.79665405,0.7966540221828228,2,40000,1999
GATCCCGA,0.7963139,0.7963138580794129,2,40000,1999
TATATGAC,0.79613864,0.796138622026141,2,40000,1999
CATACCCC,0.7957985,0.7957984579227312,2,40000,1999
GAGATAGG,0.7956541,0.7956541458788604,2,40000,1999
CCTATCTC,0.7956541,0.7956541458788604,2,40000,1999
TATATGTG,0.79515934,0.7951593617284459,2,40000,1999
TTTATCCC,0.79511815,0.7951181297159114,2,40000,1999
AATACCTA,0.79510784,0.7951078217127778,2,40000,1999
AATATAAG,0.79461306,0.7946130375623633,2,40000,1999
TATATAGG,0.79461306,0.7946130375623633,2,40000,1999
AATATTAA,0.7936544,0.7936543932709357,2,40000,1999
TATCTCAT,0.7936028,0.7936028532552674,2,40000,1999
GATAGCCC,0.7924174,0.7924174328948996,2,40000,1999
TATACCTG,0.7923453,0.7923452768729642,2,40000,1999
GATAGGAG,0.79231435,0.7923143528635632,2,40000,1999
TATAAGGT,0.7921494,0.7921494248134252,2,40000,1999
TAGATAAG,0.79189175,0.7918917247350843,2,40000,1999
GATAGCTC,0.7918505,0.7918504927225497,2,40000,1999
TATATAGA,0.7917474,0.7917474126912134,2,40000,1999
AGTATAGT,0.7917165,0.7917164886818125,2,40000,1999
GATCTGTT,0.7906754,0.7906753803653157,2,40000,1999
GTGATCAG,0.7905105,0.7905104523151776,2,40000,1999
TGGATCGC,0.7901703,0.7901702882117676,2,40000,1999
CATATGAT,0.78987134,0.7898713561208923,2,40000,1999
TATATTCC,0.78973734,0.789737352080155,2,40000,1999
GGAATATA,0.78973734,0.789737352080155,2,40000,1999
TATCTCGA,0.78972703,0.7897270440770214,2,40000,1999
ATTATCGT,0.789057,0.7890570238733352,2,40000,1999
GGTATTGT,0.7890467,0.7890467158702016,2,40000,1999
TATCTCGC,0.7888921,0.7888920958231972,2,40000,1999
GATAGCTA,0.7874387,0.7874386673813549,2,40000,1999
GATCACGA,0.7874284,0.7874283593782213,2,40000,1999
CCTATCCC,0.7873768,0.787376819362553,2,40000,1999
TGTATAAC,0.78680986,0.7868098791902033,2,40000,1999
AAGATCTT,0.7867789,0.7867789551808024,2,40000,1999
GATCTCCA,0.78636664,0.786366635055457,2,40000,1999
GATAGTGA,0.78601617,0.7860161629489135,2,40000,1999
TATACCGC,0.7858203,0.7858203108893745,2,40000,1999
GGTATTAG,0.7856038,0.7856038428235682,2,40000,1999
GATCGGGG,0.78525335,0.7852533707170247,2,40000,1999
GATATGAA,0.78504723,0.785047210654352,2,40000,1999
TCTATAAT,0.7849235,0.7849235146167485,2,40000,1999
GATAGGTG,0.7849235,0.7849235146167485,2,40000,1999
AATACCGC,0.7848926,0.7848925906073476,2,40000,1999
TATATGTA,0.784872,0.7848719746010803,2,40000,1999
CATATACC,0.78455245,0.7845524265039376,2,40000,1999
GGTATATG,0.78455245,0.7845524265039376,2,40000,1999
GATCCTGA,0.78409886,0.7840988743660577,2,40000,1999
GATAGTAC,0.78314024,0.78314023007463,2,40000,1999
GATCTCAG,0.7830887,0.7830886900589618,2,40000,1999
GATCTAAG,0.78292376,0.7829237620088237,2,40000,1999
CCAATACC,0.78254235,0.7825423658928793,2,40000,1999
GGTATTGG,0.78254235,0.7825423658928793,2,40000,1999
GAGATCGA,0.78203726,0.7820372737393312,2,40000,1999
ATTATAGC,0.7819136,0.7819135777017276,2,40000,1999
AATATCAG,0.7816868,0.7816868016327877,2,40000,1999
AAGATAGG,0.7814394,0.7814394095575804,2,40000,1999
GATAGTGG,0.78123325,0.7812332494949078,2,40000,1999
GGGATCCC,0.78098583,0.7809858574197006,2,40000,1999
GACACCCA,0.7809137,0.7809137013977652,2,40000,1999
CATGTTGA,0.78079003,0.7807900053601616,2,40000,1999
TAGATAGA,0.7797592,0.7797592050467984,2,40000,1999
TCTATCTA,0.7797592,0.7797592050467984,2,40000,1999
AGTATAGA,0.7797592,0.7797592050467984,2,40000,1999
TATATGGA,0.7792335,0.7792334968869831,2,40000,1999
GATAGGCG,0.7788418,0.7788417927679051,2,40000,1999
GGTATTTA,0.77879024,0.7787902527522368,2,40000,1999
AATACACC,0.7783573,0.7783573166206242,2,40000,1999
TTGATCGC,0.77828515,0.7782851605986888,2,40000,1999
GCGATCAA,0.77828515,0.7782851605986888,2,40000,1999
TAGATCCA,0.77823365,0.7782336205830207,2,40000,1999
GATAAATA,0.77815115,0.7781511565579516,2,40000,1999
GACACCTG,0.77813053,0.7781305405516843,2,40000,1999
CATATACA,0.7780275,0.778027460520348,2,40000,1999
TATTACTC,0.7779656,0.7779656125015463,2,40000,1999
AATATACT,0.7778007,0.777800684451408,2,40000,1999
GGGGTCAT,0.777677,0.7776769884138045,2,40000,1999
TGTAATAC,0.7775327,0.7775326763699336,2,40000,1999
ATTATCAC,0.7768627,0.7768626561662474,2,40000,1999
GATCTGGT,0.7767802,0.7767801921411785,2,40000,1999
CTGATCGT,0.77646065,0.7764606440440358,2,40000,1999
GATAACCC,0.7763988,0.776398796025234,2,40000,1999
TAGATCTC,0.77530617,0.7753061476930689,2,40000,1999
GAGATCTA,0.77530617,0.7753061476930689,2,40000,1999
AAGATAGC,0.7751824,0.7751824516554653,2,40000,1999
GCTATCTT,0.7751824,0.7751824516554653,2,40000,1999
GATCCCGG,0.77507937,0.7750793716241289,2,40000,1999
AATACCGA,0.77427536,0.7742753473797055,2,40000,1999
CGGATCCC,0.77360535,0.7736053271760195,2,40000,1999
GGGATCCG,0.77360535,0.7736053271760195,2,40000,1999
AATACCAC,0.7733373,0.773337319094545,2,40000,1999
GATCTAAA,0.772925,0.7729249989691998,2,40000,1999
AAGATAAT,0.77270854,0.7727085309033933,2,40000,1999
ATTATCTT,0.77270854,0.7727085309033933,2,40000,1999
GATCCCAG,0.7726879,0.7726879148971262,2,40000,1999
TATCCCGG,0.77243024,0.7724302148187853,2,40000,1999
TATATGTC,0.7720385,0.7720385106997072,2,40000,1999
GACATATA,0.7720385,0.7720385106997072,2,40000,1999
AGGATCGC,0.7720282,0.7720282026965737,2,40000,1999
GCGATCCT,0.7720282,0.7720282026965737,2,40000,1999
TATATTGG,0.7717396,0.7717395786088319,2,40000,1999
ACAATCCC,0.7717293,0.7717292706056982,2,40000,1999
GGGATTGT,0.7717293,0.7717292706056982,2,40000,1999
GATCTAGT,0.77146125,0.7714612625242239,2,40000,1999
TATAATGC,0.77082217,0.7708221663299385,2,40000,1999
ACGATCGG,0.7706263,0.7706263142703996,2,40000,1999
GATAAGTG,0.77053356,0.7705335422421968,2,40000,1999
TAGATCGC,0.7702655,0.7702655341607224,2,40000,1999
TTTATCTC,0.7701728,0.7701727621325197,2,40000,1999
GAGATAAA,0.7701728,0.7701727621325197,2,40000,1999
AATATCTG,0.76935846,0.7693584298849627,2,40000,1999
GAAATATC,0.7691626,0.7691625778254237,2,40000,1999
GATATTTC,0.7691626,0.7691625778254237,2,40000,1999
GATAGCAT,0.769008,0.7690079577784191,2,40000,1999
GCTATCCT,0.76899767,0.7689976497752855,2,40000,1999
TAGATAGC,0.76846164,0.7684616336123367,2,40000,1999
GCTATCTA,0.76846164,0.7684616336123367,2,40000,1999
TATCTAGC,0.7679978,0.7679977734713231,2,40000,1999
TCTATAGG,0.7679256,0.7679256174493877,2,40000,1999
GATCCTGT,0.76744115,0.7674411413021069,2,40000,1999
GATCGCGG,0.7671731,0.7671731332206326,2,40000,1999
GATCGCGT,0.76642066,0.7664206489918772,2,40000,1999
TGTATAGT,0.7663485,0.7663484929699418,2,40000,1999
CGTATACC,0.76580215,0.7658021688038593,2,40000,1999
GCTATCCA,0.7654311,0.7654310806910486,2,40000,1999
GATAACAT,0.7654105,0.7654104646847812,2,40000,1999
GATCTAGG,0.7653486,0.7653486166659795,2,40000,1999
GATCGTGC,0.7648332,0.7648332165092978,2,40000,1999
GATCCCGC,0.76479197,0.7647919844967633,2,40000,1999
TATAACCC,0.76470953,0.7647095204716942,2,40000,1999
GATCTGGC,0.7646167,0.7646167484434916,2,40000,1999
GATCCCGT,0.7644415,0.7644415123902198,2,40000,1999
TATCTTGT,0.7640086,0.7640085762586072,2,40000,1999
GATAATGT,0.76359624,0.7635962561332619,2,40000,1999
GATCTTGG,0.76354474,0.7635447161175937,2,40000,1999
GATCTGCC,0.76354474,0.7635447161175937,2,40000,1999
TATAGTCT,0.76330763,0.7633076320455201,2,40000,1999
CGAATCGA,0.7626067,0.762606687832433,2,40000,1999
GATAACTC,0.76243144,0.7624314517791613,2,40000,1999
ACGATCCA,0.76242113,0.7624211437760278,2,40000,1999
GGTGTCGA,0.7624108,0.7624108357728941,2,40000,1999
CGTATCCC,0.7617614,0.7617614315754752,2,40000,1999
ATTATCAT,0.7612357,0.7612357234156599,2,40000,1999
GATCTCAA,0.760442,0.7604420071743702,2,40000,1999
ATTATCGC,0.76009154,0.7600915350678266,2,40000,1999
GATCTCGG,0.7597617,0.7597616789675504,2,40000,1999
AGTATTGA,0.7596071,0.7596070589205459,2,40000,1999
GTTATCGG,0.7595452,0.7595452109017441,2,40000,1999
TATTAGAC,0.75929785,0.7592978188265369,2,40000,1999
GGTATTGC,0.75929785,0.7592978188265369,2,40000,1999
AATATTCC,0.7582979,0.7582979425225747,2,40000,1999
GGTATTCT,0.7582258,0.7582257865006392,2,40000,1999
TATACAGC,0.7577825,0.7577825423658929,2,40000,1999
CAGATCGT,0.75765884,0.7576588463282893,2,40000,1999
GTTATCCT,0.75686514,0.7568651300869996,2,40000,1999
ATTATTGT,0.75677234,0.7567723580587968,2,40000,1999
GATCTCTA,0.7564528,0.7564528099616542,2,40000,1999
GATAGTGC,0.7563188,0.7563188059209169,2,40000,1999
GCTATACC,0.75620544,0.756205417886447,2,40000,1999
GGTATAGC,0.75620544,0.756205417886447,2,40000,1999
TATAGCCC,0.7561539,0.7561538778707789,2,40000,1999
TATACCAG,0.75584465,0.7558446377767699,2,40000,1999
GACACCGA,0.7558034,0.7558034057642353,2,40000,1999
GATAACCG,0.75494784,0.7549478415041438,2,40000,1999
GTGATTCC,0.7537624,0.753762421143776,2,40000,1999
GGAATCAC,0.7537624,0.753762421143776,2,40000,1999
TACATACC,0.75259763,0.7525976167896755,2,40000,1999
GGTGTCGC,0.7525564,0.7525563847771409,2,40000,1999
TATCTGAC,0.75251514,0.7525151527646065,2,40000,1999
GATCTCAC,0.7525048,0.7525048447614728,2,40000,1999
TATATTGC,0.75162864,0.751628664495114,2,40000,1999
GATCAGGC,0.751237,0.751236960376036,2,40000,1999
AATACATC,0.7507834,0.7507834082381561,2,40000,1999
GCTATCGC,0.7507628,0.7507627922318889,2,40000,1999
GCGATAGC,0.7507628,0.7507627922318889,2,40000,1999
GATAACTG,0.7507525,0.7507524842287552,2,40000,1999
AATATCGA,0.7505257,0.7505257081598152,2,40000,1999
GATCGAGA,0.74993813,0.7499381519811982,2,40000,1999
TAGACCCC,0.7498351,0.7498350719498619,2,40000,1999
GATCGCAG,0.74967015,0.7496701438997238,2,40000,1999
GATAGCGA,0.74954647,0.7495464478621201,2,40000,1999
CATATTGA,0.74864966,0.7486496515894941,2,40000,1999
CGTATAAC,0.74835074,0.7483507194986188,2,40000,1999
GGTTATCC,0.74820644,0.7482064074547479,2,40000,1999
CAGATCGG,0.7475879,0.7475879272667298,2,40000,1999
TATAGGGG,0.74702096,0.7470209870943801,2,40000,1999
GATCTTTG,0.7468355,0.7468354430379748,2,40000,1999
GAGATCCG,0.74682516,0.746825135034841,2,40000,1999
CGGATCTC,0.74682516,0.746825135034841,2,40000,1999
TATACCGT,0.74636126,0.7463612748938276,2,40000,1999
GATAGAGT,0.74634063,0.7463406588875603,2,40000,1999
ATAATCGA,0.7455366,0.7455366346431369,2,40000,1999
TAGATCTG,0.7450831,0.7450830825052571,2,40000,1999
GATAGTAA,0.7449285,0.7449284624582526,2,40000,1999
TGTATAGC,0.74491817,0.7449181544551189,2,40000,1999
AGTATAAC,0.7448769,0.7448769224425845,2,40000,1999
TGTAATCC,0.74481505,0.7448150744237826,2,40000,1999
CATACAGA,0.74409354,0.7440935142044283,2,40000,1999
GATAATTA,0.74372244,0.7437224260916175,2,40000,1999
GATAAACA,0.7433926,0.7433925699913412,2,40000,1999
GGGATCTA,0.74335134,0.7433513379788068,2,40000,1999
TAGATCCC,0.74335134,0.7433513379788068,2,40000,1999
GTTATAGG,0.742671,0.742671009771987,2,40000,1999
TATAACTT,0.742269,0.7422689976497753,2,40000,1999
AATCCCCC,0.74223804,0.7422380736403744,2,40000,1999
TGTATAGA,0.7419391,0.741939141549499,2,40000,1999
GATCATGC,0.7414134,0.7414134333896838,2,40000,1999
GATCCCAA,0.74086714,0.7408671092236012,2,40000,1999
TATAGCAA,0.7405991,0.7405991011421267,2,40000,1999
GTTATCTT,0.74055785,0.7405578691295922,2,40000,1999
TGTATAAA,0.74014556,0.7401455490042469,2,40000,1999
CATATAAG,0.7394446,0.7394446047911598,2,40000,1999
CGTATACT,0.73901165,0.7390116686595473,2,40000,1999
GATAAGTA,0.73857874,0.7385787325279347,2,40000,1999
AAGATAGT,0.7378984,0.7378984043211149,2,40000,1999
GATCTTGC,0.73746544,0.7374654681895023,2,40000,1999
GATAACTA,0.73697066,0.7369706840390879,2,40000,1999
CAGATAGT,0.73666143,0.7366614439450789,2,40000,1999
TTAATCCC,0.73666143,0.7366614439450789,2,40000,1999
ACTATCTG,0.73666143,0.7366614439450789,2,40000,1999
GATAACAA,0.7363522,0.73635220385107,2,40000,1999
TGTATTGA,0.7359811,0.7359811157382592,2,40000,1999
CATACCCT,0.73557913,0.7355791036160475,2,40000,1999
GCTATCTC,0.7354863,0.7354863315878448,2,40000,1999
GAGATAGC,0.7354863,0.7354863315878448,2,40000,1999
GTCATCTA,0.73506373,0.7350637034593658,2,40000,1999
GATCTGTC,0.7348885,0.7348884674060941,2,40000,1999
GTTATCAT,0.7348163,0.7348163113841587,2,40000,1999
CAGATCGC,0.73404324,0.7340432111491362,2,40000,1999
AATAGTGT,0.7338474,0.7338473590895972,2,40000,1999
GATAAAGA,0.73373395,0.7337339710551273,2,40000,1999
TAGATAAC,0.7336515,0.7336515070300581,2,40000,1999
GTTATCTA,0.7336515,0.7336515070300581,2,40000,1999
GAGATCCA,0.73345566,0.7334556549705192,2,40000,1999
TAGATCGT,0.73332167,0.7333216509297819,2,40000,1999
GATAACCT,0.73291963,0.7329196388075702,2,40000,1999
GACACCGC,0.7323836,0.7323836226446213,2,40000,1999
CAGATCCA,0.7321672,0.732167154578815,2,40000,1999
GTAATCCG,0.7320744,0.7320743825506123,2,40000,1999
CCTATCGA,0.7319301,0.7319300705067415,2,40000,1999
CATAATAC,0.73191977,0.7319197625036078,2,40000,1999
AATATGGG,0.73166203,0.731662062425267,2,40000,1999
CAGATCTC,0.7305282,0.7305281820805674,2,40000,1999
GAGATCTG,0.7305282,0.7305281820805674,2,40000,1999
TATCTCGT,0.73036325,0.7303632540304292,2,40000,1999
GATAATTC,0.72985816,0.7298581618768811,2,40000,1999
GATAAGGT,0.7297963,0.7297963138580794,2,40000,1999
AATACTTC,0.72807485,0.7280748773347628,2,40000,1999
GATCTTTC,0.7278584,0.7278584092689564,2,40000,1999
TATAAAGA,0.7275595,0.7275594771780811,2,40000,1999
TTTATCCA,0.7267245,0.7267245289242569,2,40000,1999
ATCTTCAC,0.7252814,0.7252814084855481,2,40000,1999
TATAATGA,0.7246835,0.7246835443037976,2,40000,1999
GATAATCG,0.72464234,0.724642312291263,2,40000,1999
GATCTTGT,0.72428155,0.7242815321815858,2,40000,1999
AATAGGGG,0.72403413,0.7240341401063787,2,40000,1999
GATCTACA,0.723962,0.7239619840844432,2,40000,1999
CTTCTCAC,0.7235084,0.7235084319465633,2,40000,1999
CATCTATC,0.72317857,0.7231785758462871,2,40000,1999
GATAGATG,0.72317857,0.7231785758462871,2,40000,1999
CTTATCGT,0.72309613,0.7230961118212179,2,40000,1999
TATATTCG,0.722859,0.7228590277491445,2,40000,1999
GCGATCGA,0.7227766,0.7227765637240754,2,40000,1999
TCGATCGC,0.7227766,0.7227765637240754,2,40000,1999
ACGATCAC,0.7223127,0.7223127035830619,2,40000,1999
GTGATCGT,0.7223127,0.7223127035830619,2,40000,1999
AAGATCGG,0.7220447,0.7220446955015875,2,40000,1999
ATGATCGA,0.7217458,0.7217457634107121,2,40000,1999
TATCGCGT,0.7216736,0.7216736073887766,2,40000,1999
CATATAAC,0.7215293,0.7215292953449057,2,40000,1999
AATACGGC,0.7215293,0.7215292953449057,2,40000,1999
GATCAAAC,0.7215087,0.7215086793386385,2,40000,1999
TATAGCTG,0.72105515,0.7210551272007586,2,40000,1999
GATAAATG,0.7208902,0.7208901991506206,2,40000,1999
TGTATTTA,0.7193131,0.7193130746711747,2,40000,1999
GAGAATAC,0.71913785,0.7191378386179029,2,40000,1999
GTATTCTC,0.71913785,0.7191378386179029,2,40000,1999
TATAGTAC,0.7190966,0.7190966066053684,2,40000,1999
TATAGAAC,0.71876675,0.7187667505050921,2,40000,1999
GCTATTTA,0.71855026,0.7185502824392859,2,40000,1999
TAAATAGC,0.71855026,0.7185502824392859,2,40000,1999
GATAACAC,0.71853995,0.7185399744361523,2,40000,1999
GATAAGGA,0.7183132,0.7183131983672123,2,40000,1999
TATAACGA,0.7181586,0.7181585783202078,2,40000,1999
CGTATAGC,0.7166433,0.7166433018595638,2,40000,1999
GCTATACG,0.7166433,0.7166433018595638,2,40000,1999
AATATAGC,0.716633,0.7166329938564301,2,40000,1999
TATTCATC,0.7160248,0.7160248216715458,2,40000,1999
GATCGCCA,0.7153445,0.715344493464726,2,40000,1999
AATATTTT,0.7148394,0.714839401311178,2,40000,1999
GGGATAGC,0.7148188,0.7148187853049107,2,40000,1999
GCTATCCC,0.7148188,0.7148187853049107,2,40000,1999
ATCTTCGC,0.71479815,0.7147981692986436,2,40000,1999
ATAATCTC,0.7147054,0.7147053972704408,2,40000,1999
GATAATCA,0.7144168,0.714416773182699,2,40000,1999
CATATACT,0.71435493,0.7143549251638973,2,40000,1999
TATAACAC,0.7135509,0.7135509009194739,2,40000,1999
AATATGGT,0.7134169,0.7134168968787366,2,40000,1999
GATAGGCC,0.71309733,0.713097348781594,2,40000,1999
AATATGCT,0.7121387,0.7121387044901663,2,40000,1999
AATACGGT,0.71195316,0.7119531604337608,2,40000,1999
TATATTGT,0.7114893,0.7114893002927473,2,40000,1999
CATATTTG,0.7112625,0.7112625242238074,2,40000,1999
GAGATTAG,0.71114916,0.7111491361893374,2,40000,1999
CTAATCTC,0.71114916,0.7111491361893374,2,40000,1999
AAGATCCA,0.71104604,0.7110460561580011,2,40000,1999
AATATGAC,0.7109327,0.7109326681235312,2,40000,1999
ATAATAGC,0.7097163,0.7097163237537624,2,40000,1999
CTTATCAC,0.7096957,0.7096957077474952,2,40000,1999
GAGATCGT,0.70951015,0.7095101636910898,2,40000,1999
ACGATCTC,0.70951015,0.7095101636910898,2,40000,1999
TAGATTAC,0.709304,0.7093040036284172,2,40000,1999
GATCTGGA,0.70913905,0.709139075578279,2,40000,1999
GATGACCC,0.70870614,0.7087061394466664,2,40000,1999
TCTATAAC,0.7084484,0.7084484393683256,2,40000,1999
GTTATAGA,0.7084484,0.7084484393683256,2,40000,1999
GCGATCAG,0.70812887,0.708128891271183,2,40000,1999
CTGATCGC,0.70812887,0.708128891271183,2,40000,1999
GGATCCGC,0.7080258,0.7080258112398466,2,40000,1999
AATAACAC,0.70790213,0.707902115202243,2,40000,1999
CATACCTT,0.7077475,0.7077474951552385,2,40000,1999
CTGATCGG,0.7075929,0.7075928751082341,2,40000,1999
CATATTAC,0.7073558,0.7073557910361605,2,40000,1999
AATACCAA,0.70731455,0.7073145590236259,2,40000,1999
CATATGAC,0.70652086,0.7065208427823362,2,40000,1999
AATATAGG,0.7062425,0.7062425266977281,2,40000,1999
GATAACGA,0.706057,0.7060569826413228,2,40000,1999
TATATGGC,0.7059539,0.7059539026099865,2,40000,1999
TATCTTGC,0.70483035,0.7048303302684205,2,40000,1999
GGTATGAA,0.7037583,0.7037582979425226,2,40000,1999
TATAGCGA,0.70371705,0.7037170659299881,2,40000,1999
GTTATCGT,0.703078,0.7030779697357028,2,40000,1999
CAGATAGC,0.7027275,0.7027274976291592,2,40000,1999
GCTATCTG,0.7027275,0.7027274976291592,2,40000,1999
TACACCGC,0.7024286,0.702428565538284,2,40000,1999
GATCGCGC,0.7022224,0.7022224054756112,2,40000,1999
ATCAGCGC,0.7021502,0.7021502494536759,2,40000,1999
AATACTAC,0.7009442,0.7009442130870407,2,40000,1999
GTTATCTG,0.7006556,0.700655588999299,2,40000,1999
CATATTGT,0.70062464,0.7006246649898982,2,40000,1999
CAGATCCC,0.7000062,0.7000061848018801,2,40000,1999
GGGATCTG,0.7000062,0.7000061848018801,2,40000,1999
GTATAAGC,0.6989857,0.6989856924916505,2,40000,1999
GATAACCA,0.69893414,0.6989341524759825,2,40000,1999
TATCTGCC,0.69872797,0.6987279924133097,2,40000,1999
GAGATAAC,0.69852185,0.698521832350637,2,40000,1999
GTTATCTC,0.69852185,0.698521832350637,2,40000,1999
TATCGTGA,0.6982538,0.6982538242691625,2,40000,1999
GTAACACC,0.69813013,0.6981301282315591,2,40000,1999
GTTCTCAG,0.6980889,0.6980888962190245,2,40000,1999
AATAATGC,0.69763535,0.6976353440811446,2,40000,1999
ATTATAGG,0.6976044,0.6976044200717437,2,40000,1999
GTTATATT,0.6975941,0.69759411206861,2,40000,1999
AATATAAC,0.6975941,0.69759411206861,2,40000,1999
ATTATCGA,0.6971406,0.6971405599307302,2,40000,1999
AGTATAGG,0.6967179,0.6967179318022513,2,40000,1999
GATAATGC,0.696419,0.696418999711376,2,40000,1999
GGTAATCC,0.6961716,0.6961716076361688,2,40000,1999
TATAACGG,0.6960685,0.6960685276048324,2,40000,1999
TACGTGGA,0.6957799,0.6957799035170906,2,40000,1999
AATACAGG,0.69571805,0.6957180554982889,2,40000,1999
GTGATCGA,0.6956665,0.6956665154826207,2,40000,1999
TCGATCAC,0.6956665,0.6956665154826207,2,40000,1999
AATATTTA,0.6955944,0.6955943594606853,2,40000,1999
AATACGCC,0.6954707,0.6954706634230817,2,40000,1999
TCGATAGA,0.69530576,0.6953057353729435,2,40000,1999
TCTATCGA,0.69530576,0.6953057353729435,2,40000,1999
GAGATCGG,0.6952439,0.6952438873541418,2,40000,1999
GTTATCAG,0.69491404,0.6949140312538655,2,40000,1999
TATAGCAG,0.6948006,0.6948006432193955,2,40000,1999
TATAGGGC,0.6947285,0.69472848719746,2,40000,1999
ATTATAGT,0.694512,0.6945120191316538,2,40000,1999
TCTATCGT,0.69446045,0.6944604791159857,2,40000,1999
TTTATCTG,0.69417185,0.694171855028244,2,40000,1999
TATACGGA,0.6938626,0.693862614934235,2,40000,1999
TGTATAGG,0.6929864,0.6929864346678761,2,40000,1999
CGTCTCAT,0.6923164,0.69231641446419,2,40000,1999
GATAGGAA,0.6923164,0.69231641446419,2,40000,1999
TATAACTC,0.6919453,0.6919453263513793,2,40000,1999
TTTACCCC,0.69185257,0.6918525543231765,2,40000,1999
AATACTGC,0.69130623,0.6913062301570939,2,40000,1999
ACTATCCA,0.690997,0.690996990063085,2,40000,1999
GATTACGC,0.690997,0.690996990063085,2,40000,1999
GACAACAT,0.69087327,0.6908732940254814,2,40000,1999
GTTATCAC,0.6907805,0.6907805219972787,2,40000,1999
AAGATCGC,0.69071865,0.6907186739784769,2,40000,1999
TAAACCTA,0.69066715,0.6906671339628088,2,40000,1999
TATACGAC,0.6903579,0.6903578938687996,2,40000,1999
TATGTTGT,0.6899456,0.6899455737434544,2,40000,1999
TACACCGA,0.6896157,0.6896157176431782,2,40000,1999
GCGATCTC,0.68939924,0.689399249577372,2,40000,1999
GAGATCGC,0.68939924,0.689399249577372,2,40000,1999
ATCATAGT,0.6892859,0.689285861542902,2,40000,1999
GAGACGGA,0.6877706,0.687770585082258,2,40000,1999
GATCTGAC,0.6877706,0.687770585082258,2,40000,1999
AATATAGT,0.6876572,0.6876571970477879,2,40000,1999
AGTGTCTC,0.6873789,0.6873788809631798,2,40000,1999
CATCTGAC,0.6865955,0.6865954727250237,2,40000,1999
TATAACAG,0.68645114,0.6864511606811529,2,40000,1999
TATAACCA,0.68616253,0.6861625365934112,2,40000,1999
CGTATAGT,0.6860801,0.6860800725683421,2,40000,1999
TATTTAGA,0.68580174,0.685801756483734,2,40000,1999
CATAAATC,0.6857811,0.6857811404774666,2,40000,1999
AATAACCC,0.6855956,0.6855955964210613,2,40000,1999
CGTATTGT,0.6855956,0.6855955964210613,2,40000,1999
TATGTAAG,0.685575,0.685574980414794,2,40000,1999
AACACCTC,0.6854925,0.685492516389725,2,40000,1999
TTTATCAG,0.68530697,0.6853069723333196,2,40000,1999
AATCCCTC,0.68523484,0.6852348163113842,2,40000,1999
AATAAAGA,0.685039,0.6850389642518452,2,40000,1999
AGAATCAA,0.6840082,0.6840081639384819,2,40000,1999
TAACTAGA,0.6837092,0.6837092318476065,2,40000,1999
AATACCGG,0.6836371,0.683637075825671,2,40000,1999
GTTATCGA,0.6834,0.6833999917535976,2,40000,1999
AATCTGAG,0.6832557,0.6832556797097267,2,40000,1999
GTAATCCC,0.68317324,0.6831732156846576,2,40000,1999
GATAACGT,0.68258566,0.6825856595060406,2,40000,1999
TACACCGG,0.68216306,0.6821630313775616,2,40000,1999
GAGATTAA,0.6817301,0.681730095245949,2,40000,1999
TACCTCGA,0.68163735,0.6816373232177463,2,40000,1999
CATATAGC,0.6814518,0.6814517791613408,2,40000,1999
CAGATTGA,0.6812456,0.6812456190986682,2,40000,1999
TTAATCGA,0.6808333,0.6808332989733229,2,40000,1999
TATACTGC,0.6808333,0.6808332989733229,2,40000,1999
GTTATCCA,0.68029726,0.6802972828103739,2,40000,1999
AATATTAC,0.6796891,0.6796891106254896,2,40000,1999
CATCTCAA,0.67949325,0.6794932585659506,2,40000,1999
CAGATCTT,0.6789469,0.6789469343998681,2,40000,1999
AAGATCTG,0.6789469,0.6789469343998681,2,40000,1999
GTTATCAA,0.6788748,0.6788747783779326,2,40000,1999
GATCGTCG,0.67818415,0.6781841421679793,2,40000,1999
TATTTATG,0.67788523,0.6778852100771038,2,40000,1999
TTTACCCT,0.67782336,0.6778233620583021,2,40000,1999
GATTATGC,0.6777615,0.6777615140395004,2,40000,1999
TATAGTTC,0.6776997,0.6776996660206984,2,40000,1999
TCTATCCA,0.6771843,0.6771842658640169,2,40000,1999
GATAAGGG,0.6769472,0.6769471817919432,2,40000,1999
TGTCTCAA,0.6767616,0.6767616377355379,2,40000,1999
GATTCCAG,0.67633903,0.676339009607059,2,40000,1999
ATTATCGG,0.676205,0.6762050055663217,2,40000,1999
GTTATAAG,0.67588544,0.675885457469179,2,40000,1999
TATTGCGA,0.6746588,0.6746588050962767,2,40000,1999
ACTATAGA,0.67458665,0.6745866490743413,2,40000,1999
TCTATAGT,0.67458665,0.6745866490743413,2,40000,1999
CATATGCC,0.6742671,0.6742671009771988,2,40000,1999
GATAGAAA,0.67403,0.6740300169051251,2,40000,1999
TATAGCAC,0.6738651,0.6738650888549871,2,40000,1999
GATATCAC,0.9942172,0.9942172102420319,3,60000,2998
GTGATATC,0.9942172,0.9942172102420319,3,60000,2998
GTGATACC,0.993908,0.9939079701480229,3,60000,2998
GGTATCAC,0.993908,0.9939079701480229,3,60000,2998
GATATCAA,0.99350595,0.9935059580258113,3,60000,2998
GGTATCAA,0.99298024,0.992980249865996,3,60000,2998
GATACCCC,0.99091864,0.9909186492392694,3,60000,2998
GGTATCAT,0.989692,0.989691996866367,3,60000,2998
GGTGATAC,0.98835194,0.9883519564589948,3,60000,2998
GATGATAC,0.9861873,0.9861872758009319,3,60000,2998
CATATCAT,0.9850946,0.9850946274687667,3,60000,2998
CGTATCAT,0.9847338,0.9847338473590896,3,60000,2998
GATATCCC,0.9840638,0.9840638271554035,3,60000,2998
TATGATAC,0.98270315,0.982703170741764,3,60000,2998
CGTATCAA,0.9825898,0.982589782707294,3,60000,2998
GATATCGT,0.9820228,0.9820228425349441,3,60000,2998
GATACCCT,0.98124975,0.9812497422999216,3,60000,2998
AGTATCAT,0.98043543,0.9804354100523647,3,60000,2998
GATACCTA,0.97972417,0.979724157836144,3,60000,2998
TAGGTATC,0.97972417,0.979724157836144,3,60000,2998
GATATCAT,0.9794561,0.9794561497546695,3,60000,2998
AATGATAC,0.97941494,0.9794149177421351,3,60000,2998
AGTATCAA,0.9781986,0.9781985733723663,3,60000,2998
GATATCGC,0.9771575,0.9771574650558693,3,60000,2998
TGTATCAT,0.97611636,0.9761163567393725,3,60000,2998
GATATCCT,0.9755082,0.9755081845544881,3,60000,2998
CGTATCAC,0.97516805,0.9751680204510782,3,60000,2998
GATATCAG,0.9750546,0.9750546324166083,3,60000,2998
GATATCCG,0.9737352,0.9737352080155032,3,60000,2998
CGGATATC,0.9737352,0.9737352080155032,3,60000,2998
GATATCTT,0.9732095,0.9732094998556878,3,60000,2998
GATATATA,0.9730446,0.9730445718055498,3,60000,2998
TATATATC,0.9730446,0.9730445718055498,3,60000,2998
TAGATATC,0.9729827,0.9729827237867481,3,60000,2998
GATATCTA,0.9729827,0.9729827237867481,3,60000,2998
GATATATC,0.97251886,0.9725188636457345,3,60000,2998
GCTATCAT,0.9723333,0.9723333195893292,3,60000,2998
CATGATAC,0.97170454,0.9717045313981776,3,60000,2998
TGTATCAC,0.97146744,0.9714674473261039,3,60000,2998
CATATCAA,0.970045,0.9700449428936627,3,60000,2998
GATATGAT,0.97002435,0.9700243268873954,3,60000,2998
AGTATCAC,0.969478,0.9694780027213128,3,60000,2998
GATATCTG,0.968272,0.9682719663546778,3,60000,2998
CAGATATC,0.968272,0.9682719663546778,3,60000,2998
GATACACC,0.9676947,0.9676947181791943,3,60000,2998
GGTATATC,0.9673236,0.9673236300663836,3,60000,2998
GATATACC,0.9673236,0.9673236300663836,3,60000,2998
GATGATAT,0.967035,0.9670350059786418,3,60000,2998
AGTATCAG,0.9653548,0.9653548014678596,3,60000,2998
GATACCCG,0.96530324,0.9653032614521916,3,60000,2998
GAGATATC,0.96503526,0.9650352533707169,3,60000,2998
GATATCTC,0.96503526,0.9650352533707169,3,60000,2998
TGTATCAA,0.9631695,0.9631695048035296,3,60000,2998
GATATCCA,0.96232426,0.9623242485465716,3,60000,2998
GGTATCTA,0.962149,0.9621490124932999,3,60000,2998
TATATCAC,0.9619738,0.961973776440028,3,60000,2998
GGTGTCAT,0.96127284,0.961272832226941,3,60000,2998
GATACTCT,0.95973694,0.9597369397600297,3,60000,2998
CATATCAG,0.9595514,0.9595513957036242,3,60000,2998
GATACCTG,0.9586752,0.9586752154372655,3,60000,2998
GGTATCGT,0.95775783,0.9577578031583722,3,60000,2998
CATATCAC,0.9574898,0.9574897950768977,3,60000,2998
TATATCAT,0.9571909,0.9571908629860224,3,60000,2998
TATACCCC,0.9564074,0.9564074547478661,3,60000,2998
TATCCCCC,0.9563147,0.9563146827196636,3,60000,2998
GGTGTCAA,0.9545623,0.9545623221869459,3,60000,2998
GAGGTATC,0.9544386,0.9544386261493425,3,60000,2998
GATACCTC,0.9544386,0.9544386261493425,3,60000,2998
GGTATCGA,0.95415,0.9541500020616006,3,60000,2998
GGTATCAG,0.9533975,0.9533975178328454,3,60000,2998
GATATCGG,0.95283055,0.9528305776604957,3,60000,2998
GATATGGG,0.9523461,0.9523461015132149,3,60000,2998
TATCACAC,0.9519956,0.9519956294066714,3,60000,2998
GGGATCAT,0.9514184,0.9514183812311879,3,60000,2998
GCGATACC,0.9493362,0.9493361645981941,3,60000,2998
GGTATCGC,0.9493362,0.9493361645981941,3,60000,2998
TATATATA,0.9487692,0.9487692244258442,3,60000,2998
TATATCCC,0.94857335,0.9485733723663052,3,60000,2998
GGCATATC,0.9485527,0.9485527563600379,3,60000,2998
GATATGCC,0.9485527,0.9485527563600379,3,60000,2998
GATACACT,0.9470581,0.9470580959056611,3,60000,2998
CCTATCAT,0.9467076,0.9467076237991177,3,60000,2998
GATACTAT,0.946151,0.9461509916299015,3,60000,2998
GATACCAT,0.9456356,0.9456355914732198,3,60000,2998
AATATCAC,0.94530576,0.9453057353729436,3,60000,2998
GATGATCC,0.9452439,0.9452438873541418,3,60000,2998
TATATCAG,0.94520265,0.9452026553416072,3,60000,2998
GATATGTA,0.94469756,0.9446975631880592,3,60000,2998
TACATATC,0.94469756,0.9446975631880592,3,60000,2998
GATACCCA,0.9444502,0.944450171112852,3,60000,2998
CATATCGT,0.94313073,0.9431307467117469,3,60000,2998
GGTATCGG,0.9428421,0.9428421226240052,3,60000,2998
TATATGAT,0.9412856,0.9412856141508267,3,60000,2998
TATCATTC,0.94123405,0.9412340741351586,3,60000,2998
GATACGGG,0.94110006,0.9411000700944213,3,60000,2998
TATATCGA,0.94096607,0.940966066053684,3,60000,2998
GATACTAC,0.9406156,0.9406155939471406,3,60000,2998
CGGATCAC,0.94041973,0.9404197418876016,3,60000,2998
TGTATCAG,0.9403888,0.9403888178782007,3,60000,2998
GGGATCAC,0.9401311,0.9401311177998598,3,60000,2998
GATATCGA,0.94004864,0.9400486537747907,3,60000,2998
GTGATCCT,0.9393477,0.9393477095617037,3,60000,2998
AGGATCAC,0.9393477,0.9393477095617037,3,60000,2998
AGGATCAA,0.93816227,0.9381622892013359,3,60000,2998
GATATACT,0.9377706,0.937770585082258,3,60000,2998
TATATCTC,0.9376984,0.9376984290603225,3,60000,2998
TATCTCCC,0.93744075,0.9374407289819816,3,60000,2998
GATACGGT,0.935977,0.9359769925370057,3,60000,2998
GATACTCC,0.93565744,0.9356574444398631,3,60000,2998
GCTATCAC,0.93396693,0.9339669319259473,3,60000,2998
TATATCAA,0.933668,0.933667999835072,3,60000,2998
GGTATTAT,0.9329258,0.9329258236094504,3,60000,2998
CATATATA,0.9319775,0.9319774873211562,3,60000,2998
TATATCTA,0.93192595,0.931925947305488,3,60000,2998
GATATAAT,0.9310807,0.9310806910485301,3,60000,2998
ATTATATC,0.9310807,0.9310806910485301,3,60000,2998
GATACCGT,0.93062717,0.9306271389106502,3,60000,2998
TATATACT,0.9302767,0.9302766668041067,3,60000,2998
CGGATCAA,0.9298025,0.9298024986599597,3,60000,2998
GGTATATA,0.9296994,0.9296994186286234,3,60000,2998
TATATACC,0.9296994,0.9296994186286234,3,60000,2998
GATATAGG,0.92959636,0.929596338597287,3,60000,2998
GATACGAT,0.9294726,0.9294726425596833,3,60000,2998
GACATATC,0.9292562,0.9292561744938771,3,60000,2998
GATATGTC,0.9292562,0.9292561744938771,3,60000,2998
GATGTATC,0.92898816,0.9289881664124026,3,60000,2998
GATACATC,0.92898816,0.9289881664124026,3,60000,2998
CGTATCAG,0.92832845,0.9283284542118501,3,60000,2998
TATATCGC,0.92818415,0.9281841421679792,3,60000,2998
AAGATACC,0.92685443,0.9268544097637406,3,60000,2998
GGTATCTT,0.92685443,0.9268544097637406,3,60000,2998
GAAGTATC,0.9264318,0.9264317816352615,3,60000,2998
GATACTTC,0.9264318,0.9264317816352615,3,60000,2998
GCTATCAA,0.92576176,0.9257617614315755,3,60000,2998
GATATATG,0.9251948,0.9251948212592257,3,60000,2998
CATATATC,0.9251948,0.9251948212592257,3,60000,2998
GATACTGT,0.92510206,0.9251020492310229,3,60000,2998
AGTATCGC,0.9248959,0.9248958891683503,3,60000,2998
TCTATATC,0.9246073,0.9246072650806086,3,60000,2998
GATATAGA,0.9246073,0.9246072650806086,3,60000,2998
GATATGTG,0.9244011,0.9244011050179359,3,60000,2998
CACATATC,0.9244011,0.9244011050179359,3,60000,2998
GATATGGA,0.92398876,0.9239887848925906,3,60000,2998
GGTGTCAG,0.9239476,0.923947552880056,3,60000,2998
AATATCAT,0.9232157,0.9232156846575681,3,60000,2998
TATAATAC,0.9227106,0.9227105925040202,3,60000,2998
GATACCGG,0.92216426,0.9221642683379376,3,60000,2998
GATATAGT,0.92187566,0.921875644250196,3,60000,2998
ACTATCAT,0.9216901,0.9216901001937905,3,60000,2998
GATATGCT,0.92107165,0.9210716200057726,3,60000,2998
GATACCAG,0.9206593,0.9206592998804272,3,60000,2998
GATACGCC,0.92045313,0.9204531398177546,3,60000,2998
CCTATCAC,0.92004085,0.9200408196924091,3,60000,2998
GATATAGC,0.9194223,0.9194223395043912,3,60000,2998
GATATGCG,0.91811323,0.9181132231064197,3,60000,2998
GATACCGC,0.9176391,0.9176390549622727,3,60000,2998
GATACCAC,0.91761845,0.9176184389560055,3,60000,2998
GTGGTATC,0.91761845,0.9176184389560055,3,60000,2998
TATATCCG,0.91751534,0.9175153589246692,3,60000,2998
TAGATCAT,0.9150827,0.9150826701851317,3,60000,2998
GGTATTAA,0.9150208,0.91502082216633,3,60000,2998
TCTATGAT,0.9149281,0.9149280501381273,3,60000,2998
AGTATCGG,0.91453636,0.9145363460190493,3,60000,2998
GGGATCAA,0.9142271,0.9142271059250402,3,60000,2998
TTGATCCC,0.9142271,0.9142271059250402,3,60000,2998
GGTGTCAC,0.9134334,0.9134333896837504,3,60000,2998
GATCATCT,0.9131757,0.9131756896054097,3,60000,2998
TATTTGAT,0.91259843,0.9125984414299262,3,60000,2998
GATAGTAT,0.9121449,0.9121448892920463,3,60000,2998
GATAATAC,0.91143364,0.9114336370758257,3,60000,2998
TGTATATC,0.91143364,0.9114336370758257,3,60000,2998
GATATACA,0.91143364,0.9114336370758257,3,60000,2998
TGTATCGT,0.91115534,0.9111553209912175,3,60000,2998
CCTATCAA,0.9102379,0.9102379087123244,3,60000,2998
GATATATT,0.90914524,0.9091452603801592,3,60000,2998
AATATATC,0.90914524,0.9091452603801592,3,60000,2998
ACTATCAC,0.9081866,0.9081866160887313,3,60000,2998
TATCTCAC,0.9081763,0.9081763080855977,3,60000,2998
CATATCGG,0.90720737,0.9072073557910362,3,60000,2998
GGTATCTG,0.90591884,0.905918855399332,3,60000,2998
ACTATCAA,0.90591884,0.905918855399332,3,60000,2998
GGTATCCA,0.90578485,0.9057848513585948,3,60000,2998
AATATCAA,0.90556836,0.9055683832927885,3,60000,2998
GATAGGAT,0.90536225,0.9053622232301158,3,60000,2998
TATCACGC,0.9045994,0.904599430998227,3,60000,2998
GATAGCCG,0.9045067,0.9045066589700244,3,60000,2998
GATATGCA,0.9039294,0.9039294107945408,3,60000,2998
TATCTCTC,0.9031048,0.9031047705438503,3,60000,2998
AGGATCAT,0.9030532,0.9030532305281821,3,60000,2998
TATATCCA,0.9024554,0.9024553663464314,3,60000,2998
ATGATCAC,0.90241414,0.902414134333897,3,60000,2998
GTGATCAT,0.90241414,0.902414134333897,3,60000,2998
GGTATAAT,0.9022595,0.9022595142868923,3,60000,2998
GATACTAA,0.9022286,0.9022285902774915,3,60000,2998
GATATGTT,0.9020018,0.9020018142085515,3,60000,2998
AATATAGA,0.9019503,0.9019502741928833,3,60000,2998
GATACGGC,0.90131116,0.9013111779985981,3,60000,2998
GATCCAAT,0.9010535,0.9010534779202574,3,60000,2998
TATCTCAA,0.90065145,0.9006514657980456,3,60000,2998
GAGATACC,0.9001773,0.9001772976538985,3,60000,2998
GGTATCTC,0.9001773,0.9001772976538985,3,60000,2998
TATATCTT,0.899899,0.8998989815692905,3,60000,2998
TATATCCT,0.8994454,0.8994454294314106,3,60000,2998
GATACAGT,0.89874446,0.8987444852183236,3,60000,2998
GATATTAA,0.8984146,0.8984146291180473,3,60000,2998
CAGATCAT,0.8980435,0.8980435410052365,3,60000,2998
CGTATTAT,0.8977549,0.8977549169174948,3,60000,2998
CCGATCAC,0.8976209,0.8976209128767576,3,60000,2998
GATACCAA,0.8976209,0.8976209128767576,3,60000,2998
TATATACG,0.8974766,0.8974766008328866,3,60000,2998
TATACGAT,0.89677566,0.8967756566197996,3,60000,2998
TGTATCTC,0.8964149,0.8964148765101225,3,60000,2998
GAGATACA,0.8964149,0.8964148765101225,3,60000,2998
TATATCGT,0.8963427,0.8963427204881871,3,60000,2998
GATCACCC,0.8962809,0.8962808724693851,3,60000,2998
AATATACC,0.89603347,0.896033480394178,3,60000,2998
CGTATCGT,0.89596134,0.8959613243722426,3,60000,2998
TGGATCAC,0.89574486,0.8957448563064363,3,60000,2998
GTGATCCA,0.89574486,0.8957448563064363,3,60000,2998
CATATCCG,0.8956315,0.8956314682719664,3,60000,2998
GATCAGTA,0.89521915,0.8952191481466212,3,60000,2998
GATACTGC,0.8951882,0.8951882241372201,3,60000,2998
GCTATCAG,0.895013,0.8950129880839484,3,60000,2998
GATAGCCT,0.89483774,0.8948377520306766,3,60000,2998
GATATTAT,0.89419866,0.8941986558363915,3,60000,2998
CGTATCGC,0.8940234,0.8940234197831196,3,60000,2998
GATCATAC,0.8940234,0.8940234197831196,3,60000,2998
TATAGGAT,0.8934256,0.8934255556013689,3,60000,2998
GAGATACT,0.89242566,0.8924256792974065,3,60000,2998
AGTATCTC,0.89242566,0.8924256792974065,3,60000,2998
GATACGTG,0.8919721,0.8919721271595267,3,60000,2998
GATCACAC,0.8910341,0.8910340988743661,3,60000,2998
GACACCCC,0.89068365,0.8906836267678225,3,60000,2998
CATATCCT,0.8899105,0.8899105265328,3,60000,2998
AATACTAT,0.88956004,0.8895600544262565,3,60000,2998
AATACCCC,0.8892508,0.8892508143322476,3,60000,2998
TGTATGAT,0.88919926,0.8891992743165794,3,60000,2998
GATATTAG,0.8889519,0.8889518822413722,3,60000,2998
GATCACAT,0.88889,0.8888900342225705,3,60000,2998
ATGATCTC,0.8888076,0.8888075701975013,3,60000,2998
GAGATCAT,0.8888076,0.8888075701975013,3,60000,2998
GATACACG,0.8884571,0.8884570980909577,3,60000,2998
CATATCGC,0.88840556,0.8884055580752898,3,60000,2998
AATATATA,0.88766336,0.8876633818496681,3,60000,2998
TATATATT,0.88766336,0.8876633818496681,3,60000,2998
GATATTAC,0.8874881,0.8874881457963963,3,60000,2998
CATATCGA,0.88708615,0.8870861336741847,3,60000,2998
TATGACAC,0.8869212,0.8869212056240465,3,60000,2998
GATATGGT,0.8862821,0.8862821094297613,3,60000,2998
TATACCAA,0.88502455,0.8850245330474581,3,60000,2998
GGTATCCT,0.88451946,0.8845194408939101,3,60000,2998
GGGATCAG,0.8838906,0.8838906527027585,3,60000,2998
GATACAGC,0.8837876,0.8837875726714222,3,60000,2998
GAGATACG,0.88349897,0.8834989485836804,3,60000,2998
CGTATCTC,0.88349897,0.8834989485836804,3,60000,2998
ATGATCAT,0.8832722,0.8832721725147404,3,60000,2998
TAGATGAT,0.88287014,0.8828701603925287,3,60000,2998
AGTATCCA,0.88194245,0.8819424401105019,3,60000,2998
TTGATCTC,0.88193214,0.8819321321073682,3,60000,2998
GAGATCAA,0.88193214,0.8819321321073682,3,60000,2998
TATACCTC,0.8818188,0.8818187440728982,3,60000,2998
CATATCTA,0.8813858,0.8813858079412856,3,60000,2998
GTATTGAT,0.88132393,0.8813239599224838,3,60000,2998
AATAATAC,0.88075703,0.880757019750134,3,60000,2998
TGTATCGC,0.88032407,0.8803240836185214,3,60000,2998
AGTATCTT,0.8800973,0.8800973075495815,3,60000,2998
CCTATCAG,0.8798602,0.8798602234775079,3,60000,2998
TGTATCCG,0.87966436,0.8796643714179689,3,60000,2998
CAGATCAC,0.8790459,0.8790458912299509,3,60000,2998
GTGATCTG,0.8790459,0.8790458912299509,3,60000,2998
TATATAGC,0.878881,0.8788809631798128,3,60000,2998
TGGATCAG,0.87856144,0.8785614150826702,3,60000,2998
GATAGGGT,0.8768194,0.8768193625530861,3,60000,2998
TGTATCGA,0.87649983,0.8764998144559436,3,60000,2998
GATACGTC,0.8763864,0.8763864264214737,3,60000,2998
TATATTAT,0.87617,0.8761699583556674,3,60000,2998
TATACCAT,0.87605655,0.8760565703211973,3,60000,2998
GATACAAG,0.8760359,0.8760359543149302,3,60000,2998
GAGATGAT,0.8755205,0.8755205541582485,3,60000,2998
GATCAAAA,0.87549996,0.8754999381519812,3,60000,2998
TATATCGG,0.8754381,0.8754380901331794,3,60000,2998
TAGATCAG,0.87533504,0.8753350101018431,3,60000,2998
GGTATGAT,0.8750567,0.8750566940172351,3,60000,2998
AAGATCAA,0.8749536,0.8749536139858988,3,60000,2998
GGTATACC,0.874933,0.8749329979796313,3,60000,2998
GATCTCCT,0.8733971,0.87339710551272,3,60000,2998
GATATTGG,0.87249,0.8724900012369603,3,60000,2998
CATATCTT,0.87246937,0.8724693852306932,3,60000,2998
TAGATCAA,0.87239724,0.8723972292087577,3,60000,2998
GATACGAC,0.87178904,0.8717890570238733,3,60000,2998
ATACCCAC,0.8715623,0.8715622809549335,3,60000,2998
TACATGAT,0.87128395,0.8712839648703254,3,60000,2998
AATATCTA,0.87112933,0.8711293448233208,3,60000,2998
GATATTCC,0.87100565,0.8710056487857173,3,60000,2998
GATTATAC,0.8709438,0.8709438007669155,3,60000,2998
GTCATATC,0.8708098,0.8708097967261782,3,60000,2998
GATATGAC,0.8708098,0.8708097967261782,3,60000,2998
TATATTGA,0.8704387,0.8704387086133675,3,60000,2998
GATATACG,0.8703872,0.8703871685976993,3,60000,2998
AGTATCCG,0.8700882,0.8700882365068239,3,60000,2998
TATATAAT,0.8700882,0.8700882365068239,3,60000,2998
TATAAGAT,0.8694388,0.869438832309405,3,60000,2998
GGTATCCG,0.86886156,0.8688615841339216,3,60000,2998
GGTATCCC,0.8685008,0.8685008040242445,3,60000,2998
ATGATCAG,0.8684905,0.8684904960211108,3,60000,2998
TATATAAG,0.8680885,0.868088483898899,3,60000,2998
GATCTTAC,0.868006,0.8680060198738301,3,60000,2998
GATATAAC,0.8678823,0.8678823238362264,3,60000,2998
GTTATATC,0.8678823,0.8678823238362264,3,60000,2998
GATCCCTA,0.867872,0.8678720158330928,3,60000,2998
GATATAAG,0.8678617,0.8678617078299593,3,60000,2998
GATAGCTT,0.8674597,0.8674596957077475,3,60000,2998
AATATCCG,0.8674288,0.8674287716983466,3,60000,2998
GATCATAG,0.8673463,0.8673463076732776,3,60000,2998
GGTATAAA,0.8669855,0.8669855275636005,3,60000,2998
GATACAAC,0.86548054,0.86548055910609,3,60000,2998
TATAGATC,0.86542904,0.8654290190904217,3,60000,2998
ATTATCCG,0.8650167,0.8650166989650765,3,60000,2998
CACATGAT,0.86468685,0.8646868428648002,3,60000,2998
GCGATCGC,0.86459404,0.8645940708365975,3,60000,2998
TATCTAGT,0.86455286,0.8645528388240631,3,60000,2998
GATAATAT,0.8641405,0.8641405186987177,3,60000,2998
GATAGTAG,0.86342925,0.863429266482497,3,60000,2998
CATATCCC,0.8628932,0.8628932503195481,3,60000,2998
CGTATCGG,0.86241907,0.862419082175401,3,60000,2998
AGGATCAG,0.86174905,0.861749061971715,3,60000,2998
GGTATTGA,0.86131614,0.8613161258401023,3,60000,2998
TATCTTAG,0.86131614,0.8613161258401023,3,60000,2998
GATCCCTC,0.8593576,0.8593576052447119,3,60000,2998
TATAATAT,0.8591514,0.8591514451820393,3,60000,2998
GATCAATC,0.8586257,0.8586257370222241,3,60000,2998
TATCTCCA,0.8583474,0.858347420937616,3,60000,2998
AAGATCAT,0.8583268,0.8583268049313487,3,60000,2998
GATACAAT,0.85828555,0.8582855729188142,3,60000,2998
ATTATCTC,0.8578423,0.857842328784068,3,60000,2998
GAGATAAT,0.8578423,0.857842328784068,3,60000,2998
GATCCGAA,0.85682184,0.8568218364738384,3,60000,2998
ATCATCCA,0.85660535,0.856605368408032,3,60000,2998
GACACCAT,0.8560075,0.8560075042262814,3,60000,2998
TATATGAG,0.8557704,0.8557704201542078,3,60000,2998
GATATTGA,0.8557086,0.855708572135406,3,60000,2998
GATATTGT,0.8552344,0.8552344039912588,3,60000,2998
CGTATCGA,0.85469836,0.8546983878283099,3,60000,2998
GATACTAG,0.85448194,0.8544819197625036,3,60000,2998
TATATTAA,0.8543582,0.8543582237249,3,60000,2998
GATAGGGC,0.85351294,0.853512967467942,3,60000,2998
GTTATCCG,0.8534305,0.8534305034428731,3,60000,2998
GAGACGAT,0.85316247,0.8531624953613987,3,60000,2998
GATATGGC,0.85311097,0.8531109553457304,3,60000,2998
TATCTAAC,0.8530388,0.853038799323795,3,60000,2998
AATATCGT,0.8530388,0.853038799323795,3,60000,2998
GATACCGA,0.8527708,0.8527707912423205,3,60000,2998
GATAGATC,0.85242033,0.8524203191357771,3,60000,2998
GATCTATC,0.85242033,0.8524203191357771,3,60000,2998
GGGATTAT,0.8523997,0.8523997031295097,3,60000,2998
TATACTAG,0.85233784,0.8523378551107079,3,60000,2998
GTTATCCC,0.85197705,0.8519770750010307,3,60000,2998
GGGATAAC,0.85197705,0.8519770750010307,3,60000,2998
AATATATG,0.85177094,0.8517709149383581,3,60000,2998
TGTATCCC,0.85094625,0.8509462746876676,3,60000,2998
GGGATACA,0.85094625,0.8509462746876676,3,60000,2998
GGTGTCGG,0.850637,0.8506370345936586,3,60000,2998
GATCCTCC,0.85044116,0.8504411825341195,3,60000,2998
AGTATCTG,0.8504206,0.8504205665278523,3,60000,2998
GATAGGCA,0.84993607,0.8499360903805715,3,60000,2998
AATAGTAT,0.84987426,0.8498742423617697,3,60000,2998
GATCTCTG,0.8498227,0.8498227023461016,3,60000,2998
GATACACA,0.8498124,0.8498123943429678,3,60000,2998
TATATTAC,0.84912175,0.8491217581330145,3,60000,2998
GATCTGGG,0.8490187,0.8490186781016782,3,60000,2998
GTATCTAC,0.8490187,0.8490186781016782,3,60000,2998
AATACCTC,0.848627,0.8486269739826,3,60000,2998
TATATTAG,0.8484105,0.8484105059167938,3,60000,2998
GATAATAG,0.84831774,0.8483177338885911,3,60000,2998
TATCTTAC,0.8480394,0.8480394178039831,3,60000,2998
TAGATCAC,0.84771985,0.8477198697068403,3,60000,2998
GTGATCTA,0.84771985,0.8477198697068403,3,60000,2998
GATACAGA,0.8474931,0.8474930936379006,3,60000,2998
GATCCCCT,0.84721476,0.8472147775532924,3,60000,2998
GTGATCAC,0.84707046,0.8470704655094216,3,60000,2998
GATAGTGT,0.84648293,0.8464829093308044,3,60000,2998
TATATAAA,0.84619427,0.8461942852430627,3,60000,2998
CATATCTC,0.84614277,0.8461427452273945,3,60000,2998
AATACCTT,0.8445553,0.8445553127448151,3,60000,2998
ACTATCAG,0.8445347,0.8445346967385478,3,60000,2998
AGTGTCAA,0.8441842,0.8441842246320044,3,60000,2998
GATCGCCC,0.84398836,0.8439883725724653,3,60000,2998
GAGATCTC,0.84360695,0.8436069764565208,3,60000,2998
GATAGTTC,0.84348327,0.8434832804189173,3,60000,2998
AATATCCA,0.84259677,0.8425967921494248,3,60000,2998
GATAGTCT,0.8424112,0.8424112480930194,3,60000,2998
CAGATCAG,0.8421845,0.8421844720240795,3,60000,2998
TATATGGG,0.8419577,0.8419576959551396,3,60000,2998
GATATTTA,0.84185463,0.8418546159238033,3,60000,2998
TAAATATC,0.84185463,0.8418546159238033,3,60000,2998
GGTATTAC,0.8416175,0.8416175318517297,3,60000,2998
ACTATCTC,0.8415763,0.8415762998391951,3,60000,2998
GTGATCTC,0.84103,0.8410299756731127,3,60000,2998
GAGATCAC,0.84103,0.8410299756731127,3,60000,2998
CATGACAC,0.84085476,0.8408547396198409,3,60000,2998
CTTGACAC,0.8405146,0.8405145755164309,3,60000,2998
CGTATCTG,0.84048367,0.84048365150703,3,60000,2998
TATATTTA,0.8401229,0.840122871397353,3,60000,2998
TATCTTAA,0.8400507,0.8400507153754175,3,60000,2998
GTTGACAC,0.8399373,0.8399373273409475,3,60000,2998
GATAAGAT,0.83958685,0.839586855234404,3,60000,2998
TATTTAAT,0.83945286,0.8394528511936669,3,60000,2998
GATCACTC,0.83906114,0.8390611470745887,3,60000,2998
TATCGCAC,0.83864886,0.8386488269492435,3,60000,2998
GATCAGAC,0.8382159,0.8382158908176308,3,60000,2998
GATCCCAT,0.837917,0.8379169587267555,3,60000,2998
CATATCCA,0.8377211,0.8377211066672164,3,60000,2998
CGGATTAT,0.836948,0.8369480064321939,3,60000,2998
TATACTCC,0.83510286,0.8351028738712736,3,60000,2998
GATCCGAC,0.8344844,0.8344843936832557,3,60000,2998
AGTATCCC,0.83437103,0.8343710056487856,3,60000,2998
TATATTCA,0.8343195,0.8343194656331177,3,60000,2998
TATCCCAC,0.83377314,0.8337731414670351,3,60000,2998
GATCACCG,0.8334536,0.8334535933698924,3,60000,2998
TATACCGA,0.8333299,0.8333298973322888,3,60000,2998
AATATCCC,0.83305156,0.8330515812476808,3,60000,2998
TATTAGAA,0.8328248,0.8328248051787408,3,60000,2998
AAGATCAC,0.8327939,0.83279388116934,3,60000,2998
GTGATCTT,0.8327939,0.83279388116934,3,60000,2998
CGGATCTT,0.8325568,0.8325567970972663,3,60000,2998
CATATCTG,0.8324434,0.8324434090627963,3,60000,2998
GTTATACC,0.8321548,0.8321547849750547,3,60000,2998
GGTATAAC,0.8321548,0.8321547849750547,3,60000,2998
GATATTCA,0.8319383,0.8319383169092484,3,60000,2998
GATCTAGA,0.83174247,0.8317424648497094,3,60000,2998
GATAGCGT,0.8316806,0.8316806168309074,3,60000,2998
TATCTCCG,0.83166,0.8316600008246403,3,60000,2998
GATTATCC,0.8316394,0.831639384818373,3,60000,2998
AATATCTC,0.83151567,0.8315156887807694,3,60000,2998
GAGATATT,0.83151567,0.8315156887807694,3,60000,2998
GATAGCGG,0.8314229,0.8314229167525667,3,60000,2998
TAGATCCG,0.83129925,0.8312992207149631,3,60000,2998
GGGATAAT,0.8310518,0.8310518286397559,3,60000,2998
ATTATCCC,0.8310518,0.8310518286397559,3,60000,2998
AGTGTCAT,0.83078384,0.8307838205582815,3,60000,2998
GTTAATAC,0.83046424,0.8304642724611389,3,60000,2998
GTATTAAC,0.83046424,0.8304642724611389,3,60000,2998
TGTAATAT,0.8302066,0.830206572382798,3,60000,2998
TCGATCCT,0.8301653,0.8301653403702636,3,60000,2998
TGTATCCT,0.8291345,0.8291345400569001,3,60000,2998
GATAATAA,0.8290727,0.8290726920380984,3,60000,2998
GGTGTGAT,0.82878405,0.8287840679503566,3,60000,2998
ACTATCTA,0.82800066,0.8280006597122005,3,60000,2998
TATATGCC,0.82790786,0.8279078876839978,3,60000,2998
AGGATTAT,0.82754713,0.8275471075743207,3,60000,2998
ATTAACAC,0.8266297,0.8266296952954274,3,60000,2998
GATCGGTT,0.8264854,0.8264853832515565,3,60000,2998
CGTATCCA,0.82619673,0.8261967591638147,3,60000,2998
GATATGAG,0.82616585,0.8261658351544139,3,60000,2998
CGTATAAT,0.82614523,0.8261452191481466,3,60000,2998
GAGAGGAT,0.8259081,0.8259081350760731,3,60000,2998
GAAGATAC,0.82555765,0.8255576629695296,3,60000,2998
AAGATATT,0.82527936,0.8252793468849214,3,60000,2998
AATATCTT,0.82527936,0.8252793468849214,3,60000,2998
GATCTCCC,0.82518655,0.8251865748567188,3,60000,2998
CTTATCCC,0.8243207,0.8243207025934937,3,60000,2998
GATAGGAC,0.82425886,0.8242588545746918,3,60000,2998
GATCTCTT,0.8239908,0.8239908464932173,3,60000,2998
GATCAGTC,0.82387745,0.8238774584587474,3,60000,2998
AGTATAAT,0.82385683,0.82385684245248,3,60000,2998
GATCTCCG,0.82357854,0.823578526367872,3,60000,2998
GCGATCAC,0.8235476,0.8235476023584711,3,60000,2998
GTGATCGC,0.8235476,0.8235476023584711,3,60000,2998
ACTATCGC,0.82322806,0.8232280542613285,3,60000,2998
AAGATCAG,0.8223828,0.8223827980043706,3,60000,2998
GATCCCAC,0.82159936,0.8215993897662145,3,60000,2998
GATCTCAT,0.8210943,0.8210942976126664,3,60000,2998
GATATTGC,0.82108396,0.8210839896095329,3,60000,2998
GATCACAG,0.8210737,0.8210736816063993,3,60000,2998
GATGACAC,0.8210531,0.8210530656001319,3,60000,2998
GATATAAA,0.82087785,0.8208778295468602,3,60000,2998
GATCACAA,0.82063043,0.820630437471653,3,60000,2998
GACACCAC,0.82040364,0.820403661402713,3,60000,2998
GTTATATA,0.82013565,0.8201356533212387,3,60000,2998
TATATAAC,0.82013565,0.8201356533212387,3,60000,2998
TATACAAG,0.8200841,0.8200841133055704,3,60000,2998
GATAGCAA,0.8199604,0.8199604172679669,3,60000,2998
GATAGCCA,0.81989855,0.819898569249165,3,60000,2998
TATACCAC,0.81988823,0.8198882612460314,3,60000,2998
AATAATAT,0.81976455,0.8197645652084278,3,60000,2998
GATAGCTG,0.8196718,0.8196717931802251,3,60000,2998
TATCTTTG,0.8194553,0.8194553251144188,3,60000,2998
AATATCGG,0.8192904,0.8192903970642808,3,60000,2998
AATATCGC,0.81922853,0.819228549045479,3,60000,2998
GATAATCC,0.81851727,0.8185172968292582,3,60000,2998
GATAACAG,0.8184245,0.8184245248010557,3,60000,2998
CATGTGAT,0.8177442,0.8177441965942357,3,60000,2998
ACTATCCT,0.8173525,0.8173524924751576,3,60000,2998
GATATTCG,0.81690925,0.8169092483404115,3,60000,2998
AATATCCT,0.81690925,0.8169092483404115,3,60000,2998
GATCTGTA,0.81688863,0.8168886323341443,3,60000,2998
GAGAGTAT,0.8167237,0.816723704284006,3,60000,2998
GATAGGTC,0.81668246,0.8166824722714716,3,60000,2998
GACCTATC,0.81668246,0.8166824722714716,3,60000,2998
ATTATCAA,0.8164248,0.8164247721931308,3,60000,2998
GATCACGC,0.8160743,0.8160743000865872,3,60000,2998
GGATACAC,0.8159403,0.81594029604585,3,60000,2998
AATGACAC,0.8159197,0.8159196800395828,3,60000,2998
AAGATCGT,0.8157754,0.8157753679957119,3,60000,2998
ATCATCCC,0.8157032,0.8157032119737765,3,60000,2998
GCGATCCC,0.8156723,0.8156722879643755,3,60000,2998
GGGATCGC,0.8156723,0.8156722879643755,3,60000,2998
GATAGTTG,0.8156207,0.8156207479487074,3,60000,2998
GGTGTCTT,0.81471366,0.8147136436729477,3,60000,2998
GCTATCGA,0.8144353,0.8144353275883396,3,60000,2998
TATATCTG,0.81441474,0.8144147115820723,3,60000,2998
GATAGCAG,0.81424975,0.8142497835319341,3,60000,2998
GCTATCGG,0.8141673,0.8141673195068652,3,60000,2998
GATCCAAG,0.8139199,0.813919927431658,3,60000,2998
GTATCCAC,0.8137756,0.8137756153877872,3,60000,2998
GATGTATA,0.81307465,0.8130746711747001,3,60000,2998
TATCTCAG,0.81292003,0.8129200511276955,3,60000,2998
GATACGAA,0.81286854,0.8128685111120274,3,60000,2998
GGTAGATC,0.81279635,0.812796355090092,3,60000,2998
GATCTACC,0.81279635,0.812796355090092,3,60000,2998
GATAGTCC,0.81279635,0.812796355090092,3,60000,2998
AAGATCCT,0.8125387,0.812538655011751,3,60000,2998
ACTATACC,0.8123428,0.8123428029522122,3,60000,2998
GATAGGCT,0.81206447,0.8120644868676041,3,60000,2998
GATATTTT,0.81200266,0.8120026388488022,3,60000,2998
AAAATATC,0.81200266,0.8120026388488022,3,60000,2998
GCTATCCG,0.81198204,0.811982022842535,3,60000,2998
TGTATACC,0.81184804,0.8118480188017977,3,60000,2998
GGTATACA,0.81184804,0.8118480188017977,3,60000,2998
AAGATCCC,0.8117862,0.811786170782996,3,60000,2998
GGGATCTT,0.8117862,0.811786170782996,3,60000,2998
GACACCAG,0.81147695,0.811476930688987,3,60000,2998
GATAGTTT,0.8112914,0.8112913866325816,3,60000,2998
TATACCCG,0.8106935,0.8106935224508308,3,60000,2998
TATACTAC,0.81059045,0.8105904424194945,3,60000,2998
GGGATCTC,0.81049764,0.8104976703912918,3,60000,2998
GAGATCCC,0.81049764,0.8104976703912918,3,60000,2998
GGTATAAG,0.8102503,0.8102502783160846,3,60000,2998
GATCCGAG,0.8098792,0.8098791902032738,3,60000,2998
GGGATCGG,0.80876595,0.8087659258648414,3,60000,2998
GATACAAA,0.80852884,0.808528841792768,3,60000,2998
GATCTTCT,0.8080444,0.8080443656454872,3,60000,2998
GATCACCA,0.8079825,0.8079825176266854,3,60000,2998
ATAATCAT,0.8079104,0.80791036160475,3,60000,2998
GATCTTCC,0.80772483,0.8077248175483446,3,60000,2998
GGTATAGA,0.8074465,0.8074465014637364,3,60000,2998
GACACCAA,0.80742586,0.8074258854574692,3,60000,2998
TATTACCC,0.8071991,0.8071991093885292,3,60000,2998
GATATTTG,0.8070342,0.8070341813383912,3,60000,2998
TATCCTAC,0.806828,0.8068280212757184,3,60000,2998
TATTATAG,0.8065085,0.8065084731785759,3,60000,2998
CATATACG,0.806426,0.8064260091535068,3,60000,2998
GTGATCAA,0.80633324,0.8063332371253041,3,60000,2998
TTGATCAC,0.80633324,0.8063332371253041,3,60000,2998
ATCATCAA,0.80626106,0.8062610811033687,3,60000,2998
CCTATACC,0.8058591,0.8058590689811569,3,60000,2998
GGTATAGG,0.8058591,0.8058590689811569,3,60000,2998
GATCGCTA,0.8055601,0.8055601368902816,3,60000,2998
GATCGCTC,0.80553955,0.8055395208840144,3,60000,2998
GCGATGAT,0.8054055,0.8054055168432771,3,60000,2998
TAGATCGG,0.8049932,0.8049931967179318,3,60000,2998
ACTATCCC,0.80454993,0.8045499525831856,3,60000,2998
ATTGACAC,0.80441594,0.8044159485424485,3,60000,2998
TAGATCTA,0.80369437,0.803694388323094,3,60000,2998
ACGATCCC,0.8036635,0.8036634643136931,3,60000,2998
TATAACAA,0.8032305,0.8032305281820805,3,60000,2998
CCGATCGC,0.8031481,0.8031480641570116,3,60000,2998
GCGATCGG,0.8031481,0.8031480641570116,3,60000,2998
GAGATCAG,0.8026327,0.80263266400033,3,60000,2998
CTGATCTC,0.8026327,0.80263266400033,3,60000,2998
GAATATAC,0.8024883,0.8024883519564591,3,60000,2998
AAGATCTC,0.8021791,0.8021791118624501,3,60000,2998
GAGATCTT,0.8021791,0.8021791118624501,3,60000,2998
GATAATGA,0.80208635,0.8020863398342473,3,60000,2998
GATCTCGT,0.8017771,0.8017770997402383,3,60000,2998
GCGATCAT,0.8015297,0.8015297076650311,3,60000,2998
GATCTTAT,0.8011277,0.8011276955428195,3,60000,2998
GATAGCAC,0.8007875,0.8007875314394096,3,60000,2998
GAGATCCT,0.8007463,0.8007462994268751,3,60000,2998
GATCGTAA,0.8007257,0.8007256834206077,3,60000,2998
TCTATCCC,0.80031335,0.8003133632952625,3,60000,2998
CAGATCAA,0.80002475,0.8000247392075207,3,60000,2998
TTGATCTG,0.80002475,0.8000247392075207,3,60000,2998
GTGATGAT,0.7995918,0.7995918030759082,3,60000,2998
ATCATCAC,0.7995918,0.7995918030759082,3,60000,2998
CCTATCGC,0.7986022,0.7986022347750794,3,60000,2998
GATCGTAC,0.7983136,0.7983136106873376,3,60000,2998
GGTGTCTA,0.7975714,0.7975714344617161,3,60000,2998
TGTATCTG,0.7973962,0.7973961984084443,3,60000,2998
TATTCCCC,0.7972519,0.7972518863645736,3,60000,2998
TATATTTC,0.797056,0.7970560343050344,3,60000,2998
GATCTCTC,0.7970251,0.7970251102956335,3,60000,2998
GATCCCGA,0.7963139,0.7963138580794129,3,60000,2998
TATATGAC,0.79613864,0.796138622026141,3,60000,2998
CATACCCC,0.7957985,0.7957984579227312,3,60000,2998
CCTATCTC,0.7956541,0.7956541458788604,3,60000,2998
CACATATA,0.79515934,0.7951593617284459,3,60000,2998
TATATGTG,0.79515934,0.7951593617284459,3,60000,2998
TTTATCCC,0.79511815,0.7951181297159114,3,60000,2998
GGGATAAA,0.79511815,0.7951181297159114,3,60000,2998
AATACCTA,0.79510784,0.7951078217127778,3,60000,2998
AATATAAT,0.7950872,0.7950872057065106,3,60000,2998
TATATAGG,0.79461306,0.7946130375623633,3,60000,2998
AATATAAG,0.79461306,0.7946130375623633,3,60000,2998
AATATTAA,0.7936544,0.7936543932709357,3,60000,2998
TATCTCAT,0.7936028,0.7936028532552674,3,60000,2998
GGAATCAT,0.7932936,0.7932936131612585,3,60000,2998
TATTTTTG,0.79243803,0.7924380489011669,3,60000,2998
GATAGCCC,0.7924174,0.7924174328948996,3,60000,2998
GATAGGAG,0.79231435,0.7923143528635632,3,60000,2998
GATCTTTA,0.792201,0.7922009648290933,3,60000,2998
ATCATAAC,0.79201543,0.7920154207726879,3,60000,2998
TAGATAAG,0.79189175,0.7918917247350843,3,60000,2998
GATAGCTC,0.7918505,0.7918504927225497,3,60000,2998
TATATAGA,0.7917474,0.7917474126912134,3,60000,2998
CTGATCAC,0.7905105,0.7905104523151776,3,60000,2998
GTGATCAG,0.7905105,0.7905104523151776,3,60000,2998
TATAGTAG,0.790294,0.7902939842493713,3,60000,2998
TGGATCGC,0.7901703,0.7901702882117676,3,60000,2998
CATATGAT,0.78987134,0.7898713561208923,3,60000,2998
TATATTCC,0.78973734,0.789737352080155,3,60000,2998
AAAATGAT,0.78909826,0.7890982558858698,3,60000,2998
GGTATTGT,0.7890467,0.7890467158702016,3,60000,2998
TATCTCGC,0.7888921,0.7888920958231972,3,60000,2998
GATGAGAT,0.78872716,0.7887271677730591,3,60000,2998
GATCCCCA,0.788655,0.7886550117511236,3,60000,2998
GATCGCAT,0.7884798,0.7884797756978519,3,60000,2998
ATGATCAA,0.7884592,0.7884591596915844,3,60000,2998
CGTATTAA,0.7877994,0.787799447491032,3,60000,2998
CAAGTGAT,0.7877273,0.7877272914690966,3,60000,2998
GATAGCTA,0.7874387,0.7874386673813549,3,60000,2998
CATATTAT,0.78739744,0.7873974353688205,3,60000,2998
CCTATCCC,0.7873768,0.787376819362553,3,60000,2998
CCTATCCT,0.7873459,0.7873458953531521,3,60000,2998
GACACTAT,0.78703666,0.7870366552591432,3,60000,2998
GATCTAAT,0.78689235,0.7868923432152723,3,60000,2998
TGTATAAC,0.78680986,0.7868098791902033,3,60000,2998
TATACTCG,0.78673774,0.786737723168268,3,60000,2998
AGTATAAA,0.7866243,0.7866243351337979,3,60000,2998
GTTATTAT,0.78636664,0.786366635055457,3,60000,2998
GATCTCCA,0.78636664,0.786366635055457,3,60000,2998
TATACCGC,0.7858203,0.7858203108893745,3,60000,2998
GGTATTAG,0.7856038,0.7856038428235682,3,60000,2998
GATATGAA,0.78504723,0.785047210654352,3,60000,2998
CGTATGAT,0.7849441,0.7849441306230157,3,60000,2998
GATAGGTG,0.7849235,0.7849235146167485,3,60000,2998
AATACCGC,0.7848926,0.7848925906073476,3,60000,2998
TATATGTA,0.784872,0.7848719746010803,3,60000,2998
GGTATATG,0.78455245,0.7845524265039376,3,60000,2998
CATATACC,0.78455245,0.7845524265039376,3,60000,2998
GATCTGAG,0.7839958,0.7839957943347214,3,60000,2998
GATTAGAT,0.78395456,0.7839545623221869,3,60000,2998
GATAGTAC,0.78314024,0.78314023007463,3,60000,2998
GATCTCAG,0.7830887,0.7830886900589618,3,60000,2998
GATCTAAG,0.78292376,0.7829237620088237,3,60000,2998
CCAATACC,0.78254235,0.7825423658928793,3,60000,2998
AGTATTAC,0.78250116,0.7825011338803447,3,60000,2998
TATTACAC,0.78224343,0.7822434338020038,3,60000,2998
GAGATCGA,0.78203726,0.7820372737393312,3,60000,2998
GCTATAAT,0.7819136,0.7819135777017276,3,60000,2998
CATATAAT,0.7818105,0.7818104976703913,3,60000,2998
AATATCAG,0.7816868,0.7816868016327877,3,60000,2998
CATGTTGA,0.78079003,0.7807900053601616,3,60000,2998
TAGATCCT,0.77967674,0.7796767410217293,3,60000,2998
TATCCCAA,0.7795015,0.7795015049684576,3,60000,2998
GATAGGCG,0.7788418,0.7788417927679051,3,60000,2998
TAAATACC,0.77879024,0.7787902527522368,3,60000,2998
AATACACC,0.7783573,0.7783573166206242,3,60000,2998
GCGATCAA,0.77828515,0.7782851605986888,3,60000,2998
TTGATCGC,0.77828515,0.7782851605986888,3,60000,2998
TAGATCCA,0.77823365,0.7782336205830207,3,60000,2998
TATCTGAA,0.77815115,0.7781511565579516,3,60000,2998
TATTTATC,0.77815115,0.7781511565579516,3,60000,2998
CATATACA,0.7780275,0.778027460520348,3,60000,2998
TGTAATAC,0.7775327,0.7775326763699336,3,60000,2998
GATTATAA,0.77689356,0.7768935801756484,3,60000,2998
ATTATCAC,0.7768627,0.7768626561662474,3,60000,2998
GATCTGGT,0.7767802,0.7767801921411785,3,60000,2998
TGTATACT,0.77674925,0.7767492681317775,3,60000,2998
GATAACCC,0.7763988,0.776398796025234,3,60000,2998
TATTAAAG,0.7760071,0.776007091906156,3,60000,2998
GAGATCTA,0.77530617,0.7753061476930689,3,60000,2998
TAGATCTC,0.77530617,0.7753061476930689,3,60000,2998
GCTATCTT,0.7751824,0.7751824516554653,3,60000,2998
AAGATAGC,0.7751824,0.7751824516554653,3,60000,2998
GGTAATAC,0.7748732,0.7748732115614563,3,60000,2998
CAGATTAT,0.7745743,0.774574279470581,3,60000,2998
CGTATCCG,0.77351254,0.7735125551478167,3,60000,2998
AATACCAC,0.7733373,0.773337319094545,3,60000,2998
GATCTAAA,0.772925,0.7729249989691998,3,60000,2998
AAGATAAT,0.77270854,0.7727085309033933,3,60000,2998
ATTATCTT,0.77270854,0.7727085309033933,3,60000,2998
GATCCCAG,0.7726879,0.7726879148971262,3,60000,2998
GACATATA,0.7720385,0.7720385106997072,3,60000,2998
TATATGTC,0.7720385,0.7720385106997072,3,60000,2998
TATATTGG,0.7717396,0.7717395786088319,3,60000,2998
AATATGAT,0.771585,0.7715849585618273,3,60000,2998
GACACCTC,0.7715025,0.7715024945367585,3,60000,2998
GATCTAGT,0.77146125,0.7714612625242239,3,60000,2998
GATTACAT,0.7708428,0.7708427823362058,3,60000,2998
GATCCTAC,0.7706263,0.7706263142703996,3,60000,2998
GATAAGTG,0.77053356,0.7705335422421968,3,60000,2998
TAGATCGC,0.7702655,0.7702655341607224,3,60000,2998
TTTATCTC,0.7701728,0.7701727621325197,3,60000,2998
GAGATAAA,0.7701728,0.7701727621325197,3,60000,2998
AACAATAC,0.76985323,0.7698532140353771,3,60000,2998
CTTATCAA,0.7697192,0.7697192099946399,3,60000,2998
AAGATCTA,0.76963675,0.7696367459695708,3,60000,2998
AATATCTG,0.76935846,0.7693584298849627,3,60000,2998
TATTCCTC,0.7692038,0.7692038098379582,3,60000,2998
GAAATATC,0.7691626,0.7691625778254237,3,60000,2998
GATATTTC,0.7691626,0.7691625778254237,3,60000,2998
TATTTCAA,0.769008,0.7690079577784191,3,60000,2998
GATAGCAT,0.769008,0.7690079577784191,3,60000,2998
GCTATCCT,0.76899767,0.7689976497752855,3,60000,2998
AATATTAT,0.7687812,0.7687811817094792,3,60000,2998
GCTATCTA,0.76846164,0.7684616336123367,3,60000,2998
TAAAATAC,0.76823485,0.7682348575433966,3,60000,2998
TATCGCAA,0.76800805,0.7680080814744569,3,60000,2998
TATCTAGC,0.7679978,0.7679977734713231,3,60000,2998
GATCGCGG,0.7671731,0.7671731332206326,3,60000,2998
GATCGCGT,0.76642066,0.7664206489918772,3,60000,2998
GGTATACG,0.76580215,0.7658021688038593,3,60000,2998
GATCAACC,0.76577127,0.7657712447944585,3,60000,2998
GGTTGATC,0.76577127,0.7657712447944585,3,60000,2998
GCTATCCA,0.7654311,0.7654310806910486,3,60000,2998
GATAACAT,0.7654105,0.7654104646847812,3,60000,2998
GATCCCGC,0.76479197,0.7647919844967633,3,60000,2998
TATAACCC,0.76470953,0.7647095204716942,3,60000,2998
GATCTGGC,0.7646167,0.7646167484434916,3,60000,2998
GATCCCGT,0.7644415,0.7644415123902198,3,60000,2998
GATCCTAA,0.7642869,0.7642868923432152,3,60000,2998
CAATATAC,0.7642354,0.7642353523275471,3,60000,2998
GATCTGCC,0.76354474,0.7635447161175937,3,60000,2998
GATCTTGG,0.76354474,0.7635447161175937,3,60000,2998
GATAACTC,0.76243144,0.7624314517791613,3,60000,2998
AAAATATA,0.76185423,0.761854203603678,3,60000,2998
TATATTTT,0.76185423,0.761854203603678,3,60000,2998
CGTATCCC,0.7617614,0.7617614315754752,3,60000,2998
TGGATCCC,0.7613903,0.7613903434626644,3,60000,2998
GGGATCCA,0.7613903,0.7613903434626644,3,60000,2998
ATTATCAT,0.7612357,0.7612357234156599,3,60000,2998
AATAATCC,0.7610605,0.7610604873623882,3,60000,2998
GATCTCAA,0.760442,0.7604420071743702,3,60000,2998
ATTATCGC,0.76009154,0.7600915350678266,3,60000,2998
GATCTCGG,0.7597617,0.7597616789675504,3,60000,2998
GTTATCGG,0.7595452,0.7595452109017441,3,60000,2998
CCGATAAC,0.7595452,0.7595452109017441,3,60000,2998
GGTATTGC,0.75929785,0.7592978188265369,3,60000,2998
CTTATCAT,0.7583598,0.7583597905413764,3,60000,2998
AATATTCC,0.7582979,0.7582979425225747,3,60000,2998
TATACAGC,0.7577825,0.7577825423658929,3,60000,2998
CAGATCCT,0.7575764,0.7575763823032201,3,60000,2998
TATACGAA,0.75740117,0.7574011462499484,3,60000,2998
AAAAATCC,0.7572053,0.7572052941904095,3,60000,2998
TATATGAA,0.7570816,0.7570815981528058,3,60000,2998
GTTATCCT,0.75686514,0.7568651300869996,3,60000,2998
AGGATAAC,0.75686514,0.7568651300869996,3,60000,2998
ATTATTGT,0.75677234,0.7567723580587968,3,60000,2998
GATCTCTA,0.7564528,0.7564528099616542,3,60000,2998
TATAGAAA,0.75641155,0.7564115779491198,3,60000,2998
GATAGTGC,0.7563188,0.7563188059209169,3,60000,2998
GGTATAGC,0.75620544,0.756205417886447,3,60000,2998
GCTATACC,0.75620544,0.756205417886447,3,60000,2998
TATAGCCC,0.7561539,0.7561538778707789,3,60000,2998
GATCAAAT,0.7559477,0.7559477178081062,3,60000,2998
TATACCAG,0.75584465,0.7558446377767699,3,60000,2998
TTTGACAC,0.75583434,0.7558343297736362,3,60000,2998
CATAATCC,0.75574154,0.7557415577454336,3,60000,2998
GGATTAAC,0.7553499,0.7553498536263555,3,60000,2998
GATAACCG,0.75494784,0.7549478415041438,3,60000,2998
GATCCAAC,0.75472105,0.7547210654352039,3,60000,2998
TATAAGAC,0.75419533,0.7541953572753886,3,60000,2998
GGAATCAC,0.7537624,0.753762421143776,3,60000,2998
GATTGGAT,0.7537624,0.753762421143776,3,60000,2998
GTGATTCC,0.7537624,0.753762421143776,3,60000,2998
GCTATGAT,0.7530821,0.7530820929369563,3,60000,2998
TCAATGAC,0.75276256,0.7527625448398136,3,60000,2998
GATTAAAT,0.7527316,0.7527316208304128,3,60000,2998
GGTATGTA,0.75259763,0.7525976167896755,3,60000,2998
GCGACACC,0.7525564,0.7525563847771409,3,60000,2998
GGTGTCGC,0.7525564,0.7525563847771409,3,60000,2998
TATCTGAC,0.75251514,0.7525151527646065,3,60000,2998
GATCTCAC,0.7525048,0.7525048447614728,3,60000,2998
GATTTGAT,0.75174206,0.7517420525295839,3,60000,2998
GCAATATA,0.75162864,0.751628664495114,3,60000,2998
TATATTGC,0.75162864,0.751628664495114,3,60000,2998
GATCAGGC,0.751237,0.751236960376036,3,60000,2998
AACTATAC,0.75112355,0.751123572341566,3,60000,2998
GATCGCAC,0.7508659,0.7508658722632252,3,60000,2998
GATGTATT,0.7507834,0.7507834082381561,3,60000,2998
GCTATCGC,0.7507628,0.7507627922318889,3,60000,2998
GATAACTG,0.7507525,0.7507524842287552,3,60000,2998
AATATCGA,0.7505257,0.7505257081598152,3,60000,2998
GATCTTAG,0.750134,0.7501340040407373,3,60000,2998
TAGACCCC,0.7498351,0.7498350719498619,3,60000,2998
GATCGCAG,0.74967015,0.7496701438997238,3,60000,2998
GATAGCGA,0.74954647,0.7495464478621201,3,60000,2998
AAGAATAC,0.74944335,0.7494433678307838,3,60000,2998
TATTTTAA,0.74887645,0.7488764276584341,3,60000,2998
CATATTGA,0.74864966,0.7486496515894941,3,60000,2998
CGTATAAC,0.74835074,0.7483507194986188,3,60000,2998
GGTGTAAC,0.74814457,0.748144559435946,3,60000,2998
CAGATAGA,0.74789715,0.747897167360739,3,60000,2998
TCTATCTG,0.74789715,0.747897167360739,3,60000,2998
GATCTTTG,0.7468355,0.7468354430379748,3,60000,2998
CGGATCTC,0.74682516,0.746825135034841,3,60000,2998
GAGATCCG,0.74682516,0.746825135034841,3,60000,2998
GATGATAA,0.7465468,0.746546818950233,3,60000,2998
TATACCGT,0.74636126,0.7463612748938276,3,60000,2998
GATAGAGT,0.74634063,0.7463406588875603,3,60000,2998
GGCATGAT,0.7457325,0.7457324867026759,3,60000,2998
TATACAAA,0.7449491,0.74494907846452,3,60000,2998
GATAGTAA,0.7449285,0.7449284624582526,3,60000,2998
TGTATAGC,0.74491817,0.7449181544551189,3,60000,2998
AGTATAAC,0.7448769,0.7448769224425845,3,60000,2998
GGGATCTA,0.74335134,0.7433513379788068,3,60000,2998
TAGATCCC,0.74335134,0.7433513379788068,3,60000,2998
CCTATAAC,0.742671,0.742671009771987,3,60000,2998
TATACAAC,0.74116606,0.7411660413144766,3,60000,2998
GTTGTATA,0.74116606,0.7411660413144766,3,60000,2998
TTTATTAT,0.74106294,0.7410629612831402,3,60000,2998
GATCCCAA,0.74086714,0.7408671092236012,3,60000,2998
TATGAGAC,0.7406713,0.7406712571640621,3,60000,2998
TATAGCAA,0.7405991,0.7405991011421267,3,60000,2998
GTTATCTT,0.74055785,0.7405578691295922,3,60000,2998
GATCGGAA,0.7404754,0.7404754051045233,3,60000,2998
TGTATAAA,0.74014556,0.7401455490042469,3,60000,2998
GATCAGAA,0.74004245,0.7400424689729105,3,60000,2998
ATACTTAC,0.73996,0.7399600049478415,3,60000,2998
CATATAAG,0.7394446,0.7394446047911598,3,60000,2998
GTAAACAA,0.7393415,0.7393415247598235,3,60000,2998
GATAAGTA,0.73857874,0.7385787325279347,3,60000,2998
ACTATCTT,0.7378984,0.7378984043211149,3,60000,2998
GATCTTGC,0.73746544,0.7374654681895023,3,60000,2998
GGTTTAAA,0.7373727,0.7373726961612996,3,60000,2998
TATAAAAG,0.7373521,0.7373520801550323,3,60000,2998
GATAACTA,0.73697066,0.7369706840390879,3,60000,2998
ACTATCTG,0.73666143,0.7366614439450789,3,60000,2998
TATAAACT,0.7365893,0.7365892879231435,3,60000,2998
GATCTTCG,0.7364965,0.7364965158949408,3,60000,2998
AATAACAT,0.7364862,0.7364862078918072,3,60000,2998
GATAACAA,0.7363522,0.73635220385107,3,60000,2998
GAGATAGC,0.7354863,0.7354863315878448,3,60000,2998
GCTATCTC,0.7354863,0.7354863315878448,3,60000,2998
TAGATGAC,0.73506373,0.7350637034593658,3,60000,2998
GATAAGAG,0.73490906,0.7349090834123614,3,60000,2998
GTTATCAT,0.7348163,0.7348163113841587,3,60000,2998
AATCCCAT,0.7347957,0.7347956953778915,3,60000,2998
AATAATAG,0.7342906,0.7342906032243435,3,60000,2998
CAGATCGC,0.73404324,0.7340432111491362,3,60000,2998
ATAATCAG,0.73382676,0.7338267430833298,3,60000,2998
TATTTAAG,0.7337958,0.733795819073929,3,60000,2998
TAGATAAC,0.7336515,0.7336515070300581,3,60000,2998
GTTATCTA,0.7336515,0.7336515070300581,3,60000,2998
GGTCTCAT,0.73352784,0.7335278109924546,3,60000,2998
ATTATCAG,0.73346597,0.7334659629736527,3,60000,2998
GAGATCCA,0.73345566,0.7334556549705192,3,60000,2998
TGGATCTC,0.73345566,0.7334556549705192,3,60000,2998
TAGATCGT,0.73332167,0.7333216509297819,3,60000,2998
GATAACCT,0.73291963,0.7329196388075702,3,60000,2998
GACACCGC,0.7323836,0.7323836226446213,3,60000,2998
CATAAACC,0.7323218,0.7323217746258195,3,60000,2998
CGGATTAC,0.7320744,0.7320743825506123,3,60000,2998
GACACTCC,0.7320228,0.7320228425349442,3,60000,2998
CGTATTAC,0.7319404,0.731940378509875,3,60000,2998
CATAATAC,0.73191977,0.7319197625036078,3,60000,2998
AATATGGG,0.73166203,0.731662062425267,3,60000,2998
TACTTCTC,0.73161054,0.7316105224095988,3,60000,2998
GAGATCTG,0.7305282,0.7305281820805674,3,60000,2998
CAGATCTC,0.7305282,0.7305281820805674,3,60000,2998
GATCTTAA,0.73045605,0.7304560260586319,3,60000,2998
TATCTCGT,0.73036325,0.7303632540304292,3,60000,2998
GATAATTC,0.72985816,0.7298581618768811,3,60000,2998
CCTATTGA,0.7290335,0.7290335216261905,3,60000,2998
TATAGCCT,0.72816765,0.7281676493629654,3,60000,2998
GATCTTTC,0.7278584,0.7278584092689564,3,60000,2998
GATAAAAA,0.7275801,0.7275800931843484,3,60000,2998
CTTATCAG,0.72706467,0.7270646930276666,3,60000,2998
TCTATCAA,0.7270132,0.7270131530119985,3,60000,2998
AATACCAT,0.7267451,0.7267451449305241,3,60000,2998
TAGCTGAT,0.72669363,0.7266936049148558,3,60000,2998
GTAAATAA,0.72632253,0.7263225168020452,3,60000,2998
TACACAAT,0.7262916,0.7262915927926443,3,60000,2998
GTTCTTAT,0.7261267,0.7261266647425061,3,60000,2998
GATAGTCG,0.7255494,0.7255494165670227,3,60000,2998
ATTATTAC,0.7252608,0.7252607924792809,3,60000,2998
GATCTGAA,0.7251989,0.7251989444604792,3,60000,2998
CAAATGAT,0.7247763,0.7247763163320001,3,60000,2998
TCTATAAG,0.7241475,0.7241475281408485,3,60000,2998
TATAATAA,0.7240032,0.7240032160969776,3,60000,2998
TATTTTGG,0.7240032,0.7240032160969776,3,60000,2998
GGTTTCAT,0.7235806,0.7235805879684988,3,60000,2998
GTCATGAT,0.7233435,0.7233435038964252,3,60000,2998
ATCATGAC,0.7233435,0.7233435038964252,3,60000,2998
CATCTATC,0.72317857,0.7231785758462871,3,60000,2998
TACCTCAT,0.722993,0.7229930317898816,3,60000,2998
TAGATTAT,0.7228178,0.7228177957366099,3,60000,2998
GCGATCGA,0.7227766,0.7227765637240754,3,60000,2998
ATTATCTG,0.7225395,0.7225394796520018,3,60000,2998
ACGATCAC,0.7223127,0.7223127035830619,3,60000,2998
GTGATCGT,0.7223127,0.7223127035830619,3,60000,2998
GATCGAAT,0.7222509,0.7222508555642602,3,60000,2998
CATATAAC,0.7215293,0.7215292953449057,3,60000,2998
GATCAAAC,0.7215087,0.7215086793386385,3,60000,2998
TATAGCTG,0.72105515,0.7210551272007586,3,60000,2998
GATAAGCA,0.71955013,0.7195501587432483,3,60000,2998
GACATGAT,0.71912754,0.7191275306147693,3,60000,2998
TAGATAAT,0.7191172,0.7191172226116357,3,60000,2998
TATAGTAC,0.7190966,0.7190966066053684,3,60000,2998
GATAGACA,0.719076,0.7190759905991011,3,60000,2998
TATAGAAC,0.71876675,0.7187667505050921,3,60000,2998
TAAATAGC,0.71855026,0.7185502824392859,3,60000,2998
GCTATTTA,0.71855026,0.7185502824392859,3,60000,2998
GATAACAC,0.71853995,0.7185399744361523,3,60000,2998
TATGTAAT,0.71833384,0.7183338143734795,3,60000,2998
AATATAAA,0.7181689,0.7181688863233414,3,60000,2998
TATAACGA,0.7181586,0.7181585783202078,3,60000,2998
TATTTGAG,0.71809673,0.7180967303014061,3,60000,2998
GACAGGAT,0.7175607,0.7175607141384571,3,60000,2998
CATCTTAT,0.7173236,0.7173236300663836,3,60000,2998
GGTAGTAT,0.7173236,0.7173236300663836,3,60000,2998
GGCATCAT,0.71722054,0.7172205500350473,3,60000,2998
TTTATCTT,0.7169732,0.7169731579598401,3,60000,2998
GCTATACG,0.7166433,0.7166433018595638,3,60000,2998
AATATAGC,0.716633,0.7166329938564301,3,60000,2998
AGTGTCAC,0.7164578,0.7164577578031583,3,60000,2998
TGGATAAT,0.71488065,0.7148806333237125,3,60000,2998
ATTATCCA,0.71488065,0.7148806333237125,3,60000,2998
GGGATAGC,0.7148188,0.7148187853049107,3,60000,2998
GCTATCCC,0.7148188,0.7148187853049107,3,60000,2998
ATAATCTC,0.7147054,0.7147053972704408,3,60000,2998
GAGATTAT,0.7147054,0.7147053972704408,3,60000,2998
GATAATCA,0.7144168,0.714416773182699,3,60000,2998
TATAACAC,0.7135509,0.7135509009194739,3,60000,2998
GGTATGAG,0.71311796,0.7131179647878614,3,60000,2998
GATAGGCC,0.71309733,0.713097348781594,3,60000,2998
TATAAAAT,0.7130664,0.7130664247721931,3,60000,2998
GAGCTGAT,0.71281904,0.712819032696986,3,60000,2998
GGGGTCAA,0.71231395,0.712313940543438,3,60000,2998
TATAGTAA,0.71222115,0.7122211685152352,3,60000,2998
AATATGCT,0.7121387,0.7121387044901663,3,60000,2998
TATTTGAA,0.71171606,0.7117160763616872,3,60000,2998
TATATTGT,0.7114893,0.7114893002927473,3,60000,2998
AATCCCTT,0.71142745,0.7114274522739454,3,60000,2998
CAAATATG,0.7112625,0.7112625242238074,3,60000,2998
CATATTTG,0.7112625,0.7112625242238074,3,60000,2998
GACTTGAT,0.71114916,0.7111491361893374,3,60000,2998
GAGATTAG,0.71114916,0.7111491361893374,3,60000,2998
AATATGAC,0.7109327,0.7109326681235312,3,60000,2998
AACGACAC,0.7104997,0.7104997319919186,3,60000,2998
GCTATTAT,0.7097163,0.7097163237537624,3,60000,2998
CTTATCAC,0.7096957,0.7096957077474952,3,60000,2998
GAGATCGT,0.70951015,0.7095101636910898,3,60000,2998
TAGATTAC,0.709304,0.7093040036284172,3,60000,2998
GTAATCTA,0.709304,0.7093040036284172,3,60000,2998
GATGGGAT,0.7092937,0.7092936956252834,3,60000,2998
TATGTAAA,0.7089226,0.7089226075124727,3,60000,2998
GATGACCC,0.70870614,0.7087061394466664,3,60000,2998
TTAATCAC,0.7085206,0.708520595390261,3,60000,2998
TCTATAAC,0.7084484,0.7084484393683256,3,60000,2998
TTGATCAA,0.70827323,0.7082732033150538,3,60000,2998
CTGATCGC,0.70812887,0.708128891271183,3,60000,2998
GCGATCAG,0.70812887,0.708128891271183,3,60000,2998
AATAACAC,0.70790213,0.707902115202243,3,60000,2998
AATCCAAC,0.7078506,0.7078505751865748,3,60000,2998
GATCCAGC,0.707799,0.7077990351709067,3,60000,2998
CATACCTT,0.7077475,0.7077474951552385,3,60000,2998
CATATTAC,0.7073558,0.7073557910361605,3,60000,2998
AATACCAA,0.70731455,0.7073145590236259,3,60000,2998
CATATGAC,0.70652086,0.7065208427823362,3,60000,2998
GGTCATAT,0.7062425,0.7062425266977281,3,60000,2998
GGATCCAC,0.70614976,0.7061497546695253,3,60000,2998
GATAACGA,0.706057,0.7060569826413228,3,60000,2998
TATATGGC,0.7059539,0.7059539026099865,3,60000,2998
GCCATATA,0.7059539,0.7059539026099865,3,60000,2998
CATCTAAG,0.7058302,0.7058302065723828,3,60000,2998
TATAAAAC,0.7057374,0.7057374345441801,3,60000,2998
TATAACCT,0.7050262,0.7050261823279594,3,60000,2998
TATCTTGC,0.70483035,0.7048303302684205,3,60000,2998
GATCGGAC,0.70417064,0.704170618067868,3,60000,2998
AATACCAG,0.7040572,0.7040572300333979,3,60000,2998
TATAATTC,0.7040366,0.7040366140271307,3,60000,2998
TAGACAAT,0.7037686,0.7037686059456563,3,60000,2998
GGTATGAA,0.7037583,0.7037582979425226,3,60000,2998
GATAAGAA,0.70313984,0.7031398177545046,3,60000,2998
GTTATCGT,0.703078,0.7030779697357028,3,60000,2998
GCTATCTG,0.7027275,0.7027274976291592,3,60000,2998
GATCGCGC,0.7022224,0.7022224054756112,3,60000,2998
GATAAAAT,0.7022224,0.7022224054756112,3,60000,2998
TATAAATG,0.70201623,0.7020162454129386,3,60000,2998
TCTATCAG,0.70166576,0.7016657733063951,3,60000,2998
AATTATAC,0.70161426,0.7016142332907269,3,60000,2998
CATACGGT,0.70129466,0.7012946851935843,3,60000,2998
AATACTAC,0.7009442,0.7009442130870407,3,60000,2998
CAGATAAC,0.7006556,0.700655588999299,3,60000,2998
GTTATCTG,0.7006556,0.700655588999299,3,60000,2998
CAGATCCC,0.7000062,0.7000061848018801,3,60000,2998
GGGATCTG,0.7000062,0.7000061848018801,3,60000,2998
GTGATATC,0.9942172,0.9942172102420319,4,80000,3997
GATATCAC,0.9942172,0.9942172102420319,4,80000,3997
GTGATACC,0.993908,0.9939079701480229,4,80000,3997
TTGATATC,0.99350595,0.9935059580258113,4,80000,3997
TTGATACC,0.99298024,0.992980249865996,4,80000,3997
GATACCCC,0.99091864,0.9909186492392694,4,80000,3997
GGGGTATC,0.99091864,0.9909186492392694,4,80000,3997
ATGATACC,0.989692,0.989691996866367,4,80000,3997
GTATCACC,0.98835194,0.9883519564589948,4,80000,3997
GTATCATC,0.9861873,0.9861872758009319,4,80000,3997
ATGATATG,0.9850946,0.9850946274687667,4,80000,3997
ATGATACG,0.9847338,0.9847338473590896,4,80000,3997
GGGATATC,0.9840638,0.9840638271554035,4,80000,3997
TTGATACG,0.9825898,0.982589782707294,4,80000,3997
ACGATATC,0.9820228,0.9820228425349441,4,80000,3997
AGGGTATC,0.98124975,0.9812497422999216,4,80000,3997
ATGATACT,0.98043543,0.9804354100523647,4,80000,3997
TAGGTATC,0.97972417,0.979724157836144,4,80000,3997
ATGATATC,0.9794561,0.9794561497546695,4,80000,3997
TTGATACT,0.9781986,0.9781985733723663,4,80000,3997
GATATCGC,0.9771575,0.9771574650558693,4,80000,3997
GCGATATC,0.9771575,0.9771574650558693,4,80000,3997
ATGATACA,0.97611636,0.9761163567393725,4,80000,3997
AGGATATC,0.9755082,0.9755081845544881,4,80000,3997
GTGATACG,0.97516805,0.9751680204510782,4,80000,3997
CTGATATC,0.9750546,0.9750546324166083,4,80000,3997
CGGATATC,0.9737352,0.9737352080155032,4,80000,3997
GTATGATA,0.9734363,0.9734362759246279,4,80000,3997
AAGATATC,0.9732095,0.9732094998556878,4,80000,3997
GATATATA,0.9730446,0.9730445718055498,4,80000,3997
TATATATC,0.9730446,0.9730445718055498,4,80000,3997
TAGATATC,0.9729827,0.9729827237867481,4,80000,3997
GATATATC,0.97251886,0.9725188636457345,4,80000,3997
ATGATAGC,0.9723333,0.9723333195893292,4,80000,3997
GTGATACA,0.97146744,0.9714674473261039,4,80000,3997
AAGGTATC,0.9706634,0.9706634230816805,4,80000,3997
TTGATATG,0.970045,0.9700449428936627,4,80000,3997
ATCATATC,0.97002435,0.9700243268873954,4,80000,3997
GTGATACT,0.969478,0.9694780027213128,4,80000,3997
CAGATATC,0.968272,0.9682719663546778,4,80000,3997
GGTGTATC,0.9676947,0.9676947181791943,4,80000,3997
GATATACC,0.9673236,0.9673236300663836,4,80000,3997
GGTATATC,0.9673236,0.9673236300663836,4,80000,3997
ATATCATC,0.967035,0.9670350059786418,4,80000,3997
CTGATACT,0.9653548,0.9653548014678596,4,80000,3997
CGGGTATC,0.96530324,0.9653032614521916,4,80000,3997
GAGATATC,0.96503526,0.9650352533707169,4,80000,3997
GATATCTC,0.96503526,0.9650352533707169,4,80000,3997
TTGATACA,0.9631695,0.9631695048035296,4,80000,3997
TGGATATC,0.96232426,0.9623242485465716,4,80000,3997
GATATCCA,0.96232426,0.9623242485465716,4,80000,3997
TAGATACC,0.962149,0.9621490124932999,4,80000,3997
GTGATATA,0.9619738,0.961973776440028,4,80000,3997
ATGACACC,0.96127284,0.961272832226941,4,80000,3997
CTGATATG,0.9595514,0.9595513957036242,4,80000,3997
CAGGTATC,0.9586752,0.9586752154372655,4,80000,3997
ACGATACC,0.95775783,0.9577578031583722,4,80000,3997
CGGATCAT,0.9577166,0.9577165711458376,4,80000,3997
GTGATATG,0.9574898,0.9574897950768977,4,80000,3997
ATGATATA,0.9571909,0.9571908629860224,4,80000,3997
GGGGTATA,0.9564074,0.9564074547478661,4,80000,3997
TTGACACC,0.9545623,0.9545623221869459,4,80000,3997
GAGGTATC,0.9544386,0.9544386261493425,4,80000,3997
TCGATACC,0.95415,0.9541500020616006,4,80000,3997
CTGATACC,0.9533975,0.9533975178328454,4,80000,3997
GGGGGATC,0.95283055,0.9528305776604957,4,80000,3997
CCGATATC,0.95283055,0.9528305776604957,4,80000,3997
GATACATA,0.95255226,0.9525522615758876,4,80000,3997
CCCATATC,0.9523461,0.9523461015132149,4,80000,3997
GTGTGATA,0.9519956,0.9519956294066714,4,80000,3997
ATGATCCC,0.9514184,0.9514183812311879,4,80000,3997
GCGATACC,0.9493362,0.9493361645981941,4,80000,3997
TATATATA,0.9487692,0.9487692244258442,4,80000,3997
GGGATATA,0.94857335,0.9485733723663052,4,80000,3997
GGCATATC,0.9485527,0.9485527563600379,4,80000,3997
GAGTGATA,0.9481817,0.9481816682472273,4,80000,3997
AGTGTATC,0.9470581,0.9470580959056611,4,80000,3997
GTATCGTC,0.9469138,0.9469137838617903,4,80000,3997
ATGATAGG,0.9467076,0.9467076237991177,4,80000,3997
ATAGTATC,0.946151,0.9461509916299015,4,80000,3997
ATGGTATC,0.9456356,0.9456355914732198,4,80000,3997
GTGATATT,0.94530576,0.9453057353729436,4,80000,3997
CTGATATA,0.94520265,0.9452026553416072,4,80000,3997
TACATATC,0.94469756,0.9446975631880592,4,80000,3997
GATATGTA,0.94469756,0.9446975631880592,4,80000,3997
TGGGTATC,0.9444502,0.944450171112852,4,80000,3997
ACGATATG,0.94313073,0.9431307467117469,4,80000,3997
CCGATACC,0.9428421,0.9428421226240052,4,80000,3997
ATCATATA,0.9412856,0.9412856141508267,4,80000,3997
TCGATATA,0.94096607,0.940966066053684,4,80000,3997
GTAGTATC,0.9406156,0.9406155939471406,4,80000,3997
GTGATCCG,0.94041973,0.9404197418876016,4,80000,3997
CTGATACA,0.9403888,0.9403888178782007,4,80000,3997
GGGATCAC,0.9401311,0.9401311177998598,4,80000,3997
GTGATCCC,0.9401311,0.9401311177998598,4,80000,3997
TCGATATC,0.94004864,0.9400486537747907,4,80000,3997
AGGATCAC,0.9393477,0.9393477095617037,4,80000,3997
AGTATATC,0.9377706,0.937770585082258,4,80000,3997
GAGATATA,0.9376984,0.9376984290603225,4,80000,3997
GGGAGATA,0.93744075,0.9374407289819816,4,80000,3997
GTATCGTT,0.93728614,0.9372861089349771,4,80000,3997
ACCGTATC,0.935977,0.9359769925370057,4,80000,3997
GGAGTATC,0.93565744,0.9356574444398631,4,80000,3997
GTGATAGC,0.93396693,0.9339669319259473,4,80000,3997
GCTATCAC,0.93396693,0.9339669319259473,4,80000,3997
TTGATATA,0.933668,0.933667999835072,4,80000,3997
ATAATACC,0.9329258,0.9329258236094504,4,80000,3997
CATATATA,0.9319775,0.9319774873211562,4,80000,3997
GATCGATA,0.9319775,0.9319774873211562,4,80000,3997
TAGATATA,0.93192595,0.931925947305488,4,80000,3997
ATTATATC,0.9310807,0.9310806910485301,4,80000,3997
ACGGTATC,0.93062717,0.9306271389106502,4,80000,3997
ATACTATA,0.9304519,0.9304519028573784,4,80000,3997
GGTATATA,0.9296994,0.9296994186286234,4,80000,3997
GATATAGG,0.92959636,0.929596338597287,4,80000,3997
CCTATATC,0.92959636,0.929596338597287,4,80000,3997
ATCGTATC,0.9294726,0.9294726425596833,4,80000,3997
GACATATC,0.9292562,0.9292561744938771,4,80000,3997
GATATGTC,0.9292562,0.9292561744938771,4,80000,3997
GATACATC,0.92898816,0.9289881664124026,4,80000,3997
GATGTATC,0.92898816,0.9289881664124026,4,80000,3997
CTGATACG,0.92832845,0.9283284542118501,4,80000,3997
GCGATATA,0.92818415,0.9281841421679792,4,80000,3997
AAGATACC,0.92685443,0.9268544097637406,4,80000,3997
GGTATCTT,0.92685443,0.9268544097637406,4,80000,3997
GAAGTATC,0.9264318,0.9264317816352615,4,80000,3997
TTGATAGC,0.92576176,0.9257617614315755,4,80000,3997
GATATATG,0.9251948,0.9251948212592257,4,80000,3997
CATATATC,0.9251948,0.9251948212592257,4,80000,3997
GCGATACT,0.9248959,0.9248958891683503,4,80000,3997
GGATTATA,0.9247,0.9247000371088113,4,80000,3997
TCTATATC,0.9246073,0.9246072650806086,4,80000,3997
CACATATC,0.9244011,0.9244011050179359,4,80000,3997
TCCATATC,0.92398876,0.9239887848925906,4,80000,3997
CTGACACC,0.9239476,0.923947552880056,4,80000,3997
TATCTATC,0.9238135,0.9238135488393188,4,80000,3997
CAAGTATC,0.9232157,0.9232156846575681,4,80000,3997
ATGATATT,0.9232157,0.9232156846575681,4,80000,3997
ATCTGATC,0.9227312,0.9227312085102873,4,80000,3997
GTATTATA,0.9227106,0.9227105925040202,4,80000,3997
ATCAGATA,0.92222613,0.9222261163567395,4,80000,3997
CCGGTATC,0.92216426,0.9221642683379376,4,80000,3997
ACTATATC,0.92187566,0.921875644250196,4,80000,3997
GATATAGT,0.92187566,0.921875644250196,4,80000,3997
ATGATAGT,0.9216901,0.9216901001937905,4,80000,3997
AGCATATC,0.92107165,0.9210716200057726,4,80000,3997
CTGGTATC,0.9206593,0.9206592998804272,4,80000,3997
GGCGTATC,0.92045313,0.9204531398177546,4,80000,3997
GTGATAGG,0.92004085,0.9200408196924091,4,80000,3997
GATATAGC,0.9194223,0.9194223395043912,4,80000,3997
GCTATATC,0.9194223,0.9194223395043912,4,80000,3997
CGCATATC,0.91811323,0.9181132231064197,4,80000,3997
GCGGTATC,0.9176391,0.9176390549622727,4,80000,3997
GTGGTATC,0.91761845,0.9176184389560055,4,80000,3997
CGGATATA,0.91751534,0.9175153589246692,4,80000,3997
ATGATCTA,0.9150827,0.9150826701851317,4,80000,3997
AGGGTGTC,0.91496927,0.9149692821506618,4,80000,3997
ATCAGATC,0.91481465,0.9148146621036574,4,80000,3997
GGGATCAA,0.9142271,0.9142271059250402,4,80000,3997
TTGATCCC,0.9142271,0.9142271059250402,4,80000,3997
CTGTGATA,0.9134437,0.9134436976868842,4,80000,3997
GTGACACC,0.9134334,0.9134333896837504,4,80000,3997
ATACTATC,0.9121449,0.9121448892920463,4,80000,3997
TAGATACT,0.91172224,0.9117222611635674,4,80000,3997
GATATACA,0.91143364,0.9114336370758257,4,80000,3997
GTATTATC,0.91143364,0.9114336370758257,4,80000,3997
TGTATATC,0.91143364,0.9114336370758257,4,80000,3997
TTGATAGG,0.9102379,0.9102379087123244,4,80000,3997
AAGTGATC,0.9092793,0.9092792644208963,4,80000,3997
GATATATT,0.90914524,0.9091452603801592,4,80000,3997
AATATATC,0.90914524,0.9091452603801592,4,80000,3997
GTGATAGT,0.9081866,0.9081866160887313,4,80000,3997
GTGAGATA,0.9081763,0.9081763080855977,4,80000,3997
CCGATATG,0.90720737,0.9072073557910362,4,80000,3997
AATGTATC,0.90645486,0.906454871562281,4,80000,3997
CAGATACC,0.90591884,0.905918855399332,4,80000,3997
GGTATCTG,0.90591884,0.905918855399332,4,80000,3997
TTGATAGT,0.90591884,0.905918855399332,4,80000,3997
TCCGTATC,0.9055787,0.9055786912959222,4,80000,3997
TTGATATT,0.90556836,0.9055683832927885,4,80000,3997
ATCCTATC,0.90536225,0.9053622232301158,4,80000,3997
GCGTGATA,0.9045994,0.904599430998227,4,80000,3997
CGGCTATC,0.9045067,0.9045066589700244,4,80000,3997
TGCATATC,0.9039294,0.9039294107945408,4,80000,3997
GAGAGATA,0.9031048,0.9031047705438503,4,80000,3997
ATGATCCT,0.9030532,0.9030532305281821,4,80000,3997
TGGATATA,0.9024554,0.9024553663464314,4,80000,3997
ATGATCAC,0.90241414,0.902414134333897,4,80000,3997
GTGATCAT,0.90241414,0.902414134333897,4,80000,3997
ATTATACC,0.9022595,0.9022595142868923,4,80000,3997
GGTATAAT,0.9022595,0.9022595142868923,4,80000,3997
TTAGTATC,0.9022286,0.9022285902774915,4,80000,3997
AACATATC,0.9020018,0.9020018142085515,4,80000,3997
TCTATATT,0.9019503,0.9019502741928833,4,80000,3997
GCCGTATC,0.90131116,0.9013111779985981,4,80000,3997
ATTGGATC,0.9010535,0.9010534779202574,4,80000,3997
TTGAGATA,0.90065145,0.9006514657980456,4,80000,3997
GAGATACC,0.9001773,0.9001772976538985,4,80000,3997
GGTATCTC,0.9001773,0.9001772976538985,4,80000,3997
AAGATATA,0.899899,0.8998989815692905,4,80000,3997
CCGATACA,0.89948666,0.8994866614439451,4,80000,3997
AGGATATA,0.8994454,0.8994454294314106,4,80000,3997
TTGATCCA,0.8986105,0.8986104811775862,4,80000,3997
TTAATATC,0.8984146,0.8984146291180473,4,80000,3997
ATGATCTG,0.8980435,0.8980435410052365,4,80000,3997
CAGTGATC,0.8977343,0.8977343009112275,4,80000,3997
TTGGTATC,0.8976209,0.8976209128767576,4,80000,3997
CCGATCAC,0.8976209,0.8976209128767576,4,80000,3997
GTGATCGG,0.8976209,0.8976209128767576,4,80000,3997
CGTATATA,0.8974766,0.8974766008328866,4,80000,3997
CGAGTATC,0.8971674,0.8971673607388777,4,80000,3997
ATCGTATA,0.89677566,0.8967756566197996,4,80000,3997
GAGATACA,0.8964149,0.8964148765101225,4,80000,3997
ACGATATA,0.8963427,0.8963427204881871,4,80000,3997
GGGTGATC,0.8962809,0.8962808724693851,4,80000,3997
GGTATATT,0.89603347,0.896033480394178,4,80000,3997
GTGATCCA,0.89574486,0.8957448563064363,4,80000,3997
CGGATATG,0.8956315,0.8956314682719664,4,80000,3997
GCAGTATC,0.8951882,0.8951882241372201,4,80000,3997
CTGATAGC,0.895013,0.8950129880839484,4,80000,3997
AGGCTATC,0.89483774,0.8948377520306766,4,80000,3997
ATCGGATC,0.8946625,0.8946625159774049,4,80000,3997
ATAATATC,0.89419866,0.8941986558363915,4,80000,3997
GTATGATC,0.8940234,0.8940234197831196,4,80000,3997
GCGATACG,0.8940234,0.8940234197831196,4,80000,3997
ATCCTATA,0.8934256,0.8934255556013689,4,80000,3997
GAGATACT,0.89242566,0.8924256792974065,4,80000,3997
AGTATCTC,0.89242566,0.8924256792974065,4,80000,3997
GTGTGATC,0.8910341,0.8910340988743661,4,80000,3997
GGGGTGTC,0.89068365,0.8906836267678225,4,80000,3997
AGGATATG,0.8899105,0.8899105265328,4,80000,3997
ATAGTATT,0.88956004,0.8895600544262565,4,80000,3997
GGGGTATT,0.8892508,0.8892508143322476,4,80000,3997
GATATTAG,0.8889519,0.8889518822413722,4,80000,3997
CTAATATC,0.8889519,0.8889518822413722,4,80000,3997
ATGTGATC,0.88889,0.8888900342225705,4,80000,3997
GAGATCAT,0.8888076,0.8888075701975013,4,80000,3997
ATGATCTC,0.8888076,0.8888075701975013,4,80000,3997
GCGATATG,0.88840556,0.8884055580752898,4,80000,3997
ATCATCGA,0.88786954,0.8878695419123408,4,80000,3997
AATATATA,0.88766336,0.8876633818496681,4,80000,3997
GTAATATC,0.8874881,0.8874881457963963,4,80000,3997
GTGTCATA,0.8869212,0.8869212056240465,4,80000,3997
ACCATATC,0.8862821,0.8862821094297613,4,80000,3997
ATAGTATA,0.8855606,0.8855605492104069,4,80000,3997
TTGGTATA,0.88502455,0.8850245330474581,4,80000,3997
AGGATACC,0.88451946,0.8845194408939101,4,80000,3997
CTGATCCC,0.8838906,0.8838906527027585,4,80000,3997
GAGATACG,0.88349897,0.8834989485836804,4,80000,3997
ATGATCAT,0.8832722,0.8832721725147404,4,80000,3997
TAGATGAT,0.88287014,0.8828701603925287,4,80000,3997
ATCATCTA,0.88287014,0.8828701603925287,4,80000,3997
TTGATCTC,0.88193214,0.8819321321073682,4,80000,3997
GAGGTATA,0.8818188,0.8818187440728982,4,80000,3997
ACGATAGG,0.8817775,0.8817775120603636,4,80000,3997
TAGATATG,0.8813858,0.8813858079412856,4,80000,3997
GCGATACA,0.88032407,0.8803240836185214,4,80000,3997
AGTATCTT,0.8800973,0.8800973075495815,4,80000,3997
AAGATACT,0.8800973,0.8800973075495815,4,80000,3997
CTGATAGG,0.8798602,0.8798602234775079,4,80000,3997
CGGATACA,0.87966436,0.8796643714179689,4,80000,3997
GTGATCTG,0.8790459,0.8790458912299509,4,80000,3997
GCTATATA,0.878881,0.8788809631798128,4,80000,3997
GATCTATT,0.87876755,0.8787675751453429,4,80000,3997
CTGATCCA,0.87856144,0.8785614150826702,4,80000,3997
GCCGGATC,0.8777265,0.8777264668288458,4,80000,3997
GACGTATC,0.8763864,0.8763864264214737,4,80000,3997
GATACGTC,0.8763864,0.8763864264214737,4,80000,3997
ATAATATA,0.87617,0.8761699583556674,4,80000,3997
ATGGTATA,0.87605655,0.8760565703211973,4,80000,3997
CTTGTATC,0.8760359,0.8760359543149302,4,80000,3997
GAGATGAT,0.8755205,0.8755205541582485,4,80000,3997
ATCATCTC,0.8755205,0.8755205541582485,4,80000,3997
CCGATATA,0.8754381,0.8754380901331794,4,80000,3997
CTGATCTA,0.87533504,0.8753350101018431,4,80000,3997
ATCATACC,0.8750567,0.8750566940172351,4,80000,3997
TTGATCTT,0.8749536,0.8749536139858988,4,80000,3997
GGTATACC,0.874933,0.8749329979796313,4,80000,3997
TACCTATC,0.8737373,0.87373726961613,4,80000,3997
AGGAGATC,0.8733971,0.87339710551272,4,80000,3997
TAGTGATC,0.8728611,0.8728610893497711,4,80000,3997
AGTATACC,0.8726343,0.8726343132808312,4,80000,3997
CCAATATC,0.87249,0.8724900012369603,4,80000,3997
AAGATATG,0.87246937,0.8724693852306932,4,80000,3997
TTGATCTA,0.87239724,0.8723972292087577,4,80000,3997
GTCGTATC,0.87178904,0.8717890570238733,4,80000,3997
TTTATCCG,0.871686,0.8716859769925369,4,80000,3997
CGGATAAA,0.871686,0.8716859769925369,4,80000,3997
ATTAGATA,0.87122214,0.8712221168515235,4,80000,3997
TGGGTATA,0.87113965,0.8711396528264546,4,80000,3997
TAGATATT,0.87112933,0.8711293448233208,4,80000,3997
GGAATATC,0.87100565,0.8710056487857173,4,80000,3997
GTATAATC,0.8709438,0.8709438007669155,4,80000,3997
GTCATATC,0.8708098,0.8708097967261782,4,80000,3997
CCCCTATC,0.87049025,0.8704902486290356,4,80000,3997
TCAATATA,0.8704387,0.8704387086133675,4,80000,3997
GATATACG,0.8703872,0.8703871685976993,4,80000,3997
CGTATATC,0.8703872,0.8703871685976993,4,80000,3997
CGGATACT,0.8700882,0.8700882365068239,4,80000,3997
ATTATATA,0.8700882,0.8700882365068239,4,80000,3997
ATCTTATA,0.8694388,0.869438832309405,4,80000,3997
CGGATACC,0.86886156,0.8688615841339216,4,80000,3997
GGGATACC,0.8685008,0.8685008040242445,4,80000,3997
ATGATCAG,0.8684905,0.8684904960211108,4,80000,3997
CTTATATA,0.8680885,0.868088483898899,4,80000,3997
GTAAGATC,0.868006,0.8680060198738301,4,80000,3997
GTTATATC,0.8678823,0.8678823238362264,4,80000,3997
GATATAAC,0.8678823,0.8678823238362264,4,80000,3997
GATATAAG,0.8678617,0.8678617078299593,4,80000,3997
CTTATATC,0.8678617,0.8678617078299593,4,80000,3997
AAGCTATC,0.8674597,0.8674596957077475,4,80000,3997
CGGATATT,0.8674288,0.8674287716983466,4,80000,3997
CTATGATC,0.8673463,0.8673463076732776,4,80000,3997
TTTATACC,0.8669855,0.8669855275636005,4,80000,3997
GGTATAAA,0.8669855,0.8669855275636005,4,80000,3997
TGTATATA,0.86665565,0.8666556714633241,4,80000,3997
GTTGTATC,0.86548054,0.86548055910609,4,80000,3997
ATCATCTG,0.86498576,0.8649857749556756,4,80000,3997
ACCGGATC,0.86483115,0.8648311549086711,4,80000,3997
ATATTATC,0.8641405,0.8641405186987177,4,80000,3997
TAGCGATA,0.86404777,0.864047746670515,4,80000,3997
CACGGATC,0.8637076,0.8637075825671051,4,80000,3997
CTACTATC,0.86342925,0.863429266482497,4,80000,3997
GGGATATG,0.8628932,0.8628932503195481,4,80000,3997
CCGATACG,0.86241907,0.862419082175401,4,80000,3997
TTTAGATA,0.86197585,0.8619758380406547,4,80000,3997
CTAAGATA,0.86131614,0.8613161258401023,4,80000,3997
GAGGGATC,0.8593576,0.8593576052447119,4,80000,3997
TTAATACA,0.8588422,0.8588422050880304,4,80000,3997
GATTGATC,0.8586257,0.8586257370222241,4,80000,3997
TGGAGATA,0.8583474,0.858347420937616,4,80000,3997
ATGATCTT,0.8583268,0.8583268049313487,4,80000,3997
ATTGTATC,0.85828555,0.8582855729188142,4,80000,3997
GATACAAT,0.85828555,0.8582855729188142,4,80000,3997
ATCACATA,0.8582753,0.8582752649156805,4,80000,3997
ATTATCTC,0.8578423,0.857842328784068,4,80000,3997
GAGATAAT,0.8578423,0.857842328784068,4,80000,3997
TTCGGATC,0.85682184,0.8568218364738384,4,80000,3997
AGTAGATC,0.8567909,0.8567909124644374,4,80000,3997
AGAATATC,0.8561209,0.8561208922607513,4,80000,3997
ATGGTGTC,0.8560075,0.8560075042262814,4,80000,3997
CTCATATA,0.8557704,0.8557704201542078,4,80000,3997
GATATTGA,0.8557086,0.855708572135406,4,80000,3997
TCAATATC,0.8557086,0.855708572135406,4,80000,3997
ATTGTATA,0.8555952,0.855595184100936,4,80000,3997
ACAATATC,0.8552344,0.8552344039912588,4,80000,3997
ACTATATA,0.85486335,0.8548633158784481,4,80000,3997
TCGATACG,0.85469836,0.8546983878283099,4,80000,3997
CTAGTATC,0.85448194,0.8544819197625036,4,80000,3997
TTAATATA,0.8543582,0.8543582237249,4,80000,3997
GCCCTATC,0.85351294,0.853512967467942,4,80000,3997
CGGATAAC,0.8534305,0.8534305034428731,4,80000,3997
GCCATATC,0.85311097,0.8531109553457304,4,80000,3997
GTTAGATA,0.8530388,0.853038799323795,4,80000,3997
ACGATATT,0.8530388,0.853038799323795,4,80000,3997
TCGGTATC,0.8527708,0.8527707912423205,4,80000,3997
GATAGATC,0.85242033,0.8524203191357771,4,80000,3997
GATCTATC,0.85242033,0.8524203191357771,4,80000,3997
ATAATCCC,0.8523997,0.8523997031295097,4,80000,3997
GGGATTAT,0.8523997,0.8523997031295097,4,80000,3997
GGGATAAC,0.85197705,0.8519770750010307,4,80000,3997
GTTATCCC,0.85197705,0.8519770750010307,4,80000,3997
CATATATT,0.85177094,0.8517709149383581,4,80000,3997
GGGATACA,0.85094625,0.8509462746876676,4,80000,3997
CAGATACT,0.8504206,0.8504205665278523,4,80000,3997
CAGAGATC,0.8498227,0.8498227023461016,4,80000,3997
GTAATATA,0.84912175,0.8491217581330145,4,80000,3997
GAGGTATT,0.848627,0.8486269739826,4,80000,3997
CTAATATA,0.8484105,0.8484105059167938,4,80000,3997
CTATTATC,0.84831774,0.8483177338885911,4,80000,3997
GTAAGATA,0.8480394,0.8480394178039831,4,80000,3997
GTGATCTA,0.84771985,0.8477198697068403,4,80000,3997
GTGATCAC,0.84707046,0.8470704655094216,4,80000,3997
ATACTATG,0.8465963,0.8465962973652743,4,80000,3997
TTTATATA,0.84619427,0.8461942852430627,4,80000,3997
GAGATATG,0.84614277,0.8461427452273945,4,80000,3997
AAGAGATA,0.84597784,0.8459778171772564,4,80000,3997
AAGATACA,0.84510165,0.8451016369108976,4,80000,3997
AAGGTATT,0.8445553,0.8445553127448151,4,80000,3997
CTGATAGT,0.8445347,0.8445346967385478,4,80000,3997
AAGATACG,0.8441842,0.8441842246320044,4,80000,3997
GGGCGATC,0.84398836,0.8439883725724653,4,80000,3997
GAGATCTC,0.84360695,0.8436069764565208,4,80000,3997
GAACTATC,0.84348327,0.8434832804189173,4,80000,3997
ATGATCGG,0.8431225,0.8431225003092402,4,80000,3997
CTCGTATC,0.8430194,0.8430194202779039,4,80000,3997
TGGATATT,0.84259677,0.8425967921494248,4,80000,3997
CTGATCTG,0.8421845,0.8421844720240795,4,80000,3997
TAAATATC,0.84185463,0.8418546159238033,4,80000,3997
GATATTTA,0.84185463,0.8418546159238033,4,80000,3997
GTAATACC,0.8416175,0.8416175318517297,4,80000,3997
GAGATAGT,0.8415763,0.8415762998391951,4,80000,3997
ACTATCTC,0.8415763,0.8415762998391951,4,80000,3997
CAGAGATA,0.84140104,0.8414010637859234,4,80000,3997
GTGATCTC,0.84103,0.8410299756731127,4,80000,3997
GAGATCAC,0.84103,0.8410299756731127,4,80000,3997
GTGTCATG,0.84085476,0.8408547396198409,4,80000,3997
GTGTCAAC,0.8399373,0.8399373273409475,4,80000,3997
ACGATAGT,0.83985484,0.8398548633158784,4,80000,3997
ATCTTATC,0.83958685,0.839586855234404,4,80000,3997
GAGTGATC,0.83906114,0.8390611470745887,4,80000,3997
GTGCGATA,0.83864886,0.8386488269492435,4,80000,3997
GTCTGATC,0.8382159,0.8382158908176308,4,80000,3997
ATGGGATC,0.837917,0.8379169587267555,4,80000,3997
TGGATATG,0.8377211,0.8377211066672164,4,80000,3997
TTATGATC,0.836412,0.8364119902692451,4,80000,3997
GTATCCTC,0.8359069,0.835906898115697,4,80000,3997
GGAGTATA,0.83510286,0.8351028738712736,4,80000,3997
AATGTATA,0.8349792,0.8349791778336701,4,80000,3997
TAGATACA,0.8346906,0.8346905537459284,4,80000,3997
GTCGGATC,0.8344844,0.8344843936832557,4,80000,3997
GTGGGATA,0.83377314,0.8337731414670351,4,80000,3997
CGGTGATC,0.8334536,0.8334535933698924,4,80000,3997
CATATATG,0.8332062,0.8332062012946851,4,80000,3997
GGGATATT,0.83305156,0.8330515812476808,4,80000,3997
GTGATCTT,0.8327939,0.83279388116934,4,80000,3997
GTATAACC,0.83262897,0.8326289531192017,4,80000,3997
CAGATATG,0.8324434,0.8324434090627963,4,80000,3997
CATATCTG,0.8324434,0.8324434090627963,4,80000,3997
GTTATACC,0.8321548,0.8321547849750547,4,80000,3997
GGTATAAC,0.8321548,0.8321547849750547,4,80000,3997
TGAATATC,0.8319383,0.8319383169092484,4,80000,3997
GATGGATA,0.83182496,0.8318249288747783,4,80000,3997
GTCTGATA,0.8317837,0.8317836968622437,4,80000,3997
TCTAGATC,0.83174247,0.8317424648497094,4,80000,3997
GGATAATC,0.8316394,0.831639384818373,4,80000,3997
GAGATATT,0.83151567,0.8315156887807694,4,80000,3997
AATATCTC,0.83151567,0.8315156887807694,4,80000,3997
CCGCTATC,0.8314229,0.8314229167525667,4,80000,3997
CGGATCTA,0.83129925,0.8312992207149631,4,80000,3997
GGGATAAT,0.8310518,0.8310518286397559,4,80000,3997
ACGGGATA,0.8308766,0.830876592586484,4,80000,3997
GTATTAAC,0.83046424,0.8304642724611389,4,80000,3997
ATCATTTA,0.8298561,0.8298561002762544,4,80000,3997
ATATTACC,0.8296293,0.8296293242073146,4,80000,3997
TTATTATC,0.8290727,0.8290726920380984,4,80000,3997
GGCATATA,0.82790786,0.8279078876839978,4,80000,3997
GTGTTAAT,0.8266297,0.8266296952954274,4,80000,3997
CTCATATC,0.82616585,0.8261658351544139,4,80000,3997
ATTATACG,0.82614523,0.8261452191481466,4,80000,3997
GTATCTTC,0.82555765,0.8255576629695296,4,80000,3997
TAACTATC,0.8253103,0.8253102708943223,4,80000,3997
AAGATATT,0.82527936,0.8252793468849214,4,80000,3997
GGGAGATC,0.82518655,0.8251865748567188,4,80000,3997
CTTATCCC,0.8243207,0.8243207025934937,4,80000,3997
GTCCTATC,0.82425886,0.8242588545746918,4,80000,3997
AAGAGATC,0.8239908,0.8239908464932173,4,80000,3997
GACTGATC,0.82387745,0.8238774584587474,4,80000,3997
CGGAGATC,0.82357854,0.823578526367872,4,80000,3997
GTGATCGC,0.8235476,0.8235476023584711,4,80000,3997
GCGATCAC,0.8235476,0.8235476023584711,4,80000,3997
GCGATAGT,0.82322806,0.8232280542613285,4,80000,3997
CTGATCTT,0.8223828,0.8223827980043706,4,80000,3997
CATAGATC,0.8221354,0.8221354059291635,4,80000,3997
GTGGGATC,0.82159936,0.8215993897662145,4,80000,3997
CTTATACT,0.82138294,0.8213829217004082,4,80000,3997
ATGAGATC,0.8210943,0.8210942976126664,4,80000,3997
GCAATATC,0.82108396,0.8210839896095329,4,80000,3997
CTGTGATC,0.8210737,0.8210736816063993,4,80000,3997
GTGTCATC,0.8210531,0.8210530656001319,4,80000,3997
TTTATATC,0.82087785,0.8208778295468602,4,80000,3997
GATATAAA,0.82087785,0.8208778295468602,4,80000,3997
TTGTGATC,0.82063043,0.820630437471653,4,80000,3997
GTGGTGTC,0.82040364,0.820403661402713,4,80000,3997
TATATAAC,0.82013565,0.8201356533212387,4,80000,3997
GTTATATA,0.82013565,0.8201356533212387,4,80000,3997
CTTGTATA,0.8200841,0.8200841133055704,4,80000,3997
TTGCTATC,0.8199604,0.8199604172679669,4,80000,3997
TGGCTATC,0.81989855,0.819898569249165,4,80000,3997
GTGGTATA,0.81988823,0.8198882612460314,4,80000,3997
CAGCTATC,0.8196718,0.8196717931802251,4,80000,3997
CCGATATT,0.8192904,0.8192903970642808,4,80000,3997
GCGATATT,0.81922853,0.819228549045479,4,80000,3997
GGATTATC,0.81851727,0.8185172968292582,4,80000,3997
CTGTTATC,0.8184245,0.8184245248010557,4,80000,3997
ATCGTATT,0.81795037,0.8179503566569084,4,80000,3997
AGGATAAT,0.8173113,0.8173112604626231,4,80000,3997
AGGATATT,0.81690925,0.8169092483404115,4,80000,3997
CGAATATC,0.81690925,0.8169092483404115,4,80000,3997
ATACTCTC,0.8167237,0.816723704284006,4,80000,3997
GACCTATC,0.81668246,0.8166824722714716,4,80000,3997
TTGATAAT,0.8164248,0.8164247721931308,4,80000,3997
GGGATCCT,0.8163732,0.8163732321774626,4,80000,3997
TGGATACA,0.81610525,0.8161052240959881,4,80000,3997
GCGTGATC,0.8160743,0.8160743000865872,4,80000,3997
GTGTCATT,0.8159197,0.8159196800395828,4,80000,3997
ACGATCTT,0.8157754,0.8157753679957119,4,80000,3997
GGGATGAT,0.8157032,0.8157032119737765,4,80000,3997
GCGATCCC,0.8156723,0.8156722879643755,4,80000,3997
GGGATCGC,0.8156723,0.8156722879643755,4,80000,3997
CAACTATC,0.8156207,0.8156207479487074,4,80000,3997
GAATGATC,0.8154455,0.8154455118954357,4,80000,3997
CCGATAGG,0.8153218,0.815321815857832,4,80000,3997
TCGATAGC,0.8144353,0.8144353275883396,4,80000,3997
CAGATATA,0.81441474,0.8144147115820723,4,80000,3997
TTAATCTG,0.8143735,0.8143734795695379,4,80000,3997
CTGCTATC,0.81424975,0.8142497835319341,4,80000,3997
CCGATAGC,0.8141673,0.8141673195068652,4,80000,3997
CTTGGATC,0.8139199,0.813919927431658,4,80000,3997
ATCAACAC,0.8137241,0.8137240753721189,4,80000,3997
GATGTATA,0.81307465,0.8130746711747001,4,80000,3997
CTGAGATA,0.81292003,0.8129200511276955,4,80000,3997
GGTAGATC,0.81279635,0.812796355090092,4,80000,3997
GGACTATC,0.81279635,0.812796355090092,4,80000,3997
GGTATAGT,0.8123428,0.8123428029522122,4,80000,3997
AAAATATC,0.81200266,0.8120026388488022,4,80000,3997
GATATTTT,0.81200266,0.8120026388488022,4,80000,3997
CGGATAGC,0.81198204,0.811982022842535,4,80000,3997
GCTATCCG,0.81198204,0.811982022842535,4,80000,3997
GGTATACA,0.81184804,0.8118480188017977,4,80000,3997
TGTATACC,0.81184804,0.8118480188017977,4,80000,3997
GGGATCTT,0.8117862,0.811786170782996,4,80000,3997
CTGGTGTC,0.81147695,0.811476930688987,4,80000,3997
ACGATAGC,0.8114151,0.811415082670185,4,80000,3997
GTCCGATA,0.81074506,0.810745062466499,4,80000,3997
GTAGTATA,0.81059045,0.8105904424194945,4,80000,3997
GAGATCCC,0.81049764,0.8104976703912918,4,80000,3997
GGGATCTC,0.81049764,0.8104976703912918,4,80000,3997
GGTATAAG,0.8102503,0.8102502783160846,4,80000,3997
CTTATACC,0.8102503,0.8102502783160846,4,80000,3997
GGGATCGG,0.80876595,0.8087659258648414,4,80000,3997
ATATTAAC,0.80869377,0.808693769842906,4,80000,3997
TTTGTATC,0.80852884,0.808528841792768,4,80000,3997
TGGTGATC,0.8079825,0.8079825176266854,4,80000,3997
TAGATAGG,0.80779696,0.80779697357028,4,80000,3997
GGAAGATC,0.80772483,0.8077248175483446,4,80000,3997
CCGGTATA,0.8074465,0.8074465014637364,4,80000,3997
TTGGTGTC,0.80742586,0.8074258854574692,4,80000,3997
AGAATATA,0.80727124,0.8072712654104647,4,80000,3997
CAAATATC,0.8070342,0.8070341813383912,4,80000,3997
GTAGGATA,0.806828,0.8068280212757184,4,80000,3997
ATATTATG,0.8067971,0.8067970972663175,4,80000,3997
CTAATACT,0.8066631,0.8066630932255803,4,80000,3997
TTGATCAC,0.80633324,0.8063332371253041,4,80000,3997
GTGATCAA,0.80633324,0.8063332371253041,4,80000,3997
GGTATAGG,0.8058591,0.8058590689811569,4,80000,3997
CCTATACC,0.8058591,0.8058590689811569,4,80000,3997
GAGCGATC,0.80553955,0.8055395208840144,4,80000,3997
GCGATGAT,0.8054055,0.8054055168432771,4,80000,3997
AATATATT,0.8053952,0.8053952088401435,4,80000,3997
ATAATCTT,0.8047664,0.8047664206489918,4,80000,3997
ATCAAACC,0.8047458,0.8047458046427246,4,80000,3997
GGGATAGT,0.80454993,0.8045499525831856,4,80000,3997
TTCATAAT,0.8045396,0.8045396445800519,4,80000,3997
TAGATCTA,0.80369437,0.803694388323094,4,80000,3997
AGCATATA,0.80363256,0.8036325403042922,4,80000,3997
TTGTTATA,0.8032305,0.8032305281820805,4,80000,3997
CTGATCTC,0.8026327,0.80263266400033,4,80000,3997
GAGATCAG,0.8026327,0.80263266400033,4,80000,3997
GTATATTC,0.8024883,0.8024883519564591,4,80000,3997
GAGATCTT,0.8021791,0.8021791118624501,4,80000,3997
AAGATCTC,0.8021791,0.8021791118624501,4,80000,3997
TCATTATC,0.80208635,0.8020863398342473,4,80000,3997
ACGAGATC,0.8017771,0.8017770997402383,4,80000,3997
ATGATCGC,0.8015297,0.8015297076650311,4,80000,3997
ATAAGATC,0.8011277,0.8011276955428195,4,80000,3997
GCGGGATA,0.8009421,0.800942151486414,4,80000,3997
GTGCTATC,0.8007875,0.8007875314394096,4,80000,3997
GAGATCCT,0.8007463,0.8007462994268751,4,80000,3997
AGGATCTC,0.8007463,0.8007462994268751,4,80000,3997
TTACGATC,0.8007257,0.8007256834206077,4,80000,3997
GGGATAGA,0.80031335,0.8003133632952625,4,80000,3997
TTGATCTG,0.80002475,0.8000247392075207,4,80000,3997
CAGATCAA,0.80002475,0.8000247392075207,4,80000,3997
GTGAGTAT,0.79979795,0.7997979631385809,4,80000,3997
ATCATCAC,0.7995918,0.7995918030759082,4,80000,3997
GTGATGAT,0.7995918,0.7995918030759082,4,80000,3997
ATAATGTA,0.799097,0.7990970189254938,4,80000,3997
TGAATAAT,0.79877746,0.7987774708283512,4,80000,3997
GCGATAGG,0.7986022,0.7986022347750794,4,80000,3997
GTACGATC,0.7983136,0.7983136106873376,4,80000,3997
GGGTATTC,0.7981693,0.7981692986434669,4,80000,3997
TAGACACC,0.7975714,0.7975714344617161,4,80000,3997
CAGATACA,0.7973962,0.7973961984084443,4,80000,3997
TTAATATG,0.79717976,0.7971797303426381,4,80000,3997
GCCGTATA,0.797056,0.7970560343050344,4,80000,3997
GAAATATA,0.797056,0.7970560343050344,4,80000,3997
GAGAGATC,0.7970251,0.7970251102956335,4,80000,3997
ATGACACG,0.7969117,0.7969117222611636,4,80000,3997
TCGGGATC,0.7963139,0.7963138580794129,4,80000,3997
CAGATAGG,0.796252,0.796252010060611,4,80000,3997
GTCATATA,0.79613864,0.796138622026141,4,80000,3997
TATATGAC,0.79613864,0.796138622026141,4,80000,3997
ATGTAATA,0.7960149,0.7960149259885375,4,80000,3997
GAGATAGG,0.7956541,0.7956541458788604,4,80000,3997
CACATATA,0.79515934,0.7951593617284459,4,80000,3997
GGGATAAA,0.79511815,0.7951181297159114,4,80000,3997
TAGGTATT,0.79510784,0.7951078217127778,4,80000,3997
ATTATATT,0.7950872,0.7950872057065106,4,80000,3997
CTTATATT,0.79461306,0.7946130375623633,4,80000,3997
ATGATGAT,0.79407704,0.7940770213994145,4,80000,3997
TTAATATT,0.7936544,0.7936543932709357,4,80000,3997
ATGAGATA,0.7936028,0.7936028532552674,4,80000,3997
ATGATTCC,0.7932936,0.7932936131612585,4,80000,3997
GATCGATC,0.7932524,0.7932523811487239,4,80000,3997
GGGCTATC,0.7924174,0.7924174328948996,4,80000,3997
CAGGTATA,0.7923453,0.7923452768729642,4,80000,3997
CTCCTATC,0.79231435,0.7923143528635632,4,80000,3997
ATCATAAC,0.79201543,0.7920154207726879,4,80000,3997
TAGATAAG,0.79189175,0.7918917247350843,4,80000,3997
GGATCTTC,0.79189175,0.7918917247350843,4,80000,3997
CTTATCTA,0.79189175,0.7918917247350843,4,80000,3997
GAGCTATC,0.7918505,0.7918504927225497,4,80000,3997
TCTATATA,0.7917474,0.7917474126912134,4,80000,3997
CTGATCAC,0.7905105,0.7905104523151776,4,80000,3997
GTGATCAG,0.7905105,0.7905104523151776,4,80000,3997
CTACTATA,0.790294,0.7902939842493713,4,80000,3997
ATCATATG,0.78987134,0.7898713561208923,4,80000,3997
TCGAGATA,0.78972703,0.7897270440770214,4,80000,3997
ACGATAAT,0.789057,0.7890570238733352,4,80000,3997
ACAATACC,0.7890467,0.7890467158702016,4,80000,3997
CTGTTGAT,0.7890364,0.7890364078670681,4,80000,3997
GCGAGATA,0.7888921,0.7888920958231972,4,80000,3997
ATGCGATC,0.7884798,0.7884797756978519,4,80000,3997
ATAATATG,0.78739744,0.7873974353688205,4,80000,3997
GGGATAGG,0.7873768,0.787376819362553,4,80000,3997
CCTATCCC,0.7873768,0.787376819362553,4,80000,3997
ATCACATT,0.7873768,0.787376819362553,4,80000,3997
ATTAGATC,0.78689235,0.7868923432152723,4,80000,3997
TGTATAAC,0.78680986,0.7868098791902033,4,80000,3997
GTTATACA,0.78680986,0.7868098791902033,4,80000,3997
TTTATACT,0.7866243,0.7866243351337979,4,80000,3997
ATAATAAC,0.78636664,0.786366635055457,4,80000,3997
TGGAGATC,0.78636664,0.786366635055457,4,80000,3997
CTATTATA,0.7859749,0.785974930936379,4,80000,3997
GCGGTATA,0.7858203,0.7858203108893745,4,80000,3997
CTAATACC,0.7856038,0.7856038428235682,4,80000,3997
TTCATATC,0.78504723,0.785047210654352,4,80000,3997
ATTATAGA,0.7849235,0.7849235146167485,4,80000,3997
GCGGTATT,0.7848926,0.7848925906073476,4,80000,3997
TACATATA,0.784872,0.7848719746010803,4,80000,3997
AGATTATC,0.78472763,0.7847276625572094,4,80000,3997
CATATACC,0.78455245,0.7845524265039376,4,80000,3997
GGTATATG,0.78455245,0.7845524265039376,4,80000,3997
CTGCGATA,0.78327423,0.7832742341153672,4,80000,3997
GATAGTAC,0.78314024,0.78314023007463,4,80000,3997
GTACTATC,0.78314024,0.78314023007463,4,80000,3997
CTGAGATC,0.7830887,0.7830886900589618,4,80000,3997
CTTAGATC,0.78292376,0.7829237620088237,4,80000,3997
GTAATACT,0.78250116,0.7825011338803447,4,80000,3997
GTGTAATA,0.78224343,0.7822434338020038,4,80000,3997
TCGATCTC,0.78203726,0.7820372737393312,4,80000,3997
GCTATAAT,0.7819136,0.7819135777017276,4,80000,3997
ATTATAGC,0.7819136,0.7819135777017276,4,80000,3997
ATTATATG,0.7818105,0.7818104976703913,4,80000,3997
CTGATATT,0.7816868,0.7816868016327877,4,80000,3997
GGGATCCC,0.78098583,0.7809858574197006,4,80000,3997
TAGATAGA,0.7797592,0.7797592050467984,4,80000,3997
AGGATCTA,0.77967674,0.7796767410217293,4,80000,3997
TCCATATA,0.7792335,0.7792334968869831,4,80000,3997
CGCCTATC,0.7788418,0.7788417927679051,4,80000,3997
GGTGTATT,0.7783573,0.7783573166206242,4,80000,3997
TTGATCGC,0.77828515,0.7782851605986888,4,80000,3997
TGGATCTA,0.77823365,0.7782336205830207,4,80000,3997
CATATACA,0.7780275,0.778027460520348,4,80000,3997
TGTATATG,0.7780275,0.778027460520348,4,80000,3997
CTATAATC,0.7779347,0.7779346884921453,4,80000,3997
ATGATCGT,0.77772856,0.7777285284294726,4,80000,3997
TGCAGATC,0.77727497,0.7772749762915928,4,80000,3997
ATACTCCC,0.7771719,0.7771718962602565,4,80000,3997
GTGATAAT,0.7768627,0.7768626561662474,4,80000,3997
ATTATCAC,0.7768627,0.7768626561662474,4,80000,3997
ATCACATC,0.77659464,0.7765946480847731,4,80000,3997
CTGATCGT,0.77646065,0.7764606440440358,4,80000,3997
GGGTTATC,0.7763988,0.776398796025234,4,80000,3997
ATATTAAG,0.77566695,0.775666927802746,4,80000,3997
GAGATCTA,0.77530617,0.7753061476930689,4,80000,3997
TAGATCTC,0.77530617,0.7753061476930689,4,80000,3997
AAGATAGC,0.7751824,0.7751824516554653,4,80000,3997
GTATTACC,0.7748732,0.7748732115614563,4,80000,3997
TCGGTATT,0.77427536,0.7742753473797055,4,80000,3997
GTGGTATT,0.7733373,0.773337319094545,4,80000,3997
TTTATCTA,0.7730487,0.7730486950068033,4,80000,3997
TTTAGATC,0.772925,0.7729249989691998,4,80000,3997
CTGGGATC,0.7726879,0.7726879148971262,4,80000,3997
GTAATGAT,0.77256423,0.7725642188595224,4,80000,3997
GACATATA,0.7720385,0.7720385106997072,4,80000,3997
GCGATCCT,0.7720282,0.7720282026965737,4,80000,3997
AAGATGTA,0.77182204,0.771822042633901,4,80000,3997
CCAATATA,0.7717396,0.7717395786088319,4,80000,3997
AGGATAAG,0.77168804,0.7716880385931638,4,80000,3997
ATCATATT,0.771585,0.7715849585618273,4,80000,3997
GAGGTGTC,0.7715025,0.7715024945367585,4,80000,3997
ACTAGATC,0.77146125,0.7714612625242239,4,80000,3997
GTATAAAC,0.7708737,0.7708737063456068,4,80000,3997
GCATTATA,0.77082217,0.7708221663299385,4,80000,3997
GTAGGATC,0.7706263,0.7706263142703996,4,80000,3997
TTAACACC,0.7705439,0.7705438502453305,4,80000,3997
CACTTATC,0.77053356,0.7705335422421968,4,80000,3997
GCGATCTA,0.7702655,0.7702655341607224,4,80000,3997
TAGATCGC,0.7702655,0.7702655341607224,4,80000,3997
TTTATCTC,0.7701728,0.7701727621325197,4,80000,3997
GAGATAAA,0.7701728,0.7701727621325197,4,80000,3997
TTGATAAG,0.7697192,0.7697192099946399,4,80000,3997
CAGATATT,0.76935846,0.7693584298849627,4,80000,3997
GAGGAATA,0.7692038,0.7692038098379582,4,80000,3997
GATATTTC,0.7691626,0.7691625778254237,4,80000,3997
GAAATATC,0.7691626,0.7691625778254237,4,80000,3997
ATGCTATC,0.769008,0.7690079577784191,4,80000,3997
TTGAAATA,0.769008,0.7690079577784191,4,80000,3997
AGGATAGC,0.76899767,0.7689976497752855,4,80000,3997
ATAATATT,0.7687812,0.7687811817094792,4,80000,3997
CTGATGAT,0.7662969,0.7662969529542738,4,80000,3997
CGTATACC,0.76580215,0.7658021688038593,4,80000,3997
GGTTGATC,0.76577127,0.7657712447944585,4,80000,3997
TGGATAGC,0.7654311,0.7654310806910486,4,80000,3997
ATCGTGTC,0.7654208,0.765420772687915,4,80000,3997
ATGTTATC,0.7654105,0.7654104646847812,4,80000,3997
CCTAGATC,0.7653486,0.7653486166659795,4,80000,3997
GCACGATC,0.7648332,0.7648332165092978,4,80000,3997
GCGGGATC,0.76479197,0.7647919844967633,4,80000,3997
ATGGTGTA,0.76474047,0.7647404444810951,4,80000,3997
GGGTTATA,0.76470953,0.7647095204716942,4,80000,3997
GCCAGATC,0.7646167,0.7646167484434916,4,80000,3997
TTAGGATC,0.7642869,0.7642868923432152,4,80000,3997
ACATTATC,0.76359624,0.7635962561332619,4,80000,3997
GGCAGATC,0.76354474,0.7635447161175937,4,80000,3997
GAGTTATC,0.76243144,0.7624314517791613,4,80000,3997
GATAACTC,0.76243144,0.7624314517791613,4,80000,3997
AAAATATA,0.76185423,0.761854203603678,4,80000,3997
GGGATACG,0.7617614,0.7617614315754752,4,80000,3997
GGGATCCA,0.7613903,0.7613903434626644,4,80000,3997
ATGATAAT,0.7612357,0.7612357234156599,4,80000,3997
CGTATATT,0.7611017,0.7611017193749228,4,80000,3997
AGATAATC,0.76046264,0.7604626231806375,4,80000,3997
TTGAGATC,0.760442,0.7604420071743702,4,80000,3997
ATTATCGC,0.76009154,0.7600915350678266,4,80000,3997
GCGATAAT,0.76009154,0.7600915350678266,4,80000,3997
ATCGCATC,0.7598854,0.759885375005154,4,80000,3997
CCGAGATC,0.7597617,0.7597616789675504,4,80000,3997
GTTATCGG,0.7595452,0.7595452109017441,4,80000,3997
CCGATAAC,0.7595452,0.7595452109017441,4,80000,3997
GCAATACC,0.75929785,0.7592978188265369,4,80000,3997
ATCCTTTC,0.7588133,0.7588133426792562,4,80000,3997
GGAATATT,0.7582979,0.7582979425225747,4,80000,3997
AGAATACC,0.7582258,0.7582257865006392,4,80000,3997
TATACAGC,0.7577825,0.7577825423658929,4,80000,3997
CACATATT,0.7574836,0.7574836102750175,4,80000,3997
TTCGTATA,0.75740117,0.7574011462499484,4,80000,3997
TTCATATA,0.7570816,0.7570815981528058,4,80000,3997
GTTATCCT,0.75686514,0.7568651300869996,4,80000,3997
AGGATAAC,0.75686514,0.7568651300869996,4,80000,3997
CAGCGATC,0.7568033,0.7568032820681978,4,80000,3997
TAGAGATC,0.7564528,0.7564528099616542,4,80000,3997
GCACTATC,0.7563188,0.7563188059209169,4,80000,3997
GGTATAGC,0.75620544,0.756205417886447,4,80000,3997
GCTATACC,0.75620544,0.756205417886447,4,80000,3997
GGGCTATA,0.7561539,0.7561538778707789,4,80000,3997
ATTTGATC,0.7559477,0.7559477178081062,4,80000,3997
CTGGTATA,0.75584465,0.7558446377767699,4,80000,3997
GTGTCAAA,0.75583434,0.7558343297736362,4,80000,3997
GGATTATG,0.75574154,0.7557415577454336,4,80000,3997
GGATTAAC,0.7553499,0.7553498536263555,4,80000,3997
CGGTTATC,0.75494784,0.7549478415041438,4,80000,3997
GTTGGATC,0.75472105,0.7547210654352039,4,80000,3997
CTCTTATA,0.75429845,0.754298437306725,4,80000,3997
GTCTTATA,0.75419533,0.7541953572753886,4,80000,3997
GTGATTCC,0.7537624,0.753762421143776,4,80000,3997
ATCATAGC,0.7530821,0.7530820929369563,4,80000,3997
GTCATTGA,0.75276256,0.7527625448398136,4,80000,3997
GGTATGTA,0.75259763,0.7525976167896755,4,80000,3997
TACATACC,0.75259763,0.7525976167896755,4,80000,3997
GCGACACC,0.7525564,0.7525563847771409,4,80000,3997
GTCAGATA,0.75251514,0.7525151527646065,4,80000,3997
GTGAGATC,0.7525048,0.7525048447614728,4,80000,3997
CTACGATC,0.7519791,0.7519791366016575,4,80000,3997
ATAACATT,0.7517833,0.7517832845421185,4,80000,3997
ATCAAATC,0.75174206,0.7517420525295839,4,80000,3997
GCAATATA,0.75162864,0.751628664495114,4,80000,3997
GTGCGATC,0.7508659,0.7508658722632252,4,80000,3997
GCTATCGC,0.7507628,0.7507627922318889,4,80000,3997
GCGATAGC,0.7507628,0.7507627922318889,4,80000,3997
CAGTTATC,0.7507525,0.7507524842287552,4,80000,3997
ATACTGTC,0.750536,0.750536016162949,4,80000,3997
TCGATATT,0.7505257,0.7505257081598152,4,80000,3997
CTAAGATC,0.750134,0.7501340040407373,4,80000,3997
GGGGTCTA,0.7498351,0.7498350719498619,4,80000,3997
CTGCGATC,0.74967015,0.7496701438997238,4,80000,3997
TCGCTATC,0.74954647,0.7495464478621201,4,80000,3997
TTAAAATA,0.74887645,0.7488764276584341,4,80000,3997
GTTATACG,0.74835074,0.7483507194986188,4,80000,3997
GTTACACC,0.74814457,0.748144559435946,4,80000,3997
CAGATAGA,0.74789715,0.747897167360739,4,80000,3997
CCGATCTG,0.7475879,0.7475879272667298,4,80000,3997
CAAAGATC,0.7468355,0.7468354430379748,4,80000,3997
GAGATCCG,0.74682516,0.746825135034841,4,80000,3997
CGGATCTC,0.74682516,0.746825135034841,4,80000,3997
ACGGTATA,0.74636126,0.7463612748938276,4,80000,3997
ACTCTATC,0.74634063,0.7463406588875603,4,80000,3997
TTACTATC,0.7449285,0.7449284624582526,4,80000,3997
GTTATACT,0.7448769,0.7448769224425845,4,80000,3997
GGGATCTA,0.74335134,0.7433513379788068,4,80000,3997
GTTATAGG,0.742671,0.742671009771987,4,80000,3997
ATCATAGG,0.7426401,0.7426400857625861,4,80000,3997
ATTATAAT,0.7421453,0.7421453016121717,4,80000,3997
GGCCGATC,0.74151653,0.7415165134210201,4,80000,3997
GCATGATC,0.7414134,0.7414134333896838,4,80000,3997
GTTGTATA,0.74116606,0.7411660413144766,4,80000,3997
ATAATAAA,0.74106294,0.7410629612831402,4,80000,3997
TTGGGATC,0.74086714,0.7408671092236012,4,80000,3997
ATCATTGC,0.7408568,0.7408568012204676,4,80000,3997
TTGCTATA,0.7405991,0.7405991011421267,4,80000,3997
GTTATCTT,0.74055785,0.7405578691295922,4,80000,3997
TTCTGATC,0.74004245,0.7400424689729105,4,80000,3997
ATACAATC,0.7400218,0.7400218529666434,4,80000,3997
ATACTTAC,0.73996,0.7399600049478415,4,80000,3997
CTTATATG,0.7394446,0.7394446047911598,4,80000,3997
GTTTAAAT,0.7392178,0.73921782872222,4,80000,3997
TACTTATC,0.73857874,0.7385787325279347,4,80000,3997
GCAAGATC,0.73746544,0.7374654681895023,4,80000,3997
TAGTTATC,0.73697066,0.7369706840390879,4,80000,3997
CAGATAGT,0.73666143,0.7366614439450789,4,80000,3997
TTAATCCC,0.73666143,0.7366614439450789,4,80000,3997
ATGTTATT,0.7364862,0.7364862078918072,4,80000,3997
TTGTTATC,0.7363522,0.73635220385107,4,80000,3997
CTTCTATA,0.73629034,0.7362903558322682,4,80000,3997
AGGGTATG,0.73557913,0.7355791036160475,4,80000,3997
GAGATAGC,0.7354863,0.7354863315878448,4,80000,3997
GCTATCTC,0.7354863,0.7354863315878448,4,80000,3997
CGCCTATA,0.73528016,0.7352801715251721,4,80000,3997
GTCATCTA,0.73506373,0.7350637034593658,4,80000,3997
TAGATGAC,0.73506373,0.7350637034593658,4,80000,3997
CTCTTATC,0.73490906,0.7349090834123614,4,80000,3997
ATGATAAC,0.7348163,0.7348163113841587,4,80000,3997
ATGGGATT,0.7347957,0.7347956953778915,4,80000,3997
ATGATTGA,0.73470294,0.7347029233496887,4,80000,3997
CTATTATT,0.7342906,0.7342906032243435,4,80000,3997
GCGATCTG,0.73404324,0.7340432111491362,4,80000,3997
CTGATTAT,0.73382676,0.7338267430833298,4,80000,3997
CTTAAATA,0.7337958,0.733795819073929,4,80000,3997
GTTATCTA,0.7336515,0.7336515070300581,4,80000,3997
TAGATAAC,0.7336515,0.7336515070300581,4,80000,3997
ATGAGACC,0.73352784,0.7335278109924546,4,80000,3997
CTGATAAT,0.73346597,0.7334659629736527,4,80000,3997
TGGATCTC,0.73345566,0.7334556549705192,4,80000,3997
AGGTTATC,0.73291963,0.7329196388075702,4,80000,3997
CCAGTATA,0.7323012,0.7323011586195523,4,80000,3997
TGGATCTG,0.7321672,0.732167154578815,4,80000,3997
CGGATTAC,0.7320744,0.7320743825506123,4,80000,3997
GTAATCCG,0.7320744,0.7320743825506123,4,80000,3997
GTAATACG,0.7319404,0.731940378509875,4,80000,3997
GTATTATG,0.73191977,0.7319197625036078,4,80000,3997
CCCATATT,0.73166203,0.731662062425267,4,80000,3997
TTAGTATA,0.73110545,0.7311054302560508,4,80000,3997
ATCAAATG,0.7307962,0.7307961901620419,4,80000,3997
CGGATAGG,0.73061067,0.7306106461056364,4,80000,3997
GAGATCTG,0.7305282,0.7305281820805674,4,80000,3997
CAGATCTC,0.7305282,0.7305281820805674,4,80000,3997
TTAAGATC,0.73045605,0.7304560260586319,4,80000,3997
GATAATTC,0.72985816,0.7298581618768811,4,80000,3997
GAATTATC,0.72985816,0.7298581618768811,4,80000,3997
ACCTTATC,0.7297963,0.7297963138580794,4,80000,3997
GAAAGATC,0.7278584,0.7278584092689564,4,80000,3997
TTTTTATC,0.7275801,0.7275800931843484,4,80000,3997
ATAATCGG,0.7273224,0.7273223931060074,4,80000,3997
CTGATAAG,0.72706467,0.7270646930276666,4,80000,3997
TTGATAGA,0.7270132,0.7270131530119985,4,80000,3997
ATGGTATT,0.7267451,0.7267451449305241,4,80000,3997
TGGATAAA,0.7267245,0.7267245289242569,4,80000,3997
GTGAAGAT,0.7252814,0.7252814084855481,4,80000,3997
GTAATAAT,0.7252608,0.7252607924792809,4,80000,3997
TTCAGATC,0.7251989,0.7251989444604792,4,80000,3997
ATCATTTG,0.7247763,0.7247763163320001,4,80000,3997
ATCATCTT,0.72429186,0.7242918401847194,4,80000,3997
ACAAGATC,0.72428155,0.7242815321815858,4,80000,3997
TTATTATA,0.7240032,0.7240032160969776,4,80000,3997
GTGTCACC,0.7238692,0.7238692120562404,4,80000,3997
ATGAAACC,0.7235806,0.7235805879684988,4,80000,3997
GTGAGAAG,0.7235084,0.7235084319465633,4,80000,3997
ATCATGAC,0.7233435,0.7233435038964252,4,80000,3997
CATCTATC,0.72317857,0.7231785758462871,4,80000,3997
GGTAACTA,0.7228281,0.7228281037397436,4,80000,3997
TAGTTACC,0.7228281,0.7228281037397436,4,80000,3997
GCGATCGA,0.7227766,0.7227765637240754,4,80000,3997
GTGGTGAT,0.7226322,0.7226322516802045,4,80000,3997
GTGATCGT,0.7223127,0.7223127035830619,4,80000,3997
ATTCGATC,0.7222509,0.7222508555642602,4,80000,3997
TGGTATTC,0.72213745,0.7221374675297901,4,80000,3997
GTTATATG,0.7215293,0.7215292953449057,4,80000,3997
GTTTGATC,0.7215087,0.7215086793386385,4,80000,3997
ATGCGGTA,0.72032326,0.7203232589782708,4,80000,3997
TGCTTATC,0.71955013,0.7195501587432483,4,80000,3997
GAGAATAC,0.71913785,0.7191378386179029,4,80000,3997
GTATTCTC,0.71913785,0.7191378386179029,4,80000,3997
ATCATGTC,0.71912754,0.7191275306147693,4,80000,3997
GTACTATA,0.7190966,0.7190966066053684,4,80000,3997
GTTCTATA,0.71876675,0.7187667505050921,4,80000,3997
GCTATTTA,0.71855026,0.7185502824392859,4,80000,3997
GTGTTATC,0.71853995,0.7185399744361523,4,80000,3997
TTTATATT,0.7181689,0.7181688863233414,4,80000,3997
TCGTTATA,0.7181586,0.7181585783202078,4,80000,3997
ATGATGCC,0.71722054,0.7172205500350473,4,80000,3997
TTTATCTT,0.7169732,0.7169731579598401,4,80000,3997
GCTATATT,0.716633,0.7166329938564301,4,80000,3997
GTGACACT,0.7164578,0.7164577578031583,4,80000,3997
CTAATCCC,0.7156228,0.7156228095493341,4,80000,3997
TGGCGATC,0.7153445,0.715344493464726,4,80000,3997
TGGATAAT,0.71488065,0.7148806333237125,4,80000,3997
GGGATAGC,0.7148188,0.7148187853049107,4,80000,3997
GAGATTAT,0.7147054,0.7147053972704408,4,80000,3997
ATAATCTC,0.7147054,0.7147053972704408,4,80000,3997
GTATTAGT,0.71449924,0.7144992372077681,4,80000,3997
ATCTTATT,0.7143962,0.7143961571764318,4,80000,3997
AGTATATG,0.71435493,0.7143549251638973,4,80000,3997
GTGTTATA,0.7135509,0.7135509009194739,4,80000,3997
CTCATACC,0.71311796,0.7131179647878614,4,80000,3997
GGCCTATC,0.71309733,0.713097348781594,4,80000,3997
ATCAGCTC,0.71281904,0.712819032696986,4,80000,3997
TTACTATA,0.71222115,0.7122211685152352,4,80000,3997
CTATAATT,0.7117573,0.7117573083742218,4,80000,3997
CTCTGATC,0.7113656,0.7113656042551437,4,80000,3997
GAGATTAG,0.71114916,0.7111491361893374,4,80000,3997
CTAATCTC,0.71114916,0.7111491361893374,4,80000,3997
GTCATATT,0.7109327,0.7109326681235312,4,80000,3997
CTTATACG,0.7101493,0.710149259885375,4,80000,3997
GTGATAAG,0.7096957,0.7096957077474952,4,80000,3997
ACGATCTC,0.70951015,0.7095101636910898,4,80000,3997
GTAATCTA,0.709304,0.7093040036284172,4,80000,3997
ATCCCATC,0.7092937,0.7092936956252834,4,80000,3997
GGGTCATC,0.70870614,0.7087061394466664,4,80000,3997
TTAATCAC,0.7085206,0.708520595390261,4,80000,3997
GTGATTAA,0.7085206,0.708520595390261,4,80000,3997
GTTATAGA,0.7084484,0.7084484393683256,4,80000,3997
CAAGTATT,0.7083969,0.7083968993526574,4,80000,3997
CTGATCGC,0.70812887,0.708128891271183,4,80000,3997
GTGTTATT,0.70790213,0.707902115202243,4,80000,3997
ATAATAGT,0.7078712,0.7078711911928421,4,80000,3997
GCTGGATC,0.707799,0.7077990351709067,4,80000,3997
TCTATAGA,0.7073661,0.7073660990392941,4,80000,3997
GTAATATG,0.7073558,0.7073557910361605,4,80000,3997
TTGGTATT,0.70731455,0.7073145590236259,4,80000,3997
ATCATGTT,0.7071084,0.7071083989609533,4,80000,3997
GTCATATG,0.70652086,0.7065208427823362,4,80000,3997
TCGTTATC,0.706057,0.7060569826413228,4,80000,3997
GCCATATA,0.7059539,0.7059539026099865,4,80000,3997
GTTTTATA,0.7057374,0.7057374345441801,4,80000,3997
TTTCGATC,0.70503646,0.7050364903310931,4,80000,3997
AGGTTATA,0.7050262,0.7050261823279594,4,80000,3997
GTCCGATC,0.70417064,0.704170618067868,4,80000,3997
CTGGTATT,0.7040572,0.7040572300333979,4,80000,3997
GAATTATA,0.7040366,0.7040366140271307,4,80000,3997
TAGACAAT,0.7037686,0.7037686059456563,4,80000,3997
TTCATACC,0.7037583,0.7037582979425226,4,80000,3997
TCGCTATA,0.70371705,0.7037170659299881,4,80000,3997
TTCTTATC,0.70313984,0.7031398177545046,4,80000,3997
ACGATAAC,0.703078,0.7030779697357028,4,80000,3997
GCTATCTG,0.7027275,0.7027274976291592,4,80000,3997
CAGATAGC,0.7027275,0.7027274976291592,4,80000,3997
ATTTTATC,0.7022224,0.7022224054756112,4,80000,3997
GCGCGATC,0.7022224,0.7022224054756112,4,80000,3997
CTGATAGA,0.70166576,0.7016657733063951,4,80000,3997
GTATAATT,0.70161426,0.7016142332907269,4,80000,3997
CTAATAGA,0.7009545,0.7009545210901744,4,80000,3997
GTAGTATT,0.7009442,0.7009442130870407,4,80000,3997
CAGATAAC,0.7006556,0.700655588999299,4,80000,3997
GTTATCTG,0.7006556,0.700655588999299,4,80000,3997
GGGATCTG,0.7000062,0.7000061848018801,4,80000,3997
ATTACATC,0.6999237,0.6999237207768111,4,80000,3997
TGGTTATC,0.69893414,0.6989341524759825,4,80000,3997
GTTATCTC,0.69852185,0.698521832350637,4,80000,3997
GAGATAAC,0.69852185,0.698521832350637,4,80000,3997
GTAACACC,0.69813013,0.6981301282315591,4,80000,3997
CCGAATAC,0.6980889,0.6980888962190245,4,80000,3997
CTGAGAAC,0.6980889,0.6980888962190245,4,80000,3997
TTATTATG,0.69776934,0.6977693481218818,4,80000,3997
GCATTATT,0.69763535,0.6976353440811446,4,80000,3997
ATTATAGG,0.6976044,0.6976044200717437,4,80000,3997
AATATAAC,0.6975941,0.69759411206861,4,80000,3997
GTTATATT,0.6975941,0.69759411206861,4,80000,3997
CTTATTTT,0.6975838,0.6975838040654765,4,80000,3997
CGGGTATT,0.6973776,0.6973776440028038,4,80000,3997
GCATTATC,0.696419,0.696418999711376,4,80000,3997
TAGCTATT,0.69599634,0.695996371582897,4,80000,3997
GTGATCGA,0.6956665,0.6956665154826207,4,80000,3997
CCGATCTC,0.6952439,0.6952438873541418,4,80000,3997
CTGATAAC,0.69491404,0.6949140312538655,4,80000,3997
CTGCTATA,0.6948006,0.6948006432193955,4,80000,3997
GCCCTATA,0.6947285,0.69472848719746,4,80000,3997
ACGATAGA,0.69446045,0.6944604791159857,4,80000,3997
TTTATCTG,0.69417185,0.694171855028244,4,80000,3997
ATCATTTC,0.69389355,0.6938935389436358,4,80000,3997
TTCCTATC,0.6923164,0.69231641446419,4,80000,3997
GAGTTATA,0.6919453,0.6919453263513793,4,80000,3997
ATCCTCTT,0.6915845,0.6915845462417021,4,80000,3997
TCTATCTT,0.69118255,0.6911825341194904,4,80000,3997
AAGATAGA,0.69118255,0.6911825341194904,4,80000,3997
CTGATCAA,0.6910176,0.6910176060693523,4,80000,3997
TTGATCAG,0.6910176,0.6910176060693523,4,80000,3997
TGGATAGT,0.690997,0.690996990063085,4,80000,3997
GCGTAATC,0.690997,0.690996990063085,4,80000,3997
ATGTTGTC,0.69087327,0.6908732940254814,4,80000,3997
GTGATAAC,0.6907805,0.6907805219972787,4,80000,3997
GTTATCAC,0.6907805,0.6907805219972787,4,80000,3997
GCGATCTT,0.69071865,0.6907186739784769,4,80000,3997
ATCAAATT,0.6905331,0.6905331299220715,4,80000,3997
GTCGTATA,0.6903579,0.6903578938687996,4,80000,3997
GTAATCCT,0.69027543,0.6902754298437307,4,80000,3997
GCGATCTC,0.68939924,0.689399249577372,4,80000,3997
GAGATCGC,0.68939924,0.689399249577372,4,80000,3997
GATATCAC,0.9942172,0.9942172102420319,5,100000,4996
GGTATCAC,0.993908,0.9939079701480229,5,100000,4996
GATATCAA,0.99350595,0.9935059580258113,5,100000,4996
GGTATCAA,0.99298024,0.992980249865996,5,100000,4996
GATACCCC,0.99091864,0.9909186492392694,5,100000,4996
GGTATCAT,0.989692,0.989691996866367,5,100000,4996
GATGATAC,0.9861873,0.9861872758009319,5,100000,4996
CATATCAT,0.9850946,0.9850946274687667,5,100000,4996
CGTATCAT,0.9847338,0.9847338473590896,5,100000,4996
GATATCCC,0.9840638,0.9840638271554035,5,100000,4996
GGGATATC,0.9840638,0.9840638271554035,5,100000,4996
CGTATCAA,0.9825898,0.982589782707294,5,100000,4996
GATATCGT,0.9820228,0.9820228425349441,5,100000,4996
GATACCCT,0.98124975,0.9812497422999216,5,100000,4996
AGTATCAT,0.98043543,0.9804354100523647,5,100000,4996
GATACCTA,0.97972417,0.979724157836144,5,100000,4996
GATATCAT,0.9794561,0.9794561497546695,5,100000,4996
ATGATATC,0.9794561,0.9794561497546695,5,100000,4996
AATGATAC,0.97941494,0.9794149177421351,5,100000,4996
AGTATCAA,0.9781986,0.9781985733723663,5,100000,4996
GATATCGC,0.9771575,0.9771574650558693,5,100000,4996
TGTATCAT,0.97611636,0.9761163567393725,5,100000,4996
GATATCCT,0.9755082,0.9755081845544881,5,100000,4996
CGTATCAC,0.97516805,0.9751680204510782,5,100000,4996
GATATCAG,0.9750546,0.9750546324166083,5,100000,4996
GTTGATAC,0.9746835,0.9746835443037974,5,100000,4996
GATATCCG,0.9737352,0.9737352080155032,5,100000,4996
GATATCTT,0.9732095,0.9732094998556878,5,100000,4996
TATATATC,0.9730446,0.9730445718055498,5,100000,4996
GATATATA,0.9730446,0.9730445718055498,5,100000,4996
GATATCTA,0.9729827,0.9729827237867481,5,100000,4996
GATATATC,0.97251886,0.9725188636457345,5,100000,4996
GCTATCAT,0.9723333,0.9723333195893292,5,100000,4996
AATGATAT,0.9719107,0.9719106914608502,5,100000,4996
CATGATAC,0.97170454,0.9717045313981776,5,100000,4996
TGTATCAC,0.97146744,0.9714674473261039,5,100000,4996
GATACCTT,0.9706634,0.9706634230816805,5,100000,4996
AAGGTATC,0.9706634,0.9706634230816805,5,100000,4996
CATATCAA,0.970045,0.9700449428936627,5,100000,4996
GATATGAT,0.97002435,0.9700243268873954,5,100000,4996
AGTATCAC,0.969478,0.9694780027213128,5,100000,4996
GATATCTG,0.968272,0.9682719663546778,5,100000,4996
GATACACC,0.9676947,0.9676947181791943,5,100000,4996
GGTGTATC,0.9676947,0.9676947181791943,5,100000,4996
GGTATATC,0.9673236,0.9673236300663836,5,100000,4996
GATATACC,0.9673236,0.9673236300663836,5,100000,4996
AGTATCAG,0.9653548,0.9653548014678596,5,100000,4996
GATACCCG,0.96530324,0.9653032614521916,5,100000,4996
GAGATATC,0.96503526,0.9650352533707169,5,100000,4996
GATATCTC,0.96503526,0.9650352533707169,5,100000,4996
TGTATCAA,0.9631695,0.9631695048035296,5,100000,4996
GATATCCA,0.96232426,0.9623242485465716,5,100000,4996
TAGATACC,0.962149,0.9621490124932999,5,100000,4996
GGTATCTA,0.962149,0.9621490124932999,5,100000,4996
TATATCAC,0.9619738,0.961973776440028,5,100000,4996
GGTGTCAT,0.96127284,0.961272832226941,5,100000,4996
CATATCAG,0.9595514,0.9595513957036242,5,100000,4996
GATACCTG,0.9586752,0.9586752154372655,5,100000,4996
GGTATCGT,0.95775783,0.9577578031583722,5,100000,4996
CATATCAC,0.9574898,0.9574897950768977,5,100000,4996
TATATCAT,0.9571909,0.9571908629860224,5,100000,4996
TATACCCC,0.9564074,0.9564074547478661,5,100000,4996
TATCCCCC,0.9563147,0.9563146827196636,5,100000,4996
GGTGTCAA,0.9545623,0.9545623221869459,5,100000,4996
GATACCTC,0.9544386,0.9544386261493425,5,100000,4996
GGTATCGA,0.95415,0.9541500020616006,5,100000,4996
GGTATCAG,0.9533975,0.9533975178328454,5,100000,4996
GATATCGG,0.95283055,0.9528305776604957,5,100000,4996
GATCCCCC,0.95283055,0.9528305776604957,5,100000,4996
GATACTTT,0.9525935,0.952593493588422,5,100000,4996
TATGTATC,0.95255226,0.9525522615758876,5,100000,4996
GATACATA,0.95255226,0.9525522615758876,5,100000,4996
GATATGGG,0.9523461,0.9523461015132149,5,100000,4996
TATCACAC,0.9519956,0.9519956294066714,5,100000,4996
GGGATCAT,0.9514184,0.9514183812311879,5,100000,4996
GGTATCGC,0.9493362,0.9493361645981941,5,100000,4996
CGTGATAC,0.9489238,0.9489238444728487,5,100000,4996
TATATATA,0.9487692,0.9487692244258442,5,100000,4996
TATATCCC,0.94857335,0.9485733723663052,5,100000,4996
GGCATATC,0.9485527,0.9485527563600379,5,100000,4996
GATATGCC,0.9485527,0.9485527563600379,5,100000,4996
GACGATAC,0.9469138,0.9469137838617903,5,100000,4996
CCTATCAT,0.9467076,0.9467076237991177,5,100000,4996
GATACTAT,0.946151,0.9461509916299015,5,100000,4996
GATACCAT,0.9456356,0.9456355914732198,5,100000,4996
AATATCAC,0.94530576,0.9453057353729436,5,100000,4996
TATATCAG,0.94520265,0.9452026553416072,5,100000,4996
GATATGTA,0.94469756,0.9446975631880592,5,100000,4996
GATACCCA,0.9444502,0.944450171112852,5,100000,4996
CATATCGT,0.94313073,0.9431307467117469,5,100000,4996
GGTATCGG,0.9428421,0.9428421226240052,5,100000,4996
TATATGAT,0.9412856,0.9412856141508267,5,100000,4996
TATATCGA,0.94096607,0.940966066053684,5,100000,4996
GATACTAC,0.9406156,0.9406155939471406,5,100000,4996
CGGATCAC,0.94041973,0.9404197418876016,5,100000,4996
TGTATCAG,0.9403888,0.9403888178782007,5,100000,4996
GTGATCCC,0.9401311,0.9401311177998598,5,100000,4996
GGGATCAC,0.9401311,0.9401311177998598,5,100000,4996
GATATCGA,0.94004864,0.9400486537747907,5,100000,4996
AGGATCAC,0.9393477,0.9393477095617037,5,100000,4996
AGGATCAA,0.93816227,0.9381622892013359,5,100000,4996
GATATACT,0.9377706,0.937770585082258,5,100000,4996
TATATCTC,0.9376984,0.9376984290603225,5,100000,4996
TATCTCCC,0.93744075,0.9374407289819816,5,100000,4996
AACGATAC,0.93728614,0.9372861089349771,5,100000,4996
GATACTCC,0.93565744,0.9356574444398631,5,100000,4996
AGTATCGA,0.9347503,0.9347503401641034,5,100000,4996
GCTATCAC,0.93396693,0.9339669319259473,5,100000,4996
TATATCAA,0.933668,0.933667999835072,5,100000,4996
GGTATTAT,0.9329258,0.9329258236094504,5,100000,4996
CATATATA,0.9319775,0.9319774873211562,5,100000,4996
TATATCTA,0.93192595,0.931925947305488,5,100000,4996
GATATAAT,0.9310807,0.9310806910485301,5,100000,4996
ATTATATC,0.9310807,0.9310806910485301,5,100000,4996
TATAGTAT,0.9304519,0.9304519028573784,5,100000,4996
CGGATCAA,0.9298025,0.9298024986599597,5,100000,4996
TATATACC,0.9296994,0.9296994186286234,5,100000,4996
GGTATATA,0.9296994,0.9296994186286234,5,100000,4996
CCTATATC,0.92959636,0.929596338597287,5,100000,4996
GATATAGG,0.92959636,0.929596338597287,5,100000,4996
GATACGAT,0.9294726,0.9294726425596833,5,100000,4996
GACATATC,0.9292562,0.9292561744938771,5,100000,4996
GATATGTC,0.9292562,0.9292561744938771,5,100000,4996
GATGTATC,0.92898816,0.9289881664124026,5,100000,4996
GATACATC,0.92898816,0.9289881664124026,5,100000,4996
CGTATCAG,0.92832845,0.9283284542118501,5,100000,4996
TATATCGC,0.92818415,0.9281841421679792,5,100000,4996
AAGATACC,0.92685443,0.9268544097637406,5,100000,4996
GGTATCTT,0.92685443,0.9268544097637406,5,100000,4996
GATACTTC,0.9264318,0.9264317816352615,5,100000,4996
GCTATCAA,0.92576176,0.9257617614315755,5,100000,4996
CATATATC,0.9251948,0.9251948212592257,5,100000,4996
GATATATG,0.9251948,0.9251948212592257,5,100000,4996
AGTATCGC,0.9248959,0.9248958891683503,5,100000,4996
GATATAGA,0.9246073,0.9246072650806086,5,100000,4996
GATATGTG,0.9244011,0.9244011050179359,5,100000,4996
GATATGGA,0.92398876,0.9239887848925906,5,100000,4996
GGTGTCAG,0.9239476,0.923947552880056,5,100000,4996
GATAGATA,0.9238135,0.9238135488393188,5,100000,4996
AATATCAT,0.9232157,0.9232156846575681,5,100000,4996
TATAATAC,0.9227106,0.9227105925040202,5,100000,4996
TATCTGAT,0.92222613,0.9222261163567395,5,100000,4996
GATACCGG,0.92216426,0.9221642683379376,5,100000,4996
ACTATATC,0.92187566,0.921875644250196,5,100000,4996
GATATAGT,0.92187566,0.921875644250196,5,100000,4996
ACTATCAT,0.9216901,0.9216901001937905,5,100000,4996
GATATGCT,0.92107165,0.9210716200057726,5,100000,4996
GATACCAG,0.9206593,0.9206592998804272,5,100000,4996
GATACGCC,0.92045313,0.9204531398177546,5,100000,4996
CCTATCAC,0.92004085,0.9200408196924091,5,100000,4996
GCTATATC,0.9194223,0.9194223395043912,5,100000,4996
GATATAGC,0.9194223,0.9194223395043912,5,100000,4996
GATATGCG,0.91811323,0.9181132231064197,5,100000,4996
TATCATAA,0.9177215,0.9177215189873418,5,100000,4996
GATACCGC,0.9176391,0.9176390549622727,5,100000,4996
GATACCAC,0.91761845,0.9176184389560055,5,100000,4996
TATATCCG,0.91751534,0.9175153589246692,5,100000,4996
TATCAAAA,0.9173092,0.9173091988619964,5,100000,4996
TAGATCAT,0.9150827,0.9150826701851317,5,100000,4996
GGTATTAA,0.9150208,0.91502082216633,5,100000,4996
GATCTGAT,0.91481465,0.9148146621036574,5,100000,4996
TTGATCCC,0.9142271,0.9142271059250402,5,100000,4996
GGGATCAA,0.9142271,0.9142271059250402,5,100000,4996
TATCACAG,0.9134437,0.9134436976868842,5,100000,4996
GGTGTCAC,0.9134334,0.9134333896837504,5,100000,4996
TATTTGAT,0.91259843,0.9125984414299262,5,100000,4996
GATAGTAT,0.9121449,0.9121448892920463,5,100000,4996
AGTATCTA,0.91172224,0.9117222611635674,5,100000,4996
GTATTATC,0.91143364,0.9114336370758257,5,100000,4996
GATATACA,0.91143364,0.9114336370758257,5,100000,4996
GATAATAC,0.91143364,0.9114336370758257,5,100000,4996
TGTATCGT,0.91115534,0.9111553209912175,5,100000,4996
CCTATCAA,0.9102379,0.9102379087123244,5,100000,4996
GATATATT,0.90914524,0.9091452603801592,5,100000,4996
AATATATC,0.90914524,0.9091452603801592,5,100000,4996
TATACCCT,0.90901124,0.9090112563394219,5,100000,4996
ACTATCAC,0.9081866,0.9081866160887313,5,100000,4996
TATCTCAC,0.9081763,0.9081763080855977,5,100000,4996
CATATCGG,0.90720737,0.9072073557910362,5,100000,4996
GGTATCTG,0.90591884,0.905918855399332,5,100000,4996
GGTATCCA,0.90578485,0.9057848513585948,5,100000,4996
AATATCAA,0.90556836,0.9055683832927885,5,100000,4996
GATAGGAT,0.90536225,0.9053622232301158,5,100000,4996
GATAGCCG,0.9045067,0.9045066589700244,5,100000,4996
GATATGCA,0.9039294,0.9039294107945408,5,100000,4996
TATCTCTC,0.9031048,0.9031047705438503,5,100000,4996
AGGATCAT,0.9030532,0.9030532305281821,5,100000,4996
TATATCCA,0.9024554,0.9024553663464314,5,100000,4996
GTGATCAT,0.90241414,0.902414134333897,5,100000,4996
ATGATCAC,0.90241414,0.902414134333897,5,100000,4996
ATTATACC,0.9022595,0.9022595142868923,5,100000,4996
GGTATAAT,0.9022595,0.9022595142868923,5,100000,4996
GATACTAA,0.9022286,0.9022285902774915,5,100000,4996
GATATGTT,0.9020018,0.9020018142085515,5,100000,4996
AATATAGA,0.9019503,0.9019502741928833,5,100000,4996
GATACGGC,0.90131116,0.9013111779985981,5,100000,4996
GATCCAAT,0.9010535,0.9010534779202574,5,100000,4996
TATCTCAA,0.90065145,0.9006514657980456,5,100000,4996
GGTATCTC,0.9001773,0.9001772976538985,5,100000,4996
GAGATACC,0.9001773,0.9001772976538985,5,100000,4996
TATATCTT,0.899899,0.8998989815692905,5,100000,4996
TATATCCT,0.8994454,0.8994454294314106,5,100000,4996
TGGATCAA,0.8986105,0.8986104811775862,5,100000,4996
GATATTAA,0.8984146,0.8984146291180473,5,100000,4996
CAGATCAT,0.8980435,0.8980435410052365,5,100000,4996
TATCCCTC,0.8976828,0.8976827608955593,5,100000,4996
GATACCAA,0.8976209,0.8976209128767576,5,100000,4996
CCGATCAC,0.8976209,0.8976209128767576,5,100000,4996
TGTATCTC,0.8964149,0.8964148765101225,5,100000,4996
TATATCGT,0.8963427,0.8963427204881871,5,100000,4996
GATCACCC,0.8962809,0.8962808724693851,5,100000,4996
AATATACC,0.89603347,0.896033480394178,5,100000,4996
TGGATCAC,0.89574486,0.8957448563064363,5,100000,4996
CATATCCG,0.8956315,0.8956314682719664,5,100000,4996
GATACTGC,0.8951882,0.8951882241372201,5,100000,4996
GCTATCAG,0.895013,0.8950129880839484,5,100000,4996
GATAGCCT,0.89483774,0.8948377520306766,5,100000,4996
GATATTAT,0.89419866,0.8941986558363915,5,100000,4996
GATCATAC,0.8940234,0.8940234197831196,5,100000,4996
CGTATCGC,0.8940234,0.8940234197831196,5,100000,4996
TATAGGAT,0.8934256,0.8934255556013689,5,100000,4996
TATCTTAT,0.8930957,0.8930956995010927,5,100000,4996
AGTATCTC,0.89242566,0.8924256792974065,5,100000,4996
GATACGTG,0.8919721,0.8919721271595267,5,100000,4996
GATCACAC,0.8910341,0.8910340988743661,5,100000,4996
GACACCCC,0.89068365,0.8906836267678225,5,100000,4996
CATATCCT,0.8899105,0.8899105265328,5,100000,4996
AATACCCC,0.8892508,0.8892508143322476,5,100000,4996
TGTATGAT,0.88919926,0.8891992743165794,5,100000,4996
GATATTAG,0.8889519,0.8889518822413722,5,100000,4996
GATCACAT,0.88889,0.8888900342225705,5,100000,4996
ATGATCTC,0.8888076,0.8888075701975013,5,100000,4996
GAGATCAT,0.8888076,0.8888075701975013,5,100000,4996
CATATCGC,0.88840556,0.8884055580752898,5,100000,4996
TATATATT,0.88766336,0.8876633818496681,5,100000,4996
AATATATA,0.88766336,0.8876633818496681,5,100000,4996
GTAATATC,0.8874881,0.8874881457963963,5,100000,4996
GATATTAC,0.8874881,0.8874881457963963,5,100000,4996
CATATCGA,0.88708615,0.8870861336741847,5,100000,4996
TATGACAC,0.8869212,0.8869212056240465,5,100000,4996
ACCATATC,0.8862821,0.8862821094297613,5,100000,4996
GATATGGT,0.8862821,0.8862821094297613,5,100000,4996
TATACTAT,0.8855606,0.8855605492104069,5,100000,4996
TATACCAA,0.88502455,0.8850245330474581,5,100000,4996
GGTATCCT,0.88451946,0.8845194408939101,5,100000,4996
GGGATCAG,0.8838906,0.8838906527027585,5,100000,4996
CTGATCCC,0.8838906,0.8838906527027585,5,100000,4996
GATACAGC,0.8837876,0.8837875726714222,5,100000,4996
GAGATACG,0.88349897,0.8834989485836804,5,100000,4996
CGTATCTC,0.88349897,0.8834989485836804,5,100000,4996
TAGATGAT,0.88287014,0.8828701603925287,5,100000,4996
AGTATCCA,0.88194245,0.8819424401105019,5,100000,4996
GAGATCAA,0.88193214,0.8819321321073682,5,100000,4996
TATACCTC,0.8818188,0.8818187440728982,5,100000,4996
CATATCTA,0.8813858,0.8813858079412856,5,100000,4996
AATAATAC,0.88075703,0.880757019750134,5,100000,4996
TGTATCGC,0.88032407,0.8803240836185214,5,100000,4996
AGTATCTT,0.8800973,0.8800973075495815,5,100000,4996
CCTATCAG,0.8798602,0.8798602234775079,5,100000,4996
CAGATCAC,0.8790459,0.8790458912299509,5,100000,4996
GTGATCTG,0.8790459,0.8790458912299509,5,100000,4996
GCTATATA,0.878881,0.8788809631798128,5,100000,4996
TATATAGC,0.878881,0.8788809631798128,5,100000,4996
GATCTATT,0.87876755,0.8787675751453429,5,100000,4996
GATAGGGT,0.8768194,0.8768193625530861,5,100000,4996
GACGTATC,0.8763864,0.8763864264214737,5,100000,4996
GATACGTC,0.8763864,0.8763864264214737,5,100000,4996
TATATTAT,0.87617,0.8761699583556674,5,100000,4996
GATCCTAT,0.8761184,0.8761184183399991,5,100000,4996
TATACCAT,0.87605655,0.8760565703211973,5,100000,4996
GATACAAG,0.8760359,0.8760359543149302,5,100000,4996
GAGATGAT,0.8755205,0.8755205541582485,5,100000,4996
GATCAAAA,0.87549996,0.8754999381519812,5,100000,4996
TAGATCAG,0.87533504,0.8753350101018431,5,100000,4996
GGTATGAT,0.8750567,0.8750566940172351,5,100000,4996
TATCTTCC,0.8750051,0.8750051540015668,5,100000,4996
AAGATCAA,0.8749536,0.8749536139858988,5,100000,4996
GGTATACC,0.874933,0.8749329979796313,5,100000,4996
GATCTCCT,0.8733971,0.87339710551272,5,100000,4996
GATCACTA,0.8728611,0.8728610893497711,5,100000,4996
AGTATACC,0.8726343,0.8726343132808312,5,100000,4996
GATATTGG,0.87249,0.8724900012369603,5,100000,4996
CATATCTT,0.87246937,0.8724693852306932,5,100000,4996
TAGATCAA,0.87239724,0.8723972292087577,5,100000,4996
GATACGAC,0.87178904,0.8717890570238733,5,100000,4996
TATCTAAT,0.87122214,0.8712221168515235,5,100000,4996
AATATCTA,0.87112933,0.8711293448233208,5,100000,4996
GATATTCC,0.87100565,0.8710056487857173,5,100000,4996
GATTATAC,0.8709438,0.8709438007669155,5,100000,4996
GATATGAC,0.8708098,0.8708097967261782,5,100000,4996
GATAGGGG,0.87049025,0.8704902486290356,5,100000,4996
CGTATATC,0.8703872,0.8703871685976993,5,100000,4996
GATATACG,0.8703872,0.8703871685976993,5,100000,4996
TATATAAT,0.8700882,0.8700882365068239,5,100000,4996
AGTATCCG,0.8700882,0.8700882365068239,5,100000,4996
GGTATCCG,0.86886156,0.8688615841339216,5,100000,4996
AATATACA,0.8685214,0.8685214200305117,5,100000,4996
GGGATACC,0.8685008,0.8685008040242445,5,100000,4996
GGTATCCC,0.8685008,0.8685008040242445,5,100000,4996
CTGATCAT,0.8684905,0.8684904960211108,5,100000,4996
TATATAAG,0.8680885,0.868088483898899,5,100000,4996
GATCTTAC,0.868006,0.8680060198738301,5,100000,4996
GATATAAC,0.8678823,0.8678823238362264,5,100000,4996
GTTATATC,0.8678823,0.8678823238362264,5,100000,4996
GATATAAG,0.8678617,0.8678617078299593,5,100000,4996
GATAGCTT,0.8674597,0.8674596957077475,5,100000,4996
AATATCCG,0.8674288,0.8674287716983466,5,100000,4996
GATCATAG,0.8673463,0.8673463076732776,5,100000,4996
GGTATAAA,0.8669855,0.8669855275636005,5,100000,4996
TATATACA,0.86665565,0.8666556714633241,5,100000,4996
AAGTATAC,0.8664701,0.8664701274069188,5,100000,4996
GATACAGG,0.8662949,0.866294891353647,5,100000,4996
GATACAAC,0.86548054,0.86548055910609,5,100000,4996
ATTATCCG,0.8650167,0.8650166989650765,5,100000,4996
GCGATCGC,0.86459404,0.8645940708365975,5,100000,4996
GATAATAT,0.8641405,0.8641405186987177,5,100000,4996
GATAGTAG,0.86342925,0.863429266482497,5,100000,4996
CATATCCC,0.8628932,0.8628932503195481,5,100000,4996
GGTATTGA,0.86131614,0.8613161258401023,5,100000,4996
GATCCCTC,0.8593576,0.8593576052447119,5,100000,4996
GATTGATC,0.8586257,0.8586257370222241,5,100000,4996
GATCAATC,0.8586257,0.8586257370222241,5,100000,4996
TATCTCCA,0.8583474,0.858347420937616,5,100000,4996
AAGATCAT,0.8583268,0.8583268049313487,5,100000,4996
GATACAAT,0.85828555,0.8582855729188142,5,100000,4996
TATGTGAT,0.8582753,0.8582752649156805,5,100000,4996
ATTATCTC,0.8578423,0.857842328784068,5,100000,4996
GAGATAAT,0.8578423,0.857842328784068,5,100000,4996
GATATTCT,0.8561209,0.8561208922607513,5,100000,4996
GACACCAT,0.8560075,0.8560075042262814,5,100000,4996
TATATGAG,0.8557704,0.8557704201542078,5,100000,4996
GATATTGA,0.8557086,0.855708572135406,5,100000,4996
TATACAAT,0.8555952,0.855595184100936,5,100000,4996
GATATTGT,0.8552344,0.8552344039912588,5,100000,4996
TATCGCGC,0.855121,0.8551210159567888,5,100000,4996
GATACTAG,0.85448194,0.8544819197625036,5,100000,4996
TATATTAA,0.8543582,0.8543582237249,5,100000,4996
GATAGGGC,0.85351294,0.853512967467942,5,100000,4996
GTTATCCG,0.8534305,0.8534305034428731,5,100000,4996
GATATGGC,0.85311097,0.8531109553457304,5,100000,4996
AATATCGT,0.8530388,0.853038799323795,5,100000,4996
TATCTAAC,0.8530388,0.853038799323795,5,100000,4996
GATACCGA,0.8527708,0.8527707912423205,5,100000,4996
GATAGATC,0.85242033,0.8524203191357771,5,100000,4996
ATAATCCC,0.8523997,0.8523997031295097,5,100000,4996
TATACTAG,0.85233784,0.8523378551107079,5,100000,4996
GGGATAAC,0.85197705,0.8519770750010307,5,100000,4996
GTTATCCC,0.85197705,0.8519770750010307,5,100000,4996
CATATATT,0.85177094,0.8517709149383581,5,100000,4996
AATATATG,0.85177094,0.8517709149383581,5,100000,4996
TGTATCCC,0.85094625,0.8509462746876676,5,100000,4996
AGTATCTG,0.8504206,0.8504205665278523,5,100000,4996
AATAGTAT,0.84987426,0.8498742423617697,5,100000,4996
GATCTCTG,0.8498227,0.8498227023461016,5,100000,4996
GATACACA,0.8498124,0.8498123943429678,5,100000,4996
TATATTAC,0.84912175,0.8491217581330145,5,100000,4996
AATACCTC,0.848627,0.8486269739826,5,100000,4996
TATATTAG,0.8484105,0.8484105059167938,5,100000,4996
GATAATAG,0.84831774,0.8483177338885911,5,100000,4996
GATCCACC,0.8482146,0.8482146538572548,5,100000,4996
TATCTTAC,0.8480394,0.8480394178039831,5,100000,4996
TAGATCAC,0.84771985,0.8477198697068403,5,100000,4996
GATACAGA,0.8474931,0.8474930936379006,5,100000,4996
GATCCCCT,0.84721476,0.8472147775532924,5,100000,4996
GTGATCAC,0.84707046,0.8470704655094216,5,100000,4996
CATAGTAT,0.8465963,0.8465962973652743,5,100000,4996
TATATAAA,0.84619427,0.8461942852430627,5,100000,4996
CATATCTC,0.84614277,0.8461427452273945,5,100000,4996
TATCTCTT,0.84597784,0.8459778171772564,5,100000,4996
ACTATCAG,0.8445347,0.8445346967385478,5,100000,4996
GATCGCCC,0.84398836,0.8439883725724653,5,100000,4996
GAGATCTC,0.84360695,0.8436069764565208,5,100000,4996
GATAGTTC,0.84348327,0.8434832804189173,5,100000,4996
GATACGAG,0.8430194,0.8430194202779039,5,100000,4996
AATATCCA,0.84259677,0.8425967921494248,5,100000,4996
TCGATCCC,0.842102,0.8421020079990105,5,100000,4996
GGGATCGA,0.842102,0.8421020079990105,5,100000,4996
GATATTTA,0.84185463,0.8418546159238033,5,100000,4996
GGTATTAC,0.8416175,0.8416175318517297,5,100000,4996
ACTATCTC,0.8415763,0.8415762998391951,5,100000,4996
GAGATAGT,0.8415763,0.8415762998391951,5,100000,4996
GTGATCTC,0.84103,0.8410299756731127,5,100000,4996
GAGATCAC,0.84103,0.8410299756731127,5,100000,4996
CATGACAC,0.84085476,0.8408547396198409,5,100000,4996
TATATTTA,0.8401229,0.840122871397353,5,100000,4996
TATCTTAA,0.8400507,0.8400507153754175,5,100000,4996
GTTGACAC,0.8399373,0.8399373273409475,5,100000,4996
ACTATCGT,0.83985484,0.8398548633158784,5,100000,4996
GATAAGAT,0.83958685,0.839586855234404,5,100000,4996
TATTTAAT,0.83945286,0.8394528511936669,5,100000,4996
GATCACTC,0.83906114,0.8390611470745887,5,100000,4996
TATCGCAC,0.83864886,0.8386488269492435,5,100000,4996
GATCAGAC,0.8382159,0.8382158908176308,5,100000,4996
GATCCCAT,0.837917,0.8379169587267555,5,100000,4996
CATATCCA,0.8377211,0.8377211066672164,5,100000,4996
GATCCGCC,0.8359275,0.8359275141219644,5,100000,4996
CTGATCAG,0.83584505,0.8358450500968952,5,100000,4996
GATCCGAC,0.8344844,0.8344843936832557,5,100000,4996
GGGATACT,0.83437103,0.8343710056487856,5,100000,4996
AGTATCCC,0.83437103,0.8343710056487856,5,100000,4996
TATCCCAC,0.83377314,0.8337731414670351,5,100000,4996
TATACCGA,0.8333299,0.8333298973322888,5,100000,4996
AATATCCC,0.83305156,0.8330515812476808,5,100000,4996
AAGATCAC,0.8327939,0.83279388116934,5,100000,4996
GTGATCTT,0.8327939,0.83279388116934,5,100000,4996
AAGATCCG,0.8325568,0.8325567970972663,5,100000,4996
CATATCTG,0.8324434,0.8324434090627963,5,100000,4996
GGTATAAC,0.8321548,0.8321547849750547,5,100000,4996
GTTATACC,0.8321548,0.8321547849750547,5,100000,4996
GATATTCA,0.8319383,0.8319383169092484,5,100000,4996
GATAGCGT,0.8316806,0.8316806168309074,5,100000,4996
AATATCTC,0.83151567,0.8315156887807694,5,100000,4996
GATAGCGG,0.8314229,0.8314229167525667,5,100000,4996
ATTATCCC,0.8310518,0.8310518286397559,5,100000,4996
CATGGGAT,0.8308972,0.8308972085927515,5,100000,4996
GTTAATAC,0.83046424,0.8304642724611389,5,100000,4996
TAAATGAT,0.8298561,0.8298561002762544,5,100000,4996
CATATAGA,0.8284027,0.8284026718344122,5,100000,4996
TATATGCC,0.82790786,0.8279078876839978,5,100000,4996
AGTATTAA,0.8267946,0.8267946233455655,5,100000,4996
ATTAACAC,0.8266297,0.8266296952954274,5,100000,4996
TATCTTCT,0.8264648,0.8264647672452893,5,100000,4996
GATATGAG,0.82616585,0.8261658351544139,5,100000,4996
TCTAATAC,0.82528967,0.8252896548880551,5,100000,4996
AATATCTT,0.82527936,0.8252793468849214,5,100000,4996
GATCTCCC,0.82518655,0.8251865748567188,5,100000,4996
CATCTGAT,0.8244444,0.8244443986310972,5,100000,4996
CTTATCCC,0.8243207,0.8243207025934937,5,100000,4996
GATAGGAC,0.82425886,0.8242588545746918,5,100000,4996
GATCTCTT,0.8239908,0.8239908464932173,5,100000,4996
GATCAGTC,0.82387745,0.8238774584587474,5,100000,4996
AGTATAAT,0.82385683,0.82385684245248,5,100000,4996
GATCTCCG,0.82357854,0.823578526367872,5,100000,4996
GCGATCAC,0.8235476,0.8235476023584711,5,100000,4996
ACTATCGC,0.82322806,0.8232280542613285,5,100000,4996
AAGATCAG,0.8223828,0.8223827980043706,5,100000,4996
GATCTATG,0.8221354,0.8221354059291635,5,100000,4996
CATAGATC,0.8221354,0.8221354059291635,5,100000,4996
GATCCCAC,0.82159936,0.8215993897662145,5,100000,4996
AGTATAAG,0.82138294,0.8213829217004082,5,100000,4996
GATCTCAT,0.8210943,0.8210942976126664,5,100000,4996
GATATTGC,0.82108396,0.8210839896095329,5,100000,4996
GATCACAG,0.8210737,0.8210736816063993,5,100000,4996
GATGACAC,0.8210531,0.8210530656001319,5,100000,4996
GATATAAA,0.82087785,0.8208778295468602,5,100000,4996
GATCACAA,0.82063043,0.820630437471653,5,100000,4996
GACACCAC,0.82040364,0.820403661402713,5,100000,4996
TATATAAC,0.82013565,0.8201356533212387,5,100000,4996
GATAGCAA,0.8199604,0.8199604172679669,5,100000,4996
GATAGCCA,0.81989855,0.819898569249165,5,100000,4996
TATACCAC,0.81988823,0.8198882612460314,5,100000,4996
GATAGCTG,0.8196718,0.8196717931802251,5,100000,4996
AATATCGG,0.8192904,0.8192903970642808,5,100000,4996
AATATCGC,0.81922853,0.819228549045479,5,100000,4996
GCGATATT,0.81922853,0.819228549045479,5,100000,4996
GATAATCC,0.81851727,0.8185172968292582,5,100000,4996
GATAACAG,0.8184245,0.8184245248010557,5,100000,4996
TAATACAC,0.81806374,0.8180637446913784,5,100000,4996
TATCGCTC,0.81732154,0.8173215684657568,5,100000,4996
ATTATCCT,0.8173113,0.8173112604626231,5,100000,4996
GATATTCG,0.81690925,0.8169092483404115,5,100000,4996
AATATCCT,0.81690925,0.8169092483404115,5,100000,4996
GATAGGTC,0.81668246,0.8166824722714716,5,100000,4996
ATTATCAA,0.8164248,0.8164247721931308,5,100000,4996
AGGATCCC,0.8163732,0.8163732321774626,5,100000,4996
GATCACGC,0.8160743,0.8160743000865872,5,100000,4996
AATGACAC,0.8159197,0.8159196800395828,5,100000,4996
AAGATCGT,0.8157754,0.8157753679957119,5,100000,4996
GGGATGAT,0.8157032,0.8157032119737765,5,100000,4996
GGGATCGC,0.8156723,0.8156722879643755,5,100000,4996
GCGATCCC,0.8156723,0.8156722879643755,5,100000,4996
TATCGCCC,0.8153424,0.8153424318640993,5,100000,4996
CCTATCGG,0.8153218,0.815321815857832,5,100000,4996
GGTGTCTT,0.81471366,0.8147136436729477,5,100000,4996
TATAACTA,0.8145178,0.8145177916134086,5,100000,4996
GCTATCGA,0.8144353,0.8144353275883396,5,100000,4996
TATATCTG,0.81441474,0.8144147115820723,5,100000,4996
GATAGCAG,0.81424975,0.8142497835319341,5,100000,4996
GCTATCGG,0.8141673,0.8141673195068652,5,100000,4996
GTATCCAC,0.8137756,0.8137756153877872,5,100000,4996
TATCTCAG,0.81292003,0.8129200511276955,5,100000,4996
GATACGAA,0.81286854,0.8128685111120274,5,100000,4996
GATAGTCC,0.81279635,0.812796355090092,5,100000,4996
GATCTACC,0.81279635,0.812796355090092,5,100000,4996
AAGATCCT,0.8125387,0.812538655011751,5,100000,4996
GGTATAGT,0.8123428,0.8123428029522122,5,100000,4996
GATATTTT,0.81200266,0.8120026388488022,5,100000,4996
AAAATATC,0.81200266,0.8120026388488022,5,100000,4996
GCTATCCG,0.81198204,0.811982022842535,5,100000,4996
GGTATACA,0.81184804,0.8118480188017977,5,100000,4996
GGGATCTT,0.8117862,0.811786170782996,5,100000,4996
AAGATCCC,0.8117862,0.811786170782996,5,100000,4996
GGTGTAAT,0.81154907,0.8115490867109224,5,100000,4996
GCTATCGT,0.8114151,0.811415082670185,5,100000,4996
GATAGTTT,0.8112914,0.8112913866325816,5,100000,4996
TATAAACA,0.81117797,0.8111779985981116,5,100000,4996
TATCGGAC,0.81074506,0.810745062466499,5,100000,4996
TATACCCG,0.8106935,0.8106935224508308,5,100000,4996
TATACTAC,0.81059045,0.8105904424194945,5,100000,4996
GAGATCCC,0.81049764,0.8104976703912918,5,100000,4996
GGGATCTC,0.81049764,0.8104976703912918,5,100000,4996
GGTATAAG,0.8102503,0.8102502783160846,5,100000,4996
GATCACGG,0.81008536,0.8100853502659465,5,100000,4996
GATCCGAG,0.8098792,0.8098791902032738,5,100000,4996
GATCAAGC,0.80985856,0.8098585741970066,5,100000,4996
CCGATCCC,0.80876595,0.8087659258648414,5,100000,4996
GATACAAA,0.80852884,0.808528841792768,5,100000,4996
GATCTTCT,0.8080444,0.8080443656454872,5,100000,4996
GATCACCA,0.8079825,0.8079825176266854,5,100000,4996
ATAATCAT,0.8079104,0.80791036160475,5,100000,4996
CCTATCTA,0.80779696,0.80779697357028,5,100000,4996
GATCTTCC,0.80772483,0.8077248175483446,5,100000,4996
TCTATACC,0.8074465,0.8074465014637364,5,100000,4996
GACACCAA,0.80742586,0.8074258854574692,5,100000,4996
TATATTCT,0.80727124,0.8072712654104647,5,100000,4996
CAAATATC,0.8070342,0.8070341813383912,5,100000,4996
GATATTTG,0.8070342,0.8070341813383912,5,100000,4996
TATCCTAC,0.806828,0.8068280212757184,5,100000,4996
GTGATCAA,0.80633324,0.8063332371253041,5,100000,4996
TTGATCAC,0.80633324,0.8063332371253041,5,100000,4996
GATCCGTC,0.80619925,0.8061992330845669,5,100000,4996
GATTAATC,0.8060343,0.8060343050344286,5,100000,4996
CCTATACC,0.8058591,0.8058590689811569,5,100000,4996
TATACACC,0.8057766,0.8057766049560879,5,100000,4996
GATCGCTA,0.8055601,0.8055601368902816,5,100000,4996
GATCGCTC,0.80553955,0.8055395208840144,5,100000,4996
CCTAATAC,0.80552924,0.8055292128808808,5,100000,4996
GCGATGAT,0.8054055,0.8054055168432771,5,100000,4996
AATATATT,0.8053952,0.8053952088401435,5,100000,4996
ACTATCCC,0.80454993,0.8045499525831856,5,100000,4996
ACGATCCC,0.8036635,0.8036634643136931,5,100000,4996
TATATGCT,0.80363256,0.8036325403042922,5,100000,4996
TATAACAA,0.8032305,0.8032305281820805,5,100000,4996
CCGATCGC,0.8031481,0.8031480641570116,5,100000,4996
GAGATCAG,0.8026327,0.80263266400033,5,100000,4996
GAATATAC,0.8024883,0.8024883519564591,5,100000,4996
AAGATCTC,0.8021791,0.8021791118624501,5,100000,4996
GAGATCTT,0.8021791,0.8021791118624501,5,100000,4996
GATCTCGT,0.8017771,0.8017770997402383,5,100000,4996
GCGATCAT,0.8015297,0.8015297076650311,5,100000,4996
GATCTTAT,0.8011277,0.8011276955428195,5,100000,4996
TATCCCGC,0.8009421,0.800942151486414,5,100000,4996
TATACTCT,0.8007978,0.8007978394425431,5,100000,4996
GATAGCAC,0.8007875,0.8007875314394096,5,100000,4996
AGGATCTC,0.8007463,0.8007462994268751,5,100000,4996
GAGATCCT,0.8007463,0.8007462994268751,5,100000,4996
TCTATCCC,0.80031335,0.8003133632952625,5,100000,4996
CAGATCAA,0.80002475,0.8000247392075207,5,100000,4996
ATCATCAC,0.7995918,0.7995918030759082,5,100000,4996
TATCCCAT,0.7995506,0.7995505710633737,5,100000,4996
CCTATCGC,0.7986022,0.7986022347750794,5,100000,4996
GATCGTAC,0.7983136,0.7983136106873376,5,100000,4996
ATTAGTAT,0.797623,0.7976229744773843,5,100000,4996
CATATTAA,0.79717976,0.7971797303426381,5,100000,4996
TATATTTC,0.797056,0.7970560343050344,5,100000,4996
GATCTCTC,0.7970251,0.7970251102956335,5,100000,4996
GATCCCGA,0.7963139,0.7963138580794129,5,100000,4996
CCTATCTG,0.796252,0.796252010060611,5,100000,4996
TATATGAC,0.79613864,0.796138622026141,5,100000,4996
CATACCCC,0.7957985,0.7957984579227312,5,100000,4996
TGTGACAC,0.79575723,0.7957572259101967,5,100000,4996
CCTATCTC,0.7956541,0.7956541458788604,5,100000,4996
CGTATAAA,0.7956026,0.7956026058631922,5,100000,4996
TTTATCCC,0.79511815,0.7951181297159114,5,100000,4996
AATATAAT,0.7950872,0.7950872057065106,5,100000,4996
AATATAAG,0.79461306,0.7946130375623633,5,100000,4996
ATCATCAT,0.79407704,0.7940770213994145,5,100000,4996
AATATTAA,0.7936544,0.7936543932709357,5,100000,4996
TATCTCAT,0.7936028,0.7936028532552674,5,100000,4996
GGAATCAT,0.7932936,0.7932936131612585,5,100000,4996
GATCGATC,0.7932524,0.7932523811487239,5,100000,4996
GATAGCCC,0.7924174,0.7924174328948996,5,100000,4996
GATAGGAG,0.79231435,0.7923143528635632,5,100000,4996
GTTATGAT,0.79201543,0.7920154207726879,5,100000,4996
GAGCTATC,0.7918505,0.7918504927225497,5,100000,4996
GATAGCTC,0.7918505,0.7918504927225497,5,100000,4996
GTGATCAG,0.7905105,0.7905104523151776,5,100000,4996
TGGATCGC,0.7901703,0.7901702882117676,5,100000,4996
CATATGAT,0.78987134,0.7898713561208923,5,100000,4996
GGAATATA,0.78973734,0.789737352080155,5,100000,4996
TATATTCC,0.78973734,0.789737352080155,5,100000,4996
AAAATGAT,0.78909826,0.7890982558858698,5,100000,4996
GGTATTGT,0.7890467,0.7890467158702016,5,100000,4996
TATCTCGC,0.7888921,0.7888920958231972,5,100000,4996
GATCGCAT,0.7884798,0.7884797756978519,5,100000,4996
ATGATCAA,0.7884592,0.7884591596915844,5,100000,4996
GATAGCTA,0.7874387,0.7874386673813549,5,100000,4996
CATATTAT,0.78739744,0.7873974353688205,5,100000,4996
CCTATCCC,0.7873768,0.787376819362553,5,100000,4996
GACACTAT,0.78703666,0.7870366552591432,5,100000,4996
GATCTAAT,0.78689235,0.7868923432152723,5,100000,4996
TGTATAAC,0.78680986,0.7868098791902033,5,100000,4996
AGTATAAA,0.7866243,0.7866243351337979,5,100000,4996
GATCTCCA,0.78636664,0.786366635055457,5,100000,4996
GTTATTAT,0.78636664,0.786366635055457,5,100000,4996
TATAATAG,0.7859749,0.785974930936379,5,100000,4996
TATACCGC,0.7858203,0.7858203108893745,5,100000,4996
GGTATTAG,0.7856038,0.7856038428235682,5,100000,4996
GATATGAA,0.78504723,0.785047210654352,5,100000,4996
AATACCGC,0.7848926,0.7848925906073476,5,100000,4996
TATATGTA,0.784872,0.7848719746010803,5,100000,4996
TATCTGAG,0.78483075,0.7848307425885457,5,100000,4996
CATATACC,0.78455245,0.7845524265039376,5,100000,4996
GATCTGAG,0.7839958,0.7839957943347214,5,100000,4996
GATTAGAT,0.78395456,0.7839545623221869,5,100000,4996
TATCGCAG,0.78327423,0.7832742341153672,5,100000,4996
GATAGTAC,0.78314024,0.78314023007463,5,100000,4996
GATCTCAG,0.7830887,0.7830886900589618,5,100000,4996
AAAAGATC,0.78306806,0.7830680740526946,5,100000,4996
GATCTTTT,0.78306806,0.7830680740526946,5,100000,4996
CTTAGATC,0.78292376,0.7829237620088237,5,100000,4996
GATCTAAG,0.78292376,0.7829237620088237,5,100000,4996
AGTATTAC,0.78250116,0.7825011338803447,5,100000,4996
TATTACAC,0.78224343,0.7822434338020038,5,100000,4996
GAGATCGA,0.78203726,0.7820372737393312,5,100000,4996
GCTATAAT,0.7819136,0.7819135777017276,5,100000,4996
CATATAAT,0.7818105,0.7818104976703913,5,100000,4996
AATATCAG,0.7816868,0.7816868016327877,5,100000,4996
TATTTTAG,0.7816353,0.7816352616171196,5,100000,4996
CCTATCTT,0.7814394,0.7814394095575804,5,100000,4996
GATAGTGG,0.78123325,0.7812332494949078,5,100000,4996
GGGATCCC,0.78098583,0.7809858574197006,5,100000,4996
GACACCCA,0.7809137,0.7809137013977652,5,100000,4996
CATACTAT,0.78064567,0.7806456933162907,5,100000,4996
GATCCAAA,0.77997565,0.7799756731126046,5,100000,4996
TAGATCCT,0.77967674,0.7796767410217293,5,100000,4996
AATACACC,0.7783573,0.7783573166206242,5,100000,4996
GCGATCAA,0.77828515,0.7782851605986888,5,100000,4996
TTGATCGC,0.77828515,0.7782851605986888,5,100000,4996
TTTATCCT,0.7782645,0.7782645445924216,5,100000,4996
TAGATCCA,0.77823365,0.7782336205830207,5,100000,4996
TATTTATC,0.77815115,0.7781511565579516,5,100000,4996
GATAAATA,0.77815115,0.7781511565579516,5,100000,4996
GACACCTG,0.77813053,0.7781305405516843,5,100000,4996
ACGATCAT,0.77772856,0.7777285284294726,5,100000,4996
ATTATCAC,0.7768627,0.7768626561662474,5,100000,4996
ACGATCAG,0.77646065,0.7764606440440358,5,100000,4996
GATAACCC,0.7763988,0.776398796025234,5,100000,4996
GAGATCTA,0.77530617,0.7753061476930689,5,100000,4996
TAGATCTC,0.77530617,0.7753061476930689,5,100000,4996
GCTATCTT,0.7751824,0.7751824516554653,5,100000,4996
GATCCCGG,0.77507937,0.7750793716241289,5,100000,4996
GGTAATAC,0.7748732,0.7748732115614563,5,100000,4996
CATATTTA,0.7739867,0.7739867232919638,5,100000,4996
AATACCAC,0.7733373,0.773337319094545,5,100000,4996
TAGATAAA,0.7730487,0.7730486950068033,5,100000,4996
GATCTAAA,0.772925,0.7729249989691998,5,100000,4996
AAGATAAT,0.77270854,0.7727085309033933,5,100000,4996
GATCCCAG,0.7726879,0.7726879148971262,5,100000,4996
TATATGTC,0.7720385,0.7720385106997072,5,100000,4996
TACATCTT,0.77182204,0.771822042633901,5,100000,4996
TATATTGG,0.7717396,0.7717395786088319,5,100000,4996
CTTATCCT,0.77168804,0.7716880385931638,5,100000,4996
AATATGAT,0.771585,0.7715849585618273,5,100000,4996
GACACCTC,0.7715025,0.7715024945367585,5,100000,4996
GATTACAT,0.7708428,0.7708427823362058,5,100000,4996
GATCCTAC,0.7706263,0.7706263142703996,5,100000,4996
TAGATCGC,0.7702655,0.7702655341607224,5,100000,4996
TTTATCTC,0.7701728,0.7701727621325197,5,100000,4996
GAGATAAA,0.7701728,0.7701727621325197,5,100000,4996
AACAATAC,0.76985323,0.7698532140353771,5,100000,4996
CTTATCAA,0.7697192,0.7697192099946399,5,100000,4996
CAGATATT,0.76935846,0.7693584298849627,5,100000,4996
AATATCTG,0.76935846,0.7693584298849627,5,100000,4996
GATATTTC,0.7691626,0.7691625778254237,5,100000,4996
GAAATATC,0.7691626,0.7691625778254237,5,100000,4996
TATCTGTG,0.76913166,0.7691316538160228,5,100000,4996
TATTTCAA,0.769008,0.7690079577784191,5,100000,4996
GATAGCAT,0.769008,0.7690079577784191,5,100000,4996
GCTATCCT,0.76899767,0.7689976497752855,5,100000,4996
AATATTAT,0.7687812,0.7687811817094792,5,100000,4996
TATCGCAA,0.76800805,0.7680080814744569,5,100000,4996
GCTATCCA,0.7654311,0.7654310806910486,5,100000,4996
GACACGAT,0.7654208,0.765420772687915,5,100000,4996
GATAACAT,0.7654105,0.7654104646847812,5,100000,4996
ATCATCGT,0.7648229,0.7648229085061642,5,100000,4996
GATCCCGC,0.76479197,0.7647919844967633,5,100000,4996
TACACCAT,0.76474047,0.7647404444810951,5,100000,4996
TATAACCC,0.76470953,0.7647095204716942,5,100000,4996
GATCTGGC,0.7646167,0.7646167484434916,5,100000,4996
GATCCCGT,0.7644415,0.7644415123902198,5,100000,4996
GATAATGT,0.76359624,0.7635962561332619,5,100000,4996
GATCTGCC,0.76354474,0.7635447161175937,5,100000,4996
GAGTTATC,0.76243144,0.7624314517791613,5,100000,4996
GATAACTC,0.76243144,0.7624314517791613,5,100000,4996
TATATTTT,0.76185423,0.761854203603678,5,100000,4996
CGTATCCC,0.7617614,0.7617614315754752,5,100000,4996
TGGATCCC,0.7613903,0.7613903434626644,5,100000,4996
ATTATCAT,0.7612357,0.7612357234156599,5,100000,4996
AATATACG,0.7611017,0.7611017193749228,5,100000,4996
CCGATCGA,0.7607719,0.7607718632746465,5,100000,4996
GATCTCAA,0.760442,0.7604420071743702,5,100000,4996
ATTATCGC,0.76009154,0.7600915350678266,5,100000,4996
GATCTCGG,0.7597617,0.7597616789675504,5,100000,4996
GTTATCGG,0.7595452,0.7595452109017441,5,100000,4996
GGTATTGC,0.75929785,0.7592978188265369,5,100000,4996
TATTAGAC,0.75929785,0.7592978188265369,5,100000,4996
AGTGACAC,0.7591844,0.7591844307920669,5,100000,4996
CTTATCAT,0.7583598,0.7583597905413764,5,100000,4996
AATATTCC,0.7582979,0.7582979425225747,5,100000,4996
CAGATCCT,0.7575764,0.7575763823032201,5,100000,4996
TATATGAA,0.7570816,0.7570815981528058,5,100000,4996
GTTATCCT,0.75686514,0.7568651300869996,5,100000,4996
ATTATTAT,0.7568136,0.7568135900713313,5,100000,4996
GATCTCTA,0.7564528,0.7564528099616542,5,100000,4996
GATAGTGC,0.7563188,0.7563188059209169,5,100000,4996
GGTATAGC,0.75620544,0.756205417886447,5,100000,4996
GCTATACC,0.75620544,0.756205417886447,5,100000,4996
TATAGCCC,0.7561539,0.7561538778707789,5,100000,4996
GATCAAAT,0.7559477,0.7559477178081062,5,100000,4996
TATACCAG,0.75584465,0.7558446377767699,5,100000,4996
GATAACCG,0.75494784,0.7549478415041438,5,100000,4996
GATCCAAC,0.75472105,0.7547210654352039,5,100000,4996
GGAATCAC,0.7537624,0.753762421143776,5,100000,4996
GCTATGAT,0.7530821,0.7530820929369563,5,100000,4996
TGTATAAT,0.75260794,0.7526079247928091,5,100000,4996
TACATACC,0.75259763,0.7525976167896755,5,100000,4996
GGTGTCGC,0.7525564,0.7525563847771409,5,100000,4996
TATCTGAC,0.75251514,0.7525151527646065,5,100000,4996
GATCTCAC,0.7525048,0.7525048447614728,5,100000,4996
GATCGTAG,0.7519791,0.7519791366016575,5,100000,4996
GATTTGAT,0.75174206,0.7517420525295839,5,100000,4996
TATATTGC,0.75162864,0.751628664495114,5,100000,4996
GATCGCAC,0.7508659,0.7508658722632252,5,100000,4996
GCTATCGC,0.7507628,0.7507627922318889,5,100000,4996
GCTTTGAT,0.75069064,0.7506906362099535,5,100000,4996
AATATCGA,0.7505257,0.7505257081598152,5,100000,4996
GATCTTAG,0.750134,0.7501340040407373,5,100000,4996
TACATAAA,0.75003093,0.7500309240094009,5,100000,4996
GATCGCAG,0.74967015,0.7496701438997238,5,100000,4996
GATAGCGA,0.74954647,0.7495464478621201,5,100000,4996
AAGAATAC,0.74944335,0.7494433678307838,5,100000,4996
CATATTGA,0.74864966,0.7486496515894941,5,100000,4996
GAGTTGAT,0.7484641,0.7484641075330887,5,100000,4996
CGTATAAC,0.74835074,0.7483507194986188,5,100000,4996
TCTATCTG,0.74789715,0.747897167360739,5,100000,4996
CAGATAGA,0.74789715,0.747897167360739,5,100000,4996
GAGATCCG,0.74682516,0.746825135034841,5,100000,4996
GATGATAA,0.7465468,0.746546818950233,5,100000,4996
GATAGAGT,0.74634063,0.7463406588875603,5,100000,4996
GATAGTAA,0.7449285,0.7449284624582526,5,100000,4996
AGTATAAC,0.7448769,0.7448769224425845,5,100000,4996
GATAATTA,0.74372244,0.7437224260916175,5,100000,4996
TAGATCCC,0.74335134,0.7433513379788068,5,100000,4996
TAAATAAT,0.7432483,0.7432482579474704,5,100000,4996
ATTATTTA,0.7432483,0.7432482579474704,5,100000,4996
CCTATAAC,0.742671,0.742671009771987,5,100000,4996
TATAACTT,0.742269,0.7422689976497753,5,100000,4996
AATCCCCC,0.74223804,0.7422380736403744,5,100000,4996
GATCGGCC,0.74151653,0.7415165134210201,5,100000,4996
GATCATGC,0.7414134,0.7414134333896838,5,100000,4996
TATACAAC,0.74116606,0.7411660413144766,5,100000,4996
GATCCCAA,0.74086714,0.7408671092236012,5,100000,4996
TATAGCAA,0.7405991,0.7405991011421267,5,100000,4996
GTTATCTT,0.74055785,0.7405578691295922,5,100000,4996
GATTGTAT,0.7400218,0.7400218529666434,5,100000,4996
CATATAAG,0.7394446,0.7394446047911598,5,100000,4996
TATGTATT,0.7380221,0.7380221003587185,5,100000,4996
GATCTTGC,0.73746544,0.7374654681895023,5,100000,4996
GGTTTAAA,0.7373727,0.7373726961612996,5,100000,4996
GATAACTA,0.73697066,0.7369706840390879,5,100000,4996
GGGATTAA,0.73666143,0.7366614439450789,5,100000,4996
GATCTTCG,0.7364965,0.7364965158949408,5,100000,4996
AATAACAT,0.7364862,0.7364862078918072,5,100000,4996
GATAACAA,0.7363522,0.73635220385107,5,100000,4996
GCTATCTC,0.7354863,0.7354863315878448,5,100000,4996
GAGATAGC,0.7354863,0.7354863315878448,5,100000,4996
GATAAGAG,0.73490906,0.7349090834123614,5,100000,4996
GATCTGTC,0.7348885,0.7348884674060941,5,100000,4996
GTTATCAT,0.7348163,0.7348163113841587,5,100000,4996
TCAATCAT,0.73470294,0.7347029233496887,5,100000,4996
GCGATCTG,0.73404324,0.7340432111491362,5,100000,4996
CAGATCGC,0.73404324,0.7340432111491362,5,100000,4996
ATAATCAG,0.73382676,0.7338267430833298,5,100000,4996
TATTTAAG,0.7337958,0.733795819073929,5,100000,4996
TAGATAAC,0.7336515,0.7336515070300581,5,100000,4996
GTTATCTA,0.7336515,0.7336515070300581,5,100000,4996
GGTCTCAT,0.73352784,0.7335278109924546,5,100000,4996
ATTATCAG,0.73346597,0.7334659629736527,5,100000,4996
GAGATCCA,0.73345566,0.7334556549705192,5,100000,4996
TAGATCGT,0.73332167,0.7333216509297819,5,100000,4996
GATAACCT,0.73291963,0.7329196388075702,5,100000,4996
CAGATCCA,0.7321672,0.732167154578815,5,100000,4996
CGTATTAC,0.7319404,0.731940378509875,5,100000,4996
CATAATAC,0.73191977,0.7319197625036078,5,100000,4996
CCTATCCG,0.73061067,0.7306106461056364,5,100000,4996
GAGATCTG,0.7305282,0.7305281820805674,5,100000,4996
CAGATCTC,0.7305282,0.7305281820805674,5,100000,4996
GATCTTAA,0.73045605,0.7304560260586319,5,100000,4996
AGGATGAT,0.73008496,0.7300849379458211,5,100000,4996
GATAATTC,0.72985816,0.7298581618768811,5,100000,4996
GACACCGG,0.72984785,0.7298478538737476,5,100000,4996
GATCGTCC,0.7296726,0.7296726178204759,5,100000,4996
TATAGCCT,0.72816765,0.7281676493629654,5,100000,4996
AATACTTC,0.72807485,0.7280748773347628,5,100000,4996
GATCTTTC,0.7278584,0.7278584092689564,5,100000,4996
GATAAAAA,0.7275801,0.7275800931843484,5,100000,4996
CTTATCAG,0.72706467,0.7270646930276666,5,100000,4996
TCTATCAA,0.7270132,0.7270131530119985,5,100000,4996
AATACCAT,0.7267451,0.7267451449305241,5,100000,4996
GTTCTTAT,0.7261267,0.7261266647425061,5,100000,4996
TCTGACAC,0.7256628,0.7256628046014927,5,100000,4996
GATCTGAA,0.7251989,0.7251989444604792,5,100000,4996
CAAATGAT,0.7247763,0.7247763163320001,5,100000,4996
GATAATCG,0.72464234,0.724642312291263,5,100000,4996
GATCTTGT,0.72428155,0.7242815321815858,5,100000,4996
GGTGACAC,0.7238692,0.7238692120562404,5,100000,4996
GAAACTAT,0.72382796,0.7238279800437059,5,100000,4996
GGTTTCAT,0.7235806,0.7235805879684988,5,100000,4996
CTTCTCAC,0.7235084,0.7235084319465633,5,100000,4996
GTCATGAT,0.7233435,0.7233435038964252,5,100000,4996
TCTATTTT,0.72332287,0.723322887890158,5,100000,4996
GACAAGAT,0.722993,0.7229930317898816,5,100000,4996
GCGATCGA,0.7227766,0.7227765637240754,5,100000,4996
ACGATCAC,0.7223127,0.7223127035830619,5,100000,4996
TATAGCCA,0.7221684,0.7221683915391911,5,100000,4996
AACAAGAT,0.721787,0.7217869954232466,5,100000,4996
TCGATCAT,0.7217458,0.7217457634107121,5,100000,4996
CATATAAC,0.7215293,0.7215292953449057,5,100000,4996
GATCAAAC,0.7215087,0.7215086793386385,5,100000,4996
TATAGCTG,0.72105515,0.7210551272007586,5,100000,4996
CATTTATC,0.7208902,0.7208901991506206,5,100000,4996
GTATTCTC,0.71913785,0.7191378386179029,5,100000,4996
GAGAATAC,0.71913785,0.7191378386179029,5,100000,4996
GACATGAT,0.71912754,0.7191275306147693,5,100000,4996
TATAGTAC,0.7190966,0.7190966066053684,5,100000,4996
TATAGAAC,0.71876675,0.7187667505050921,5,100000,4996
GATAACAC,0.71853995,0.7185399744361523,5,100000,4996
TATGTAAT,0.71833384,0.7183338143734795,5,100000,4996
AATATAAA,0.7181689,0.7181688863233414,5,100000,4996
TATTTGAG,0.71809673,0.7180967303014061,5,100000,4996
CAATCCGC,0.71773595,0.7177359501917289,5,100000,4996
GTTAGTAT,0.71751946,0.7175194821259226,5,100000,4996
CATCTTAT,0.7173236,0.7173236300663836,5,100000,4996
GGCATCAT,0.71722054,0.7172205500350473,5,100000,4996
AATATAGC,0.716633,0.7166329938564301,5,100000,4996
AGTGTCAC,0.7164578,0.7164577578031583,5,100000,4996
GAGACTAT,0.71515894,0.7151589494083207,5,100000,4996
AAAATATT,0.7148394,0.714839401311178,5,100000,4996
GCTATCCC,0.7148188,0.7148187853049107,5,100000,4996
GAGATTAT,0.7147054,0.7147053972704408,5,100000,4996
AATAAGAT,0.7143962,0.7143961571764318,5,100000,4996
CATATACT,0.71435493,0.7143549251638973,5,100000,4996
TATAACAC,0.7135509,0.7135509009194739,5,100000,4996
GGTATGAG,0.71311796,0.7131179647878614,5,100000,4996
GATAGGCC,0.71309733,0.713097348781594,5,100000,4996
GAGCTGAT,0.71281904,0.712819032696986,5,100000,4996
GATCAGAG,0.7113656,0.7113656042551437,5,100000,4996
AAGATCCA,0.71104604,0.7110460561580011,5,100000,4996
AATATGAC,0.7109327,0.7109326681235312,5,100000,4996
AACGACAC,0.7104997,0.7104997319919186,5,100000,4996
ACTATCCG,0.7099843,0.7099843318352369,5,100000,4996
GCTATTAT,0.7097163,0.7097163237537624,5,100000,4996
CTTATCAC,0.7096957,0.7096957077474952,5,100000,4996
GTGATAAG,0.7096957,0.7096957077474952,5,100000,4996
GAGATCGT,0.70951015,0.7095101636910898,5,100000,4996
ACGATCTC,0.70951015,0.7095101636910898,5,100000,4996
TAGATTAC,0.709304,0.7093040036284172,5,100000,4996
GTAATCTA,0.709304,0.7093040036284172,5,100000,4996
GATCTGGA,0.70913905,0.709139075578279,5,100000,4996
GATGACCC,0.70870614,0.7087061394466664,5,100000,4996
GTGATTAA,0.7085206,0.708520595390261,5,100000,4996
TTAATCAC,0.7085206,0.708520595390261,5,100000,4996
TCTATAAC,0.7084484,0.7084484393683256,5,100000,4996
GTTATAGA,0.7084484,0.7084484393683256,5,100000,4996
AATAACAC,0.70790213,0.707902115202243,5,100000,4996
ACTATTAT,0.7078712,0.7078711911928421,5,100000,4996
CATACCTT,0.7077475,0.7077474951552385,5,100000,4996
TAGCTTAC,0.7077063,0.707706263142704,5,100000,4996
CATATTAC,0.7073558,0.7073557910361605,5,100000,4996
AATACCAA,0.70731455,0.7073145590236259,5,100000,4996
CATATGAC,0.70652086,0.7065208427823362,5,100000,4996
ACAATCCG,0.7063147,0.7063146827196636,5,100000,4996
GATAACGA,0.706057,0.7060569826413228,5,100000,4996
TATATGGC,0.7059539,0.7059539026099865,5,100000,4996
TATAAAAC,0.7057374,0.7057374345441801,5,100000,4996
TATCTTGC,0.70483035,0.7048303302684205,5,100000,4996
GATCGGAC,0.70417064,0.704170618067868,5,100000,4996
AATACCAG,0.7040572,0.7040572300333979,5,100000,4996
TATAATTC,0.7040366,0.7040366140271307,5,100000,4996
GGTATGAA,0.7037583,0.7037582979425226,5,100000,4996
TATAGCGA,0.70371705,0.7037170659299881,5,100000,4996
GATAAGAA,0.70313984,0.7031398177545046,5,100000,4996
GTTATCGT,0.703078,0.7030779697357028,5,100000,4996
GCTATCTG,0.7027275,0.7027274976291592,5,100000,4996
CAGATAGC,0.7027275,0.7027274976291592,5,100000,4996
GATCGCGC,0.7022224,0.7022224054756112,5,100000,4996
GATAAAAT,0.7022224,0.7022224054756112,5,100000,4996
GAAAATAT,0.7019647,0.7019647053972704,5,100000,4996
TCTATCAG,0.70166576,0.7016657733063951,5,100000,4996
AATTATAC,0.70161426,0.7016142332907269,5,100000,4996
AATACTAC,0.7009442,0.7009442130870407,5,100000,4996
GTTATCTG,0.7006556,0.700655588999299,5,100000,4996
CATATTGT,0.70062464,0.7006246649898982,5,100000,4996
CAAATTAT,0.70027417,0.7002741928833547,5,100000,4996
GGGATCTG,0.7000062,0.7000061848018801,5,100000,4996
CAGATCCC,0.7000062,0.7000061848018801,5,100000,4996
GATGTAAT,0.6999237,0.6999237207768111,5,100000,4996
GATAACCA,0.69893414,0.6989341524759825,5,100000,4996
TATCTGCC,0.69872797,0.6987279924133097,5,100000,4996
GAGATAAC,0.69852185,0.698521832350637,5,100000,4996
GTTATCTC,0.69852185,0.698521832350637,5,100000,4996
GGTGTTAC,0.69813013,0.6981301282315591,5,100000,4996
GTTCTCAG,0.6980889,0.6980888962190245,5,100000,4996
AATAATGC,0.69763535,0.6976353440811446,5,100000,4996
CCTATAAT,0.6976044,0.6976044200717437,5,100000,4996
GTTATATT,0.6975941,0.69759411206861,5,100000,4996
AATATAAC,0.6975941,0.69759411206861,5,100000,4996
AAAATAAG,0.6975838,0.6975838040654765,5,100000,4996
ATTATCGA,0.6971406,0.6971405599307302,5,100000,4996
AGTAATAC,0.6969241,0.696924091864924,5,100000,4996
GATAATGC,0.696419,0.696418999711376,5,100000,4996
GGTAATCC,0.6961716,0.6961716076361688,5,100000,4996
TATAACGG,0.6960685,0.6960685276048324,5,100000,4996
AATAGCTA,0.69599634,0.695996371582897,5,100000,4996
TCGATCAC,0.6956665,0.6956665154826207,5,100000,4996
AATATTTA,0.6955944,0.6955943594606853,5,100000,4996
AATACGCC,0.6954707,0.6954706634230817,5,100000,4996
GAGATCGG,0.6952439,0.6952438873541418,5,100000,4996
GTTATCAG,0.69491404,0.6949140312538655,5,100000,4996
TATAGCAG,0.6948006,0.6948006432193955,5,100000,4996
ACTATAAT,0.694512,0.6945120191316538,5,100000,4996
TCTATCGT,0.69446045,0.6944604791159857,5,100000,4996
TTTATCTG,0.69417185,0.694171855028244,5,100000,4996
GAAATGAT,0.69389355,0.6938935389436358,5,100000,4996
GATAGGAA,0.6923164,0.69231641446419,5,100000,4996
TATAACTC,0.6919453,0.6919453263513793,5,100000,4996
AATACTGC,0.69130623,0.6913062301570939,5,100000,4996
CTGATCAA,0.6910176,0.6910176060693523,5,100000,4996
GATTACGC,0.690997,0.690996990063085,5,100000,4996
GACAACAT,0.69087327,0.6908732940254814,5,100000,4996
AAAAATAC,0.69079083,0.6907908300004123,5,100000,4996
GTGATAAC,0.6907805,0.6907805219972787,5,100000,4996
GTTATCAC,0.6907805,0.6907805219972787,5,100000,4996
GCGATCTT,0.69071865,0.6907186739784769,5,100000,4996
TATACGAC,0.6903579,0.6903578938687996,5,100000,4996
GCGATCTC,0.68939924,0.689399249577372,5,100000,4996
GAGATCGC,0.68939924,0.689399249577372,5,100000,4996
ACTCTTAT,0.6892137,0.6892137055209665,5,100000,4996
CACCTAAT,0.6888735,0.6888735414175566,5,100000,4996
TATACGAG,0.6887705,0.6887704613862203,5,100000,4996
GATCGCAA,0.68842,0.6884199892796768,5,100000,4996
GATCTGAC,0.6877706,0.687770585082258,5,100000,4996
AATATAGT,0.6876572,0.6876571970477879,5,100000,4996
AGTGTCTC,0.6873789,0.6873788809631798,5,100000,4996
TAAACAAC,0.68684286,0.6868428648002309,5,100000,4996
CATCTGAC,0.6865955,0.6865954727250237,5,100000,4996
GTTCTAAT,0.6864924,0.6864923926936874,5,100000,4996
TATAACAG,0.68645114,0.6864511606811529,5,100000,4996
GAATTAAT,0.68645114,0.6864511606811529,5,100000,4996
TATATGCG,0.68630683,0.686306848637282,5,100000,4996
AATCTCTA,0.68595636,0.6859563765307384,5,100000,4996
CATAAATC,0.6857811,0.6857811404774666,5,100000,4996
GATTTATG,0.6857811,0.6857811404774666,5,100000,4996
CATAGGAT,0.6857708,0.685770832474333,5,100000,4996
AATAACCC,0.6855956,0.6855955964210613,5,100000,4996
TATGTAAG,0.685575,0.685574980414794,5,100000,4996
TTTATCAG,0.68530697,0.6853069723333196,5,100000,4996
AATCCCTC,0.68523484,0.6852348163113842,5,100000,4996
TAAATCAA,0.68435866,0.6843586360450253,5,100000,4996
GAAAACAA,0.6837298,0.6837298478538738,5,100000,4996
AATACCGG,0.6836371,0.683637075825671,5,100000,4996
GTTATCGA,0.6834,0.6833999917535976,5,100000,4996
TCGATAAC,0.6834,0.6833999917535976,5,100000,4996
GTAATCCC,0.68317324,0.6831732156846576,5,100000,4996
GGGATTAC,0.68317324,0.6831732156846576,5,100000,4996
GTTAAGAT,0.683132,0.683131983672123,5,100000,4996
GGTGTAAG,0.6829877,0.6829876716282521,5,100000,4996
GATTATGT,0.6826372,0.6826371995217086,5,100000,4996
GATAACGT,0.68258566,0.6825856595060406,5,100000,4996
GAGATTAA,0.6817301,0.681730095245949,5,100000,4996
CATATAGC,0.6814518,0.6814517791613408,5,100000,4996
TCAATCTG,0.6812456,0.6812456190986682,5,100000,4996
CATGAGAC,0.6810085,0.6810085350265946,5,100000,4996
CGTAACAC,0.6806993,0.6806992949325857,5,100000,4996
TGAATCCT,0.6803179,0.6803178988166412,5,100000,4996
GTTATCCA,0.68029726,0.6802972828103739,5,100000,4996
TGGATAAC,0.68029726,0.6802972828103739,5,100000,4996
AATATTAC,0.6796891,0.6796891106254896,5,100000,4996
CATCTCAA,0.67949325,0.6794932585659506,5,100000,4996
CATATTAG,0.6794108,0.6794107945408815,5,100000,4996
CATGTAAT,0.6794005,0.679400486537748,5,100000,4996
GAACACGG,0.6793077,0.6793077145095452,5,100000,4996
AAGATCTG,0.6789469,0.6789469343998681,5,100000,4996
CAGATCTT,0.6789469,0.6789469343998681,5,100000,4996
GTTATCAA,0.6788748,0.6788747783779326,5,100000,4996
GGTAATAA,0.6779058,0.6779058260833711,5,100000,4996
TATAAAAA,0.67773056,0.6777305900300995,5,100000,4996
GAACTGAT,0.677277,0.6772770378922195,5,100000,4996
GACAATCC,0.67715335,0.6771533418546158,5,100000,4996
GAGTATAC,0.6768029,0.6768028697480724,5,100000,4996
GATTCGAT,0.67651427,0.6765142456603307,5,100000,4996
GTTATAAG,0.67588544,0.675885457469179,5,100000,4996
CTTATAAC,0.67588544,0.675885457469179,5,100000,4996
CGTAATAC,0.6754938,0.6754937533501011,5,100000,4996
TATTCCAA,0.67546284,0.6754628293407001,5,100000,4996
AATAAGCT,0.6750608,0.6750608172184884,5,100000,4996
ATAAACAC,0.67496806,0.6749680451902857,5,100000,4996
AATATGAA,0.67480314,0.6748031171401476,5,100000,4996
GTGATATC,0.9942172,0.9942172102420319,6,120000,5995
GGTATCAC,0.993908,0.9939079701480229,6,120000,5995
GTGATACC,0.993908,0.9939079701480229,6,120000,5995
TTGATATC,0.99350595,0.9935059580258113,6,120000,5995
TTGATACC,0.99298024,0.992980249865996,6,120000,5995
GGGGTATC,0.99091864,0.9909186492392694,6,120000,5995
ATGATACC,0.989692,0.989691996866367,6,120000,5995
GTATCATC,0.9861873,0.9861872758009319,6,120000,5995
ATGATATG,0.9850946,0.9850946274687667,6,120000,5995
GGGATATC,0.9840638,0.9840638271554035,6,120000,5995
TTGATACG,0.9825898,0.982589782707294,6,120000,5995
ACGATATC,0.9820228,0.9820228425349441,6,120000,5995
AGGGTATC,0.98124975,0.9812497422999216,6,120000,5995
ATGATACT,0.98043543,0.9804354100523647,6,120000,5995
TAGGTATC,0.97972417,0.979724157836144,6,120000,5995
ATGATATC,0.9794561,0.9794561497546695,6,120000,5995
GTATCATT,0.97941494,0.9794149177421351,6,120000,5995
TTGATACT,0.9781986,0.9781985733723663,6,120000,5995
GCGATATC,0.9771575,0.9771574650558693,6,120000,5995
ATGATACA,0.97611636,0.9761163567393725,6,120000,5995
AGGATATC,0.9755082,0.9755081845544881,6,120000,5995
GTGATACG,0.97516805,0.9751680204510782,6,120000,5995
CTGATATC,0.9750546,0.9750546324166083,6,120000,5995
GTATCAAC,0.9746835,0.9746835443037974,6,120000,5995
CGGATATC,0.9737352,0.9737352080155032,6,120000,5995
GTATGATA,0.9734363,0.9734362759246279,6,120000,5995
AAGATATC,0.9732095,0.9732094998556878,6,120000,5995
GATATATA,0.9730446,0.9730445718055498,6,120000,5995
TATATATC,0.9730446,0.9730445718055498,6,120000,5995
TAGATATC,0.9729827,0.9729827237867481,6,120000,5995
GATATATC,0.97251886,0.9725188636457345,6,120000,5995
ATGATAGC,0.9723333,0.9723333195893292,6,120000,5995
GTGATACA,0.97146744,0.9714674473261039,6,120000,5995
AAGGTATC,0.9706634,0.9706634230816805,6,120000,5995
TTGATATG,0.970045,0.9700449428936627,6,120000,5995
ATCATATC,0.97002435,0.9700243268873954,6,120000,5995
GTGATACT,0.969478,0.9694780027213128,6,120000,5995
CAGATATC,0.968272,0.9682719663546778,6,120000,5995
GATATCTG,0.968272,0.9682719663546778,6,120000,5995
GGTGTATC,0.9676947,0.9676947181791943,6,120000,5995
GGTATATC,0.9673236,0.9673236300663836,6,120000,5995
GATATACC,0.9673236,0.9673236300663836,6,120000,5995
ATATCATC,0.967035,0.9670350059786418,6,120000,5995
CTGATACT,0.9653548,0.9653548014678596,6,120000,5995
CGGGTATC,0.96530324,0.9653032614521916,6,120000,5995
GAGATATC,0.96503526,0.9650352533707169,6,120000,5995
GATATCTC,0.96503526,0.9650352533707169,6,120000,5995
GGGTGATA,0.9641694,0.9641693811074918,6,120000,5995
TGGATATC,0.96232426,0.9623242485465716,6,120000,5995
TAGATACC,0.962149,0.9621490124932999,6,120000,5995
GTGATATA,0.9619738,0.961973776440028,6,120000,5995
ATGACACC,0.96127284,0.961272832226941,6,120000,5995
CTGATATG,0.9595514,0.9595513957036242,6,120000,5995
CAGGTATC,0.9586752,0.9586752154372655,6,120000,5995
ACGATACC,0.95775783,0.9577578031583722,6,120000,5995
ATGATCCG,0.9577166,0.9577165711458376,6,120000,5995
GTGATATG,0.9574898,0.9574897950768977,6,120000,5995
ATGATATA,0.9571909,0.9571908629860224,6,120000,5995
GGGGTATA,0.9564074,0.9564074547478661,6,120000,5995
GGGGGATA,0.9563147,0.9563146827196636,6,120000,5995
TTGACACC,0.9545623,0.9545623221869459,6,120000,5995
GATACCTC,0.9544386,0.9544386261493425,6,120000,5995
GAGGTATC,0.9544386,0.9544386261493425,6,120000,5995
TCGATACC,0.95415,0.9541500020616006,6,120000,5995
CTGATACC,0.9533975,0.9533975178328454,6,120000,5995
GTATCAGT,0.9528821,0.9528821176761637,6,120000,5995
CCGATATC,0.95283055,0.9528305776604957,6,120000,5995
GGGGGATC,0.95283055,0.9528305776604957,6,120000,5995
AAAGTATC,0.9525935,0.952593493588422,6,120000,5995
GATACATA,0.95255226,0.9525522615758876,6,120000,5995
TATGTATC,0.95255226,0.9525522615758876,6,120000,5995
CCCATATC,0.9523461,0.9523461015132149,6,120000,5995
GTGTGATA,0.9519956,0.9519956294066714,6,120000,5995
ATGATCCC,0.9514184,0.9514183812311879,6,120000,5995
GGGATCAT,0.9514184,0.9514183812311879,6,120000,5995
GCGATACC,0.9493362,0.9493361645981941,6,120000,5995
GGGATATA,0.94857335,0.9485733723663052,6,120000,5995
GGCATATC,0.9485527,0.9485527563600379,6,120000,5995
AGTGTATC,0.9470581,0.9470580959056611,6,120000,5995
GTATCGTC,0.9469138,0.9469137838617903,6,120000,5995
ATGATAGG,0.9467076,0.9467076237991177,6,120000,5995
ATAGTATC,0.946151,0.9461509916299015,6,120000,5995
ATGGTATC,0.9456356,0.9456355914732198,6,120000,5995
GTGATATT,0.94530576,0.9453057353729436,6,120000,5995
CTGATATA,0.94520265,0.9452026553416072,6,120000,5995
TACATATC,0.94469756,0.9446975631880592,6,120000,5995
TGGGTATC,0.9444502,0.944450171112852,6,120000,5995
ACGATATG,0.94313073,0.9431307467117469,6,120000,5995
CCGATACC,0.9428421,0.9428421226240052,6,120000,5995
ATCATATA,0.9412856,0.9412856141508267,6,120000,5995
TCGATATA,0.94096607,0.940966066053684,6,120000,5995
GTAGTATC,0.9406156,0.9406155939471406,6,120000,5995
CGGATCAC,0.94041973,0.9404197418876016,6,120000,5995
GTGATCCG,0.94041973,0.9404197418876016,6,120000,5995
CTGATACA,0.9403888,0.9403888178782007,6,120000,5995
GTGATCCC,0.9401311,0.9401311177998598,6,120000,5995
TCGATATC,0.94004864,0.9400486537747907,6,120000,5995
GTGATCCT,0.9393477,0.9393477095617037,6,120000,5995
TTGATCCT,0.93816227,0.9381622892013359,6,120000,5995
GATATACT,0.9377706,0.937770585082258,6,120000,5995
AGTATATC,0.9377706,0.937770585082258,6,120000,5995
GAGATATA,0.9376984,0.9376984290603225,6,120000,5995
GGAGTATC,0.93565744,0.9356574444398631,6,120000,5995
GTGATAGC,0.93396693,0.9339669319259473,6,120000,5995
TTGATATA,0.933668,0.933667999835072,6,120000,5995
ACGATACT,0.9333588,0.933358759741063,6,120000,5995
ATAATACC,0.9329258,0.9329258236094504,6,120000,5995
TATATATG,0.9319775,0.9319774873211562,6,120000,5995
TAGATATA,0.93192595,0.931925947305488,6,120000,5995
ATTATATC,0.9310807,0.9310806910485301,6,120000,5995
ACGGTATC,0.93062717,0.9306271389106502,6,120000,5995
ATACTATA,0.9304519,0.9304519028573784,6,120000,5995
AGTATATA,0.9302767,0.9302766668041067,6,120000,5995
TATATACC,0.9296994,0.9296994186286234,6,120000,5995
GGTATATA,0.9296994,0.9296994186286234,6,120000,5995
CCTATATC,0.92959636,0.929596338597287,6,120000,5995
GATATAGG,0.92959636,0.929596338597287,6,120000,5995
ATCGTATC,0.9294726,0.9294726425596833,6,120000,5995
GACATATC,0.9292562,0.9292561744938771,6,120000,5995
GATACATC,0.92898816,0.9289881664124026,6,120000,5995
GATGTATC,0.92898816,0.9289881664124026,6,120000,5995
CTGATACG,0.92832845,0.9283284542118501,6,120000,5995
GCGATATA,0.92818415,0.9281841421679792,6,120000,5995
AAGATACC,0.92685443,0.9268544097637406,6,120000,5995
GATACTTC,0.9264318,0.9264317816352615,6,120000,5995
GAAGTATC,0.9264318,0.9264317816352615,6,120000,5995
TTGATAGC,0.92576176,0.9257617614315755,6,120000,5995
TACGTATC,0.92548347,0.9254834453469675,6,120000,5995
CATATATC,0.9251948,0.9251948212592257,6,120000,5995
GATATATG,0.9251948,0.9251948212592257,6,120000,5995
GCGATACT,0.9248959,0.9248958891683503,6,120000,5995
GGATTATA,0.9247,0.9247000371088113,6,120000,5995
TCTATATC,0.9246073,0.9246072650806086,6,120000,5995
CACATATC,0.9244011,0.9244011050179359,6,120000,5995
TCCATATC,0.92398876,0.9239887848925906,6,120000,5995
GATAGATA,0.9238135,0.9238135488393188,6,120000,5995
CAAGTATC,0.9232157,0.9232156846575681,6,120000,5995
ATGATATT,0.9232157,0.9232156846575681,6,120000,5995
GTATTATA,0.9227106,0.9227105925040202,6,120000,5995
CCGGTATC,0.92216426,0.9221642683379376,6,120000,5995
ACTATATC,0.92187566,0.921875644250196,6,120000,5995
ATGATAGT,0.9216901,0.9216901001937905,6,120000,5995
AGCATATC,0.92107165,0.9210716200057726,6,120000,5995
CTGGTATC,0.9206593,0.9206592998804272,6,120000,5995
GGCGTATC,0.92045313,0.9204531398177546,6,120000,5995
GTGATAGG,0.92004085,0.9200408196924091,6,120000,5995
GATATAGC,0.9194223,0.9194223395043912,6,120000,5995
GCTATATC,0.9194223,0.9194223395043912,6,120000,5995
TGAGTATC,0.9193193,0.9193192594730549,6,120000,5995
CGCATATC,0.91811323,0.9181132231064197,6,120000,5995
GCGGTATC,0.9176391,0.9176390549622727,6,120000,5995
GTGGTATC,0.91761845,0.9176184389560055,6,120000,5995
CGGATATA,0.91751534,0.9175153589246692,6,120000,5995
ATGATCTA,0.9150827,0.9150826701851317,6,120000,5995
TTAATACC,0.9150208,0.91502082216633,6,120000,5995
ATCAGATC,0.91481465,0.9148146621036574,6,120000,5995
TTGATCCC,0.9142271,0.9142271059250402,6,120000,5995
CTGTGATA,0.9134437,0.9134436976868842,6,120000,5995
GTGACACC,0.9134334,0.9134333896837504,6,120000,5995
AGATGATC,0.9131757,0.9131756896054097,6,120000,5995
ATCAAATA,0.91259843,0.9125984414299262,6,120000,5995
ATACTATC,0.9121449,0.9121448892920463,6,120000,5995
TAGATACT,0.91172224,0.9117222611635674,6,120000,5995
TGTATATC,0.91143364,0.9114336370758257,6,120000,5995
GTATTATC,0.91143364,0.9114336370758257,6,120000,5995
GATATACA,0.91143364,0.9114336370758257,6,120000,5995
GATATATT,0.90914524,0.9091452603801592,6,120000,5995
AATATATC,0.90914524,0.9091452603801592,6,120000,5995
AGGGTATA,0.90901124,0.9090112563394219,6,120000,5995
GTGATAGT,0.9081866,0.9081866160887313,6,120000,5995
GTGAGATA,0.9081763,0.9081763080855977,6,120000,5995
TAGGTATA,0.9075063,0.9075062878819116,6,120000,5995
CCGATATG,0.90720737,0.9072073557910362,6,120000,5995
TAAGTATC,0.9067126,0.9067125716406219,6,120000,5995
CAGATACC,0.90591884,0.905918855399332,6,120000,5995
TTGATAGT,0.90591884,0.905918855399332,6,120000,5995
GGTATCTG,0.90591884,0.905918855399332,6,120000,5995
TGGATACC,0.90578485,0.9057848513585948,6,120000,5995
TTGATATT,0.90556836,0.9055683832927885,6,120000,5995
ATCCTATC,0.90536225,0.9053622232301158,6,120000,5995
GCGTGATA,0.9045994,0.904599430998227,6,120000,5995
CGGCTATC,0.9045067,0.9045066589700244,6,120000,5995
TGCATATC,0.9039294,0.9039294107945408,6,120000,5995
GAGAGATA,0.9031048,0.9031047705438503,6,120000,5995
TGGATATA,0.9024554,0.9024553663464314,6,120000,5995
GTGATCAT,0.90241414,0.902414134333897,6,120000,5995
ATGATCAC,0.90241414,0.902414134333897,6,120000,5995
GGTATAAT,0.9022595,0.9022595142868923,6,120000,5995
ATTATACC,0.9022595,0.9022595142868923,6,120000,5995
TTAGTATC,0.9022286,0.9022285902774915,6,120000,5995
AACATATC,0.9020018,0.9020018142085515,6,120000,5995
GATATGTT,0.9020018,0.9020018142085515,6,120000,5995
GCCGTATC,0.90131116,0.9013111779985981,6,120000,5995
TTGAGATA,0.90065145,0.9006514657980456,6,120000,5995
GAGATACC,0.9001773,0.9001772976538985,6,120000,5995
GGTATCTC,0.9001773,0.9001772976538985,6,120000,5995
AAGATATA,0.899899,0.8998989815692905,6,120000,5995
CCGATACA,0.89948666,0.8994866614439451,6,120000,5995
AGGATATA,0.8994454,0.8994454294314106,6,120000,5995
TTGATCCA,0.8986105,0.8986104811775862,6,120000,5995
TTAATATC,0.8984146,0.8984146291180473,6,120000,5995
ATGATCTG,0.8980435,0.8980435410052365,6,120000,5995
TTGGTATC,0.8976209,0.8976209128767576,6,120000,5995
GTGATCGG,0.8976209,0.8976209128767576,6,120000,5995
CGTATATA,0.8974766,0.8974766008328866,6,120000,5995
CGAGTATC,0.8971674,0.8971673607388777,6,120000,5995
ATCGTATA,0.89677566,0.8967756566197996,6,120000,5995
CGCGTATC,0.89651793,0.8965179565414588,6,120000,5995
GAGATACA,0.8964149,0.8964148765101225,6,120000,5995
ACGATATA,0.8963427,0.8963427204881871,6,120000,5995
GGGTGATC,0.8962809,0.8962808724693851,6,120000,5995
GGTATATT,0.89603347,0.896033480394178,6,120000,5995
GTGATCCA,0.89574486,0.8957448563064363,6,120000,5995
CGGATATG,0.8956315,0.8956314682719664,6,120000,5995
GCAGTATC,0.8951882,0.8951882241372201,6,120000,5995
CTGATAGC,0.895013,0.8950129880839484,6,120000,5995
AGGCTATC,0.89483774,0.8948377520306766,6,120000,5995
ATAATATC,0.89419866,0.8941986558363915,6,120000,5995
GTATGATC,0.8940234,0.8940234197831196,6,120000,5995
GCGATACG,0.8940234,0.8940234197831196,6,120000,5995
ATCCTATA,0.8934256,0.8934255556013689,6,120000,5995
GAGATACT,0.89242566,0.8924256792974065,6,120000,5995
CACGTATC,0.8919721,0.8919721271595267,6,120000,5995
GTGTGATC,0.8910341,0.8910340988743661,6,120000,5995
GGGGTGTC,0.89068365,0.8906836267678225,6,120000,5995
AGGATATG,0.8899105,0.8899105265328,6,120000,5995
ATAGTATT,0.88956004,0.8895600544262565,6,120000,5995
GGGGTATT,0.8892508,0.8892508143322476,6,120000,5995
CTAATATC,0.8889519,0.8889518822413722,6,120000,5995
ATGTGATC,0.88889,0.8888900342225705,6,120000,5995
ATGATCTC,0.8888076,0.8888075701975013,6,120000,5995
GCGATATG,0.88840556,0.8884055580752898,6,120000,5995
AAGGGATC,0.8883643,0.8883643260627552,6,120000,5995
AATATATA,0.88766336,0.8876633818496681,6,120000,5995
GTAATATC,0.8874881,0.8874881457963963,6,120000,5995
TCGATATG,0.88708615,0.8870861336741847,6,120000,5995
AACGTATC,0.8869727,0.8869727456397147,6,120000,5995
GTGTCATA,0.8869212,0.8869212056240465,6,120000,5995
ACCATATC,0.8862821,0.8862821094297613,6,120000,5995
ATAGTATA,0.8855606,0.8855605492104069,6,120000,5995
TTGGTATA,0.88502455,0.8850245330474581,6,120000,5995
AGGATACC,0.88451946,0.8845194408939101,6,120000,5995
CTTAGATA,0.8843957,0.8843957448563065,6,120000,5995
CTGATCCC,0.8838906,0.8838906527027585,6,120000,5995
GGGATCAG,0.8838906,0.8838906527027585,6,120000,5995
GATACAGC,0.8837876,0.8837875726714222,6,120000,5995
GAGATACG,0.88349897,0.8834989485836804,6,120000,5995
CGTATCTC,0.88349897,0.8834989485836804,6,120000,5995
ATCATCTA,0.88287014,0.8828701603925287,6,120000,5995
TGGATACT,0.88194245,0.8819424401105019,6,120000,5995
TTGATCTC,0.88193214,0.8819321321073682,6,120000,5995
GAGGTATA,0.8818188,0.8818187440728982,6,120000,5995
TAGATATG,0.8813858,0.8813858079412856,6,120000,5995
GTATTATT,0.88075703,0.880757019750134,6,120000,5995
GCGATACA,0.88032407,0.8803240836185214,6,120000,5995
AAGATACT,0.8800973,0.8800973075495815,6,120000,5995
CTGATAGG,0.8798602,0.8798602234775079,6,120000,5995
GTGATCTG,0.8790459,0.8790458912299509,6,120000,5995
GCTATATA,0.878881,0.8788809631798128,6,120000,5995
GACGTATC,0.8763864,0.8763864264214737,6,120000,5995
GATACGTC,0.8763864,0.8763864264214737,6,120000,5995
ATAATATA,0.87617,0.8761699583556674,6,120000,5995
ATGGTATA,0.87605655,0.8760565703211973,6,120000,5995
CTTGTATC,0.8760359,0.8760359543149302,6,120000,5995
ATCATCTC,0.8755205,0.8755205541582485,6,120000,5995
GAGATGAT,0.8755205,0.8755205541582485,6,120000,5995
CCGATATA,0.8754381,0.8754380901331794,6,120000,5995
CTGATCTA,0.87533504,0.8753350101018431,6,120000,5995
ATCATACC,0.8750567,0.8750566940172351,6,120000,5995
GGAAGATA,0.8750051,0.8750051540015668,6,120000,5995
TTGATCTT,0.8749536,0.8749536139858988,6,120000,5995
GGTATACC,0.874933,0.8749329979796313,6,120000,5995
AGGAGATC,0.8733971,0.87339710551272,6,120000,5995
GGTATACT,0.8726343,0.8726343132808312,6,120000,5995
AGTATACC,0.8726343,0.8726343132808312,6,120000,5995
AAGATATG,0.87246937,0.8724693852306932,6,120000,5995
TTGATCTA,0.87239724,0.8723972292087577,6,120000,5995
GTCGTATC,0.87178904,0.8717890570238733,6,120000,5995
ATTAGATA,0.87122214,0.8712221168515235,6,120000,5995
TGGGTATA,0.87113965,0.8711396528264546,6,120000,5995
TAGATATT,0.87112933,0.8711293448233208,6,120000,5995
GGAATATC,0.87100565,0.8710056487857173,6,120000,5995
GTATAATC,0.8709438,0.8709438007669155,6,120000,5995
GTCATATC,0.8708098,0.8708097967261782,6,120000,5995
TCAATATA,0.8704387,0.8704387086133675,6,120000,5995
CGTATATC,0.8703872,0.8703871685976993,6,120000,5995
CGGATACT,0.8700882,0.8700882365068239,6,120000,5995
ATTATATA,0.8700882,0.8700882365068239,6,120000,5995
AGCGTATC,0.8690368,0.8690368201871933,6,120000,5995
CGGATACC,0.86886156,0.8688615841339216,6,120000,5995
ATAATACT,0.8688307,0.8688306601245207,6,120000,5995
TGTATATT,0.8685214,0.8685214200305117,6,120000,5995
GGGATACC,0.8685008,0.8685008040242445,6,120000,5995
CTGATCAT,0.8684905,0.8684904960211108,6,120000,5995
CTTATATA,0.8680885,0.868088483898899,6,120000,5995
GTAAGATC,0.868006,0.8680060198738301,6,120000,5995
GATATAAC,0.8678823,0.8678823238362264,6,120000,5995
GTTATATC,0.8678823,0.8678823238362264,6,120000,5995
GATATAAG,0.8678617,0.8678617078299593,6,120000,5995
CTTATATC,0.8678617,0.8678617078299593,6,120000,5995
AAGCTATC,0.8674597,0.8674596957077475,6,120000,5995
CGGATATT,0.8674288,0.8674287716983466,6,120000,5995
CTATGATC,0.8673463,0.8673463076732776,6,120000,5995
GGTATAAA,0.8669855,0.8669855275636005,6,120000,5995
TTTATACC,0.8669855,0.8669855275636005,6,120000,5995
GTTGTATC,0.86548054,0.86548055910609,6,120000,5995
TATAGATC,0.86542904,0.8654290190904217,6,120000,5995
AAGGTATA,0.8653672,0.86536717107162,6,120000,5995
CGGATAAT,0.8650167,0.8650166989650765,6,120000,5995
ATCATGTG,0.86468685,0.8646868428648002,6,120000,5995
GCGATCGC,0.86459404,0.8645940708365975,6,120000,5995
ATATTATC,0.8641405,0.8641405186987177,6,120000,5995
CTACTATC,0.86342925,0.863429266482497,6,120000,5995
GGGATATG,0.8628932,0.8628932503195481,6,120000,5995
TTTAGATA,0.86197585,0.8619758380406547,6,120000,5995
CTGATCCT,0.86174905,0.861749061971715,6,120000,5995
TTCGGATA,0.8601204,0.8601203974766007,6,120000,5995
ATATTATA,0.8591514,0.8591514451820393,6,120000,5995
TTAATACA,0.8588422,0.8588422050880304,6,120000,5995
ATGATCTT,0.8583268,0.8583268049313487,6,120000,5995
ATTGTATC,0.85828555,0.8582855729188142,6,120000,5995
GAGATAAT,0.8578423,0.857842328784068,6,120000,5995
ATTATCTC,0.8578423,0.857842328784068,6,120000,5995
ATACCATC,0.8573991,0.8573990846493217,6,120000,5995
TTCGGATC,0.85682184,0.8568218364738384,6,120000,5995
AGAATATC,0.8561209,0.8561208922607513,6,120000,5995
ATGGTGTC,0.8560075,0.8560075042262814,6,120000,5995
CTCATATA,0.8557704,0.8557704201542078,6,120000,5995
TCAATATC,0.8557086,0.855708572135406,6,120000,5995
ACAATATC,0.8552344,0.8552344039912588,6,120000,5995
CTAGTATC,0.85448194,0.8544819197625036,6,120000,5995
TTAATATA,0.8543582,0.8543582237249,6,120000,5995
TGAAGATC,0.8538634,0.8538634395744855,6,120000,5995
CCAGTATC,0.8536264,0.8536263555024121,6,120000,5995
GCCCTATC,0.85351294,0.853512967467942,6,120000,5995
CGGATAAC,0.8534305,0.8534305034428731,6,120000,5995
GTTATCCG,0.8534305,0.8534305034428731,6,120000,5995
GCCATATC,0.85311097,0.8531109553457304,6,120000,5995
GATATGGC,0.85311097,0.8531109553457304,6,120000,5995
GTTAGATA,0.8530388,0.853038799323795,6,120000,5995
ACGATATT,0.8530388,0.853038799323795,6,120000,5995
GATAGATC,0.85242033,0.8524203191357771,6,120000,5995
GATCTATC,0.85242033,0.8524203191357771,6,120000,5995
GGGATTAT,0.8523997,0.8523997031295097,6,120000,5995
ATAATCCC,0.8523997,0.8523997031295097,6,120000,5995
GTTATCCC,0.85197705,0.8519770750010307,6,120000,5995
GGGATAAC,0.85197705,0.8519770750010307,6,120000,5995
CATATATT,0.85177094,0.8517709149383581,6,120000,5995
GGGATACA,0.85094625,0.8509462746876676,6,120000,5995
CAGATACT,0.8504206,0.8504205665278523,6,120000,5995
TGCCTATC,0.84993607,0.8499360903805715,6,120000,5995
ATACTATT,0.84987426,0.8498742423617697,6,120000,5995
CAGAGATC,0.8498227,0.8498227023461016,6,120000,5995
TGTGTATC,0.8498124,0.8498123943429678,6,120000,5995
GATACACA,0.8498124,0.8498123943429678,6,120000,5995
CTCTGATA,0.84970933,0.8497093143116315,6,120000,5995
GTAATATA,0.84912175,0.8491217581330145,6,120000,5995
GTATCTAC,0.8490187,0.8490186781016782,6,120000,5995
GAGGTATT,0.848627,0.8486269739826,6,120000,5995
CTAATATA,0.8484105,0.8484105059167938,6,120000,5995
CTATTATC,0.84831774,0.8483177338885911,6,120000,5995
GGTGGATC,0.8482146,0.8482146538572548,6,120000,5995
GTAAGATA,0.8480394,0.8480394178039831,6,120000,5995
GTGATCTA,0.84771985,0.8477198697068403,6,120000,5995
AGGGGATC,0.84721476,0.8472147775532924,6,120000,5995
GTGATCAC,0.84707046,0.8470704655094216,6,120000,5995
TTTATATA,0.84619427,0.8461942852430627,6,120000,5995
GAGATATG,0.84614277,0.8461427452273945,6,120000,5995
AAGAGATA,0.84597784,0.8459778171772564,6,120000,5995
CTGATAGT,0.8445347,0.8445346967385478,6,120000,5995
GAGATCTC,0.84360695,0.8436069764565208,6,120000,5995
GGTGGATA,0.84355545,0.8435554364408527,6,120000,5995
GAACTATC,0.84348327,0.8434832804189173,6,120000,5995
GATAGTTC,0.84348327,0.8434832804189173,6,120000,5995
ATGATCGG,0.8431225,0.8431225003092402,6,120000,5995
CTCGTATC,0.8430194,0.8430194202779039,6,120000,5995
TGGATATT,0.84259677,0.8425967921494248,6,120000,5995
CTGATCTG,0.8421845,0.8421844720240795,6,120000,5995
CAGATCAG,0.8421845,0.8421844720240795,6,120000,5995
ACGACACC,0.84201956,0.8420195439739413,6,120000,5995
CCCATATA,0.8419577,0.8419576959551396,6,120000,5995
TAAATATC,0.84185463,0.8418546159238033,6,120000,5995
GATATTTA,0.84185463,0.8418546159238033,6,120000,5995
GTAATACC,0.8416175,0.8416175318517297,6,120000,5995
GAGATAGT,0.8415763,0.8415762998391951,6,120000,5995
GTGATCTC,0.84103,0.8410299756731127,6,120000,5995
GAGATCAC,0.84103,0.8410299756731127,6,120000,5995
GTGTCATG,0.84085476,0.8408547396198409,6,120000,5995
CAGATACG,0.84048367,0.84048365150703,6,120000,5995
TAAATATA,0.8401229,0.840122871397353,6,120000,5995
GTGTCAAC,0.8399373,0.8399373273409475,6,120000,5995
ACGATAGT,0.83985484,0.8398548633158784,6,120000,5995
ATCTTATC,0.83958685,0.839586855234404,6,120000,5995
ATAACACC,0.8392673,0.8392673071372614,6,120000,5995
GAGTGATC,0.83906114,0.8390611470745887,6,120000,5995
GTCTGATC,0.8382159,0.8382158908176308,6,120000,5995
ATGGGATC,0.837917,0.8379169587267555,6,120000,5995
TGGATATG,0.8377211,0.8377211066672164,6,120000,5995
TTATGATC,0.836412,0.8364119902692451,6,120000,5995
TCAAGATC,0.8363089,0.8363089102379088,6,120000,5995
GGAGTATA,0.83510286,0.8351028738712736,6,120000,5995
GTCGGATC,0.8344844,0.8344843936832557,6,120000,5995
GGGATACT,0.83437103,0.8343710056487856,6,120000,5995
TGAATATA,0.8343195,0.8343194656331177,6,120000,5995
GTGGGATA,0.83377314,0.8337731414670351,6,120000,5995
GTATTTAA,0.8334742,0.8334742093761597,6,120000,5995
CGGTGATC,0.8334536,0.8334535933698924,6,120000,5995
GGGATATT,0.83305156,0.8330515812476808,6,120000,5995
GTGATCTT,0.8327939,0.83279388116934,6,120000,5995
CGGATCTT,0.8325568,0.8325567970972663,6,120000,5995
CAGATATG,0.8324434,0.8324434090627963,6,120000,5995
GTTATACC,0.8321548,0.8321547849750547,6,120000,5995
GGTATAAC,0.8321548,0.8321547849750547,6,120000,5995
TGAATATC,0.8319383,0.8319383169092484,6,120000,5995
GTCTGATA,0.8317837,0.8317836968622437,6,120000,5995
ACGCTATC,0.8316806,0.8316806168309074,6,120000,5995
GGATAATC,0.8316394,0.831639384818373,6,120000,5995
CGGATCGC,0.8315569,0.831556920793304,6,120000,5995
GCGATCCG,0.8315569,0.831556920793304,6,120000,5995
GAGATATT,0.83151567,0.8315156887807694,6,120000,5995
CCGCTATC,0.8314229,0.8314229167525667,6,120000,5995
CGGATAGA,0.83136106,0.8313610687337649,6,120000,5995
GGGATAAT,0.8310518,0.8310518286397559,6,120000,5995
GTTAATAC,0.83046424,0.8304642724611389,6,120000,5995
GTATTAAC,0.83046424,0.8304642724611389,6,120000,5995
ATCACTTC,0.82937163,0.8293716241289737,6,120000,5995
AGGATACA,0.8291345,0.8291345400569001,6,120000,5995
TTATTATC,0.8290727,0.8290726920380984,6,120000,5995
TCTATATG,0.8284027,0.8284026718344122,6,120000,5995
TAGATAGT,0.82800066,0.8280006597122005,6,120000,5995
GGCATATA,0.82790786,0.8279078876839978,6,120000,5995
TTTAAATA,0.8275883,0.8275883395868553,6,120000,5995
TTAATACT,0.8267946,0.8267946233455655,6,120000,5995
GTGTTAAT,0.8266297,0.8266296952954274,6,120000,5995
AACCGATC,0.8264854,0.8264853832515565,6,120000,5995
CTCATATC,0.82616585,0.8261658351544139,6,120000,5995
ATTATACG,0.82614523,0.8261452191481466,6,120000,5995
GTATCTTC,0.82555765,0.8255576629695296,6,120000,5995
TAACTATC,0.8253103,0.8253102708943223,6,120000,5995
AAGATATT,0.82527936,0.8252793468849214,6,120000,5995
GGGAGATC,0.82518655,0.8251865748567188,6,120000,5995
ATCAGATG,0.8244444,0.8244443986310972,6,120000,5995
GGGATAAG,0.8243207,0.8243207025934937,6,120000,5995
GTCCTATC,0.82425886,0.8242588545746918,6,120000,5995
AAGAGATC,0.8239908,0.8239908464932173,6,120000,5995
CGGAGATC,0.82357854,0.823578526367872,6,120000,5995
GCGATCAC,0.8235476,0.8235476023584711,6,120000,5995
GTGATCGC,0.8235476,0.8235476023584711,6,120000,5995
CAGGGATC,0.8234136,0.823413598317734,6,120000,5995
GCGATAGT,0.82322806,0.8232280542613285,6,120000,5995
CTGATCTT,0.8223828,0.8223827980043706,6,120000,5995
GTGGGATC,0.82159936,0.8215993897662145,6,120000,5995
ATGAGATC,0.8210943,0.8210942976126664,6,120000,5995
GCAATATC,0.82108396,0.8210839896095329,6,120000,5995
GATATTGC,0.82108396,0.8210839896095329,6,120000,5995
GTGTCATC,0.8210531,0.8210530656001319,6,120000,5995
TTTATATC,0.82087785,0.8208778295468602,6,120000,5995
TTGTGATC,0.82063043,0.820630437471653,6,120000,5995
GTGGTGTC,0.82040364,0.820403661402713,6,120000,5995
GTTATATA,0.82013565,0.8201356533212387,6,120000,5995
TATATAAC,0.82013565,0.8201356533212387,6,120000,5995
TTGCTATC,0.8199604,0.8199604172679669,6,120000,5995
TGGCTATC,0.81989855,0.819898569249165,6,120000,5995
GTGGTATA,0.81988823,0.8198882612460314,6,120000,5995
CAGCTATC,0.8196718,0.8196717931802251,6,120000,5995
CCGATATT,0.8192904,0.8192903970642808,6,120000,5995
GCGATATT,0.81922853,0.819228549045479,6,120000,5995
GGATTATC,0.81851727,0.8185172968292582,6,120000,5995
CTGTTATC,0.8184245,0.8184245248010557,6,120000,5995
ATCACATG,0.8177442,0.8177441965942357,6,120000,5995
AGGATAAT,0.8173113,0.8173112604626231,6,120000,5995
CGAATATC,0.81690925,0.8169092483404115,6,120000,5995
AGGATATT,0.81690925,0.8169092483404115,6,120000,5995
TACAGATC,0.81688863,0.8168886323341443,6,120000,5995
TTGATAAT,0.8164248,0.8164247721931308,6,120000,5995
AGGATCCC,0.8163732,0.8163732321774626,6,120000,5995
TGGATACA,0.81610525,0.8161052240959881,6,120000,5995
GTGTCATT,0.8159197,0.8159196800395828,6,120000,5995
ACGATCTT,0.8157754,0.8157753679957119,6,120000,5995
GCGATCCC,0.8156723,0.8156722879643755,6,120000,5995
GGGATCGC,0.8156723,0.8156722879643755,6,120000,5995
CAACTATC,0.8156207,0.8156207479487074,6,120000,5995
GGGCGATA,0.8153424,0.8153424318640993,6,120000,5995
AAGACACC,0.81471366,0.8147136436729477,6,120000,5995
TAGTTATA,0.8145178,0.8145177916134086,6,120000,5995
TCGATAGC,0.8144353,0.8144353275883396,6,120000,5995
CAGATATA,0.81441474,0.8144147115820723,6,120000,5995
TTAATCTG,0.8143735,0.8143734795695379,6,120000,5995
CTGCTATC,0.81424975,0.8142497835319341,6,120000,5995
ATCACACG,0.8141261,0.8141260874943307,6,120000,5995
TATACATC,0.81307465,0.8130746711747001,6,120000,5995
CTGAGATA,0.81292003,0.8129200511276955,6,120000,5995
TTCGTATC,0.81286854,0.8128685111120274,6,120000,5995
GGTAGATC,0.81279635,0.812796355090092,6,120000,5995
GGACTATC,0.81279635,0.812796355090092,6,120000,5995
AGGATCTT,0.8125387,0.812538655011751,6,120000,5995
AAAATATC,0.81200266,0.8120026388488022,6,120000,5995
GATATTTT,0.81200266,0.8120026388488022,6,120000,5995
CGGATAGC,0.81198204,0.811982022842535,6,120000,5995
GGTATACA,0.81184804,0.8118480188017977,6,120000,5995
TGTATACC,0.81184804,0.8118480188017977,6,120000,5995
GGGATCTT,0.8117862,0.811786170782996,6,120000,5995
ATTACACC,0.81154907,0.8115490867109224,6,120000,5995
AAACTATC,0.8112914,0.8112913866325816,6,120000,5995
GTCCGATA,0.81074506,0.810745062466499,6,120000,5995
GTAGTATA,0.81059045,0.8105904424194945,6,120000,5995
GAGATCCC,0.81049764,0.8104976703912918,6,120000,5995
GGGATCTC,0.81049764,0.8104976703912918,6,120000,5995
CTTATACC,0.8102503,0.8102502783160846,6,120000,5995
GGTATAAG,0.8102503,0.8102502783160846,6,120000,5995
CGGGTGTC,0.8101163,0.8101162742753474,6,120000,5995
CCGTGATC,0.81008536,0.8100853502659465,6,120000,5995
GCTTGATC,0.80985856,0.8098585741970066,6,120000,5995
GTGTCAGT,0.8093535,0.8093534820434585,6,120000,5995
GGGATCGG,0.80876595,0.8087659258648414,6,120000,5995
GTTAATAT,0.80869377,0.808693769842906,6,120000,5995
TTTGTATC,0.80852884,0.808528841792768,6,120000,5995
AGAAGATC,0.8080444,0.8080443656454872,6,120000,5995
GGAAGATC,0.80772483,0.8077248175483446,6,120000,5995
TTTTAATA,0.8075496,0.8075495814950728,6,120000,5995
GGTATAGA,0.8074465,0.8074465014637364,6,120000,5995
CCGGTATA,0.8074465,0.8074465014637364,6,120000,5995
TTGGTGTC,0.80742586,0.8074258854574692,6,120000,5995
AGAATATA,0.80727124,0.8072712654104647,6,120000,5995
CAAATATC,0.8070342,0.8070341813383912,6,120000,5995
CTAATACT,0.8066631,0.8066630932255803,6,120000,5995
TTGATCAC,0.80633324,0.8063332371253041,6,120000,5995
GTGATCAA,0.80633324,0.8063332371253041,6,120000,5995
TTGATGAT,0.80626106,0.8062610811033687,6,120000,5995
GACGGATC,0.80619925,0.8061992330845669,6,120000,5995
ATCATACT,0.8060755,0.8060755370469632,6,120000,5995
GGTATAGG,0.8058591,0.8058590689811569,6,120000,5995
CCTATACC,0.8058591,0.8058590689811569,6,120000,5995
ATCATAAA,0.80580753,0.8058075289654889,6,120000,5995
GGTGTATA,0.8057766,0.8057766049560879,6,120000,5995
GAGCGATC,0.80553955,0.8055395208840144,6,120000,5995
TTGTATAC,0.8055086,0.8055085968746135,6,120000,5995
AATATATT,0.8053952,0.8053952088401435,6,120000,5995
ATAATCTT,0.8047664,0.8047664206489918,6,120000,5995
GGGATAGT,0.80454993,0.8045499525831856,6,120000,5995
TTCATAAT,0.8045396,0.8045396445800519,6,120000,5995
GGGATCGT,0.8036635,0.8036634643136931,6,120000,5995
ACGATCCC,0.8036635,0.8036634643136931,6,120000,5995
AGCATATA,0.80363256,0.8036325403042922,6,120000,5995
CGGGGATC,0.803581,0.8035810002886241,6,120000,5995
TTGTTATA,0.8032305,0.8032305281820805,6,120000,5995
GAGATCAG,0.8026327,0.80263266400033,6,120000,5995
CTGATCTC,0.8026327,0.80263266400033,6,120000,5995
GAGATCTT,0.8021791,0.8021791118624501,6,120000,5995
AAGATCTC,0.8021791,0.8021791118624501,6,120000,5995
ATCAGATT,0.8021688,0.8021688038593164,6,120000,5995
GATCCATC,0.80208635,0.8020863398342473,6,120000,5995
ACGAGATC,0.8017771,0.8017770997402383,6,120000,5995
ATGATCGC,0.8015297,0.8015297076650311,6,120000,5995
TCGCGATC,0.80119985,0.8011998515647549,6,120000,5995
ATAAGATC,0.8011277,0.8011276955428195,6,120000,5995
GCGGGATA,0.8009421,0.800942151486414,6,120000,5995
GTGCTATC,0.8007875,0.8007875314394096,6,120000,5995
AGGATCTC,0.8007463,0.8007462994268751,6,120000,5995
GGGATAGA,0.80031335,0.8003133632952625,6,120000,5995
TTGATCTG,0.80002475,0.8000247392075207,6,120000,5995
GTGAGTAT,0.79979795,0.7997979631385809,6,120000,5995
GTGATGAT,0.7995918,0.7995918030759082,6,120000,5995
GCGATAGG,0.7986022,0.7986022347750794,6,120000,5995
TAGACACC,0.7975714,0.7975714344617161,6,120000,5995
GGGGAATA,0.7972519,0.7972518863645736,6,120000,5995
TTAATATG,0.79717976,0.7971797303426381,6,120000,5995
GAAATATA,0.797056,0.7970560343050344,6,120000,5995
GAGAGATC,0.7970251,0.7970251102956335,6,120000,5995
CAAATATA,0.79665405,0.7966540221828228,6,120000,5995
GGATCGTC,0.7962623,0.7962623180637447,6,120000,5995
CAGATAGG,0.796252,0.796252010060611,6,120000,5995
GTCATATA,0.79613864,0.796138622026141,6,120000,5995
ATGTAATA,0.7960149,0.7960149259885375,6,120000,5995
GGGGTATG,0.7957985,0.7957984579227312,6,120000,5995
CCTATCTC,0.7956541,0.7956541458788604,6,120000,5995
GGGATAAA,0.79511815,0.7951181297159114,6,120000,5995
TTTATCCC,0.79511815,0.7951181297159114,6,120000,5995
TAGGTATT,0.79510784,0.7951078217127778,6,120000,5995
ATTATATT,0.7950872,0.7950872057065106,6,120000,5995
CTTATATT,0.79461306,0.7946130375623633,6,120000,5995
CCTATATA,0.79461306,0.7946130375623633,6,120000,5995
ATGATGAT,0.79407704,0.7940770213994145,6,120000,5995
ATCATTCC,0.7937678,0.7937677813054056,6,120000,5995
TTAATATT,0.7936544,0.7936543932709357,6,120000,5995
ATGAGATA,0.7936028,0.7936028532552674,6,120000,5995
ATGATTCC,0.7932936,0.7932936131612585,6,120000,5995
GGGCTATC,0.7924174,0.7924174328948996,6,120000,5995
TAAAGATC,0.792201,0.7922009648290933,6,120000,5995
ATCATAAC,0.79201543,0.7920154207726879,6,120000,5995
TAGATAAG,0.79189175,0.7918917247350843,6,120000,5995
GATAGCTC,0.7918505,0.7918504927225497,6,120000,5995
GAGCTATC,0.7918505,0.7918504927225497,6,120000,5995
TCTATATA,0.7917474,0.7917474126912134,6,120000,5995
CTGATCAC,0.7905105,0.7905104523151776,6,120000,5995
GTGATCAG,0.7905105,0.7905104523151776,6,120000,5995
CTACTATA,0.790294,0.7902939842493713,6,120000,5995
TGGATCGC,0.7901703,0.7901702882117676,6,120000,5995
ATCATATG,0.78987134,0.7898713561208923,6,120000,5995
CTGAGTAT,0.78983015,0.7898301241083577,6,120000,5995
GGAATATA,0.78973734,0.789737352080155,6,120000,5995
TCGAGATA,0.78972703,0.7897270440770214,6,120000,5995
ATACTAGT,0.7895312,0.7895311920174825,6,120000,5995
CTGTTGAT,0.7890364,0.7890364078670681,6,120000,5995
GCGAGATA,0.7888921,0.7888920958231972,6,120000,5995
ATCTCATC,0.78872716,0.7887271677730591,6,120000,5995
ATGCGATC,0.7884798,0.7884797756978519,6,120000,5995
ATGATCAA,0.7884592,0.7884591596915844,6,120000,5995
TTAATACG,0.7877994,0.787799447491032,6,120000,5995
TAGCTATC,0.7874387,0.7874386673813549,6,120000,5995
ATAATATG,0.78739744,0.7873974353688205,6,120000,5995
GGGATAGG,0.7873768,0.787376819362553,6,120000,5995
ATAGTGTC,0.78703666,0.7870366552591432,6,120000,5995
ATTAGATC,0.78689235,0.7868923432152723,6,120000,5995
AAGATCTT,0.7867789,0.7867789551808024,6,120000,5995
TGGAGATC,0.78636664,0.786366635055457,6,120000,5995
ATAATAAC,0.78636664,0.786366635055457,6,120000,5995
GTTATTAT,0.78636664,0.786366635055457,6,120000,5995
TCACTATC,0.78601617,0.7860161629489135,6,120000,5995
CTATTATA,0.7859749,0.785974930936379,6,120000,5995
GCGGTATA,0.7858203,0.7858203108893745,6,120000,5995
CTAATACC,0.7856038,0.7856038428235682,6,120000,5995
TTCATATC,0.78504723,0.785047210654352,6,120000,5995
ATCATACG,0.7849441,0.7849441306230157,6,120000,5995
ATTATAGA,0.7849235,0.7849235146167485,6,120000,5995
CACCTATC,0.7849235,0.7849235146167485,6,120000,5995
GCGGTATT,0.7848926,0.7848925906073476,6,120000,5995
TACATATA,0.784872,0.7848719746010803,6,120000,5995
CTCAGATA,0.78483075,0.7848307425885457,6,120000,5995
GTACTATC,0.78314024,0.78314023007463,6,120000,5995
CTGAGATC,0.7830887,0.7830886900589618,6,120000,5995
AAAAGATC,0.78306806,0.7830680740526946,6,120000,5995
CTTAGATC,0.78292376,0.7829237620088237,6,120000,5995
GTAATACT,0.78250116,0.7825011338803447,6,120000,5995
GTGTAATA,0.78224343,0.7822434338020038,6,120000,5995
GAGATCGA,0.78203726,0.7820372737393312,6,120000,5995
TCGATCTC,0.78203726,0.7820372737393312,6,120000,5995
ATTATATG,0.7818105,0.7818104976703913,6,120000,5995
CTGATATT,0.7816868,0.7816868016327877,6,120000,5995
CTAAAATA,0.7816353,0.7816352616171196,6,120000,5995
AAGATAGG,0.7814394,0.7814394095575804,6,120000,5995
CCACTATC,0.78123325,0.7812332494949078,6,120000,5995
TGGGTGTC,0.7809137,0.7809137013977652,6,120000,5995
GAGGTGAT,0.78070754,0.7807075413350926,6,120000,5995
ATCACCTC,0.78070754,0.7807075413350926,6,120000,5995
ATAGTATG,0.78064567,0.7806456933162907,6,120000,5995
TTTGGATC,0.77997565,0.7799756731126046,6,120000,5995
AGGATCTA,0.77967674,0.7796767410217293,6,120000,5995
TTGGGATA,0.7795015,0.7795015049684576,6,120000,5995
GGTGTATT,0.7783573,0.7783573166206242,6,120000,5995
GCGATCAA,0.77828515,0.7782851605986888,6,120000,5995
TTGATCGC,0.77828515,0.7782851605986888,6,120000,5995
CAGGTGTC,0.77813053,0.7781305405516843,6,120000,5995
GAGTAATA,0.7779656,0.7779656125015463,6,120000,5995
GTATTACA,0.7775327,0.7775326763699336,6,120000,5995
TGCAGATC,0.77727497,0.7772749762915928,6,120000,5995
GTGATAAT,0.7768627,0.7768626561662474,6,120000,5995
ATCACATC,0.77659464,0.7765946480847731,6,120000,5995
GGGTTATC,0.7763988,0.776398796025234,6,120000,5995
TAGATCTC,0.77530617,0.7753061476930689,6,120000,5995
GAGATCTA,0.77530617,0.7753061476930689,6,120000,5995
AAGATAGC,0.7751824,0.7751824516554653,6,120000,5995
CCGGGATC,0.77507937,0.7750793716241289,6,120000,5995
GTATTACC,0.7748732,0.7748732115614563,6,120000,5995
ATAATCTG,0.7745743,0.774574279470581,6,120000,5995
TCGGTATT,0.77427536,0.7742753473797055,6,120000,5995
CGGATCCC,0.77360535,0.7736053271760195,6,120000,5995
GTGGTATT,0.7733373,0.773337319094545,6,120000,5995
TTTAGATC,0.772925,0.7729249989691998,6,120000,5995
AAGATAAT,0.77270854,0.7727085309033933,6,120000,5995
CTGGGATC,0.7726879,0.7726879148971262,6,120000,5995
GACATATA,0.7720385,0.7720385106997072,6,120000,5995
TATATGTC,0.7720385,0.7720385106997072,6,120000,5995
AAGATGTA,0.77182204,0.771822042633901,6,120000,5995
CCAATATA,0.7717396,0.7717395786088319,6,120000,5995
AGGATAAG,0.77168804,0.7716880385931638,6,120000,5995
ATCATATT,0.771585,0.7715849585618273,6,120000,5995
GAGGTGTC,0.7715025,0.7715024945367585,6,120000,5995
ACTAGATC,0.77146125,0.7714612625242239,6,120000,5995
GTATAAAC,0.7708737,0.7708737063456068,6,120000,5995
ATGTAATC,0.7708428,0.7708427823362058,6,120000,5995
GCATTATA,0.77082217,0.7708221663299385,6,120000,5995
GTAGGATC,0.7706263,0.7706263142703996,6,120000,5995
TTTATCTC,0.7701728,0.7701727621325197,6,120000,5995
GAGATAAA,0.7701728,0.7701727621325197,6,120000,5995
GTATTGTT,0.76985323,0.7698532140353771,6,120000,5995
TTGATAAG,0.7697192,0.7697192099946399,6,120000,5995
CAGATATT,0.76935846,0.7693584298849627,6,120000,5995
GATATTTC,0.7691626,0.7691625778254237,6,120000,5995
GAAATATC,0.7691626,0.7691625778254237,6,120000,5995
CACAGATA,0.76913166,0.7691316538160228,6,120000,5995
ATGCTATC,0.769008,0.7690079577784191,6,120000,5995
TTGAAATA,0.769008,0.7690079577784191,6,120000,5995
AGGATAGC,0.76899767,0.7689976497752855,6,120000,5995
TAGATAGC,0.76846164,0.7684616336123367,6,120000,5995
TCTAGATA,0.76742053,0.7674205252958397,6,120000,5995
CCGCGATC,0.7671731,0.7671731332206326,6,120000,5995
AAAGTATT,0.7657816,0.7657815527975921,6,120000,5995
GGTTGATC,0.76577127,0.7657712447944585,6,120000,5995
TGGATAGC,0.7654311,0.7654310806910486,6,120000,5995
ATCGTGTC,0.7654208,0.765420772687915,6,120000,5995
ATGTTATC,0.7654105,0.7654104646847812,6,120000,5995
CCTAGATC,0.7653486,0.7653486166659795,6,120000,5995
GCGGGATC,0.76479197,0.7647919844967633,6,120000,5995
ATGGTGTA,0.76474047,0.7647404444810951,6,120000,5995
GGGTTATA,0.76470953,0.7647095204716942,6,120000,5995
GCCAGATC,0.7646167,0.7646167484434916,6,120000,5995
TTAGGATC,0.7642869,0.7642868923432152,6,120000,5995
GGCAGATC,0.76354474,0.7635447161175937,6,120000,5995
GAGTTATC,0.76243144,0.7624314517791613,6,120000,5995
ATGTTTAT,0.76228714,0.7622871397352905,6,120000,5995
GGGATACG,0.7617614,0.7617614315754752,6,120000,5995
GGGATCCA,0.7613903,0.7613903434626644,6,120000,5995
TGGGTATT,0.7613594,0.7613594194532635,6,120000,5995
ATGATAAT,0.7612357,0.7612357234156599,6,120000,5995
CGTATATT,0.7611017,0.7611017193749228,6,120000,5995
GGATTATT,0.7610605,0.7610604873623882,6,120000,5995
TTGAGATC,0.760442,0.7604420071743702,6,120000,5995
GCGATAAT,0.76009154,0.7600915350678266,6,120000,5995
CCGAGATC,0.7597617,0.7597616789675504,6,120000,5995
CCGATAAC,0.7595452,0.7595452109017441,6,120000,5995
GTTATCGG,0.7595452,0.7595452109017441,6,120000,5995
GTCTAATA,0.75929785,0.7592978188265369,6,120000,5995
GGTATTGC,0.75929785,0.7592978188265369,6,120000,5995
ATCCTTTC,0.7588133,0.7588133426792562,6,120000,5995
ATGATAAG,0.7583598,0.7583597905413764,6,120000,5995
GGAATATT,0.7582979,0.7582979425225747,6,120000,5995
AGAATACC,0.7582258,0.7582257865006392,6,120000,5995
ACGATCTG,0.75765884,0.7576588463282893,6,120000,5995
TTCGTATA,0.75740117,0.7574011462499484,6,120000,5995
TTCATATA,0.7570816,0.7570815981528058,6,120000,5995
AGGATAAC,0.75686514,0.7568651300869996,6,120000,5995
ATATTCTC,0.7565456,0.756545581989857,6,120000,5995
GCACTATC,0.7563188,0.7563188059209169,6,120000,5995
GCTATACC,0.75620544,0.756205417886447,6,120000,5995
GGGCTATA,0.7561539,0.7561538778707789,6,120000,5995
CTGGTATA,0.75584465,0.7558446377767699,6,120000,5995
TCGGTGTC,0.7558034,0.7558034057642353,6,120000,5995
CGGTTATC,0.75494784,0.7549478415041438,6,120000,5995
ATAATAGG,0.75459737,0.7545973693976002,6,120000,5995
CTCTTATA,0.75429845,0.754298437306725,6,120000,5995
GTCTTATA,0.75419533,0.7541953572753886,6,120000,5995
GTGATTCC,0.7537624,0.753762421143776,6,120000,5995
GGAATCAC,0.7537624,0.753762421143776,6,120000,5995
ATCATAGC,0.7530821,0.7530820929369563,6,120000,5995
GTCATTGA,0.75276256,0.7527625448398136,6,120000,5995
ATTATACA,0.75260794,0.7526079247928091,6,120000,5995
GCGACACC,0.7525564,0.7525563847771409,6,120000,5995
GTCAGATA,0.75251514,0.7525151527646065,6,120000,5995
GTGAGATC,0.7525048,0.7525048447614728,6,120000,5995
CTACGATC,0.7519791,0.7519791366016575,6,120000,5995
ATAACATT,0.7517833,0.7517832845421185,6,120000,5995
ATCAAATC,0.75174206,0.7517420525295839,6,120000,5995
GCAATATA,0.75162864,0.751628664495114,6,120000,5995
GCCTGATC,0.751237,0.751236960376036,6,120000,5995
GTGCGATC,0.7508659,0.7508658722632252,6,120000,5995
AATACATC,0.7507834,0.7507834082381561,6,120000,5995
GCGATAGC,0.7507628,0.7507627922318889,6,120000,5995
CAGTTATC,0.7507525,0.7507524842287552,6,120000,5995
CTAAGATC,0.750134,0.7501340040407373,6,120000,5995
TTATCACC,0.74990726,0.7499072279717973,6,120000,5995
CTGCGATC,0.74967015,0.7496701438997238,6,120000,5995
TCGCTATC,0.74954647,0.7495464478621201,6,120000,5995
TTAAAATA,0.74887645,0.7488764276584341,6,120000,5995
TCAATATG,0.74864966,0.7486496515894941,6,120000,5995
GTTATACG,0.74835074,0.7483507194986188,6,120000,5995
GTTACACC,0.74814457,0.748144559435946,6,120000,5995
GACCGATC,0.7470622,0.7470622191069145,6,120000,5995
CGGATCTC,0.74682516,0.746825135034841,6,120000,5995
TAGATCTG,0.7450831,0.7450830825052571,6,120000,5995
TTTGTATA,0.7449491,0.74494907846452,6,120000,5995
TTACTATC,0.7449285,0.7449284624582526,6,120000,5995
TGTATAGC,0.74491817,0.7449181544551189,6,120000,5995
GTTATACT,0.7448769,0.7448769224425845,6,120000,5995
TAATTATC,0.74372244,0.7437224260916175,6,120000,5995
GGGATCTA,0.74335134,0.7433513379788068,6,120000,5995
GTTATAGG,0.742671,0.742671009771987,6,120000,5995
ATCATAGG,0.7426401,0.7426400857625861,6,120000,5995
AAGTTATA,0.742269,0.7422689976497753,6,120000,5995
GGGGGATT,0.74223804,0.7422380736403744,6,120000,5995
ATTATAAT,0.7421453,0.7421453016121717,6,120000,5995
GTTGTATA,0.74116606,0.7411660413144766,6,120000,5995
TTGGGATC,0.74086714,0.7408671092236012,6,120000,5995
ATCATTGC,0.7408568,0.7408568012204676,6,120000,5995
TTGCTATA,0.7405991,0.7405991011421267,6,120000,5995
GTTATCTT,0.74055785,0.7405578691295922,6,120000,5995
AAGATAAC,0.74055785,0.7405578691295922,6,120000,5995
TTCCGATC,0.7404754,0.7404754051045233,6,120000,5995
TTTATACA,0.74014556,0.7401455490042469,6,120000,5995
CTTATATG,0.7394446,0.7394446047911598,6,120000,5995
TTGTTTAC,0.7393415,0.7393415247598235,6,120000,5995
TTGCTGAT,0.73763037,0.7376303962396404,6,120000,5995
GCAAGATC,0.73746544,0.7374654681895023,6,120000,5995
CTTTTATA,0.7373521,0.7373520801550323,6,120000,5995
TTTACACC,0.7371665,0.737166536098627,6,120000,5995
TTAGGATA,0.7370738,0.7370737640704242,6,120000,5995
TAGTTATC,0.73697066,0.7369706840390879,6,120000,5995
CAGATAGT,0.73666143,0.7366614439450789,6,120000,5995
TTAATCCC,0.73666143,0.7366614439450789,6,120000,5995
AGTTTATA,0.7365893,0.7365892879231435,6,120000,5995
ATGTTATT,0.7364862,0.7364862078918072,6,120000,5995
TTGTTATC,0.7363522,0.73635220385107,6,120000,5995
GCTATCTC,0.7354863,0.7354863315878448,6,120000,5995
GAGATAGC,0.7354863,0.7354863315878448,6,120000,5995
GTCATCTA,0.73506373,0.7350637034593658,6,120000,5995
CTCTTATC,0.73490906,0.7349090834123614,6,120000,5995
GACAGATC,0.7348885,0.7348884674060941,6,120000,5995
GATCTGTC,0.7348885,0.7348884674060941,6,120000,5995
ATGATAAC,0.7348163,0.7348163113841587,6,120000,5995
GTTATCAT,0.7348163,0.7348163113841587,6,120000,5995
ATGATTGA,0.73470294,0.7347029233496887,6,120000,5995
GCGATCTG,0.73404324,0.7340432111491362,6,120000,5995
CAGATCGC,0.73404324,0.7340432111491362,6,120000,5995
GTTATCTA,0.7336515,0.7336515070300581,6,120000,5995
TAGATAAC,0.7336515,0.7336515070300581,6,120000,5995
GAGATCCA,0.73345566,0.7334556549705192,6,120000,5995
TGGATCTC,0.73345566,0.7334556549705192,6,120000,5995
AGGTTATC,0.73291963,0.7329196388075702,6,120000,5995
CGGATTAC,0.7320744,0.7320743825506123,6,120000,5995
ATTAAATG,0.73204345,0.7320434585412113,6,120000,5995
GGAGTGTC,0.7320228,0.7320228425349442,6,120000,5995
GTAATACG,0.7319404,0.731940378509875,6,120000,5995
GTATTATG,0.73191977,0.7319197625036078,6,120000,5995
TTAGTATA,0.73110545,0.7311054302560508,6,120000,5995
ATCAAATG,0.7307962,0.7307961901620419,6,120000,5995
GAGATCTG,0.7305282,0.7305281820805674,6,120000,5995
CAGATCTC,0.7305282,0.7305281820805674,6,120000,5995
TTAAGATC,0.73045605,0.7304560260586319,6,120000,5995
GAATTATC,0.72985816,0.7298581618768811,6,120000,5995
GGACGATC,0.7296726,0.7296726178204759,6,120000,5995
GAAGTATT,0.72807485,0.7280748773347628,6,120000,5995
GATCTTTC,0.7278584,0.7278584092689564,6,120000,5995
GAAAGATC,0.7278584,0.7278584092689564,6,120000,5995
TTTTTATC,0.7275801,0.7275800931843484,6,120000,5995
CTGATAAG,0.72706467,0.7270646930276666,6,120000,5995
TTGATAGA,0.7270132,0.7270131530119985,6,120000,5995
ATGGTATT,0.7267451,0.7267451449305241,6,120000,5995
TTCTAATC,0.7261473,0.7261472807487733,6,120000,5995
ATAAGAAC,0.7261267,0.7261266647425061,6,120000,5995
GTAATAAT,0.7252608,0.7252607924792809,6,120000,5995
ATTATTAC,0.7252608,0.7252607924792809,6,120000,5995
TTCAGATC,0.7251989,0.7251989444604792,6,120000,5995
ATTCTATA,0.72500306,0.7250030924009401,6,120000,5995
CGATTATC,0.72464234,0.724642312291263,6,120000,5995
TTATTATA,0.7240032,0.7240032160969776,6,120000,5995
TGTAGATC,0.723962,0.7239619840844432,6,120000,5995
GTGTCACC,0.7238692,0.7238692120562404,6,120000,5995
ATAGTTTC,0.72382796,0.7238279800437059,6,120000,5995
ATGAAACC,0.7235806,0.7235805879684988,6,120000,5995
GTGAGAAG,0.7235084,0.7235084319465633,6,120000,5995
GTCATGAT,0.7233435,0.7233435038964252,6,120000,5995
TAGTTACC,0.7228281,0.7228281037397436,6,120000,5995
ATAATCTA,0.7228178,0.7228177957366099,6,120000,5995
GCGATCGA,0.7227766,0.7227765637240754,6,120000,5995
GTGATCGT,0.7223127,0.7223127035830619,6,120000,5995
GTTATATG,0.7215293,0.7215292953449057,6,120000,5995
GTTTGATC,0.7215087,0.7215086793386385,6,120000,5995
CATTTATC,0.7208902,0.7208901991506206,6,120000,5995
TGCTTATC,0.71955013,0.7195501587432483,6,120000,5995
ATCATGTC,0.71912754,0.7191275306147693,6,120000,5995
TAGATAAT,0.7191172,0.7191172226116357,6,120000,5995
GTACTATA,0.7190966,0.7190966066053684,6,120000,5995
TGTCTATC,0.719076,0.7190759905991011,6,120000,5995
GTTCTATA,0.71876675,0.7187667505050921,6,120000,5995
GTGTTATC,0.71853995,0.7185399744361523,6,120000,5995
TCCTTATC,0.7183132,0.7183131983672123,6,120000,5995
TTTATATT,0.7181689,0.7181688863233414,6,120000,5995
TCGTTATA,0.7181586,0.7181585783202078,6,120000,5995
ATCCTGTC,0.7175607,0.7175607141384571,6,120000,5995
ATGATGCC,0.71722054,0.7172205500350473,6,120000,5995
GCTATATT,0.716633,0.7166329938564301,6,120000,5995
GTGACACT,0.7164578,0.7164577578031583,6,120000,5995
ATTCAATA,0.7163856,0.7163856017812229,6,120000,5995
TGGATAAT,0.71488065,0.7148806333237125,6,120000,5995
GGGATAGC,0.7148188,0.7148187853049107,6,120000,5995
GCTATCCC,0.7148188,0.7148187853049107,6,120000,5995
ATAATCTC,0.7147054,0.7147053972704408,6,120000,5995
ATCTTATT,0.7143962,0.7143961571764318,6,120000,5995
CATATACT,0.71435493,0.7143549251638973,6,120000,5995
ATAGTCTA,0.71412814,0.7141281490949574,6,120000,5995
GTGTTATA,0.7135509,0.7135509009194739,6,120000,5995
CTCATACC,0.71311796,0.7131179647878614,6,120000,5995
GGCCTATC,0.71309733,0.713097348781594,6,120000,5995
ATTTTATA,0.7130664,0.7130664247721931,6,120000,5995
TTACTATA,0.71222115,0.7122211685152352,6,120000,5995
AGCATATT,0.7121387,0.7121387044901663,6,120000,5995
GACGTATA,0.7119738,0.711973776440028,6,120000,5995
GTATAAAG,0.711345,0.7113449882488764,6,120000,5995
CAAATATG,0.7112625,0.7112625242238074,6,120000,5995
CTAATCTC,0.71114916,0.7111491361893374,6,120000,5995
TGGATCTT,0.71104604,0.7110460561580011,6,120000,5995
GTCATATT,0.7109327,0.7109326681235312,6,120000,5995
ATAATAGC,0.7097163,0.7097163237537624,6,120000,5995
GTGATAAG,0.7096957,0.7096957077474952,6,120000,5995
ACGATCTC,0.70951015,0.7095101636910898,6,120000,5995
TAGATTAC,0.709304,0.7093040036284172,6,120000,5995
GTAATCTA,0.709304,0.7093040036284172,6,120000,5995
ATCCCATC,0.7092937,0.7092936956252834,6,120000,5995
TCCAGATC,0.70913905,0.709139075578279,6,120000,5995
TTTACATA,0.7089226,0.7089226075124727,6,120000,5995
GGGTCATC,0.70870614,0.7087061394466664,6,120000,5995
GTGATTAA,0.7085206,0.708520595390261,6,120000,5995
GTTATAGA,0.7084484,0.7084484393683256,6,120000,5995
ATAGTAGC,0.7081495,0.7081495072774502,6,120000,5995
CTGATCGC,0.70812887,0.708128891271183,6,120000,5995
GCGATCAG,0.70812887,0.708128891271183,6,120000,5995
GTGTTATT,0.70790213,0.707902115202243,6,120000,5995
GTAAGCTA,0.7077063,0.707706263142704,6,120000,5995
TCGATCGT,0.70767534,0.707675339133303,6,120000,5995
GTAATATG,0.7073558,0.7073557910361605,6,120000,5995
TTGGTATT,0.70731455,0.7073145590236259,6,120000,5995
GTCATATG,0.70652086,0.7065208427823362,6,120000,5995
CCTATATT,0.7062425,0.7062425266977281,6,120000,5995
TCGTTATC,0.706057,0.7060569826413228,6,120000,5995
GCCATATA,0.7059539,0.7059539026099865,6,120000,5995
GTTTTATA,0.7057374,0.7057374345441801,6,120000,5995
TTTCGATC,0.70503646,0.7050364903310931,6,120000,5995
GTCCGATC,0.70417064,0.704170618067868,6,120000,5995
ATAACAAT,0.7041397,0.7041396940584671,6,120000,5995
CTGGTATT,0.7040572,0.7040572300333979,6,120000,5995
TTCTTATC,0.70313984,0.7031398177545046,6,120000,5995
ACGATAAC,0.703078,0.7030779697357028,6,120000,5995
GTTATCGT,0.703078,0.7030779697357028,6,120000,5995
CAGATAGC,0.7027275,0.7027274976291592,6,120000,5995
ATTTTATC,0.7022224,0.7022224054756112,6,120000,5995
GCGCGATC,0.7022224,0.7022224054756112,6,120000,5995
ATCTAGTC,0.7019956,0.7019956294066713,6,120000,5995
ATATTTTC,0.7019647,0.7019647053972704,6,120000,5995
AGTATACT,0.7017792,0.701779161340865,6,120000,5995
CGCATATT,0.70173794,0.7017379293283306,6,120000,5995
CTGATAGA,0.70166576,0.7016657733063951,6,120000,5995
GTAGTATT,0.7009442,0.7009442130870407,6,120000,5995
CAGATAAC,0.7006556,0.700655588999299,6,120000,5995
GTTATCTG,0.7006556,0.700655588999299,6,120000,5995
ACAATATG,0.70062464,0.7006246649898982,6,120000,5995
GGGATCTG,0.7000062,0.7000061848018801,6,120000,5995
ATTACATC,0.6999237,0.6999237207768111,6,120000,5995
GTATAAGC,0.6989857,0.6989856924916505,6,120000,5995
TGGTTATC,0.69893414,0.6989341524759825,6,120000,5995
GGCAGATA,0.69872797,0.6987279924133097,6,120000,5995
CCGATCGG,0.6986352,0.6986352203851071,6,120000,5995
GTTATCTC,0.69852185,0.698521832350637,6,120000,5995
GAGATAAC,0.69852185,0.698521832350637,6,120000,5995
AAGACATA,0.69815075,0.6981507442378262,6,120000,5995
GTAACACC,0.69813013,0.6981301282315591,6,120000,5995
CTGAGAAC,0.6980889,0.6980888962190245,6,120000,5995
TTATTATG,0.69776934,0.6977693481218818,6,120000,5995
GCATTATT,0.69763535,0.6976353440811446,6,120000,5995
GTTATATT,0.6975941,0.69759411206861,6,120000,5995
AATATAAC,0.6975941,0.69759411206861,6,120000,5995
AAAATATG,0.69738793,0.6973879520059374,6,120000,5995
GAAGTGTC,0.696955,0.6969550158743248,6,120000,5995
GACACTTC,0.696955,0.6969550158743248,6,120000,5995
GTATTACT,0.6969241,0.696924091864924,6,120000,5995
GCATTATC,0.696419,0.696418999711376,6,120000,5995
GGATTACC,0.6961716,0.6961716076361688,6,120000,5995
TAGCTATT,0.69599634,0.695996371582897,6,120000,5995
GGCGTATT,0.6954707,0.6954706634230817,6,120000,5995
CTCATAAT,0.6953882,0.6953881993980126,6,120000,5995
GAGATCGG,0.6952439,0.6952438873541418,6,120000,5995
GTTATCAG,0.69491404,0.6949140312538655,6,120000,5995
CTGATAAC,0.69491404,0.6949140312538655,6,120000,5995
CTGCTATA,0.6948006,0.6948006432193955,6,120000,5995
ACGATAGA,0.69446045,0.6944604791159857,6,120000,5995
ATCATTTC,0.69389355,0.6938935389436358,6,120000,5995
TTCCTATC,0.6923164,0.69231641446419,6,120000,5995
GAATAATC,0.6919969,0.6919968663670474,6,120000,5995
GAGTTATA,0.6919453,0.6919453263513793,6,120000,5995
ATCCTCTT,0.6915845,0.6915845462417021,6,120000,5995
AAGATAGA,0.69118255,0.6911825341194904,6,120000,5995
CTGATCAA,0.6910176,0.6910176060693523,6,120000,5995
GCGTAATC,0.690997,0.690996990063085,6,120000,5995
TGGATAGT,0.690997,0.690996990063085,6,120000,5995
ATGTTGTC,0.69087327,0.6908732940254814,6,120000,5995
GTGATAAC,0.6907805,0.6907805219972787,6,120000,5995
GTTATCAC,0.6907805,0.6907805219972787,6,120000,5995
ATGCAATA,0.69071865,0.6907186739784769,6,120000,5995
GTCGTATA,0.6903579,0.6903578938687996,6,120000,5995
GAGATCGC,0.68939924,0.689399249577372,6,120000,5995
GCGATCTC,0.68939924,0.689399249577372,6,120000,5995
ATCATAGT,0.6892859,0.689285861542902,6,120000,5995
GGACTATA,0.6892859,0.689285861542902,6,120000,5995
TTGCGATC,0.68842,0.6884199892796768,6,120000,5995
ATAGCATC,0.6883066,0.6883066012452068,6,120000,5995
GAGACGGA,0.6877706,0.687770585082258,6,120000,5995
GTCAGATC,0.6877706,0.687770585082258,6,120000,5995
CATACATG,0.68772936,0.6877293530697234,6,120000,5995
TTGTCATA,0.68771905,0.6877190450665898,6,120000,5995
ATCAAAAC,0.68713146,0.6871314888879726,6,120000,5995
ATCACCTT,0.68669856,0.68669855275636,6,120000,5995
GTCAGATG,0.6865955,0.6865954727250237,6,120000,5995
AGTGTATT,0.6865749,0.6865748567187564,6,120000,5995
ATTAGAAC,0.6864924,0.6864923926936874,6,120000,5995
CTGTTATA,0.68645114,0.6864511606811529,6,120000,5995
ATTAATTC,0.68645114,0.6864511606811529,6,120000,5995
GGTGTTTA,0.68640995,0.6864099286686183,6,120000,5995
CGCATATA,0.68630683,0.686306848637282,6,120000,5995
TGGTTATA,0.68616253,0.6861625365934112,6,120000,5995
CTCCTATA,0.6858739,0.6858739125056694,6,120000,5995
GTGATATC,0.9942172,0.9942172102420319,7,140000,6994
GGTATCAC,0.993908,0.9939079701480229,7,140000,6994
GTGATACC,0.993908,0.9939079701480229,7,140000,6994
TTGATATC,0.99350595,0.9935059580258113,7,140000,6994
TTGATACC,0.99298024,0.992980249865996,7,140000,6994
GGGGTATC,0.99091864,0.9909186492392694,7,140000,6994
ATGATACC,0.989692,0.989691996866367,7,140000,6994
GTATCATC,0.9861873,0.9861872758009319,7,140000,6994
ATGATATG,0.9850946,0.9850946274687667,7,140000,6994
ATGATACG,0.9847338,0.9847338473590896,7,140000,6994
GGGATATC,0.9840638,0.9840638271554035,7,140000,6994
TTGATACG,0.9825898,0.982589782707294,7,140000,6994
ACGATATC,0.9820228,0.9820228425349441,7,140000,6994
AGGGTATC,0.98124975,0.9812497422999216,7,140000,6994
ATGATACT,0.98043543,0.9804354100523647,7,140000,6994
TAGGTATC,0.97972417,0.979724157836144,7,140000,6994
ATGATATC,0.9794561,0.9794561497546695,7,140000,6994
TTGATACT,0.9781986,0.9781985733723663,7,140000,6994
GCGATATC,0.9771575,0.9771574650558693,7,140000,6994
GATATCGC,0.9771575,0.9771574650558693,7,140000,6994
ATGATACA,0.97611636,0.9761163567393725,7,140000,6994
AGGATATC,0.9755082,0.9755081845544881,7,140000,6994
GTGATACG,0.97516805,0.9751680204510782,7,140000,6994
CTGATATC,0.9750546,0.9750546324166083,7,140000,6994
CGGATATC,0.9737352,0.9737352080155032,7,140000,6994
AAGATATC,0.9732095,0.9732094998556878,7,140000,6994
TATATATC,0.9730446,0.9730445718055498,7,140000,6994
GATATATA,0.9730446,0.9730445718055498,7,140000,6994
TAGATATC,0.9729827,0.9729827237867481,7,140000,6994
GATATATC,0.97251886,0.9725188636457345,7,140000,6994
ATGATAGC,0.9723333,0.9723333195893292,7,140000,6994
GTGATACA,0.97146744,0.9714674473261039,7,140000,6994
AAGGTATC,0.9706634,0.9706634230816805,7,140000,6994
TTGATATG,0.970045,0.9700449428936627,7,140000,6994
ATCATATC,0.97002435,0.9700243268873954,7,140000,6994
GTGATACT,0.969478,0.9694780027213128,7,140000,6994
CAGATATC,0.968272,0.9682719663546778,7,140000,6994
GGTGTATC,0.9676947,0.9676947181791943,7,140000,6994
GATATACC,0.9673236,0.9673236300663836,7,140000,6994
GGTATATC,0.9673236,0.9673236300663836,7,140000,6994
CTGATACT,0.9653548,0.9653548014678596,7,140000,6994
CGGGTATC,0.96530324,0.9653032614521916,7,140000,6994
GATATCTC,0.96503526,0.9650352533707169,7,140000,6994
GAGATATC,0.96503526,0.9650352533707169,7,140000,6994
TTGATACA,0.9631695,0.9631695048035296,7,140000,6994
TGGATATC,0.96232426,0.9623242485465716,7,140000,6994
TAGATACC,0.962149,0.9621490124932999,7,140000,6994
GGTATCTA,0.962149,0.9621490124932999,7,140000,6994
GTGATATA,0.9619738,0.961973776440028,7,140000,6994
ATGACACC,0.96127284,0.961272832226941,7,140000,6994
CTGATATG,0.9595514,0.9595513957036242,7,140000,6994
CAGGTATC,0.9586752,0.9586752154372655,7,140000,6994
ACGATACC,0.95775783,0.9577578031583722,7,140000,6994
GTGATATG,0.9574898,0.9574897950768977,7,140000,6994
ATGATATA,0.9571909,0.9571908629860224,7,140000,6994
GGGGTATA,0.9564074,0.9564074547478661,7,140000,6994
GGGGGATA,0.9563147,0.9563146827196636,7,140000,6994
TTGACACC,0.9545623,0.9545623221869459,7,140000,6994
GAGGTATC,0.9544386,0.9544386261493425,7,140000,6994
CTGATACC,0.9533975,0.9533975178328454,7,140000,6994
GGGGGATC,0.95283055,0.9528305776604957,7,140000,6994
CCGATATC,0.95283055,0.9528305776604957,7,140000,6994
CCCATATC,0.9523461,0.9523461015132149,7,140000,6994
GTGTGATA,0.9519956,0.9519956294066714,7,140000,6994
ATGATCCC,0.9514184,0.9514183812311879,7,140000,6994
GCGATACC,0.9493362,0.9493361645981941,7,140000,6994
GGTATCGC,0.9493362,0.9493361645981941,7,140000,6994
GGGATATA,0.94857335,0.9485733723663052,7,140000,6994
GGCATATC,0.9485527,0.9485527563600379,7,140000,6994
GTATCGTC,0.9469138,0.9469137838617903,7,140000,6994
ATGATAGG,0.9467076,0.9467076237991177,7,140000,6994
ATAGTATC,0.946151,0.9461509916299015,7,140000,6994
ATGGTATC,0.9456356,0.9456355914732198,7,140000,6994
GTGATATT,0.94530576,0.9453057353729436,7,140000,6994
CTGATATA,0.94520265,0.9452026553416072,7,140000,6994
GATATGTA,0.94469756,0.9446975631880592,7,140000,6994
TACATATC,0.94469756,0.9446975631880592,7,140000,6994
TGGGTATC,0.9444502,0.944450171112852,7,140000,6994
ACGATATG,0.94313073,0.9431307467117469,7,140000,6994
CCGATACC,0.9428421,0.9428421226240052,7,140000,6994
ATCATATA,0.9412856,0.9412856141508267,7,140000,6994
CCCGTATC,0.94110006,0.9411000700944213,7,140000,6994
TCGATATA,0.94096607,0.940966066053684,7,140000,6994
GTAGTATC,0.9406156,0.9406155939471406,7,140000,6994
GTGATCCG,0.94041973,0.9404197418876016,7,140000,6994
CGGATCAC,0.94041973,0.9404197418876016,7,140000,6994
CTGATACA,0.9403888,0.9403888178782007,7,140000,6994
GTGATCCC,0.9401311,0.9401311177998598,7,140000,6994
GGGATCAC,0.9401311,0.9401311177998598,7,140000,6994
TCGATATC,0.94004864,0.9400486537747907,7,140000,6994
GTGATCCT,0.9393477,0.9393477095617037,7,140000,6994
ATGTGATA,0.9387086,0.9387086133674185,7,140000,6994
AGTATATC,0.9377706,0.937770585082258,7,140000,6994
GAGATATA,0.9376984,0.9376984290603225,7,140000,6994
GGGAGATA,0.93744075,0.9374407289819816,7,140000,6994
GGAGTATC,0.93565744,0.9356574444398631,7,140000,6994
GTGATAGC,0.93396693,0.9339669319259473,7,140000,6994
TTGATATA,0.933668,0.933667999835072,7,140000,6994
ATAATACC,0.9329258,0.9329258236094504,7,140000,6994
CATATATA,0.9319775,0.9319774873211562,7,140000,6994
TAGATATA,0.93192595,0.931925947305488,7,140000,6994
ATTATATC,0.9310807,0.9310806910485301,7,140000,6994
ACGGTATC,0.93062717,0.9306271389106502,7,140000,6994
ATACTATA,0.9304519,0.9304519028573784,7,140000,6994
AGTATATA,0.9302767,0.9302766668041067,7,140000,6994
TTGATCCG,0.9298025,0.9298024986599597,7,140000,6994
GGTATATA,0.9296994,0.9296994186286234,7,140000,6994
CCTATATC,0.92959636,0.929596338597287,7,140000,6994
ATCGTATC,0.9294726,0.9294726425596833,7,140000,6994
GATATGTC,0.9292562,0.9292561744938771,7,140000,6994
GACATATC,0.9292562,0.9292561744938771,7,140000,6994
GATACATC,0.92898816,0.9289881664124026,7,140000,6994
GATGTATC,0.92898816,0.9289881664124026,7,140000,6994
CTGATACG,0.92832845,0.9283284542118501,7,140000,6994
GCGATATA,0.92818415,0.9281841421679792,7,140000,6994
AAGATACC,0.92685443,0.9268544097637406,7,140000,6994
GAAGTATC,0.9264318,0.9264317816352615,7,140000,6994
TTGATAGC,0.92576176,0.9257617614315755,7,140000,6994
TACGTATC,0.92548347,0.9254834453469675,7,140000,6994
GATATATG,0.9251948,0.9251948212592257,7,140000,6994
CATATATC,0.9251948,0.9251948212592257,7,140000,6994
ACAGTATC,0.92510206,0.9251020492310229,7,140000,6994
GCGATACT,0.9248959,0.9248958891683503,7,140000,6994
TCTATATC,0.9246073,0.9246072650806086,7,140000,6994
GATATAGA,0.9246073,0.9246072650806086,7,140000,6994
CACATATC,0.9244011,0.9244011050179359,7,140000,6994
TCCATATC,0.92398876,0.9239887848925906,7,140000,6994
CTGACACC,0.9239476,0.923947552880056,7,140000,6994
TATAGATA,0.9239476,0.923947552880056,7,140000,6994
TATCTATC,0.9238135,0.9238135488393188,7,140000,6994
ATGATATT,0.9232157,0.9232156846575681,7,140000,6994
GTATTATA,0.9227106,0.9227105925040202,7,140000,6994
ATCAGATA,0.92222613,0.9222261163567395,7,140000,6994
CCGGTATC,0.92216426,0.9221642683379376,7,140000,6994
ACTATATC,0.92187566,0.921875644250196,7,140000,6994
ATGATAGT,0.9216901,0.9216901001937905,7,140000,6994
AGCATATC,0.92107165,0.9210716200057726,7,140000,6994
CTGGTATC,0.9206593,0.9206592998804272,7,140000,6994
GGCGTATC,0.92045313,0.9204531398177546,7,140000,6994
GTGATAGG,0.92004085,0.9200408196924091,7,140000,6994
GCTATATC,0.9194223,0.9194223395043912,7,140000,6994
GATATAGC,0.9194223,0.9194223395043912,7,140000,6994
TGAGTATC,0.9193193,0.9193192594730549,7,140000,6994
TCAGTATC,0.9182266,0.9182266111408898,7,140000,6994
CGCATATC,0.91811323,0.9181132231064197,7,140000,6994
GCGGTATC,0.9176391,0.9176390549622727,7,140000,6994
GTGGTATC,0.91761845,0.9176184389560055,7,140000,6994
CGGATATA,0.91751534,0.9175153589246692,7,140000,6994
ATGATCTA,0.9150827,0.9150826701851317,7,140000,6994
TTAATACC,0.9150208,0.91502082216633,7,140000,6994
ATCATAGA,0.9149281,0.9149280501381273,7,140000,6994
ATCAGATC,0.91481465,0.9148146621036574,7,140000,6994
CCGATACT,0.91453636,0.9145363460190493,7,140000,6994
TTGATCCC,0.9142271,0.9142271059250402,7,140000,6994
CTGTGATA,0.9134437,0.9134436976868842,7,140000,6994
GTGACACC,0.9134334,0.9134333896837504,7,140000,6994
ATACTATC,0.9121449,0.9121448892920463,7,140000,6994
TAGATACT,0.91172224,0.9117222611635674,7,140000,6994
TGTATATC,0.91143364,0.9114336370758257,7,140000,6994
GTATTATC,0.91143364,0.9114336370758257,7,140000,6994
TTGATAGG,0.9102379,0.9102379087123244,7,140000,6994
AATATATC,0.90914524,0.9091452603801592,7,140000,6994
GATATATT,0.90914524,0.9091452603801592,7,140000,6994
AGGGTATA,0.90901124,0.9090112563394219,7,140000,6994
GTGATAGT,0.9081866,0.9081866160887313,7,140000,6994
GTGAGATA,0.9081763,0.9081763080855977,7,140000,6994
TAGGTATA,0.9075063,0.9075062878819116,7,140000,6994
CCGATATG,0.90720737,0.9072073557910362,7,140000,6994
GATACATT,0.90645486,0.906454871562281,7,140000,6994
CAGATACC,0.90591884,0.905918855399332,7,140000,6994
GGTATCTG,0.90591884,0.905918855399332,7,140000,6994
TTGATAGT,0.90591884,0.905918855399332,7,140000,6994
TGGATACC,0.90578485,0.9057848513585948,7,140000,6994
TTGATATT,0.90556836,0.9055683832927885,7,140000,6994
ATCCTATC,0.90536225,0.9053622232301158,7,140000,6994
CTATCAAC,0.9051664,0.9051663711705769,7,140000,6994
GCGTGATA,0.9045994,0.904599430998227,7,140000,6994
CGGCTATC,0.9045067,0.9045066589700244,7,140000,6994
TGCATATC,0.9039294,0.9039294107945408,7,140000,6994
GAGAGATA,0.9031048,0.9031047705438503,7,140000,6994
TGGATATA,0.9024554,0.9024553663464314,7,140000,6994
ATGATCAC,0.90241414,0.902414134333897,7,140000,6994
GTGATCAT,0.90241414,0.902414134333897,7,140000,6994
ATTATACC,0.9022595,0.9022595142868923,7,140000,6994
GGTATAAT,0.9022595,0.9022595142868923,7,140000,6994
TTAGTATC,0.9022286,0.9022285902774915,7,140000,6994
AACATATC,0.9020018,0.9020018142085515,7,140000,6994
GCCGTATC,0.90131116,0.9013111779985981,7,140000,6994
TTGAGATA,0.90065145,0.9006514657980456,7,140000,6994
GGTATCTC,0.9001773,0.9001772976538985,7,140000,6994
GAGATACC,0.9001773,0.9001772976538985,7,140000,6994
AAGATATA,0.899899,0.8998989815692905,7,140000,6994
CCGATACA,0.89948666,0.8994866614439451,7,140000,6994
AGGATATA,0.8994454,0.8994454294314106,7,140000,6994
TTAATATC,0.8984146,0.8984146291180473,7,140000,6994
ATAATACG,0.8977549,0.8977549169174948,7,140000,6994
GAGGGATA,0.8976828,0.8976827608955593,7,140000,6994
TTGGTATC,0.8976209,0.8976209128767576,7,140000,6994
CCGATCAC,0.8976209,0.8976209128767576,7,140000,6994
GTGATCGG,0.8976209,0.8976209128767576,7,140000,6994
CGTATATA,0.8974766,0.8974766008328866,7,140000,6994
CGAGTATC,0.8971674,0.8971673607388777,7,140000,6994
ATCGTATA,0.89677566,0.8967756566197996,7,140000,6994
GAGATACA,0.8964149,0.8964148765101225,7,140000,6994
TGTATCTC,0.8964149,0.8964148765101225,7,140000,6994
ACGATATA,0.8963427,0.8963427204881871,7,140000,6994
GGGTGATC,0.8962809,0.8962808724693851,7,140000,6994
GGTATATT,0.89603347,0.896033480394178,7,140000,6994
AATATACC,0.89603347,0.896033480394178,7,140000,6994
GTGATCCA,0.89574486,0.8957448563064363,7,140000,6994
CGGATATG,0.8956315,0.8956314682719664,7,140000,6994
GCAGTATC,0.8951882,0.8951882241372201,7,140000,6994
CTGATAGC,0.895013,0.8950129880839484,7,140000,6994
AGGCTATC,0.89483774,0.8948377520306766,7,140000,6994
ATAATATC,0.89419866,0.8941986558363915,7,140000,6994
GCGATACG,0.8940234,0.8940234197831196,7,140000,6994
GTATGATC,0.8940234,0.8940234197831196,7,140000,6994
ATCCTATA,0.8934256,0.8934255556013689,7,140000,6994
GAGATACT,0.89242566,0.8924256792974065,7,140000,6994
CACGTATC,0.8919721,0.8919721271595267,7,140000,6994
GTGTGATC,0.8910341,0.8910340988743661,7,140000,6994
ATATCGTC,0.8903847,0.8903846946769471,7,140000,6994
GATACATG,0.89008576,0.8900857625860719,7,140000,6994
GGATGATC,0.8900548,0.890054838576671,7,140000,6994
AGGATATG,0.8899105,0.8899105265328,7,140000,6994
GGGGTATT,0.8892508,0.8892508143322476,7,140000,6994
ATCATACA,0.88919926,0.8891992743165794,7,140000,6994
CTAATATC,0.8889519,0.8889518822413722,7,140000,6994
ATGTGATC,0.88889,0.8888900342225705,7,140000,6994
ATGATCTC,0.8888076,0.8888075701975013,7,140000,6994
GCGATATG,0.88840556,0.8884055580752898,7,140000,6994
AAGGGATC,0.8883643,0.8883643260627552,7,140000,6994
AATATATA,0.88766336,0.8876633818496681,7,140000,6994
GTAATATC,0.8874881,0.8874881457963963,7,140000,6994
GATATTAC,0.8874881,0.8874881457963963,7,140000,6994
ATGATCCA,0.8873954,0.8873953737681937,7,140000,6994
TCGATATG,0.88708615,0.8870861336741847,7,140000,6994
GTGTCATA,0.8869212,0.8869212056240465,7,140000,6994
ACCATATC,0.8862821,0.8862821094297613,7,140000,6994
TTGGTATA,0.88502455,0.8850245330474581,7,140000,6994
AGGATACC,0.88451946,0.8845194408939101,7,140000,6994
CTTAGATA,0.8843957,0.8843957448563065,7,140000,6994
CTGATCCC,0.8838906,0.8838906527027585,7,140000,6994
GCTGTATC,0.8837876,0.8837875726714222,7,140000,6994
GAGATACG,0.88349897,0.8834989485836804,7,140000,6994
CGTATCTC,0.88349897,0.8834989485836804,7,140000,6994
ATACGATC,0.8832825,0.8832824805178741,7,140000,6994
ATCATCTA,0.88287014,0.8828701603925287,7,140000,6994
TGGATACT,0.88194245,0.8819424401105019,7,140000,6994
TTGATCTC,0.88193214,0.8819321321073682,7,140000,6994
GAGGTATA,0.8818188,0.8818187440728982,7,140000,6994
ACGATAGG,0.8817775,0.8817775120603636,7,140000,6994
TAGATATG,0.8813858,0.8813858079412856,7,140000,6994
GTATTATT,0.88075703,0.880757019750134,7,140000,6994
GCGATACA,0.88032407,0.8803240836185214,7,140000,6994
AAGATACT,0.8800973,0.8800973075495815,7,140000,6994
CTGATAGG,0.8798602,0.8798602234775079,7,140000,6994
CGGATACA,0.87966436,0.8796643714179689,7,140000,6994
GTGATCTG,0.8790459,0.8790458912299509,7,140000,6994
CAGATCAC,0.8790459,0.8790458912299509,7,140000,6994
TATATAGC,0.878881,0.8788809631798128,7,140000,6994
GCTATATA,0.878881,0.8788809631798128,7,140000,6994
AATAGATC,0.87876755,0.8787675751453429,7,140000,6994
CTGATCCG,0.8774894,0.8774893827567724,7,140000,6994
ACCCTATC,0.8768194,0.8768193625530861,7,140000,6994
TCGATACA,0.87649983,0.8764998144559436,7,140000,6994
GACGTATC,0.8763864,0.8763864264214737,7,140000,6994
ATAATATA,0.87617,0.8761699583556674,7,140000,6994
ATGGTATA,0.87605655,0.8760565703211973,7,140000,6994
CTTGTATC,0.8760359,0.8760359543149302,7,140000,6994
ATCATCTC,0.8755205,0.8755205541582485,7,140000,6994
TTTTGATC,0.87549996,0.8754999381519812,7,140000,6994
CCGATATA,0.8754381,0.8754380901331794,7,140000,6994
CTGATCTA,0.87533504,0.8753350101018431,7,140000,6994
ATCATACC,0.8750567,0.8750566940172351,7,140000,6994
TTGATCTT,0.8749536,0.8749536139858988,7,140000,6994
GGTATACC,0.874933,0.8749329979796313,7,140000,6994
AGGAGATC,0.8733971,0.87339710551272,7,140000,6994
TAGTGATC,0.8728611,0.8728610893497711,7,140000,6994
AGTATACC,0.8726343,0.8726343132808312,7,140000,6994
CCAATATC,0.87249,0.8724900012369603,7,140000,6994
TTGATCTA,0.87239724,0.8723972292087577,7,140000,6994
GTCGTATC,0.87178904,0.8717890570238733,7,140000,6994
ATTAGATA,0.87122214,0.8712221168515235,7,140000,6994
TAGATATT,0.87112933,0.8711293448233208,7,140000,6994
GATATTCC,0.87100565,0.8710056487857173,7,140000,6994
GGAATATC,0.87100565,0.8710056487857173,7,140000,6994
GTATAATC,0.8709438,0.8709438007669155,7,140000,6994
GATATGAC,0.8708098,0.8708097967261782,7,140000,6994
GTCATATC,0.8708098,0.8708097967261782,7,140000,6994
CGTATATC,0.8703872,0.8703871685976993,7,140000,6994
ATTATATA,0.8700882,0.8700882365068239,7,140000,6994
CGGATACT,0.8700882,0.8700882365068239,7,140000,6994
AGCGTATC,0.8690368,0.8690368201871933,7,140000,6994
CGGATACC,0.86886156,0.8688615841339216,7,140000,6994
TGTATATT,0.8685214,0.8685214200305117,7,140000,6994
GGGATACC,0.8685008,0.8685008040242445,7,140000,6994
CTTATATA,0.8680885,0.868088483898899,7,140000,6994
GTAAGATC,0.868006,0.8680060198738301,7,140000,6994
ATAATACA,0.86793387,0.8679338638518946,7,140000,6994
GATATAAC,0.8678823,0.8678823238362264,7,140000,6994
GTTATATC,0.8678823,0.8678823238362264,7,140000,6994
CTTATATC,0.8678617,0.8678617078299593,7,140000,6994
AAGCTATC,0.8674597,0.8674596957077475,7,140000,6994
CGGATATT,0.8674288,0.8674287716983466,7,140000,6994
TTTATACC,0.8669855,0.8669855275636005,7,140000,6994
TGTATATA,0.86665565,0.8666556714633241,7,140000,6994
GTTGTATC,0.86548054,0.86548055910609,7,140000,6994
CGGATAAT,0.8650167,0.8650166989650765,7,140000,6994
ATCATCTG,0.86498576,0.8649857749556756,7,140000,6994
ATCATGTG,0.86468685,0.8646868428648002,7,140000,6994
GCGATCGC,0.86459404,0.8645940708365975,7,140000,6994
ATATTATC,0.8641405,0.8641405186987177,7,140000,6994
CTACTATC,0.86342925,0.863429266482497,7,140000,6994
GGGATATG,0.8628932,0.8628932503195481,7,140000,6994
CCGATACG,0.86241907,0.862419082175401,7,140000,6994
GTATAATA,0.86178,0.8617799859811158,7,140000,6994
CTGATCCT,0.86174905,0.861749061971715,7,140000,6994
GGTATTGA,0.86131614,0.8613161258401023,7,140000,6994
TCAATACC,0.86131614,0.8613161258401023,7,140000,6994
ATCCTATT,0.85969776,0.8596977693481218,7,140000,6994
TGGAGATA,0.8583474,0.858347420937616,7,140000,6994
ATGATCTT,0.8583268,0.8583268049313487,7,140000,6994
ATTGTATC,0.85828555,0.8582855729188142,7,140000,6994
ATTATCTC,0.8578423,0.857842328784068,7,140000,6994
GAGATAAT,0.8578423,0.857842328784068,7,140000,6994
TTCGGATC,0.85682184,0.8568218364738384,7,140000,6994
AGTAGATC,0.8567909,0.8567909124644374,7,140000,6994
AGAATATC,0.8561209,0.8561208922607513,7,140000,6994
ATGGTGTC,0.8560075,0.8560075042262814,7,140000,6994
CTCATATA,0.8557704,0.8557704201542078,7,140000,6994
TCAATATC,0.8557086,0.855708572135406,7,140000,6994
ATTGTATA,0.8555952,0.855595184100936,7,140000,6994
ACAATATC,0.8552344,0.8552344039912588,7,140000,6994
CTAGTATC,0.85448194,0.8544819197625036,7,140000,6994
TTAATATA,0.8543582,0.8543582237249,7,140000,6994
TGAAGATC,0.8538634,0.8538634395744855,7,140000,6994
CCAGTATC,0.8536264,0.8536263555024121,7,140000,6994
GCAGGATC,0.8535542,0.8535541994804766,7,140000,6994
GCCCTATC,0.85351294,0.853512967467942,7,140000,6994
CGGATAAC,0.8534305,0.8534305034428731,7,140000,6994
GCCATATC,0.85311097,0.8531109553457304,7,140000,6994
GTTAGATA,0.8530388,0.853038799323795,7,140000,6994
ACGATATT,0.8530388,0.853038799323795,7,140000,6994
TCGGTATC,0.8527708,0.8527707912423205,7,140000,6994
TAGAGATA,0.85271925,0.8527192512266524,7,140000,6994
GATCTATC,0.85242033,0.8524203191357771,7,140000,6994
GATAGATC,0.85242033,0.8524203191357771,7,140000,6994
GGGATTAT,0.8523997,0.8523997031295097,7,140000,6994
CTAGTATA,0.85233784,0.8523378551107079,7,140000,6994
GTTATCCC,0.85197705,0.8519770750010307,7,140000,6994
GGGATAAC,0.85197705,0.8519770750010307,7,140000,6994
CATATATT,0.85177094,0.8517709149383581,7,140000,6994
GGGATACA,0.85094625,0.8509462746876676,7,140000,6994
CCGACACC,0.850637,0.8506370345936586,7,140000,6994
GGAGGATC,0.85044116,0.8504411825341195,7,140000,6994
AGGGTATT,0.85038966,0.8503896425184514,7,140000,6994
ATACTATT,0.84987426,0.8498742423617697,7,140000,6994
CAGAGATC,0.8498227,0.8498227023461016,7,140000,6994
GTAATATA,0.84912175,0.8491217581330145,7,140000,6994
GAGGTATT,0.848627,0.8486269739826,7,140000,6994
CTAATATA,0.8484105,0.8484105059167938,7,140000,6994
TGCGTATC,0.8483693,0.8483692739042592,7,140000,6994
CTATTATC,0.84831774,0.8483177338885911,7,140000,6994
GTAAGATA,0.8480394,0.8480394178039831,7,140000,6994
TAGATCAC,0.84771985,0.8477198697068403,7,140000,6994
GTGATCTA,0.84771985,0.8477198697068403,7,140000,6994
AGGGGATC,0.84721476,0.8472147775532924,7,140000,6994
GTGATCAC,0.84707046,0.8470704655094216,7,140000,6994
TTTATATA,0.84619427,0.8461942852430627,7,140000,6994
GAGATATG,0.84614277,0.8461427452273945,7,140000,6994
CATATCTC,0.84614277,0.8461427452273945,7,140000,6994
AAGAGATA,0.84597784,0.8459778171772564,7,140000,6994
ACCATATA,0.84590566,0.845905661155321,7,140000,6994
GAAGGATC,0.845782,0.8457819651177175,7,140000,6994
CTGATAGT,0.8445347,0.8445346967385478,7,140000,6994
GGGCGATC,0.84398836,0.8439883725724653,7,140000,6994
GAGATCTC,0.84360695,0.8436069764565208,7,140000,6994
GAACTATC,0.84348327,0.8434832804189173,7,140000,6994
CTCGTATC,0.8430194,0.8430194202779039,7,140000,6994
TGGATATT,0.84259677,0.8425967921494248,7,140000,6994
ACGGTATT,0.8424112,0.8424112480930194,7,140000,6994
CTGATCTG,0.8421845,0.8421844720240795,7,140000,6994
TCGATCCC,0.842102,0.8421020079990105,7,140000,6994
ACGACACC,0.84201956,0.8420195439739413,7,140000,6994
CCCATATA,0.8419577,0.8419576959551396,7,140000,6994
TAAATATC,0.84185463,0.8418546159238033,7,140000,6994
GTAATACC,0.8416175,0.8416175318517297,7,140000,6994
GAGATAGT,0.8415763,0.8415762998391951,7,140000,6994
CAGAGATA,0.84140104,0.8414010637859234,7,140000,6994
GTGATCTC,0.84103,0.8410299756731127,7,140000,6994
GTGTCATG,0.84085476,0.8408547396198409,7,140000,6994
TTAAGATA,0.8400507,0.8400507153754175,7,140000,6994
GTGTCAAC,0.8399373,0.8399373273409475,7,140000,6994
ATCTTATC,0.83958685,0.839586855234404,7,140000,6994
ATTAAATA,0.83945286,0.8394528511936669,7,140000,6994
GAGTGATC,0.83906114,0.8390611470745887,7,140000,6994
GTGCGATA,0.83864886,0.8386488269492435,7,140000,6994
GTTGGATA,0.8382365,0.838236506823898,7,140000,6994
GTCTGATC,0.8382159,0.8382158908176308,7,140000,6994
ATGGGATC,0.837917,0.8379169587267555,7,140000,6994
TGGATATG,0.8377211,0.8377211066672164,7,140000,6994
ATATAATT,0.83725727,0.837257246526203,7,140000,6994
ATCCAATT,0.83699954,0.8369995464478621,7,140000,6994
GGCGGATC,0.8359275,0.8359275141219644,7,140000,6994
GGAGTATA,0.83510286,0.8351028738712736,7,140000,6994
GTCGGATC,0.8344844,0.8344843936832557,7,140000,6994
GGGATACT,0.83437103,0.8343710056487856,7,140000,6994
GAAAGATA,0.83392775,0.8339277615140395,7,140000,6994
GTGGGATA,0.83377314,0.8337731414670351,7,140000,6994
CATATATG,0.8332062,0.8332062012946851,7,140000,6994
GGGATATT,0.83305156,0.8330515812476808,7,140000,6994
GTGATCTT,0.8327939,0.83279388116934,7,140000,6994
CGGATCTT,0.8325568,0.8325567970972663,7,140000,6994
CAGATATG,0.8324434,0.8324434090627963,7,140000,6994
GGTATAAC,0.8321548,0.8321547849750547,7,140000,6994
GTTATACC,0.8321548,0.8321547849750547,7,140000,6994
TGAATATC,0.8319383,0.8319383169092484,7,140000,6994
TCTAGATC,0.83174247,0.8317424648497094,7,140000,6994
ACGCTATC,0.8316806,0.8316806168309074,7,140000,6994
CGGAGATA,0.83166,0.8316600008246403,7,140000,6994
GCGATCCG,0.8315569,0.831556920793304,7,140000,6994
AATATCTC,0.83151567,0.8315156887807694,7,140000,6994
GAGATATT,0.83151567,0.8315156887807694,7,140000,6994
CCGCTATC,0.8314229,0.8314229167525667,7,140000,6994
CGGATCTA,0.83129925,0.8312992207149631,7,140000,6994
GGGATAAT,0.8310518,0.8310518286397559,7,140000,6994
ATTATCCC,0.8310518,0.8310518286397559,7,140000,6994
GTATTAAC,0.83046424,0.8304642724611389,7,140000,6994
ATCACTTC,0.82937163,0.8293716241289737,7,140000,6994
AGGATACA,0.8291345,0.8291345400569001,7,140000,6994
TTATTATC,0.8290727,0.8290726920380984,7,140000,6994
AAGGTGTC,0.8282378,0.8282377437842742,7,140000,6994
GGCATATA,0.82790786,0.8279078876839978,7,140000,6994
ACGTGATC,0.8278667,0.8278666556714633,7,140000,6994
TTTAAATA,0.8275883,0.8275883395868553,7,140000,6994
TTAATACT,0.8267946,0.8267946233455655,7,140000,6994
GTGTTAAT,0.8266297,0.8266296952954274,7,140000,6994
CTCATATC,0.82616585,0.8261658351544139,7,140000,6994
ATCCTCTC,0.8259081,0.8259081350760731,7,140000,6994
GTATCTTC,0.82555765,0.8255576629695296,7,140000,6994
GTATTAGA,0.82528967,0.8252896548880551,7,140000,6994
AAGATATT,0.82527936,0.8252793468849214,7,140000,6994
GGGAGATC,0.82518655,0.8251865748567188,7,140000,6994
GGGATAAG,0.8243207,0.8243207025934937,7,140000,6994
CTTATCCC,0.8243207,0.8243207025934937,7,140000,6994
GTCCTATC,0.82425886,0.8242588545746918,7,140000,6994
AAGAGATC,0.8239908,0.8239908464932173,7,140000,6994
ATTATACT,0.82385683,0.82385684245248,7,140000,6994
CGGAGATC,0.82357854,0.823578526367872,7,140000,6994
GTGATCGC,0.8235476,0.8235476023584711,7,140000,6994
GCGATCAC,0.8235476,0.8235476023584711,7,140000,6994
CAGGGATC,0.8234136,0.823413598317734,7,140000,6994
ATAAAATA,0.823393,0.8233929823114666,7,140000,6994
GCGATAGT,0.82322806,0.8232280542613285,7,140000,6994
CTGATCTT,0.8223828,0.8223827980043706,7,140000,6994
CATAGATC,0.8221354,0.8221354059291635,7,140000,6994
GTGGGATC,0.82159936,0.8215993897662145,7,140000,6994
ATGAGATC,0.8210943,0.8210942976126664,7,140000,6994
GATATTGC,0.82108396,0.8210839896095329,7,140000,6994
GCAATATC,0.82108396,0.8210839896095329,7,140000,6994
CTGTGATC,0.8210737,0.8210736816063993,7,140000,6994
GTGTCATC,0.8210531,0.8210530656001319,7,140000,6994
TTTATATC,0.82087785,0.8208778295468602,7,140000,6994
TTGTGATC,0.82063043,0.820630437471653,7,140000,6994
GTGGTGTC,0.82040364,0.820403661402713,7,140000,6994
GTTATATA,0.82013565,0.8201356533212387,7,140000,6994
TTGCTATC,0.8199604,0.8199604172679669,7,140000,6994
CGTAGATA,0.8199604,0.8199604172679669,7,140000,6994
TGGCTATC,0.81989855,0.819898569249165,7,140000,6994
GTGGTATA,0.81988823,0.8198882612460314,7,140000,6994
CCGATATT,0.8192904,0.8192903970642808,7,140000,6994
GCGATATT,0.81922853,0.819228549045479,7,140000,6994
GGATTATC,0.81851727,0.8185172968292582,7,140000,6994
CTGTTATC,0.8184245,0.8184245248010557,7,140000,6994
ATCGTATT,0.81795037,0.8179503566569084,7,140000,6994
GACAGATA,0.8179091,0.8179091246443739,7,140000,6994
ATCACATG,0.8177442,0.8177441965942357,7,140000,6994
AGGATAGT,0.8173525,0.8173524924751576,7,140000,6994
AGGATATT,0.81690925,0.8169092483404115,7,140000,6994
CGAATATC,0.81690925,0.8169092483404115,7,140000,6994
GACCTATC,0.81668246,0.8166824722714716,7,140000,6994
GATAGGTC,0.81668246,0.8166824722714716,7,140000,6994
TTGATAAT,0.8164248,0.8164247721931308,7,140000,6994
AGGATCCC,0.8163732,0.8163732321774626,7,140000,6994
GCGTGATC,0.8160743,0.8160743000865872,7,140000,6994
GTGTCATT,0.8159197,0.8159196800395828,7,140000,6994
GTATAATG,0.8158372,0.8158372160145138,7,140000,6994
ATCATCCC,0.8157032,0.8157032119737765,7,140000,6994
GGGATCGC,0.8156723,0.8156722879643755,7,140000,6994
GCGATCCC,0.8156723,0.8156722879643755,7,140000,6994
GATAGTTG,0.8156207,0.8156207479487074,7,140000,6994
GAATGATC,0.8154455,0.8154455118954357,7,140000,6994
TAGTTATA,0.8145178,0.8145177916134086,7,140000,6994
CAGATATA,0.81441474,0.8144147115820723,7,140000,6994
CTGCTATC,0.81424975,0.8142497835319341,7,140000,6994
CCGATAGC,0.8141673,0.8141673195068652,7,140000,6994
CTTGGATC,0.8139199,0.813919927431658,7,140000,6994
GATGTATA,0.81307465,0.8130746711747001,7,140000,6994
CTGAGATA,0.81292003,0.8129200511276955,7,140000,6994
TTCGTATC,0.81286854,0.8128685111120274,7,140000,6994
GGACTATC,0.81279635,0.812796355090092,7,140000,6994
GATCTACC,0.81279635,0.812796355090092,7,140000,6994
GGTAGATC,0.81279635,0.812796355090092,7,140000,6994
GGTATAGT,0.8123428,0.8123428029522122,7,140000,6994
AAAATATC,0.81200266,0.8120026388488022,7,140000,6994
GATATTTT,0.81200266,0.8120026388488022,7,140000,6994
CGGATAGC,0.81198204,0.811982022842535,7,140000,6994
GGGATCTT,0.8117862,0.811786170782996,7,140000,6994
ATTACACC,0.81154907,0.8115490867109224,7,140000,6994
CTGGTGTC,0.81147695,0.811476930688987,7,140000,6994
ACGATAGC,0.8114151,0.811415082670185,7,140000,6994
CGGGTATA,0.8106935,0.8106935224508308,7,140000,6994
GTAGTATA,0.81059045,0.8105904424194945,7,140000,6994
GGGATCTC,0.81049764,0.8104976703912918,7,140000,6994
GAGATCCC,0.81049764,0.8104976703912918,7,140000,6994
CTTATACC,0.8102503,0.8102502783160846,7,140000,6994
GGTATAAG,0.8102503,0.8102502783160846,7,140000,6994
GTGTCAGT,0.8093535,0.8093534820434585,7,140000,6994
TTTGTATC,0.80852884,0.808528841792768,7,140000,6994
AGAAGATC,0.8080444,0.8080443656454872,7,140000,6994
TAGATAGG,0.80779696,0.80779697357028,7,140000,6994
GGAAGATC,0.80772483,0.8077248175483446,7,140000,6994
CCGGTATA,0.8074465,0.8074465014637364,7,140000,6994
TTGGTGTC,0.80742586,0.8074258854574692,7,140000,6994
AGAATATA,0.80727124,0.8072712654104647,7,140000,6994
CAAATATC,0.8070342,0.8070341813383912,7,140000,6994
GTAGGATA,0.806828,0.8068280212757184,7,140000,6994
CTAATACT,0.8066631,0.8066630932255803,7,140000,6994
GTGATCAA,0.80633324,0.8063332371253041,7,140000,6994
GACGGATC,0.80619925,0.8061992330845669,7,140000,6994
ATCATACT,0.8060755,0.8060755370469632,7,140000,6994
ATGAATAC,0.80598277,0.8059827650187606,7,140000,6994
GGTATAGG,0.8058591,0.8058590689811569,7,140000,6994
GGTGTATA,0.8057766,0.8057766049560879,7,140000,6994
GTATTAGG,0.80552924,0.8055292128808808,7,140000,6994
CCGATCTA,0.8049932,0.8049931967179318,7,140000,6994
AAGATTAT,0.8047664,0.8047664206489918,7,140000,6994
GGGATAGT,0.80454993,0.8045499525831856,7,140000,6994
TTCATAAT,0.8045396,0.8045396445800519,7,140000,6994
TAGATCTA,0.80369437,0.803694388323094,7,140000,6994
CGGGGATC,0.803581,0.8035810002886241,7,140000,6994
TTGTTATA,0.8032305,0.8032305281820805,7,140000,6994
CCGATCGC,0.8031481,0.8031480641570116,7,140000,6994
GCGATCGG,0.8031481,0.8031480641570116,7,140000,6994
CTGATCTC,0.8026327,0.80263266400033,7,140000,6994
GTATATTC,0.8024883,0.8024883519564591,7,140000,6994
AAGATCTC,0.8021791,0.8021791118624501,7,140000,6994
GAGATCTT,0.8021791,0.8021791118624501,7,140000,6994
ATCAGATT,0.8021688,0.8021688038593164,7,140000,6994
ACGAGATC,0.8017771,0.8017770997402383,7,140000,6994
ATGATCGC,0.8015297,0.8015297076650311,7,140000,6994
GCGATCAT,0.8015297,0.8015297076650311,7,140000,6994
TCGCGATC,0.80119985,0.8011998515647549,7,140000,6994
ATAAGATC,0.8011277,0.8011276955428195,7,140000,6994
GTGCTATC,0.8007875,0.8007875314394096,7,140000,6994
AGGATCTC,0.8007463,0.8007462994268751,7,140000,6994
TCGATCTG,0.8003546,0.800354595307797,7,140000,6994
GGGATAGA,0.80031335,0.8003133632952625,7,140000,6994
TTGATCTG,0.80002475,0.8000247392075207,7,140000,6994
GTGATGAT,0.7995918,0.7995918030759082,7,140000,6994
ATGGGATA,0.7995506,0.7995505710633737,7,140000,6994
ATAATGTA,0.799097,0.7990970189254938,7,140000,6994
GTACGATC,0.7983136,0.7983136106873376,7,140000,6994
ATACTAAT,0.797623,0.7976229744773843,7,140000,6994
CAGATACA,0.7973962,0.7973961984084443,7,140000,6994
TTAATATG,0.79717976,0.7971797303426381,7,140000,6994
GAAATATA,0.797056,0.7970560343050344,7,140000,6994
GCCGTATA,0.797056,0.7970560343050344,7,140000,6994
GAGAGATC,0.7970251,0.7970251102956335,7,140000,6994
ATCGTAAA,0.7965406,0.7965406341483527,7,140000,6994
GTCATATA,0.79613864,0.796138622026141,7,140000,6994
ATGTAATA,0.7960149,0.7960149259885375,7,140000,6994
GGGGTATG,0.7957985,0.7957984579227312,7,140000,6994
CCTATCTC,0.7956541,0.7956541458788604,7,140000,6994
GAGATAGG,0.7956541,0.7956541458788604,7,140000,6994
TTTATACG,0.7956026,0.7956026058631922,7,140000,6994
GGGATAAA,0.79511815,0.7951181297159114,7,140000,6994
ATTATATT,0.7950872,0.7950872057065106,7,140000,6994
CCTATATA,0.79461306,0.7946130375623633,7,140000,6994
CTTATATT,0.79461306,0.7946130375623633,7,140000,6994
TTAATATT,0.7936544,0.7936543932709357,7,140000,6994
ATGAGATA,0.7936028,0.7936028532552674,7,140000,6994
ATGATTCC,0.7932936,0.7932936131612585,7,140000,6994
GATCGATC,0.7932524,0.7932523811487239,7,140000,6994
GGGCTATC,0.7924174,0.7924174328948996,7,140000,6994
CAGGTATA,0.7923453,0.7923452768729642,7,140000,6994
CTCCTATC,0.79231435,0.7923143528635632,7,140000,6994
ATCATAAC,0.79201543,0.7920154207726879,7,140000,6994
GTTATGAT,0.79201543,0.7920154207726879,7,140000,6994
CTTATCTA,0.79189175,0.7918917247350843,7,140000,6994
TAGATAAG,0.79189175,0.7918917247350843,7,140000,6994
GATAGCTC,0.7918505,0.7918504927225497,7,140000,6994
GAGCTATC,0.7918505,0.7918504927225497,7,140000,6994
TCTATATA,0.7917474,0.7917474126912134,7,140000,6994
GCCCGATC,0.7908197,0.7908196924091866,7,140000,6994
AACAGATC,0.7906754,0.7906753803653157,7,140000,6994
GTGATCAG,0.7905105,0.7905104523151776,7,140000,6994
CTGATCAC,0.7905105,0.7905104523151776,7,140000,6994
TGGATCGC,0.7901703,0.7901702882117676,7,140000,6994
ATCATATG,0.78987134,0.7898713561208923,7,140000,6994
CTGAGTAT,0.78983015,0.7898301241083577,7,140000,6994
GGAATATA,0.78973734,0.789737352080155,7,140000,6994
TCGAGATA,0.78972703,0.7897270440770214,7,140000,6994
ATTATCGT,0.789057,0.7890570238733352,7,140000,6994
GGTATTGT,0.7890467,0.7890467158702016,7,140000,6994
GCGAGATA,0.7888921,0.7888920958231972,7,140000,6994
TGGGGATC,0.788655,0.7886550117511236,7,140000,6994
ATGCGATC,0.7884798,0.7884797756978519,7,140000,6994
TTGATCAT,0.7884592,0.7884591596915844,7,140000,6994
GAAGTATA,0.7880262,0.788026223559972,7,140000,6994
TTAATACG,0.7877994,0.787799447491032,7,140000,6994
TAGCTATC,0.7874387,0.7874386673813549,7,140000,6994
ATAATATG,0.78739744,0.7873974353688205,7,140000,6994
GGGATAGG,0.7873768,0.787376819362553,7,140000,6994
AGGATAGG,0.7873459,0.7873458953531521,7,140000,6994
ATTAGATC,0.78689235,0.7868923432152723,7,140000,6994
GTTATACA,0.78680986,0.7868098791902033,7,140000,6994
ATAATAAC,0.78636664,0.786366635055457,7,140000,6994
TGGAGATC,0.78636664,0.786366635055457,7,140000,6994
GCGGTATA,0.7858203,0.7858203108893745,7,140000,6994
CTAATACC,0.7856038,0.7856038428235682,7,140000,6994
TTCATATC,0.78504723,0.785047210654352,7,140000,6994
ATTATAGA,0.7849235,0.7849235146167485,7,140000,6994
GCGGTATT,0.7848926,0.7848925906073476,7,140000,6994
TACATATA,0.784872,0.7848719746010803,7,140000,6994
CATATACC,0.78455245,0.7845524265039376,7,140000,6994
GGTATATG,0.78455245,0.7845524265039376,7,140000,6994
ATCTAATC,0.78395456,0.7839545623221869,7,140000,6994
CCAATACT,0.78366596,0.7836659382344452,7,140000,6994
GTACTATC,0.78314024,0.78314023007463,7,140000,6994
CTGAGATC,0.7830887,0.7830886900589618,7,140000,6994
AAAAGATC,0.78306806,0.7830680740526946,7,140000,6994
CTTAGATC,0.78292376,0.7829237620088237,7,140000,6994
GATCTAAG,0.78292376,0.7829237620088237,7,140000,6994
CCTGTATA,0.78262484,0.7826248299179482,7,140000,6994
GTAATACT,0.78250116,0.7825011338803447,7,140000,6994
GTGTAATA,0.78224343,0.7822434338020038,7,140000,6994
ATCACAGC,0.7820888,0.7820888137549995,7,140000,6994
TCGATCTC,0.78203726,0.7820372737393312,7,140000,6994
ATTATAGC,0.7819136,0.7819135777017276,7,140000,6994
GCTATAAT,0.7819136,0.7819135777017276,7,140000,6994
ATTATATG,0.7818105,0.7818104976703913,7,140000,6994
CTGATATT,0.7816868,0.7816868016327877,7,140000,6994
CTAAAATA,0.7816353,0.7816352616171196,7,140000,6994
GGGATCCC,0.78098583,0.7809858574197006,7,140000,6994
ATAGTATG,0.78064567,0.7806456933162907,7,140000,6994
TCTATACT,0.7797592,0.7797592050467984,7,140000,6994
TAGATAGA,0.7797592,0.7797592050467984,7,140000,6994
TCTATCTA,0.7797592,0.7797592050467984,7,140000,6994
AGGATCTA,0.77967674,0.7796767410217293,7,140000,6994
TTGGGATA,0.7795015,0.7795015049684576,7,140000,6994
ATCACAAC,0.77866656,0.7786665567146334,7,140000,6994
TTGATCGC,0.77828515,0.7782851605986888,7,140000,6994
GCGATCAA,0.77828515,0.7782851605986888,7,140000,6994
GATAAATA,0.77815115,0.7781511565579516,7,140000,6994
GAGTAATA,0.7779656,0.7779656125015463,7,140000,6994
CTATAATC,0.7779347,0.7779346884921453,7,140000,6994
AGTATATT,0.7778007,0.777800684451408,7,140000,6994
ATGATCGT,0.77772856,0.7777285284294726,7,140000,6994
ATGACCCC,0.777677,0.7776769884138045,7,140000,6994
GTATTACA,0.7775327,0.7775326763699336,7,140000,6994
ATACTCCC,0.7771719,0.7771718962602565,7,140000,6994
GAGTATTA,0.7771513,0.7771512802539892,7,140000,6994
GTGATAAT,0.7768627,0.7768626561662474,7,140000,6994
ATCACATC,0.77659464,0.7765946480847731,7,140000,6994
GGGTTATC,0.7763988,0.776398796025234,7,140000,6994
TAGATCTC,0.77530617,0.7753061476930689,7,140000,6994
GAGATCTA,0.77530617,0.7753061476930689,7,140000,6994
AAGATAGC,0.7751824,0.7751824516554653,7,140000,6994
CCGGGATC,0.77507937,0.7750793716241289,7,140000,6994
GTATTACC,0.7748732,0.7748732115614563,7,140000,6994
CGGATACG,0.77351254,0.7735125551478167,7,140000,6994
GTGGTATT,0.7733373,0.773337319094545,7,140000,6994
TAGATAAA,0.7730487,0.7730486950068033,7,140000,6994
TTTAGATC,0.772925,0.7729249989691998,7,140000,6994
ATTATCTT,0.77270854,0.7727085309033933,7,140000,6994
AAGATAAT,0.77270854,0.7727085309033933,7,140000,6994
CTGGGATC,0.7726879,0.7726879148971262,7,140000,6994
ATCATTAC,0.77256423,0.7725642188595224,7,140000,6994
GACATATA,0.7720385,0.7720385106997072,7,140000,6994
AAGATGTA,0.77182204,0.771822042633901,7,140000,6994
AGGATAAG,0.77168804,0.7716880385931638,7,140000,6994
CTTATCCT,0.77168804,0.7716880385931638,7,140000,6994
ATCATATT,0.771585,0.7715849585618273,7,140000,6994
GACACCTC,0.7715025,0.7715024945367585,7,140000,6994
ATGTAATC,0.7708428,0.7708427823362058,7,140000,6994
GCATTATA,0.77082217,0.7708221663299385,7,140000,6994
GTAGGATC,0.7706263,0.7706263142703996,7,140000,6994
TTAACACC,0.7705439,0.7705438502453305,7,140000,6994
GCGATCTA,0.7702655,0.7702655341607224,7,140000,6994
TTTTAATC,0.7702449,0.7702449181544552,7,140000,6994
TTTATCTC,0.7701728,0.7701727621325197,7,140000,6994
GAGATAAA,0.7701728,0.7701727621325197,7,140000,6994
CTTATCAA,0.7697192,0.7697192099946399,7,140000,6994
TTGATAAG,0.7697192,0.7697192099946399,7,140000,6994
CAGATATT,0.76935846,0.7693584298849627,7,140000,6994
GAGGAATA,0.7692038,0.7692038098379582,7,140000,6994
GATATTTC,0.7691626,0.7691625778254237,7,140000,6994
GAAATATC,0.7691626,0.7691625778254237,7,140000,6994
ATGCTATC,0.769008,0.7690079577784191,7,140000,6994
TTGAAATA,0.769008,0.7690079577784191,7,140000,6994
AGGATAGC,0.76899767,0.7689976497752855,7,140000,6994
ATAATATT,0.7687812,0.7687811817094792,7,140000,6994
TAGATAGC,0.76846164,0.7684616336123367,7,140000,6994
GCTAGATA,0.7679978,0.7679977734713231,7,140000,6994
CCGCGATC,0.7671731,0.7671731332206326,7,140000,6994
GGTATACG,0.76580215,0.7658021688038593,7,140000,6994
TGGATAGC,0.7654311,0.7654310806910486,7,140000,6994
ATGTTATC,0.7654105,0.7654104646847812,7,140000,6994
CCTAGATC,0.7653486,0.7653486166659795,7,140000,6994
GCACGATC,0.7648332,0.7648332165092978,7,140000,6994
GCGGGATC,0.76479197,0.7647919844967633,7,140000,6994
ATGGTGTA,0.76474047,0.7647404444810951,7,140000,6994
GGGTTATA,0.76470953,0.7647095204716942,7,140000,6994
GCCAGATC,0.7646167,0.7646167484434916,7,140000,6994
TTAGGATC,0.7642869,0.7642868923432152,7,140000,6994
CATGTATA,0.7641735,0.7641735043087453,7,140000,6994
TAACTATA,0.7640292,0.7640291922648744,7,140000,6994
ACATTATC,0.76359624,0.7635962561332619,7,140000,6994
GGCAGATC,0.76354474,0.7635447161175937,7,140000,6994
GAGTTATC,0.76243144,0.7624314517791613,7,140000,6994
GGGATACG,0.7617614,0.7617614315754752,7,140000,6994
GGGATCCA,0.7613903,0.7613903434626644,7,140000,6994
ATGATAAT,0.7612357,0.7612357234156599,7,140000,6994
TTGAGATC,0.760442,0.7604420071743702,7,140000,6994
GCGATAAT,0.76009154,0.7600915350678266,7,140000,6994
CCGAGATC,0.7597617,0.7597616789675504,7,140000,6994
GTTATCGG,0.7595452,0.7595452109017441,7,140000,6994
CCGATAAC,0.7595452,0.7595452109017441,7,140000,6994
GTCTAATA,0.75929785,0.7592978188265369,7,140000,6994
GCAATACC,0.75929785,0.7592978188265369,7,140000,6994
CTTATCAT,0.7583598,0.7583597905413764,7,140000,6994
ATGATAAG,0.7583598,0.7583597905413764,7,140000,6994
GGAATATT,0.7582979,0.7582979425225747,7,140000,6994
ACGATCTG,0.75765884,0.7576588463282893,7,140000,6994
CACATATT,0.7574836,0.7574836102750175,7,140000,6994
TTCATATA,0.7570816,0.7570815981528058,7,140000,6994
ATAATAAT,0.7568136,0.7568135900713313,7,140000,6994
TAGAGATC,0.7564528,0.7564528099616542,7,140000,6994
GCACTATC,0.7563188,0.7563188059209169,7,140000,6994
GGTATAGC,0.75620544,0.756205417886447,7,140000,6994
GCTATACC,0.75620544,0.756205417886447,7,140000,6994
GGGCTATA,0.7561539,0.7561538778707789,7,140000,6994
CTGGTATA,0.75584465,0.7558446377767699,7,140000,6994
GGATTATG,0.75574154,0.7557415577454336,7,140000,6994
CGGTTATC,0.75494784,0.7549478415041438,7,140000,6994
TACATACA,0.7547623,0.7547622974477385,7,140000,6994
GTTGGATC,0.75472105,0.7547210654352039,7,140000,6994
CTCTTATA,0.75429845,0.754298437306725,7,140000,6994
GTCTTATA,0.75419533,0.7541953572753886,7,140000,6994
GTGATTCC,0.7537624,0.753762421143776,7,140000,6994
ATCATAGC,0.7530821,0.7530820929369563,7,140000,6994
GGTGTCGC,0.7525564,0.7525563847771409,7,140000,6994
GCGACACC,0.7525564,0.7525563847771409,7,140000,6994
GTCAGATA,0.75251514,0.7525151527646065,7,140000,6994
GTGAGATC,0.7525048,0.7525048447614728,7,140000,6994
ATAACATT,0.7517833,0.7517832845421185,7,140000,6994
ATCAAATC,0.75174206,0.7517420525295839,7,140000,6994
GCAATATA,0.75162864,0.751628664495114,7,140000,6994
GTGCGATC,0.7508659,0.7508658722632252,7,140000,6994
GATGTATT,0.7507834,0.7507834082381561,7,140000,6994
GCGATAGC,0.7507628,0.7507627922318889,7,140000,6994
CAGTTATC,0.7507525,0.7507524842287552,7,140000,6994
TCGATATT,0.7505257,0.7505257081598152,7,140000,6994
CTAAGATC,0.750134,0.7501340040407373,7,140000,6994
TTTATGTA,0.75003093,0.7500309240094009,7,140000,6994
GGGGTCTA,0.7498351,0.7498350719498619,7,140000,6994
TAGACCCC,0.7498351,0.7498350719498619,7,140000,6994
CTGCGATC,0.74967015,0.7496701438997238,7,140000,6994
TCGCTATC,0.74954647,0.7495464478621201,7,140000,6994
CGTATAAC,0.74835074,0.7483507194986188,7,140000,6994
GTTATACG,0.74835074,0.7483507194986188,7,140000,6994
GTTACACC,0.74814457,0.748144559435946,7,140000,6994
TCTATCTG,0.74789715,0.747897167360739,7,140000,6994
CCGATCTG,0.7475879,0.7475879272667298,7,140000,6994
TGGATAGG,0.7473509,0.7473508431946564,7,140000,6994
CAAAGATC,0.7468355,0.7468354430379748,7,140000,6994
CGGATCTC,0.74682516,0.746825135034841,7,140000,6994
ACGGTATA,0.74636126,0.7463612748938276,7,140000,6994
ACTCTATC,0.74634063,0.7463406588875603,7,140000,6994
ATCATGCC,0.7457325,0.7457324867026759,7,140000,6994
TTTGTATA,0.7449491,0.74494907846452,7,140000,6994
TTACTATC,0.7449285,0.7449284624582526,7,140000,6994
GCTATACA,0.74491817,0.7449181544551189,7,140000,6994
AGTATAAC,0.7448769,0.7448769224425845,7,140000,6994
GTTATACT,0.7448769,0.7448769224425845,7,140000,6994
TAGATCCC,0.74335134,0.7433513379788068,7,140000,6994
GGGATCTA,0.74335134,0.7433513379788068,7,140000,6994
CCTATAAC,0.742671,0.742671009771987,7,140000,6994
GTTATAGG,0.742671,0.742671009771987,7,140000,6994
ATACTTCC,0.7423515,0.7423514616748443,7,140000,6994
GCATGATC,0.7414134,0.7414134333896838,7,140000,6994
GTTGTATA,0.74116606,0.7411660413144766,7,140000,6994
TTGGGATC,0.74086714,0.7408671092236012,7,140000,6994
ATCATTGC,0.7408568,0.7408568012204676,7,140000,6994
TTGCTATA,0.7405991,0.7405991011421267,7,140000,6994
AAGATAAC,0.74055785,0.7405578691295922,7,140000,6994
GTTATCTT,0.74055785,0.7405578691295922,7,140000,6994
TTTATACA,0.74014556,0.7401455490042469,7,140000,6994
TTCTGATC,0.74004245,0.7400424689729105,7,140000,6994
TCACTATA,0.7395992,0.7395992248381644,7,140000,6994
CTTATATG,0.7394446,0.7394446047911598,7,140000,6994
ATACTTTC,0.73800147,0.7380014843524513,7,140000,6994
ATCGGCTC,0.73792934,0.7379293283305158,7,140000,6994
GCAAGATC,0.73746544,0.7374654681895023,7,140000,6994
TTTACACC,0.7371665,0.737166536098627,7,140000,6994
CAGATAGT,0.73666143,0.7366614439450789,7,140000,6994
CGAAGATC,0.7364965,0.7364965158949408,7,140000,6994
ATGTTATT,0.7364862,0.7364862078918072,7,140000,6994
TTGTTATC,0.7363522,0.73635220385107,7,140000,6994
GTATTAAG,0.73616666,0.7361666597946646,7,140000,6994
ATATAAGC,0.73580587,0.7358058796849875,7,140000,6994
AGGGTATG,0.73557913,0.7355791036160475,7,140000,6994
GAGATAGC,0.7354863,0.7354863315878448,7,140000,6994
GCTATCTC,0.7354863,0.7354863315878448,7,140000,6994
GTCATCTA,0.73506373,0.7350637034593658,7,140000,6994
TAGATGAC,0.73506373,0.7350637034593658,7,140000,6994
CTCTTATC,0.73490906,0.7349090834123614,7,140000,6994
GACAGATC,0.7348885,0.7348884674060941,7,140000,6994
ATGATAAC,0.7348163,0.7348163113841587,7,140000,6994
GCGATCTG,0.73404324,0.7340432111491362,7,140000,6994
CAGATCGC,0.73404324,0.7340432111491362,7,140000,6994
TCTTTATC,0.73373395,0.7337339710551273,7,140000,6994
GTTATCTA,0.7336515,0.7336515070300581,7,140000,6994
TAGATAAC,0.7336515,0.7336515070300581,7,140000,6994
ATGAGACC,0.73352784,0.7335278109924546,7,140000,6994
CTGATAAT,0.73346597,0.7334659629736527,7,140000,6994
TGGATCTC,0.73345566,0.7334556549705192,7,140000,6994
GAGATCCA,0.73345566,0.7334556549705192,7,140000,6994
ACGATCTA,0.73332167,0.7333216509297819,7,140000,6994
AGGTTATC,0.73291963,0.7329196388075702,7,140000,6994
GCGGTGTC,0.7323836,0.7323836226446213,7,140000,6994
GTAATCCG,0.7320744,0.7320743825506123,7,140000,6994
GTAATACG,0.7319404,0.731940378509875,7,140000,6994
GTATTATG,0.73191977,0.7319197625036078,7,140000,6994
GAGATCTG,0.7305282,0.7305281820805674,7,140000,6994
CAGATCTC,0.7305282,0.7305281820805674,7,140000,6994
TTAAGATC,0.73045605,0.7304560260586319,7,140000,6994
ACGAGATA,0.73036325,0.7303632540304292,7,140000,6994
GAATTATC,0.72985816,0.7298581618768811,7,140000,6994
ACCTTATC,0.7297963,0.7297963138580794,7,140000,6994
GAAGTATT,0.72807485,0.7280748773347628,7,140000,6994
GAAAGATC,0.7278584,0.7278584092689564,7,140000,6994
TTTTTATC,0.7275801,0.7275800931843484,7,140000,6994
ATAAGAGA,0.7273018,0.7273017770997403,7,140000,6994
CTGATAAG,0.72706467,0.7270646930276666,7,140000,6994
TTGATAGA,0.7270132,0.7270131530119985,7,140000,6994
CTGGTGAT,0.72685856,0.726858532964994,7,140000,6994
ATGGTATT,0.7267451,0.7267451449305241,7,140000,6994
TGGATAAA,0.7267245,0.7267245289242569,7,140000,6994
ATAAGAAC,0.7261267,0.7261266647425061,7,140000,6994
TTCAGATC,0.7251989,0.7251989444604792,7,140000,6994
ATTCTATA,0.72500306,0.7250030924009401,7,140000,6994
ATCATTTG,0.7247763,0.7247763163320001,7,140000,6994
ATCATCTT,0.72429186,0.7242918401847194,7,140000,6994
GTGTCACC,0.7238692,0.7238692120562404,7,140000,6994
ATGAAACC,0.7235806,0.7235805879684988,7,140000,6994
GTGAGAAG,0.7235084,0.7235084319465633,7,140000,6994
AAAATAGA,0.72332287,0.723322887890158,7,140000,6994
CATCTATC,0.72317857,0.7231785758462871,7,140000,6994
GATAGATG,0.72317857,0.7231785758462871,7,140000,6994
ATGAGGTA,0.722993,0.7229930317898816,7,140000,6994
ATCTTGTC,0.722993,0.7229930317898816,7,140000,6994
CGAATATA,0.722859,0.7228590277491445,7,140000,6994
ATAATCTA,0.7228178,0.7228177957366099,7,140000,6994
GCGATCGA,0.7227766,0.7227765637240754,7,140000,6994
GTGGTGAT,0.7226322,0.7226322516802045,7,140000,6994
ACGATCAC,0.7223127,0.7223127035830619,7,140000,6994
TGGCTATA,0.7221684,0.7221683915391911,7,140000,6994
GTTATATG,0.7215293,0.7215292953449057,7,140000,6994
CATATAAC,0.7215293,0.7215292953449057,7,140000,6994
GCCGTATT,0.7215293,0.7215292953449057,7,140000,6994
GTTTGATC,0.7215087,0.7215086793386385,7,140000,6994
GTACTCGA,0.72147775,0.7214777553292376,7,140000,6994
CAGCTATA,0.72105515,0.7210551272007586,7,140000,6994
GATAAATG,0.7208902,0.7208901991506206,7,140000,6994
TAAATACA,0.7193131,0.7193130746711747,7,140000,6994
GAGAATAC,0.71913785,0.7191378386179029,7,140000,6994
GTATTCTC,0.71913785,0.7191378386179029,7,140000,6994
ATCATGTC,0.71912754,0.7191275306147693,7,140000,6994
ATTATCTA,0.7191172,0.7191172226116357,7,140000,6994
GTACTATA,0.7190966,0.7190966066053684,7,140000,6994
GTTCTATA,0.71876675,0.7187667505050921,7,140000,6994
TAAATAGC,0.71855026,0.7185502824392859,7,140000,6994
GCTATTTA,0.71855026,0.7185502824392859,7,140000,6994
GTGTTATC,0.71853995,0.7185399744361523,7,140000,6994
TTTATATT,0.7181689,0.7181688863233414,7,140000,6994
CTGCTTAT,0.7179112,0.7179111862450006,7,140000,6994
ATACTACC,0.7173236,0.7173236300663836,7,140000,6994
ATAAGATG,0.7173236,0.7173236300663836,7,140000,6994
ATGATGCC,0.71722054,0.7172205500350473,7,140000,6994
GGCATCAT,0.71722054,0.7172205500350473,7,140000,6994
CATCGATC,0.71707624,0.7170762379911764,7,140000,6994
GAGTCATA,0.71683913,0.7168391539191027,7,140000,6994
GCTATATT,0.716633,0.7166329938564301,7,140000,6994
AATATAGC,0.716633,0.7166329938564301,7,140000,6994
GTGACACT,0.7164578,0.7164577578031583,7,140000,6994
GGGATTAG,0.7156228,0.7156228095493341,7,140000,6994
CTAATCCC,0.7156228,0.7156228095493341,7,140000,6994
TGGCGATC,0.7153445,0.715344493464726,7,140000,6994
ATAGTCTC,0.71515894,0.7151589494083207,7,140000,6994
TGGATAAT,0.71488065,0.7148806333237125,7,140000,6994
AAAATATT,0.7148394,0.714839401311178,7,140000,6994
GGGATAGC,0.7148188,0.7148187853049107,7,140000,6994
ATAATCTC,0.7147054,0.7147053972704408,7,140000,6994
GGTTCATA,0.7146848,0.7146847812641736,7,140000,6994
GTATTAGT,0.71449924,0.7144992372077681,7,140000,6994
ATCTTATT,0.7143962,0.7143961571764318,7,140000,6994
AGTATATG,0.71435493,0.7143549251638973,7,140000,6994
GTGTTATA,0.7135509,0.7135509009194739,7,140000,6994
CTCATACC,0.71311796,0.7131179647878614,7,140000,6994
GGCCTATC,0.71309733,0.713097348781594,7,140000,6994
ATCAGCTC,0.71281904,0.712819032696986,7,140000,6994
AGCATATT,0.7121387,0.7121387044901663,7,140000,6994
GTGTCAGG,0.7114068,0.7114068362676783,7,140000,6994
CTAATCTC,0.71114916,0.7111491361893374,7,140000,6994
TGGATCTT,0.71104604,0.7110460561580011,7,140000,6994
GTCATATT,0.7109327,0.7109326681235312,7,140000,6994
CTTATACG,0.7101493,0.710149259885375,7,140000,6994
CACAGATC,0.710139,0.7101389518822414,7,140000,6994
ATAATAGC,0.7097163,0.7097163237537624,7,140000,6994
GTGATAAG,0.7096957,0.7096957077474952,7,140000,6994
ACGATCTC,0.70951015,0.7095101636910898,7,140000,6994
GAGATCGT,0.70951015,0.7095101636910898,7,140000,6994
GTAATCTA,0.709304,0.7093040036284172,7,140000,6994
GGGTCATC,0.70870614,0.7087061394466664,7,140000,6994
GTGATTAA,0.7085206,0.708520595390261,7,140000,6994
GTTATAGA,0.7084484,0.7084484393683256,7,140000,6994
ATAGTAGC,0.7081495,0.7081495072774502,7,140000,6994
GTGTTATT,0.70790213,0.707902115202243,7,140000,6994
GTTGGATT,0.7078506,0.7078505751865748,7,140000,6994
AAGGTATG,0.7077475,0.7077474951552385,7,140000,6994
ACGATCGA,0.70767534,0.707675339133303,7,140000,6994
ATCAACTA,0.70738673,0.7073867150455614,7,140000,6994
GTAATATG,0.7073558,0.7073557910361605,7,140000,6994
TTGGTATT,0.70731455,0.7073145590236259,7,140000,6994
ATAAGATT,0.7065518,0.7065517667917371,7,140000,6994
GTCATATG,0.70652086,0.7065208427823362,7,140000,6994
TCGTTATC,0.706057,0.7060569826413228,7,140000,6994
GCCATATA,0.7059539,0.7059539026099865,7,140000,6994
GTTTTATA,0.7057374,0.7057374345441801,7,140000,6994
TTTCGATC,0.70503646,0.7050364903310931,7,140000,6994
GCAAGATA,0.70483035,0.7048303302684205,7,140000,6994
GTCCGATC,0.70417064,0.704170618067868,7,140000,6994
TTTGTATT,0.7041088,0.704108770049066,7,140000,6994
CTGGTATT,0.7040572,0.7040572300333979,7,140000,6994
TTCATACC,0.7037583,0.7037582979425226,7,140000,6994
ATCACGTC,0.7034903,0.7034902898610481,7,140000,6994
TTCTTATC,0.70313984,0.7031398177545046,7,140000,6994
ACGATAAC,0.703078,0.7030779697357028,7,140000,6994
CAGATAGC,0.7027275,0.7027274976291592,7,140000,6994
ATTTTATC,0.7022224,0.7022224054756112,7,140000,6994
GCGCGATC,0.7022224,0.7022224054756112,7,140000,6994
ATATTTTC,0.7019647,0.7019647053972704,7,140000,6994
CTGATAGA,0.70166576,0.7016657733063951,7,140000,6994
GTATAATT,0.70161426,0.7016142332907269,7,140000,6994
CTAATAGA,0.7009545,0.7009545210901744,7,140000,6994
GTAGTATT,0.7009442,0.7009442130870407,7,140000,6994
GTTATCTG,0.7006556,0.700655588999299,7,140000,6994
CAGATAAC,0.7006556,0.700655588999299,7,140000,6994
GGGATCTG,0.7000062,0.7000061848018801,7,140000,6994
ATTACATC,0.6999237,0.6999237207768111,7,140000,6994
TGGTTATC,0.69893414,0.6989341524759825,7,140000,6994
CCGATCGG,0.6986352,0.6986352203851071,7,140000,6994
GAGATAAC,0.69852185,0.698521832350637,7,140000,6994
GTTATCTC,0.69852185,0.698521832350637,7,140000,6994
AAGACATA,0.69815075,0.6981507442378262,7,140000,6994
GTAACACC,0.69813013,0.6981301282315591,7,140000,6994
CTGAGAAC,0.6980889,0.6980888962190245,7,140000,6994
ATGTAAAC,0.6978106,0.6978105801344163,7,140000,6994
TTATTATG,0.69776934,0.6977693481218818,7,140000,6994
GTTATATT,0.6975941,0.69759411206861,7,140000,6994
GCATTATC,0.696419,0.696418999711376,7,140000,6994
TAGCTATT,0.69599634,0.695996371582897,7,140000,6994
GTGATCGA,0.6956665,0.6956665154826207,7,140000,6994
CCGATCTC,0.6952439,0.6952438873541418,7,140000,6994
CTGATAAC,0.69491404,0.6949140312538655,7,140000,6994
CTGCTATA,0.6948006,0.6948006432193955,7,140000,6994
ATTATAGT,0.694512,0.6945120191316538,7,140000,6994
ACGATAGA,0.69446045,0.6944604791159857,7,140000,6994
CAGATAAA,0.69417185,0.694171855028244,7,140000,6994
ATCATTTC,0.69389355,0.6938935389436358,7,140000,6994
TTTATAAT,0.6932647,0.6932647507524842,7,140000,6994
TTCCTATC,0.6923164,0.69231641446419,7,140000,6994
GAATAATC,0.6919969,0.6919968663670474,7,140000,6994
GAGTTATA,0.6919453,0.6919453263513793,7,140000,6994
GCGTAATC,0.690997,0.690996990063085,7,140000,6994
ATGTTGTC,0.69087327,0.6908732940254814,7,140000,6994
GTGATAAC,0.6907805,0.6907805219972787,7,140000,6994
GTTATCAC,0.6907805,0.6907805219972787,7,140000,6994
GCGATCTT,0.69071865,0.6907186739784769,7,140000,6994
GTCGTATA,0.6903579,0.6903578938687996,7,140000,6994
GCGATCTC,0.68939924,0.689399249577372,7,140000,6994
GAGATCGC,0.68939924,0.689399249577372,7,140000,6994
ATCATAGT,0.6892859,0.689285861542902,7,140000,6994
GGACTATA,0.6892859,0.689285861542902,7,140000,6994
TACATATT,0.6889972,0.6889972374551602,7,140000,6994
ATTAGGTG,0.6888735,0.6888735414175566,7,140000,6994
GTGATATC,0.9942172,0.9942172102420319,8,160000,7993
GTGATACC,0.993908,0.9939079701480229,8,160000,7993
TTGATATC,0.99350595,0.9935059580258113,8,160000,7993
TTGATACC,0.99298024,0.992980249865996,8,160000,7993
GGGGTATC,0.99091864,0.9909186492392694,8,160000,7993
ATGATACC,0.989692,0.989691996866367,8,160000,7993
GTATCATC,0.9861873,0.9861872758009319,8,160000,7993
ATGATATG,0.9850946,0.9850946274687667,8,160000,7993
ATGATACG,0.9847338,0.9847338473590896,8,160000,7993
GATATCCC,0.9840638,0.9840638271554035,8,160000,7993
GGGATATC,0.9840638,0.9840638271554035,8,160000,7993
TTGATACG,0.9825898,0.982589782707294,8,160000,7993
ACGATATC,0.9820228,0.9820228425349441,8,160000,7993
AGGGTATC,0.98124975,0.9812497422999216,8,160000,7993
ATGATACT,0.98043543,0.9804354100523647,8,160000,7993
TAGGTATC,0.97972417,0.979724157836144,8,160000,7993
ATGATATC,0.9794561,0.9794561497546695,8,160000,7993
TTGATACT,0.9781986,0.9781985733723663,8,160000,7993
GCGATATC,0.9771575,0.9771574650558693,8,160000,7993
ATGATACA,0.97611636,0.9761163567393725,8,160000,7993
AGGATATC,0.9755082,0.9755081845544881,8,160000,7993
GTGATACG,0.97516805,0.9751680204510782,8,160000,7993
CTGATATC,0.9750546,0.9750546324166083,8,160000,7993
GTATCAAC,0.9746835,0.9746835443037974,8,160000,7993
CGGATATC,0.9737352,0.9737352080155032,8,160000,7993
AAGATATC,0.9732095,0.9732094998556878,8,160000,7993
GATATCTT,0.9732095,0.9732094998556878,8,160000,7993
TATATATC,0.9730446,0.9730445718055498,8,160000,7993
GATATATA,0.9730446,0.9730445718055498,8,160000,7993
TAGATATC,0.9729827,0.9729827237867481,8,160000,7993
GATATATC,0.97251886,0.9725188636457345,8,160000,7993
ATGATAGC,0.9723333,0.9723333195893292,8,160000,7993
GTATCATG,0.97170454,0.9717045313981776,8,160000,7993
GTGATACA,0.97146744,0.9714674473261039,8,160000,7993
AAGGTATC,0.9706634,0.9706634230816805,8,160000,7993
TTGATATG,0.970045,0.9700449428936627,8,160000,7993
ATCATATC,0.97002435,0.9700243268873954,8,160000,7993
GTGATACT,0.969478,0.9694780027213128,8,160000,7993
CAGATATC,0.968272,0.9682719663546778,8,160000,7993
GGTGTATC,0.9676947,0.9676947181791943,8,160000,7993
GATACACC,0.9676947,0.9676947181791943,8,160000,7993
GGTATATC,0.9673236,0.9673236300663836,8,160000,7993
GATATACC,0.9673236,0.9673236300663836,8,160000,7993
ATATCATC,0.967035,0.9670350059786418,8,160000,7993
CTGATACT,0.9653548,0.9653548014678596,8,160000,7993
CGGGTATC,0.96530324,0.9653032614521916,8,160000,7993
GATATCTC,0.96503526,0.9650352533707169,8,160000,7993
GAGATATC,0.96503526,0.9650352533707169,8,160000,7993
TTGATACA,0.9631695,0.9631695048035296,8,160000,7993
TGGATATC,0.96232426,0.9623242485465716,8,160000,7993
TAGATACC,0.962149,0.9621490124932999,8,160000,7993
GTGATATA,0.9619738,0.961973776440028,8,160000,7993
ATGACACC,0.96127284,0.961272832226941,8,160000,7993
AGAGTATC,0.95973694,0.9597369397600297,8,160000,7993
CTGATATG,0.9595514,0.9595513957036242,8,160000,7993
CAGGTATC,0.9586752,0.9586752154372655,8,160000,7993
ACGATACC,0.95775783,0.9577578031583722,8,160000,7993
GTGATATG,0.9574898,0.9574897950768977,8,160000,7993
ATGATATA,0.9571909,0.9571908629860224,8,160000,7993
GGGGTATA,0.9564074,0.9564074547478661,8,160000,7993
TTGACACC,0.9545623,0.9545623221869459,8,160000,7993
GAGGTATC,0.9544386,0.9544386261493425,8,160000,7993
TCGATACC,0.95415,0.9541500020616006,8,160000,7993
CTGATACC,0.9533975,0.9533975178328454,8,160000,7993
CCGATATC,0.95283055,0.9528305776604957,8,160000,7993
GGGGGATC,0.95283055,0.9528305776604957,8,160000,7993
AAAGTATC,0.9525935,0.952593493588422,8,160000,7993
TATGTATC,0.95255226,0.9525522615758876,8,160000,7993
CCCATATC,0.9523461,0.9523461015132149,8,160000,7993
GTGTGATA,0.9519956,0.9519956294066714,8,160000,7993
ATGATCCC,0.9514184,0.9514183812311879,8,160000,7993
GCGATACC,0.9493362,0.9493361645981941,8,160000,7993
GGTATCGC,0.9493362,0.9493361645981941,8,160000,7993
TATATATA,0.9487692,0.9487692244258442,8,160000,7993
GGGATATA,0.94857335,0.9485733723663052,8,160000,7993
GGCATATC,0.9485527,0.9485527563600379,8,160000,7993
ATGATAGG,0.9467076,0.9467076237991177,8,160000,7993
ATAGTATC,0.946151,0.9461509916299015,8,160000,7993
ATGGTATC,0.9456356,0.9456355914732198,8,160000,7993
GTGATATT,0.94530576,0.9453057353729436,8,160000,7993
CTGATATA,0.94520265,0.9452026553416072,8,160000,7993
TACATATC,0.94469756,0.9446975631880592,8,160000,7993
TGGGTATC,0.9444502,0.944450171112852,8,160000,7993
ACGATATG,0.94313073,0.9431307467117469,8,160000,7993
CCGATACC,0.9428421,0.9428421226240052,8,160000,7993
ATCATATA,0.9412856,0.9412856141508267,8,160000,7993
TCGATATA,0.94096607,0.940966066053684,8,160000,7993
GTAGTATC,0.9406156,0.9406155939471406,8,160000,7993
GTGATCCG,0.94041973,0.9404197418876016,8,160000,7993
CTGATACA,0.9403888,0.9403888178782007,8,160000,7993
GGGATCAC,0.9401311,0.9401311177998598,8,160000,7993
GTGATCCC,0.9401311,0.9401311177998598,8,160000,7993
TCGATATC,0.94004864,0.9400486537747907,8,160000,7993
GTGATCCT,0.9393477,0.9393477095617037,8,160000,7993
ATGTGATA,0.9387086,0.9387086133674185,8,160000,7993
TTGATCCT,0.93816227,0.9381622892013359,8,160000,7993
AGTATATC,0.9377706,0.937770585082258,8,160000,7993
GAGATATA,0.9376984,0.9376984290603225,8,160000,7993
TATATCTC,0.9376984,0.9376984290603225,8,160000,7993
GGGAGATA,0.93744075,0.9374407289819816,8,160000,7993
GTATCGTT,0.93728614,0.9372861089349771,8,160000,7993
ACCGTATC,0.935977,0.9359769925370057,8,160000,7993
GGAGTATC,0.93565744,0.9356574444398631,8,160000,7993
TCGATACT,0.9347503,0.9347503401641034,8,160000,7993
GTGATAGC,0.93396693,0.9339669319259473,8,160000,7993
TTGATATA,0.933668,0.933667999835072,8,160000,7993
ATAATACC,0.9329258,0.9329258236094504,8,160000,7993
TATATATG,0.9319775,0.9319774873211562,8,160000,7993
TAGATATA,0.93192595,0.931925947305488,8,160000,7993
ATTATATC,0.9310807,0.9310806910485301,8,160000,7993
GATATAAT,0.9310807,0.9310806910485301,8,160000,7993
ACGGTATC,0.93062717,0.9306271389106502,8,160000,7993
ATATGATC,0.930122,0.9301220467571023,8,160000,7993
TTGATCCG,0.9298025,0.9298024986599597,8,160000,7993
GGTATATA,0.9296994,0.9296994186286234,8,160000,7993
TATATACC,0.9296994,0.9296994186286234,8,160000,7993
GATATAGG,0.92959636,0.929596338597287,8,160000,7993
CCTATATC,0.92959636,0.929596338597287,8,160000,7993
ATCGTATC,0.9294726,0.9294726425596833,8,160000,7993
GATATGTC,0.9292562,0.9292561744938771,8,160000,7993
GACATATC,0.9292562,0.9292561744938771,8,160000,7993
GATACATC,0.92898816,0.9289881664124026,8,160000,7993
GATGTATC,0.92898816,0.9289881664124026,8,160000,7993
CTGATACG,0.92832845,0.9283284542118501,8,160000,7993
GCGATATA,0.92818415,0.9281841421679792,8,160000,7993
AAGATACC,0.92685443,0.9268544097637406,8,160000,7993
GAAGTATC,0.9264318,0.9264317816352615,8,160000,7993
TTGATAGC,0.92576176,0.9257617614315755,8,160000,7993
TACGTATC,0.92548347,0.9254834453469675,8,160000,7993
CATATATC,0.9251948,0.9251948212592257,8,160000,7993
GATATATG,0.9251948,0.9251948212592257,8,160000,7993
GTATCAGC,0.92508143,0.9250814332247558,8,160000,7993
GCGATACT,0.9248959,0.9248958891683503,8,160000,7993
GGATTATA,0.9247,0.9247000371088113,8,160000,7993
TCTATATC,0.9246073,0.9246072650806086,8,160000,7993
CACATATC,0.9244011,0.9244011050179359,8,160000,7993
TCCATATC,0.92398876,0.9239887848925906,8,160000,7993
CTGACACC,0.9239476,0.923947552880056,8,160000,7993
TATCTATC,0.9238135,0.9238135488393188,8,160000,7993
ATGATATT,0.9232157,0.9232156846575681,8,160000,7993
GTATTATA,0.9227106,0.9227105925040202,8,160000,7993
CCGGTATC,0.92216426,0.9221642683379376,8,160000,7993
ACTATATC,0.92187566,0.921875644250196,8,160000,7993
ATGATAGT,0.9216901,0.9216901001937905,8,160000,7993
AGCATATC,0.92107165,0.9210716200057726,8,160000,7993
CTGGTATC,0.9206593,0.9206592998804272,8,160000,7993
GGCGTATC,0.92045313,0.9204531398177546,8,160000,7993
GTGATAGG,0.92004085,0.9200408196924091,8,160000,7993
GCTATATC,0.9194223,0.9194223395043912,8,160000,7993
GATATAGC,0.9194223,0.9194223395043912,8,160000,7993
CGCATATC,0.91811323,0.9181132231064197,8,160000,7993
GCGGTATC,0.9176391,0.9176390549622727,8,160000,7993
GTGGTATC,0.91761845,0.9176184389560055,8,160000,7993
CGGATATA,0.91751534,0.9175153589246692,8,160000,7993
ATGATCTA,0.9150827,0.9150826701851317,8,160000,7993
TTAATACC,0.9150208,0.91502082216633,8,160000,7993
ATCAGATC,0.91481465,0.9148146621036574,8,160000,7993
CCGATACT,0.91453636,0.9145363460190493,8,160000,7993
TTGATCCC,0.9142271,0.9142271059250402,8,160000,7993
GACTGATA,0.9137632,0.9137632457840268,8,160000,7993
GTGACACC,0.9134334,0.9134333896837504,8,160000,7993
ATCAAATA,0.91259843,0.9125984414299262,8,160000,7993
ATACTATC,0.9121449,0.9121448892920463,8,160000,7993
GTATTATC,0.91143364,0.9114336370758257,8,160000,7993
TGTATATC,0.91143364,0.9114336370758257,8,160000,7993
TAATGATC,0.91079456,0.9107945408815404,8,160000,7993
TTGATAGG,0.9102379,0.9102379087123244,8,160000,7993
AATATATC,0.90914524,0.9091452603801592,8,160000,7993
GATATATT,0.90914524,0.9091452603801592,8,160000,7993
GTGATAGT,0.9081866,0.9081866160887313,8,160000,7993
GTGAGATA,0.9081763,0.9081763080855977,8,160000,7993
GTTTGATA,0.9073001,0.9073001278192389,8,160000,7993
CCGATATG,0.90720737,0.9072073557910362,8,160000,7993
TAAGTATC,0.9067126,0.9067125716406219,8,160000,7993
GGTATCTG,0.90591884,0.905918855399332,8,160000,7993
CAGATACC,0.90591884,0.905918855399332,8,160000,7993
TTGATAGT,0.90591884,0.905918855399332,8,160000,7993
TGGATACC,0.90578485,0.9057848513585948,8,160000,7993
TTGATATT,0.90556836,0.9055683832927885,8,160000,7993
ATCCTATC,0.90536225,0.9053622232301158,8,160000,7993
GCGTGATA,0.9045994,0.904599430998227,8,160000,7993
CGGCTATC,0.9045067,0.9045066589700244,8,160000,7993
TGCATATC,0.9039294,0.9039294107945408,8,160000,7993
GAGAGATA,0.9031048,0.9031047705438503,8,160000,7993
ATGATCCT,0.9030532,0.9030532305281821,8,160000,7993
TGGATATA,0.9024554,0.9024553663464314,8,160000,7993
GTGATCAT,0.90241414,0.902414134333897,8,160000,7993
ATGATCAC,0.90241414,0.902414134333897,8,160000,7993
ATTATACC,0.9022595,0.9022595142868923,8,160000,7993
GGTATAAT,0.9022595,0.9022595142868923,8,160000,7993
TTAGTATC,0.9022286,0.9022285902774915,8,160000,7993
AACATATC,0.9020018,0.9020018142085515,8,160000,7993
GATATGTT,0.9020018,0.9020018142085515,8,160000,7993
TCTATATT,0.9019503,0.9019502741928833,8,160000,7993
GCCGTATC,0.90131116,0.9013111779985981,8,160000,7993
TTGAGATA,0.90065145,0.9006514657980456,8,160000,7993
GAGATACC,0.9001773,0.9001772976538985,8,160000,7993
GGTATCTC,0.9001773,0.9001772976538985,8,160000,7993
AAGATATA,0.899899,0.8998989815692905,8,160000,7993
CCGATACA,0.89948666,0.8994866614439451,8,160000,7993
AGGATATA,0.8994454,0.8994454294314106,8,160000,7993
ACTGTATC,0.89874446,0.8987444852183236,8,160000,7993
TTAATATC,0.8984146,0.8984146291180473,8,160000,7993
ATGATCTG,0.8980435,0.8980435410052365,8,160000,7993
ATAATACG,0.8977549,0.8977549169174948,8,160000,7993
TTGGTATC,0.8976209,0.8976209128767576,8,160000,7993
GTGATCGG,0.8976209,0.8976209128767576,8,160000,7993
CGAGTATC,0.8971674,0.8971673607388777,8,160000,7993
ATCGTATA,0.89677566,0.8967756566197996,8,160000,7993
GAGATACA,0.8964149,0.8964148765101225,8,160000,7993
ACGATATA,0.8963427,0.8963427204881871,8,160000,7993
GGGTGATC,0.8962809,0.8962808724693851,8,160000,7993
GGTATATT,0.89603347,0.896033480394178,8,160000,7993
ACGATACG,0.89596134,0.8959613243722426,8,160000,7993
GTGATCCA,0.89574486,0.8957448563064363,8,160000,7993
CGGATATG,0.8956315,0.8956314682719664,8,160000,7993
GCAGTATC,0.8951882,0.8951882241372201,8,160000,7993
CTGATAGC,0.895013,0.8950129880839484,8,160000,7993
AGGCTATC,0.89483774,0.8948377520306766,8,160000,7993
ATCGGATC,0.8946625,0.8946625159774049,8,160000,7993
ATAATATC,0.89419866,0.8941986558363915,8,160000,7993
GTATGATC,0.8940234,0.8940234197831196,8,160000,7993
GCGATACG,0.8940234,0.8940234197831196,8,160000,7993
GAGATACT,0.89242566,0.8924256792974065,8,160000,7993
GTGTGATC,0.8910341,0.8910340988743661,8,160000,7993
GGGGTGTC,0.89068365,0.8906836267678225,8,160000,7993
GATACATG,0.89008576,0.8900857625860719,8,160000,7993
AGGATATG,0.8899105,0.8899105265328,8,160000,7993
GGGGTATT,0.8892508,0.8892508143322476,8,160000,7993
ATCATACA,0.88919926,0.8891992743165794,8,160000,7993
CTAATATC,0.8889519,0.8889518822413722,8,160000,7993
ATGTGATC,0.88889,0.8888900342225705,8,160000,7993
ATGATCTC,0.8888076,0.8888075701975013,8,160000,7993
GAGATCAT,0.8888076,0.8888075701975013,8,160000,7993
GCGATATG,0.88840556,0.8884055580752898,8,160000,7993
AATATATA,0.88766336,0.8876633818496681,8,160000,7993
GTAATATC,0.8874881,0.8874881457963963,8,160000,7993
TCGATATG,0.88708615,0.8870861336741847,8,160000,7993
AACGTATC,0.8869727,0.8869727456397147,8,160000,7993
GTGTCATA,0.8869212,0.8869212056240465,8,160000,7993
ATAGTATA,0.8855606,0.8855605492104069,8,160000,7993
TTGGTATA,0.88502455,0.8850245330474581,8,160000,7993
AGGATACC,0.88451946,0.8845194408939101,8,160000,7993
GGGATCAG,0.8838906,0.8838906527027585,8,160000,7993
CTGATCCC,0.8838906,0.8838906527027585,8,160000,7993
GCTGTATC,0.8837876,0.8837875726714222,8,160000,7993
GAGATACG,0.88349897,0.8834989485836804,8,160000,7993
ATACGATC,0.8832825,0.8832824805178741,8,160000,7993
ATCATCTA,0.88287014,0.8828701603925287,8,160000,7993
TGGATACT,0.88194245,0.8819424401105019,8,160000,7993
TTGATCTC,0.88193214,0.8819321321073682,8,160000,7993
GAGGTATA,0.8818188,0.8818187440728982,8,160000,7993
TAGATATG,0.8813858,0.8813858079412856,8,160000,7993
GTATTATT,0.88075703,0.880757019750134,8,160000,7993
GCGATACA,0.88032407,0.8803240836185214,8,160000,7993
AAGATACT,0.8800973,0.8800973075495815,8,160000,7993
CTGATAGG,0.8798602,0.8798602234775079,8,160000,7993
GTGATCTG,0.8790459,0.8790458912299509,8,160000,7993
GCTATATA,0.878881,0.8788809631798128,8,160000,7993
AATAGATC,0.87876755,0.8787675751453429,8,160000,7993
CTGATCCG,0.8774894,0.8774893827567724,8,160000,7993
TCGATACA,0.87649983,0.8764998144559436,8,160000,7993
GACGTATC,0.8763864,0.8763864264214737,8,160000,7993
ATAATATA,0.87617,0.8761699583556674,8,160000,7993
ATAGGATC,0.8761184,0.8761184183399991,8,160000,7993
CTTGTATC,0.8760359,0.8760359543149302,8,160000,7993
ATCATCTC,0.8755205,0.8755205541582485,8,160000,7993
CCGATATA,0.8754381,0.8754380901331794,8,160000,7993
CTGATCTA,0.87533504,0.8753350101018431,8,160000,7993
ATCATACC,0.8750567,0.8750566940172351,8,160000,7993
TTGATCTT,0.8749536,0.8749536139858988,8,160000,7993
GGTATACC,0.874933,0.8749329979796313,8,160000,7993
TACCTATC,0.8737373,0.87373726961613,8,160000,7993
AGGAGATC,0.8733971,0.87339710551272,8,160000,7993
TAGTGATC,0.8728611,0.8728610893497711,8,160000,7993
CCAATATC,0.87249,0.8724900012369603,8,160000,7993
AAGATATG,0.87246937,0.8724693852306932,8,160000,7993
TTGATCTA,0.87239724,0.8723972292087577,8,160000,7993
GTCGTATC,0.87178904,0.8717890570238733,8,160000,7993
TGGGTATA,0.87113965,0.8711396528264546,8,160000,7993
TAGATATT,0.87112933,0.8711293448233208,8,160000,7993
GGAATATC,0.87100565,0.8710056487857173,8,160000,7993
GTATAATC,0.8709438,0.8709438007669155,8,160000,7993
GTCATATC,0.8708098,0.8708097967261782,8,160000,7993
CCCCTATC,0.87049025,0.8704902486290356,8,160000,7993
CGTATATC,0.8703872,0.8703871685976993,8,160000,7993
ATTATATA,0.8700882,0.8700882365068239,8,160000,7993
ATCTTATA,0.8694388,0.869438832309405,8,160000,7993
CGGATACC,0.86886156,0.8688615841339216,8,160000,7993
TGTATATT,0.8685214,0.8685214200305117,8,160000,7993
GGGATACC,0.8685008,0.8685008040242445,8,160000,7993
GGTATCCC,0.8685008,0.8685008040242445,8,160000,7993
CTGATCAT,0.8684905,0.8684904960211108,8,160000,7993
GGTAGATA,0.8682534,0.8682534119490373,8,160000,7993
CTTATATA,0.8680885,0.868088483898899,8,160000,7993
GTAAGATC,0.868006,0.8680060198738301,8,160000,7993
GTTATATC,0.8678823,0.8678823238362264,8,160000,7993
GATATAAC,0.8678823,0.8678823238362264,8,160000,7993
TAGGGATC,0.867872,0.8678720158330928,8,160000,7993
CTTATATC,0.8678617,0.8678617078299593,8,160000,7993
AAGCTATC,0.8674597,0.8674596957077475,8,160000,7993
CGGATATT,0.8674288,0.8674287716983466,8,160000,7993
CTATGATC,0.8673463,0.8673463076732776,8,160000,7993
CGATCATC,0.86725354,0.8672535356450748,8,160000,7993
GGTATAAA,0.8669855,0.8669855275636005,8,160000,7993
TTTATACC,0.8669855,0.8669855275636005,8,160000,7993
TGTATATA,0.86665565,0.8666556714633241,8,160000,7993
GTTGTATC,0.86548054,0.86548055910609,8,160000,7993
TATAGATC,0.86542904,0.8654290190904217,8,160000,7993
TACGTATA,0.8652332,0.8652331670308828,8,160000,7993
ATCATCTG,0.86498576,0.8649857749556756,8,160000,7993
GCGATCGC,0.86459404,0.8645940708365975,8,160000,7993
ATATTATC,0.8641405,0.8641405186987177,8,160000,7993
CACGGATC,0.8637076,0.8637075825671051,8,160000,7993
CTACTATC,0.86342925,0.863429266482497,8,160000,7993
GGGATATG,0.8628932,0.8628932503195481,8,160000,7993
CCGATACG,0.86241907,0.862419082175401,8,160000,7993
GTATAATA,0.86178,0.8617799859811158,8,160000,7993
CTGATCCT,0.86174905,0.861749061971715,8,160000,7993
GAGGGATC,0.8593576,0.8593576052447119,8,160000,7993
ATATTATA,0.8591514,0.8591514451820393,8,160000,7993
ATGATCTT,0.8583268,0.8583268049313487,8,160000,7993
ATTGTATC,0.85828555,0.8582855729188142,8,160000,7993
ATTATCTC,0.8578423,0.857842328784068,8,160000,7993
GAGATAAT,0.8578423,0.857842328784068,8,160000,7993
ATGCGATA,0.85777014,0.8577701727621325,8,160000,7993
TAAAGATA,0.8577599,0.8577598647589989,8,160000,7993
ATACCATC,0.8573991,0.8573990846493217,8,160000,7993
AGTAGATC,0.8567909,0.8567909124644374,8,160000,7993
AGAATATC,0.8561209,0.8561208922607513,8,160000,7993
CTCATATA,0.8557704,0.8557704201542078,8,160000,7993
TCAATATC,0.8557086,0.855708572135406,8,160000,7993
ACAATATC,0.8552344,0.8552344039912588,8,160000,7993
CTAGTATC,0.85448194,0.8544819197625036,8,160000,7993
TTAATATA,0.8543582,0.8543582237249,8,160000,7993
TGAAGATC,0.8538634,0.8538634395744855,8,160000,7993
CGGATAAC,0.8534305,0.8534305034428731,8,160000,7993
GCCATATC,0.85311097,0.8531109553457304,8,160000,7993
ACGATATT,0.8530388,0.853038799323795,8,160000,7993
GTTAGATA,0.8530388,0.853038799323795,8,160000,7993
TCGGTATC,0.8527708,0.8527707912423205,8,160000,7993
TAGAGATA,0.85271925,0.8527192512266524,8,160000,7993
GATCTATC,0.85242033,0.8524203191357771,8,160000,7993
GATAGATC,0.85242033,0.8524203191357771,8,160000,7993
GGGATTAT,0.8523997,0.8523997031295097,8,160000,7993
GTTATCCC,0.85197705,0.8519770750010307,8,160000,7993
GGGATAAC,0.85197705,0.8519770750010307,8,160000,7993
CATATATT,0.85177094,0.8517709149383581,8,160000,7993
GGGATACA,0.85094625,0.8509462746876676,8,160000,7993
GGAGGATC,0.85044116,0.8504411825341195,8,160000,7993
AGGGTATT,0.85038966,0.8503896425184514,8,160000,7993
ATACTATT,0.84987426,0.8498742423617697,8,160000,7993
CAGAGATC,0.8498227,0.8498227023461016,8,160000,7993
TGTGTATC,0.8498124,0.8498123943429678,8,160000,7993
GATACACA,0.8498124,0.8498123943429678,8,160000,7993
GTAATATA,0.84912175,0.8491217581330145,8,160000,7993
CCCAGATC,0.8490187,0.8490186781016782,8,160000,7993
GAGGTATT,0.848627,0.8486269739826,8,160000,7993
CTAATATA,0.8484105,0.8484105059167938,8,160000,7993
TGCGTATC,0.8483693,0.8483692739042592,8,160000,7993
CTATTATC,0.84831774,0.8483177338885911,8,160000,7993
CTTTGATC,0.8482765,0.8482765018760565,8,160000,7993
GTAAGATA,0.8480394,0.8480394178039831,8,160000,7993
GTGATCTA,0.84771985,0.8477198697068403,8,160000,7993
GTGATCAC,0.84707046,0.8470704655094216,8,160000,7993
ATACTATG,0.8465963,0.8465962973652743,8,160000,7993
ACACTATC,0.84648293,0.8464829093308044,8,160000,7993
TTTATATA,0.84619427,0.8461942852430627,8,160000,7993
CATATCTC,0.84614277,0.8461427452273945,8,160000,7993
GAGATATG,0.84614277,0.8461427452273945,8,160000,7993
AAGAGATA,0.84597784,0.8459778171772564,8,160000,7993
ACCATATA,0.84590566,0.845905661155321,8,160000,7993
AAGGTATT,0.8445553,0.8445553127448151,8,160000,7993
CTGATAGT,0.8445347,0.8445346967385478,8,160000,7993
AAGATACG,0.8441842,0.8441842246320044,8,160000,7993
GGGCGATC,0.84398836,0.8439883725724653,8,160000,7993
GAGATCTC,0.84360695,0.8436069764565208,8,160000,7993
GAACTATC,0.84348327,0.8434832804189173,8,160000,7993
GATAGTTC,0.84348327,0.8434832804189173,8,160000,7993
CTCGTATC,0.8430194,0.8430194202779039,8,160000,7993
ATCATTAT,0.84295756,0.842957572259102,8,160000,7993
TGGATATT,0.84259677,0.8425967921494248,8,160000,7993
AGACTATC,0.8424112,0.8424112480930194,8,160000,7993
CTGATCTG,0.8421845,0.8421844720240795,8,160000,7993
TCGATCCC,0.842102,0.8421020079990105,8,160000,7993
TAAATATC,0.84185463,0.8418546159238033,8,160000,7993
GTAATACC,0.8416175,0.8416175318517297,8,160000,7993
ACTATCTC,0.8415763,0.8415762998391951,8,160000,7993
GAGATAGT,0.8415763,0.8415762998391951,8,160000,7993
CAGAGATA,0.84140104,0.8414010637859234,8,160000,7993
GTGATCTC,0.84103,0.8410299756731127,8,160000,7993
GAGATCAC,0.84103,0.8410299756731127,8,160000,7993
GTGTCATG,0.84085476,0.8408547396198409,8,160000,7993
CAGATACG,0.84048367,0.84048365150703,8,160000,7993
TTAAGATA,0.8400507,0.8400507153754175,8,160000,7993
GTGTCAAC,0.8399373,0.8399373273409475,8,160000,7993
ATCTTATC,0.83958685,0.839586855234404,8,160000,7993
ATTAAATA,0.83945286,0.8394528511936669,8,160000,7993
GAGTGATC,0.83906114,0.8390611470745887,8,160000,7993
GTGCGATA,0.83864886,0.8386488269492435,8,160000,7993
GTCTGATC,0.8382159,0.8382158908176308,8,160000,7993
ATGGGATC,0.837917,0.8379169587267555,8,160000,7993
TGGATATG,0.8377211,0.8377211066672164,8,160000,7993
TCAAGATC,0.8363089,0.8363089102379088,8,160000,7993
CTGATCAG,0.83584505,0.8358450500968952,8,160000,7993
GGAGTATA,0.83510286,0.8351028738712736,8,160000,7993
GTCGGATC,0.8344844,0.8344843936832557,8,160000,7993
GTGGGATA,0.83377314,0.8337731414670351,8,160000,7993
CGGTGATC,0.8334536,0.8334535933698924,8,160000,7993
AATATCCC,0.83305156,0.8330515812476808,8,160000,7993
GGGATATT,0.83305156,0.8330515812476808,8,160000,7993
GTGATCTT,0.8327939,0.83279388116934,8,160000,7993
CAGATATG,0.8324434,0.8324434090627963,8,160000,7993
GTTATACC,0.8321548,0.8321547849750547,8,160000,7993
GATATTCA,0.8319383,0.8319383169092484,8,160000,7993
GTCTGATA,0.8317837,0.8317836968622437,8,160000,7993
ACGCTATC,0.8316806,0.8316806168309074,8,160000,7993
GGATAATC,0.8316394,0.831639384818373,8,160000,7993
AATATCTC,0.83151567,0.8315156887807694,8,160000,7993
GAGATATT,0.83151567,0.8315156887807694,8,160000,7993
CCGCTATC,0.8314229,0.8314229167525667,8,160000,7993
CGGATCTA,0.83129925,0.8312992207149631,8,160000,7993
GGGATAAT,0.8310518,0.8310518286397559,8,160000,7993
GTATTAAC,0.83046424,0.8304642724611389,8,160000,7993
GTTAATAC,0.83046424,0.8304642724611389,8,160000,7993
ATCATTTA,0.8298561,0.8298561002762544,8,160000,7993
AGGATACA,0.8291345,0.8291345400569001,8,160000,7993
TTATTATC,0.8290727,0.8290726920380984,8,160000,7993
AAGGTGTC,0.8282378,0.8282377437842742,8,160000,7993
GGCATATA,0.82790786,0.8279078876839978,8,160000,7993
ACGTGATC,0.8278667,0.8278666556714633,8,160000,7993
ATAATCCT,0.82754713,0.8275471075743207,8,160000,7993
TTAATACT,0.8267946,0.8267946233455655,8,160000,7993
GTGTTAAT,0.8266297,0.8266296952954274,8,160000,7993
CTCATATC,0.82616585,0.8261658351544139,8,160000,7993
ATTATACG,0.82614523,0.8261452191481466,8,160000,7993
ATCCTCTC,0.8259081,0.8259081350760731,8,160000,7993
TAACTATC,0.8253103,0.8253102708943223,8,160000,7993
AAGATATT,0.82527936,0.8252793468849214,8,160000,7993
GGGAGATC,0.82518655,0.8251865748567188,8,160000,7993
GGGATAAG,0.8243207,0.8243207025934937,8,160000,7993
GTCCTATC,0.82425886,0.8242588545746918,8,160000,7993
GATCTCTT,0.8239908,0.8239908464932173,8,160000,7993
AAGAGATC,0.8239908,0.8239908464932173,8,160000,7993
GACTGATC,0.82387745,0.8238774584587474,8,160000,7993
ATTATACT,0.82385683,0.82385684245248,8,160000,7993
CGGAGATC,0.82357854,0.823578526367872,8,160000,7993
GTGATCGC,0.8235476,0.8235476023584711,8,160000,7993
GCGATCAC,0.8235476,0.8235476023584711,8,160000,7993
ATAAAATA,0.823393,0.8233929823114666,8,160000,7993
GCGATAGT,0.82322806,0.8232280542613285,8,160000,7993
CTGATCTT,0.8223828,0.8223827980043706,8,160000,7993
CATAGATC,0.8221354,0.8221354059291635,8,160000,7993
GATCTATG,0.8221354,0.8221354059291635,8,160000,7993
GTGGGATC,0.82159936,0.8215993897662145,8,160000,7993
ATGAGATC,0.8210943,0.8210942976126664,8,160000,7993
GATATTGC,0.82108396,0.8210839896095329,8,160000,7993
GCAATATC,0.82108396,0.8210839896095329,8,160000,7993
CTGTGATC,0.8210737,0.8210736816063993,8,160000,7993
GTGTCATC,0.8210531,0.8210530656001319,8,160000,7993
TTTATATC,0.82087785,0.8208778295468602,8,160000,7993
TTGTGATC,0.82063043,0.820630437471653,8,160000,7993
GTGGTGTC,0.82040364,0.820403661402713,8,160000,7993
GTTATATA,0.82013565,0.8201356533212387,8,160000,7993
TTGCTATC,0.8199604,0.8199604172679669,8,160000,7993
TGGCTATC,0.81989855,0.819898569249165,8,160000,7993
GTGGTATA,0.81988823,0.8198882612460314,8,160000,7993
ATATTATT,0.81976455,0.8197645652084278,8,160000,7993
CAGCTATC,0.8196718,0.8196717931802251,8,160000,7993
CCGATATT,0.8192904,0.8192903970642808,8,160000,7993
GCGATATT,0.81922853,0.819228549045479,8,160000,7993
GGATTATC,0.81851727,0.8185172968292582,8,160000,7993
CTGTTATC,0.8184245,0.8184245248010557,8,160000,7993
ATCGTATT,0.81795037,0.8179503566569084,8,160000,7993
TATCTGTC,0.8179091,0.8179091246443739,8,160000,7993
AGGATAAT,0.8173113,0.8173112604626231,8,160000,7993
ATTATCCT,0.8173113,0.8173112604626231,8,160000,7993
CGAATATC,0.81690925,0.8169092483404115,8,160000,7993
AGGATATT,0.81690925,0.8169092483404115,8,160000,7993
TACAGATC,0.81688863,0.8168886323341443,8,160000,7993
GACCTATC,0.81668246,0.8166824722714716,8,160000,7993
GATAGGTC,0.81668246,0.8166824722714716,8,160000,7993
TTGATAAT,0.8164248,0.8164247721931308,8,160000,7993
GGGATCCT,0.8163732,0.8163732321774626,8,160000,7993
AGGATCCC,0.8163732,0.8163732321774626,8,160000,7993
TGGATACA,0.81610525,0.8161052240959881,8,160000,7993
GCGTGATC,0.8160743,0.8160743000865872,8,160000,7993
GTGTCATT,0.8159197,0.8159196800395828,8,160000,7993
GTATAATG,0.8158372,0.8158372160145138,8,160000,7993
AAGATCGT,0.8157754,0.8157753679957119,8,160000,7993
ATCATCCC,0.8157032,0.8157032119737765,8,160000,7993
GGGATGAT,0.8157032,0.8157032119737765,8,160000,7993
GGGATCGC,0.8156723,0.8156722879643755,8,160000,7993
GCGATCCC,0.8156723,0.8156722879643755,8,160000,7993
GAATGATC,0.8154455,0.8154455118954357,8,160000,7993
CCGATAGG,0.8153218,0.815321815857832,8,160000,7993
TCGATAGC,0.8144353,0.8144353275883396,8,160000,7993
CAGATATA,0.81441474,0.8144147115820723,8,160000,7993
CTGCTATC,0.81424975,0.8142497835319341,8,160000,7993
TGCGGATC,0.8131881,0.81318805920917,8,160000,7993
CTGAGATA,0.81292003,0.8129200511276955,8,160000,7993
GGACTATC,0.81279635,0.812796355090092,8,160000,7993
GGTAGATC,0.81279635,0.812796355090092,8,160000,7993
ATACCAAC,0.8126314,0.8126314270399538,8,160000,7993
AGGATCTT,0.8125387,0.812538655011751,8,160000,7993
GGTATAGT,0.8123428,0.8123428029522122,8,160000,7993
ACTATACC,0.8123428,0.8123428029522122,8,160000,7993
GATATTTT,0.81200266,0.8120026388488022,8,160000,7993
AAAATATC,0.81200266,0.8120026388488022,8,160000,7993
GGTATACA,0.81184804,0.8118480188017977,8,160000,7993
GGGATCTT,0.8117862,0.811786170782996,8,160000,7993
AAGATCCC,0.8117862,0.811786170782996,8,160000,7993
ATTACACC,0.81154907,0.8115490867109224,8,160000,7993
CTGGTGTC,0.81147695,0.811476930688987,8,160000,7993
ACGATAGC,0.8114151,0.811415082670185,8,160000,7993
GTCCGATA,0.81074506,0.810745062466499,8,160000,7993
CGGGTATA,0.8106935,0.8106935224508308,8,160000,7993
GTAGTATA,0.81059045,0.8105904424194945,8,160000,7993
GGGATCTC,0.81049764,0.8104976703912918,8,160000,7993
GAGATCCC,0.81049764,0.8104976703912918,8,160000,7993
GGTATAAG,0.8102503,0.8102502783160846,8,160000,7993
CTTATACC,0.8102503,0.8102502783160846,8,160000,7993
CCGATCCC,0.80876595,0.8087659258648414,8,160000,7993
ATATTAAC,0.80869377,0.808693769842906,8,160000,7993
TTTGTATC,0.80852884,0.808528841792768,8,160000,7993
GATACAAA,0.80852884,0.808528841792768,8,160000,7993
CCTATCTA,0.80779696,0.80779697357028,8,160000,7993
GGAAGATC,0.80772483,0.8077248175483446,8,160000,7993
TCTATACC,0.8074465,0.8074465014637364,8,160000,7993
TTGGTGTC,0.80742586,0.8074258854574692,8,160000,7993
AGAATATA,0.80727124,0.8072712654104647,8,160000,7993
GGGTAATA,0.8071991,0.8071991093885292,8,160000,7993
CAAATATC,0.8070342,0.8070341813383912,8,160000,7993
GTAGGATA,0.806828,0.8068280212757184,8,160000,7993
GTGATCAA,0.80633324,0.8063332371253041,8,160000,7993
TTGATCAC,0.80633324,0.8063332371253041,8,160000,7993
TTGATGAT,0.80626106,0.8062610811033687,8,160000,7993
ATCATACT,0.8060755,0.8060755370469632,8,160000,7993
ATGAATAC,0.80598277,0.8059827650187606,8,160000,7993
GGTATAGG,0.8058591,0.8058590689811569,8,160000,7993
ATTGAATA,0.80561167,0.8056116769059498,8,160000,7993
GAGCGATC,0.80553955,0.8055395208840144,8,160000,7993
AATATATT,0.8053952,0.8053952088401435,8,160000,7993
CCGATCTA,0.8049932,0.8049931967179318,8,160000,7993
ATAATCTT,0.8047664,0.8047664206489918,8,160000,7993
GGGATAGT,0.80454993,0.8045499525831856,8,160000,7993
GGGATCGT,0.8036635,0.8036634643136931,8,160000,7993
TTGTTATA,0.8032305,0.8032305281820805,8,160000,7993
CCGATCGC,0.8031481,0.8031480641570116,8,160000,7993
GCGATCGG,0.8031481,0.8031480641570116,8,160000,7993
CGGTTATA,0.80274606,0.8027460520347999,8,160000,7993
CTGATCTC,0.8026327,0.80263266400033,8,160000,7993
GAGATCTT,0.8021791,0.8021791118624501,8,160000,7993
AAGATCTC,0.8021791,0.8021791118624501,8,160000,7993
GGGGTGTA,0.8018183,0.8018183317527728,8,160000,7993
ACGAGATC,0.8017771,0.8017770997402383,8,160000,7993
ATGATCGC,0.8015297,0.8015297076650311,8,160000,7993
ATAAGATC,0.8011277,0.8011276955428195,8,160000,7993
GTGCTATC,0.8007875,0.8007875314394096,8,160000,7993
AGGATCTC,0.8007463,0.8007462994268751,8,160000,7993
GGGATAGA,0.80031335,0.8003133632952625,8,160000,7993
TTGATCTG,0.80002475,0.8000247392075207,8,160000,7993
GTGATGAT,0.7995918,0.7995918030759082,8,160000,7993
GCGATAGG,0.7986022,0.7986022347750794,8,160000,7993
GTACGATC,0.7983136,0.7983136106873376,8,160000,7993
GGGTATTC,0.7981693,0.7981692986434669,8,160000,7993
TAGACACC,0.7975714,0.7975714344617161,8,160000,7993
GGGGAATA,0.7972519,0.7972518863645736,8,160000,7993
TTAATATG,0.79717976,0.7971797303426381,8,160000,7993
GAAATATA,0.797056,0.7970560343050344,8,160000,7993
GAGAGATC,0.7970251,0.7970251102956335,8,160000,7993
TCGGGATC,0.7963139,0.7963138580794129,8,160000,7993
CAGATAGG,0.796252,0.796252010060611,8,160000,7993
GTCATATA,0.79613864,0.796138622026141,8,160000,7993
GGGGTATG,0.7957985,0.7957984579227312,8,160000,7993
GAGATAGG,0.7956541,0.7956541458788604,8,160000,7993
CACATATA,0.79515934,0.7951593617284459,8,160000,7993
GGGATAAA,0.79511815,0.7951181297159114,8,160000,7993
TAGGTATT,0.79510784,0.7951078217127778,8,160000,7993
ATTATATT,0.7950872,0.7950872057065106,8,160000,7993
CTTATATT,0.79461306,0.7946130375623633,8,160000,7993
TTAATATT,0.7936544,0.7936543932709357,8,160000,7993
ATGAGATA,0.7936028,0.7936028532552674,8,160000,7993
ATGATTCC,0.7932936,0.7932936131612585,8,160000,7993
TCAAGATA,0.7927061,0.7927060569826414,8,160000,7993
GGGCTATC,0.7924174,0.7924174328948996,8,160000,7993
CTCCTATC,0.79231435,0.7923143528635632,8,160000,7993
ATCATAAC,0.79201543,0.7920154207726879,8,160000,7993
GGATCTTC,0.79189175,0.7918917247350843,8,160000,7993
GAGCTATC,0.7918505,0.7918504927225497,8,160000,7993
GCCCGATC,0.7908197,0.7908196924091866,8,160000,7993
GGGTGTTA,0.7907475,0.7907475363872511,8,160000,7993
GTGATCAG,0.7905105,0.7905104523151776,8,160000,7993
CTGATCAC,0.7905105,0.7905104523151776,8,160000,7993
GCGATCCA,0.7901703,0.7901702882117676,8,160000,7993
ATCATATG,0.78987134,0.7898713561208923,8,160000,7993
GGAATATA,0.78973734,0.789737352080155,8,160000,7993
ACGATAAT,0.789057,0.7890570238733352,8,160000,7993
ACAATACC,0.7890467,0.7890467158702016,8,160000,7993
TGGGGATC,0.788655,0.7886550117511236,8,160000,7993
ATGCGATC,0.7884798,0.7884797756978519,8,160000,7993
GAAGTATA,0.7880262,0.788026223559972,8,160000,7993
TTAATACG,0.7877994,0.787799447491032,8,160000,7993
TAGCTATC,0.7874387,0.7874386673813549,8,160000,7993
ATAATATG,0.78739744,0.7873974353688205,8,160000,7993
ATCACATT,0.7873768,0.787376819362553,8,160000,7993
GGGATAGG,0.7873768,0.787376819362553,8,160000,7993
AGGATAGG,0.7873459,0.7873458953531521,8,160000,7993
ATTAGATC,0.78689235,0.7868923432152723,8,160000,7993
TGTATAAC,0.78680986,0.7868098791902033,8,160000,7993
GTTATACA,0.78680986,0.7868098791902033,8,160000,7993
AAGATCTT,0.7867789,0.7867789551808024,8,160000,7993
TTTATACT,0.7866243,0.7866243351337979,8,160000,7993
TGGAGATC,0.78636664,0.786366635055457,8,160000,7993
ATAATAAC,0.78636664,0.786366635055457,8,160000,7993
GCGGTATA,0.7858203,0.7858203108893745,8,160000,7993
CTAATACC,0.7856038,0.7856038428235682,8,160000,7993
TTCATATC,0.78504723,0.785047210654352,8,160000,7993
ATCATACG,0.7849441,0.7849441306230157,8,160000,7993
GCGGTATT,0.7848926,0.7848925906073476,8,160000,7993
AGATTATC,0.78472763,0.7847276625572094,8,160000,7993
CATATACC,0.78455245,0.7845524265039376,8,160000,7993
GGTATATG,0.78455245,0.7845524265039376,8,160000,7993
TACAGATA,0.78409886,0.7840988743660577,8,160000,7993
CTCAGATC,0.7839958,0.7839957943347214,8,160000,7993
CTGCGATA,0.78327423,0.7832742341153672,8,160000,7993
GTACTATC,0.78314024,0.78314023007463,8,160000,7993
CTGAGATC,0.7830887,0.7830886900589618,8,160000,7993
AAAAGATC,0.78306806,0.7830680740526946,8,160000,7993
CTTAGATC,0.78292376,0.7829237620088237,8,160000,7993
GGTATTGG,0.78254235,0.7825423658928793,8,160000,7993
GTAATACT,0.78250116,0.7825011338803447,8,160000,7993
GTGTAATA,0.78224343,0.7822434338020038,8,160000,7993
ATCACAGC,0.7820888,0.7820888137549995,8,160000,7993
TCGATCTC,0.78203726,0.7820372737393312,8,160000,7993
GAGATCGA,0.78203726,0.7820372737393312,8,160000,7993
ATTATAGC,0.7819136,0.7819135777017276,8,160000,7993
ATTATATG,0.7818105,0.7818104976703913,8,160000,7993
CTGATATT,0.7816868,0.7816868016327877,8,160000,7993
GGGATCCC,0.78098583,0.7809858574197006,8,160000,7993
ATAGTATG,0.78064567,0.7806456933162907,8,160000,7993
TTTGGATC,0.77997565,0.7799756731126046,8,160000,7993
TCTATACT,0.7797592,0.7797592050467984,8,160000,7993
GGTGTATT,0.7783573,0.7783573166206242,8,160000,7993
TTGATCGC,0.77828515,0.7782851605986888,8,160000,7993
TTCAGATA,0.77815115,0.7781511565579516,8,160000,7993
TATTTATC,0.77815115,0.7781511565579516,8,160000,7993
GATAAATA,0.77815115,0.7781511565579516,8,160000,7993
TGTATATG,0.7780275,0.778027460520348,8,160000,7993
ATGATCGT,0.77772856,0.7777285284294726,8,160000,7993
GTATTACA,0.7775327,0.7775326763699336,8,160000,7993
GAGTATTA,0.7771513,0.7771512802539892,8,160000,7993
TTATAATC,0.77689356,0.7768935801756484,8,160000,7993
ATTATCAC,0.7768627,0.7768626561662474,8,160000,7993
GTGATAAT,0.7768627,0.7768626561662474,8,160000,7993
ATCACATC,0.77659464,0.7765946480847731,8,160000,7993
GGGTTATC,0.7763988,0.776398796025234,8,160000,7993
GTATACTG,0.77623385,0.7762338679750959,8,160000,7993
GAGATCTA,0.77530617,0.7753061476930689,8,160000,7993
TAGATCTC,0.77530617,0.7753061476930689,8,160000,7993
AAGATAGC,0.7751824,0.7751824516554653,8,160000,7993
GCTATCTT,0.7751824,0.7751824516554653,8,160000,7993
GTATTACC,0.7748732,0.7748732115614563,8,160000,7993
ATAATCTG,0.7745743,0.774574279470581,8,160000,7993
TCGGTATT,0.77427536,0.7742753473797055,8,160000,7993
GTGGTATT,0.7733373,0.773337319094545,8,160000,7993
TAGATAAA,0.7730487,0.7730486950068033,8,160000,7993
TTTAGATC,0.772925,0.7729249989691998,8,160000,7993
CTGGGATC,0.7726879,0.7726879148971262,8,160000,7993
GACATATA,0.7720385,0.7720385106997072,8,160000,7993
GCGATCCT,0.7720282,0.7720282026965737,8,160000,7993
CCAATATA,0.7717396,0.7717395786088319,8,160000,7993
GGGATTGT,0.7717293,0.7717292706056982,8,160000,7993
AGGATAAG,0.77168804,0.7716880385931638,8,160000,7993
ATCATATT,0.771585,0.7715849585618273,8,160000,7993
GAGGTGTC,0.7715025,0.7715024945367585,8,160000,7993
ACTAGATC,0.77146125,0.7714612625242239,8,160000,7993
GTATAAAC,0.7708737,0.7708737063456068,8,160000,7993
ATGTAATC,0.7708428,0.7708427823362058,8,160000,7993
GTAGGATC,0.7706263,0.7706263142703996,8,160000,7993
GCGATCTA,0.7702655,0.7702655341607224,8,160000,7993
TTTATCTC,0.7701728,0.7701727621325197,8,160000,7993
GAGATAAA,0.7701728,0.7701727621325197,8,160000,7993
GTATTGTT,0.76985323,0.7698532140353771,8,160000,7993
TTGATAAG,0.7697192,0.7697192099946399,8,160000,7993
AAGATCTA,0.76963675,0.7696367459695708,8,160000,7993
CAGATATT,0.76935846,0.7693584298849627,8,160000,7993
GATATTTC,0.7691626,0.7691625778254237,8,160000,7993
GAAATATC,0.7691626,0.7691625778254237,8,160000,7993
CACAGATA,0.76913166,0.7691316538160228,8,160000,7993
ATGCTATC,0.769008,0.7690079577784191,8,160000,7993
TTGAAATA,0.769008,0.7690079577784191,8,160000,7993
AGGATAGC,0.76899767,0.7689976497752855,8,160000,7993
TTGAATAC,0.7689255,0.7689254937533501,8,160000,7993
ATAATATT,0.7687812,0.7687811817094792,8,160000,7993
TAGATAGC,0.76846164,0.7684616336123367,8,160000,7993
CCGCGATC,0.7671731,0.7671731332206326,8,160000,7993
TGGATAGC,0.7654311,0.7654310806910486,8,160000,7993
ATGTTATC,0.7654105,0.7654104646847812,8,160000,7993
CCTAGATC,0.7653486,0.7653486166659795,8,160000,7993
GCGGGATC,0.76479197,0.7647919844967633,8,160000,7993
GGGTTATA,0.76470953,0.7647095204716942,8,160000,7993
GCCAGATC,0.7646167,0.7646167484434916,8,160000,7993
TTAGGATC,0.7642869,0.7642868923432152,8,160000,7993
ACATTATC,0.76359624,0.7635962561332619,8,160000,7993
GGCAGATC,0.76354474,0.7635447161175937,8,160000,7993
TCGATTCG,0.7626067,0.762606687832433,8,160000,7993
GAGTTATC,0.76243144,0.7624314517791613,8,160000,7993
TCGACACC,0.7624108,0.7624108357728941,8,160000,7993
GGGATACG,0.7617614,0.7617614315754752,8,160000,7993
GGGATCCA,0.7613903,0.7613903434626644,8,160000,7993
TGGGTATT,0.7613594,0.7613594194532635,8,160000,7993
ATGATAAT,0.7612357,0.7612357234156599,8,160000,7993
TTGAGATC,0.760442,0.7604420071743702,8,160000,7993
GCGATAAT,0.76009154,0.7600915350678266,8,160000,7993
ATCGCATC,0.7598854,0.759885375005154,8,160000,7993
CCGATAAC,0.7595452,0.7595452109017441,8,160000,7993
GCAATACC,0.75929785,0.7592978188265369,8,160000,7993
GTGTCACT,0.7591844,0.7591844307920669,8,160000,7993
ATGATAAG,0.7583598,0.7583597905413764,8,160000,7993
GGAATATT,0.7582979,0.7582979425225747,8,160000,7993
AGAATACC,0.7582258,0.7582257865006392,8,160000,7993
GCTGTATA,0.7577825,0.7577825423658929,8,160000,7993
ATCCTCCC,0.75775164,0.757751618356492,8,160000,7993
ACGATCTG,0.75765884,0.7576588463282893,8,160000,7993
CAGATCCT,0.7575764,0.7575763823032201,8,160000,7993
TTCATATA,0.7570816,0.7570815981528058,8,160000,7993
AGGATAAC,0.75686514,0.7568651300869996,8,160000,7993
CAGCGATC,0.7568033,0.7568032820681978,8,160000,7993
ATATTCTC,0.7565456,0.756545581989857,8,160000,7993
TAGAGATC,0.7564528,0.7564528099616542,8,160000,7993
TTTCTATA,0.75641155,0.7564115779491198,8,160000,7993
GCACTATC,0.7563188,0.7563188059209169,8,160000,7993
GGTATAGC,0.75620544,0.756205417886447,8,160000,7993
GCTATACC,0.75620544,0.756205417886447,8,160000,7993
GGGCTATA,0.7561539,0.7561538778707789,8,160000,7993
ATTTGATC,0.7559477,0.7559477178081062,8,160000,7993
CTGGTATA,0.75584465,0.7558446377767699,8,160000,7993
GTGTCAAA,0.75583434,0.7558343297736362,8,160000,7993
GGATTATG,0.75574154,0.7557415577454336,8,160000,7993
TTGGATTA,0.7555148,0.7555147816764936,8,160000,7993
CGGTTATC,0.75494784,0.7549478415041438,8,160000,7993
GTTGGATC,0.75472105,0.7547210654352039,8,160000,7993
ATAATAGG,0.75459737,0.7545973693976002,8,160000,7993
GTCTTATA,0.75419533,0.7541953572753886,8,160000,7993
GTGATTCC,0.7537624,0.753762421143776,8,160000,7993
ATCATAGC,0.7530821,0.7530820929369563,8,160000,7993
ATTTAATC,0.7527316,0.7527316208304128,8,160000,7993
ATTATACA,0.75260794,0.7526079247928091,8,160000,7993
GCGACACC,0.7525564,0.7525563847771409,8,160000,7993
GTCAGATA,0.75251514,0.7525151527646065,8,160000,7993
GTGAGATC,0.7525048,0.7525048447614728,8,160000,7993
CTACGATC,0.7519791,0.7519791366016575,8,160000,7993
ATCAAATC,0.75174206,0.7517420525295839,8,160000,7993
GCAATATA,0.75162864,0.751628664495114,8,160000,7993
GTGCGATC,0.7508659,0.7508658722632252,8,160000,7993
AATACATC,0.7507834,0.7507834082381561,8,160000,7993
GCGATAGC,0.7507628,0.7507627922318889,8,160000,7993
CAGTTATC,0.7507525,0.7507524842287552,8,160000,7993
ATCAAAGC,0.75069064,0.7506906362099535,8,160000,7993
TCGATATT,0.7505257,0.7505257081598152,8,160000,7993
TTTATGTA,0.75003093,0.7500309240094009,8,160000,7993
CTGCGATC,0.74967015,0.7496701438997238,8,160000,7993
TCGCTATC,0.74954647,0.7495464478621201,8,160000,7993
TTAAAATA,0.74887645,0.7488764276584341,8,160000,7993
GTTATACG,0.74835074,0.7483507194986188,8,160000,7993
GTTACACC,0.74814457,0.748144559435946,8,160000,7993
CAGATAGA,0.74789715,0.747897167360739,8,160000,7993
CCGATCTG,0.7475879,0.7475879272667298,8,160000,7993
TGGATAGG,0.7473509,0.7473508431946564,8,160000,7993
GACCGATC,0.7470622,0.7470622191069145,8,160000,7993
CGGATCTC,0.74682516,0.746825135034841,8,160000,7993
GAGATCCG,0.74682516,0.746825135034841,8,160000,7993
TTATCATC,0.7465468,0.746546818950233,8,160000,7993
ACGGTATA,0.74636126,0.7463612748938276,8,160000,7993
TTACTATC,0.7449285,0.7449284624582526,8,160000,7993
GCTATACA,0.74491817,0.7449181544551189,8,160000,7993
GTTATACT,0.7448769,0.7448769224425845,8,160000,7993
AGTATAAC,0.7448769,0.7448769224425845,8,160000,7993
TGTTTATC,0.7433926,0.7433925699913412,8,160000,7993
GGGATCTA,0.74335134,0.7433513379788068,8,160000,7993
GTTATAGG,0.742671,0.742671009771987,8,160000,7993
ATCATAGG,0.7426401,0.7426400857625861,8,160000,7993
GCATGATC,0.7414134,0.7414134333896838,8,160000,7993
GTTGTATA,0.74116606,0.7411660413144766,8,160000,7993
ATCTTCTC,0.74108356,0.7410835772894075,8,160000,7993
ATAATAAA,0.74106294,0.7410629612831402,8,160000,7993
TTGGGATC,0.74086714,0.7408671092236012,8,160000,7993
GTCTCATA,0.7406713,0.7406712571640621,8,160000,7993
TTGCTATA,0.7405991,0.7405991011421267,8,160000,7993
GTTATCTT,0.74055785,0.7405578691295922,8,160000,7993
AAGATAAC,0.74055785,0.7405578691295922,8,160000,7993
CTTATATG,0.7394446,0.7394446047911598,8,160000,7993
AAGATAGT,0.7378984,0.7378984043211149,8,160000,7993
GCAAGATC,0.73746544,0.7374654681895023,8,160000,7993
TAGTTATC,0.73697066,0.7369706840390879,8,160000,7993
CGAAGATC,0.7364965,0.7364965158949408,8,160000,7993
ATGTTATT,0.7364862,0.7364862078918072,8,160000,7993
TTGTTATC,0.7363522,0.73635220385107,8,160000,7993
GTATTAAG,0.73616666,0.7361666597946646,8,160000,7993
GCTATCTC,0.7354863,0.7354863315878448,8,160000,7993
GAGATAGC,0.7354863,0.7354863315878448,8,160000,7993
CGCCTATA,0.73528016,0.7352801715251721,8,160000,7993
GTCATCTA,0.73506373,0.7350637034593658,8,160000,7993
TAGATGAC,0.73506373,0.7350637034593658,8,160000,7993
CTCTTATC,0.73490906,0.7349090834123614,8,160000,7993
GATCTGTC,0.7348885,0.7348884674060941,8,160000,7993
GACAGATC,0.7348885,0.7348884674060941,8,160000,7993
ATGATAAC,0.7348163,0.7348163113841587,8,160000,7993
ATGATTGA,0.73470294,0.7347029233496887,8,160000,7993
CTATTATT,0.7342906,0.7342906032243435,8,160000,7993
GCGATCTG,0.73404324,0.7340432111491362,8,160000,7993
CAGATCGC,0.73404324,0.7340432111491362,8,160000,7993
ATTCAATC,0.7339917,0.7339916711334681,8,160000,7993
ATGTTGTA,0.7338577,0.7338576670927308,8,160000,7993
GTTATCTA,0.7336515,0.7336515070300581,8,160000,7993
ATGAGACC,0.73352784,0.7335278109924546,8,160000,7993
GAGATCCA,0.73345566,0.7334556549705192,8,160000,7993
AGGTTATC,0.73291963,0.7329196388075702,8,160000,7993
GCGGTGTC,0.7323836,0.7323836226446213,8,160000,7993
GAGGTGTA,0.7323321,0.7323320826289531,8,160000,7993
CGGATTAC,0.7320744,0.7320743825506123,8,160000,7993
GTAATCCG,0.7320744,0.7320743825506123,8,160000,7993
ATTAAATG,0.73204345,0.7320434585412113,8,160000,7993
GTAATACG,0.7319404,0.731940378509875,8,160000,7993
GTATTATG,0.73191977,0.7319197625036078,8,160000,7993
ATATGATG,0.7315693,0.7315692903970643,8,160000,7993
TTAGTATA,0.73110545,0.7311054302560508,8,160000,7993
CGGATAGG,0.73061067,0.7306106461056364,8,160000,7993
GAGATCTG,0.7305282,0.7305281820805674,8,160000,7993
CAGATCTC,0.7305282,0.7305281820805674,8,160000,7993
TTAAGATC,0.73045605,0.7304560260586319,8,160000,7993
ACGAGATA,0.73036325,0.7303632540304292,8,160000,7993
ATAGGTTC,0.73009527,0.7300952459489548,8,160000,7993
GATAATTC,0.72985816,0.7298581618768811,8,160000,7993
GAATTATC,0.72985816,0.7298581618768811,8,160000,7993
ACCTTATC,0.7297963,0.7297963138580794,8,160000,7993
ATCCTGAC,0.7295077,0.7295076897703378,8,160000,7993
GAAAGATC,0.7278584,0.7278584092689564,8,160000,7993
GATCTTTC,0.7278584,0.7278584092689564,8,160000,7993
GAACGATC,0.72764194,0.7276419412031501,8,160000,7993
TTTTTATC,0.7275801,0.7275800931843484,8,160000,7993
CTGATAAG,0.72706467,0.7270646930276666,8,160000,7993
TTGATAGA,0.7270132,0.7270131530119985,8,160000,7993
ATGGTATT,0.7267451,0.7267451449305241,8,160000,7993
GTAAATAA,0.72632253,0.7263225168020452,8,160000,7993
AGAATACT,0.7262194,0.7262194367707089,8,160000,7993
TTCTAATC,0.7261473,0.7261472807487733,8,160000,7993
ATAAGAAC,0.7261267,0.7261266647425061,8,160000,7993
CGACTATC,0.7255494,0.7255494165670227,8,160000,7993
GTAATAAT,0.7252608,0.7252607924792809,8,160000,7993
ATTATTAC,0.7252608,0.7252607924792809,8,160000,7993
TTCAGATC,0.7251989,0.7251989444604792,8,160000,7993
ATTCTATA,0.72500306,0.7250030924009401,8,160000,7993
ATCATCTT,0.72429186,0.7242918401847194,8,160000,7993
TTATTATA,0.7240032,0.7240032160969776,8,160000,7993
TGTAGATC,0.723962,0.7239619840844432,8,160000,7993
GTGTCACC,0.7238692,0.7238692120562404,8,160000,7993
ATGAAACC,0.7235806,0.7235805879684988,8,160000,7993
GTGAGAAG,0.7235084,0.7235084319465633,8,160000,7993
ATCATGAC,0.7233435,0.7233435038964252,8,160000,7993
GATAGATG,0.72317857,0.7231785758462871,8,160000,7993
ACGATAAG,0.72309613,0.7230961118212179,8,160000,7993
CGAATATA,0.722859,0.7228590277491445,8,160000,7993
TAGTTACC,0.7228281,0.7228281037397436,8,160000,7993
GCGATCGA,0.7227766,0.7227765637240754,8,160000,7993
GTGGTGAT,0.7226322,0.7226322516802045,8,160000,7993
ATTATCTG,0.7225395,0.7225394796520018,8,160000,7993
GTGATCGT,0.7223127,0.7223127035830619,8,160000,7993
TGGCTATA,0.7221684,0.7221683915391911,8,160000,7993
CCGATCTT,0.7220447,0.7220446955015875,8,160000,7993
ATGATCGA,0.7217458,0.7217457634107121,8,160000,7993
GTTATATG,0.7215293,0.7215292953449057,8,160000,7993
CATATAAC,0.7215293,0.7215292953449057,8,160000,7993
GTTTGATC,0.7215087,0.7215086793386385,8,160000,7993
CAGCTATA,0.72105515,0.7210551272007586,8,160000,7993
TGCTTATC,0.71955013,0.7195501587432483,8,160000,7993
GTATTCTC,0.71913785,0.7191378386179029,8,160000,7993
ATCATGTC,0.71912754,0.7191275306147693,8,160000,7993
ATTATCTA,0.7191172,0.7191172226116357,8,160000,7993
GTACTATA,0.7190966,0.7190966066053684,8,160000,7993
GTTCTATA,0.71876675,0.7187667505050921,8,160000,7993
GTGTTATC,0.71853995,0.7185399744361523,8,160000,7993
ATTACATA,0.71833384,0.7183338143734795,8,160000,7993
TTTATATT,0.7181689,0.7181688863233414,8,160000,7993
ATATTCAC,0.717571,0.7175710221415907,8,160000,7993
ATGATGCC,0.71722054,0.7172205500350473,8,160000,7993
TTTATCTT,0.7169732,0.7169731579598401,8,160000,7993
CGTATAGC,0.7166433,0.7166433018595638,8,160000,7993
GCTATATT,0.716633,0.7166329938564301,8,160000,7993
AATATAGC,0.716633,0.7166329938564301,8,160000,7993
GTGACACT,0.7164578,0.7164577578031583,8,160000,7993
ATCAGACC,0.7152311,0.7152311054302561,8,160000,7993
AAAATATT,0.7148394,0.714839401311178,8,160000,7993
GCTATCCC,0.7148188,0.7148187853049107,8,160000,7993
GGGATAGC,0.7148188,0.7148187853049107,8,160000,7993
ATAATCTC,0.7147054,0.7147053972704408,8,160000,7993
GTATTAGT,0.71449924,0.7144992372077681,8,160000,7993
TGATTATC,0.7144168,0.714416773182699,8,160000,7993
GTGTTATA,0.7135509,0.7135509009194739,8,160000,7993
CTCATACC,0.71311796,0.7131179647878614,8,160000,7993
ATTTTATA,0.7130664,0.7130664247721931,8,160000,7993
AACATGTA,0.71289116,0.7128911887189213,8,160000,7993
AGCATATT,0.7121387,0.7121387044901663,8,160000,7993
GACGTATA,0.7119738,0.711973776440028,8,160000,7993
GAGATTAG,0.71114916,0.7111491361893374,8,160000,7993
CTAATCTC,0.71114916,0.7111491361893374,8,160000,7993
GTCATATT,0.7109327,0.7109326681235312,8,160000,7993
ATCCTACC,0.7104276,0.7104275759699832,8,160000,7993
ATAATAGC,0.7097163,0.7097163237537624,8,160000,7993
GTGATAAG,0.7096957,0.7096957077474952,8,160000,7993
ACGATCTC,0.70951015,0.7095101636910898,8,160000,7993
GTAATCTA,0.709304,0.7093040036284172,8,160000,7993
TCCAGATC,0.70913905,0.709139075578279,8,160000,7993
GGGTCATC,0.70870614,0.7087061394466664,8,160000,7993
TTAATCAC,0.7085206,0.708520595390261,8,160000,7993
GTGATTAA,0.7085206,0.708520595390261,8,160000,7993
GTTATAGA,0.7084484,0.7084484393683256,8,160000,7993
TCTATAAC,0.7084484,0.7084484393683256,8,160000,7993
ATAGTAGC,0.7081495,0.7081495072774502,8,160000,7993
GCGATCAG,0.70812887,0.708128891271183,8,160000,7993
CTGATCGC,0.70812887,0.708128891271183,8,160000,7993
GTGTTATT,0.70790213,0.707902115202243,8,160000,7993
ATAATAGT,0.7078712,0.7078711911928421,8,160000,7993
GTTGGATT,0.7078506,0.7078505751865748,8,160000,7993
GTAAGCTA,0.7077063,0.707706263142704,8,160000,7993
CATATTAC,0.7073558,0.7073557910361605,8,160000,7993
GTAATATG,0.7073558,0.7073557910361605,8,160000,7993
TTGGTATT,0.70731455,0.7073145590236259,8,160000,7993
GTCATATG,0.70652086,0.7065208427823362,8,160000,7993
GTGGATCC,0.70614976,0.7061497546695253,8,160000,7993
TCGTTATC,0.706057,0.7060569826413228,8,160000,7993
GCCATATA,0.7059539,0.7059539026099865,8,160000,7993
CTTAGATG,0.7058302,0.7058302065723828,8,160000,7993
GTTTTATA,0.7057374,0.7057374345441801,8,160000,7993
GCAAGATA,0.70483035,0.7048303302684205,8,160000,7993
GTCCGATC,0.70417064,0.704170618067868,8,160000,7993
TTTGTATT,0.7041088,0.704108770049066,8,160000,7993
CTGGTATT,0.7040572,0.7040572300333979,8,160000,7993
GAATTATA,0.7040366,0.7040366140271307,8,160000,7993
TTCATACC,0.7037583,0.7037582979425226,8,160000,7993
GTTATCGT,0.703078,0.7030779697357028,8,160000,7993
ACGATAAC,0.703078,0.7030779697357028,8,160000,7993
CAGATAGC,0.7027275,0.7027274976291592,8,160000,7993
GCTATCTG,0.7027275,0.7027274976291592,8,160000,7993
GCGCGATC,0.7022224,0.7022224054756112,8,160000,7993
ATTTTATC,0.7022224,0.7022224054756112,8,160000,7993
CTGATAGA,0.70166576,0.7016657733063951,8,160000,7993
GTAGTATT,0.7009442,0.7009442130870407,8,160000,7993
CAGATAAC,0.7006556,0.700655588999299,8,160000,7993
GTTATCTG,0.7006556,0.700655588999299,8,160000,7993
GGGATCTG,0.7000062,0.7000061848018801,8,160000,7993
ATTACATC,0.6999237,0.6999237207768111,8,160000,7993
TTGTATTA,0.6993465,0.6993464726013277,8,160000,7993
TGGTTATC,0.69893414,0.6989341524759825,8,160000,7993
GTTATCTC,0.69852185,0.698521832350637,8,160000,7993
GAGATAAC,0.69852185,0.698521832350637,8,160000,7993
GTAACACC,0.69813013,0.6981301282315591,8,160000,7993
CTGAGAAC,0.6980889,0.6980888962190245,8,160000,7993
AATATAAC,0.6975941,0.69759411206861,8,160000,7993
GTTATATT,0.6975941,0.69759411206861,8,160000,7993
TCGATAAT,0.6971406,0.6971405599307302,8,160000,7993
TTGTGATG,0.69702715,0.6970271718962603,8,160000,7993
TAGCTATT,0.69599634,0.695996371582897,8,160000,7993
GTGATCGA,0.6956665,0.6956665154826207,8,160000,7993
TCGATCAC,0.6956665,0.6956665154826207,8,160000,7993
GAGATCGG,0.6952439,0.6952438873541418,8,160000,7993
CCGATCTC,0.6952439,0.6952438873541418,8,160000,7993
CTGATAAC,0.69491404,0.6949140312538655,8,160000,7993
CTGCTATA,0.6948006,0.6948006432193955,8,160000,7993
ATTATAGT,0.694512,0.6945120191316538,8,160000,7993
GAAATGAT,0.69389355,0.6938935389436358,8,160000,7993
ATCATTTC,0.69389355,0.6938935389436358,8,160000,7993
TTCCTATC,0.6923164,0.69231641446419,8,160000,7993
ATGAGACG,0.6923164,0.69231641446419,8,160000,7993
GAGTTATA,0.6919453,0.6919453263513793,8,160000,7993
ATATTGAC,0.69169796,0.6916979342761721,8,160000,7993
TTGATCAG,0.6910176,0.6910176060693523,8,160000,7993
TGGATAGT,0.690997,0.690996990063085,8,160000,7993
GCGTAATC,0.690997,0.690996990063085,8,160000,7993
ATGTTGTC,0.69087327,0.6908732940254814,8,160000,7993
GTTATCAC,0.6907805,0.6907805219972787,8,160000,7993
GTGATAAC,0.6907805,0.6907805219972787,8,160000,7993
GCGATCTT,0.69071865,0.6907186739784769,8,160000,7993
ATGCAATA,0.69071865,0.6907186739784769,8,160000,7993
GTCGTATA,0.6903579,0.6903578938687996,8,160000,7993
AGGATTAC,0.69027543,0.6902754298437307,8,160000,7993
CACGTATT,0.6897085,0.6897084896713809,8,160000,7993
GCGATCTC,0.68939924,0.689399249577372,8,160000,7993
GAGATCGC,0.68939924,0.689399249577372,8,160000,7993
ATAAAGTA,0.68851274,0.6885127613078794,8,160000,7993
TTGCGATC,0.68842,0.6884199892796768,8,160000,7993
GTCAGATC,0.6877706,0.687770585082258,8,160000,7993
GATCTGAC,0.6877706,0.687770585082258,8,160000,7993
TTGTCATA,0.68771905,0.6877190450665898,8,160000,7993
ACTATATT,0.6876572,0.6876571970477879,8,160000,7993
GTCAGATG,0.6865955,0.6865954727250237,8,160000,7993
CTGTTATA,0.68645114,0.6864511606811529,8,160000,7993
TTAATAGG,0.686379,0.6863790046592174,8,160000,7993
GTGATATC,0.9942172,0.9942172102420319,9,180000,8992
GATATCAC,0.9942172,0.9942172102420319,9,180000,8992
GGTATCAC,0.993908,0.9939079701480229,9,180000,8992
GATATCAA,0.99350595,0.9935059580258113,9,180000,8992
GGTATCAA,0.99298024,0.992980249865996,9,180000,8992
GATACCCC,0.99091864,0.9909186492392694,9,180000,8992
GGTATCAT,0.989692,0.989691996866367,9,180000,8992
GATGATAC,0.9861873,0.9861872758009319,9,180000,8992
CATATCAT,0.9850946,0.9850946274687667,9,180000,8992
CGTATCAT,0.9847338,0.9847338473590896,9,180000,8992
GGGATATC,0.9840638,0.9840638271554035,9,180000,8992
GATATCCC,0.9840638,0.9840638271554035,9,180000,8992
CGTATCAA,0.9825898,0.982589782707294,9,180000,8992
GATATCGT,0.9820228,0.9820228425349441,9,180000,8992
GATACCCT,0.98124975,0.9812497422999216,9,180000,8992
AGTATCAT,0.98043543,0.9804354100523647,9,180000,8992
GATACCTA,0.97972417,0.979724157836144,9,180000,8992
GATATCAT,0.9794561,0.9794561497546695,9,180000,8992
AGTATCAA,0.9781986,0.9781985733723663,9,180000,8992
GCGATATC,0.9771575,0.9771574650558693,9,180000,8992
GATATCGC,0.9771575,0.9771574650558693,9,180000,8992
TGTATCAT,0.97611636,0.9761163567393725,9,180000,8992
GATATCCT,0.9755082,0.9755081845544881,9,180000,8992
CGTATCAC,0.97516805,0.9751680204510782,9,180000,8992
GATATCAG,0.9750546,0.9750546324166083,9,180000,8992
CTGATATC,0.9750546,0.9750546324166083,9,180000,8992
GTTGATAC,0.9746835,0.9746835443037974,9,180000,8992
GATATCCG,0.9737352,0.9737352080155032,9,180000,8992
AAGATATC,0.9732095,0.9732094998556878,9,180000,8992
GATATCTT,0.9732095,0.9732094998556878,9,180000,8992
TATATATC,0.9730446,0.9730445718055498,9,180000,8992
GATATATA,0.9730446,0.9730445718055498,9,180000,8992
GATATCTA,0.9729827,0.9729827237867481,9,180000,8992
GATATATC,0.97251886,0.9725188636457345,9,180000,8992
GCTATCAT,0.9723333,0.9723333195893292,9,180000,8992
AATGATAT,0.9719107,0.9719106914608502,9,180000,8992
TGTATCAC,0.97146744,0.9714674473261039,9,180000,8992
GATACCTT,0.9706634,0.9706634230816805,9,180000,8992
CATATCAA,0.970045,0.9700449428936627,9,180000,8992
GATATGAT,0.97002435,0.9700243268873954,9,180000,8992
AGTATCAC,0.969478,0.9694780027213128,9,180000,8992
TATCAAAT,0.9692615,0.9692615346555065,9,180000,8992
GATATCTG,0.968272,0.9682719663546778,9,180000,8992
CAGATATC,0.968272,0.9682719663546778,9,180000,8992
GATACACC,0.9676947,0.9676947181791943,9,180000,8992
GGTGTATC,0.9676947,0.9676947181791943,9,180000,8992
GATATACC,0.9673236,0.9673236300663836,9,180000,8992
GGTATATC,0.9673236,0.9673236300663836,9,180000,8992
GATGATAT,0.967035,0.9670350059786418,9,180000,8992
AGTATCAG,0.9653548,0.9653548014678596,9,180000,8992
GATACCCG,0.96530324,0.9653032614521916,9,180000,8992
GAGATATC,0.96503526,0.9650352533707169,9,180000,8992
GATATCTC,0.96503526,0.9650352533707169,9,180000,8992
TGTATCAA,0.9631695,0.9631695048035296,9,180000,8992
GATATCCA,0.96232426,0.9623242485465716,9,180000,8992
GGTATCTA,0.962149,0.9621490124932999,9,180000,8992
TAGATACC,0.962149,0.9621490124932999,9,180000,8992
TATATCAC,0.9619738,0.961973776440028,9,180000,8992
GGTGTCAT,0.96127284,0.961272832226941,9,180000,8992
CATATCAG,0.9595514,0.9595513957036242,9,180000,8992
GATACCTG,0.9586752,0.9586752154372655,9,180000,8992
GGTATCGT,0.95775783,0.9577578031583722,9,180000,8992
CGGATCAT,0.9577166,0.9577165711458376,9,180000,8992
CATATCAC,0.9574898,0.9574897950768977,9,180000,8992
TATATCAT,0.9571909,0.9571908629860224,9,180000,8992
TATACCCC,0.9564074,0.9564074547478661,9,180000,8992
GGTGTCAA,0.9545623,0.9545623221869459,9,180000,8992
GATACCTC,0.9544386,0.9544386261493425,9,180000,8992
GGTATCGA,0.95415,0.9541500020616006,9,180000,8992
GGTATCAG,0.9533975,0.9533975178328454,9,180000,8992
GATCCCCC,0.95283055,0.9528305776604957,9,180000,8992
GATATCGG,0.95283055,0.9528305776604957,9,180000,8992
GATATGGG,0.9523461,0.9523461015132149,9,180000,8992
TATCACAC,0.9519956,0.9519956294066714,9,180000,8992
GGGATCAT,0.9514184,0.9514183812311879,9,180000,8992
ATGATCCC,0.9514184,0.9514183812311879,9,180000,8992
GGTATCGC,0.9493362,0.9493361645981941,9,180000,8992
TATATATA,0.9487692,0.9487692244258442,9,180000,8992
GGGATATA,0.94857335,0.9485733723663052,9,180000,8992
TATATCCC,0.94857335,0.9485733723663052,9,180000,8992
GATATGCC,0.9485527,0.9485527563600379,9,180000,8992
CCTATCAT,0.9467076,0.9467076237991177,9,180000,8992
GATACTAT,0.946151,0.9461509916299015,9,180000,8992
GATACCAT,0.9456356,0.9456355914732198,9,180000,8992
AATATCAC,0.94530576,0.9453057353729436,9,180000,8992
GATGATCC,0.9452439,0.9452438873541418,9,180000,8992
TATATCAG,0.94520265,0.9452026553416072,9,180000,8992
GATATGTA,0.94469756,0.9446975631880592,9,180000,8992
TACATATC,0.94469756,0.9446975631880592,9,180000,8992
GATACCCA,0.9444502,0.944450171112852,9,180000,8992
CATATCGT,0.94313073,0.9431307467117469,9,180000,8992
GGTATCGG,0.9428421,0.9428421226240052,9,180000,8992
TATATGAT,0.9412856,0.9412856141508267,9,180000,8992
TATATCGA,0.94096607,0.940966066053684,9,180000,8992
GATACTAC,0.9406156,0.9406155939471406,9,180000,8992
CGGATCAC,0.94041973,0.9404197418876016,9,180000,8992
TGTATCAG,0.9403888,0.9403888178782007,9,180000,8992
GGGATCAC,0.9401311,0.9401311177998598,9,180000,8992
GATATCGA,0.94004864,0.9400486537747907,9,180000,8992
AGGATCAC,0.9393477,0.9393477095617037,9,180000,8992
AGGATCAA,0.93816227,0.9381622892013359,9,180000,8992
GATATACT,0.9377706,0.937770585082258,9,180000,8992
GAGATATA,0.9376984,0.9376984290603225,9,180000,8992
TATATCTC,0.9376984,0.9376984290603225,9,180000,8992
TATCTCCC,0.93744075,0.9374407289819816,9,180000,8992
GATACGGT,0.935977,0.9359769925370057,9,180000,8992
GATACTCC,0.93565744,0.9356574444398631,9,180000,8992
AGTATCGA,0.9347503,0.9347503401641034,9,180000,8992
GCTATCAC,0.93396693,0.9339669319259473,9,180000,8992
TATATCAA,0.933668,0.933667999835072,9,180000,8992
AGTATCGT,0.9333588,0.933358759741063,9,180000,8992
GGTATTAT,0.9329258,0.9329258236094504,9,180000,8992
CATATATA,0.9319775,0.9319774873211562,9,180000,8992
TATATATG,0.9319775,0.9319774873211562,9,180000,8992
TATATCTA,0.93192595,0.931925947305488,9,180000,8992
GATATAAT,0.9310807,0.9310806910485301,9,180000,8992
ATTATATC,0.9310807,0.9310806910485301,9,180000,8992
GATACCGT,0.93062717,0.9306271389106502,9,180000,8992
TATATACC,0.9296994,0.9296994186286234,9,180000,8992
CCTATATC,0.92959636,0.929596338597287,9,180000,8992
GATATAGG,0.92959636,0.929596338597287,9,180000,8992
GATACGAT,0.9294726,0.9294726425596833,9,180000,8992
GATATGTC,0.9292562,0.9292561744938771,9,180000,8992
GACATATC,0.9292562,0.9292561744938771,9,180000,8992
GATACATC,0.92898816,0.9289881664124026,9,180000,8992
GATGTATC,0.92898816,0.9289881664124026,9,180000,8992
CGTATCAG,0.92832845,0.9283284542118501,9,180000,8992
TATATCGC,0.92818415,0.9281841421679792,9,180000,8992
GGTATCTT,0.92685443,0.9268544097637406,9,180000,8992
AAGATACC,0.92685443,0.9268544097637406,9,180000,8992
GATACTTC,0.9264318,0.9264317816352615,9,180000,8992
GCTATCAA,0.92576176,0.9257617614315755,9,180000,8992
GATACGTA,0.92548347,0.9254834453469675,9,180000,8992
CATATATC,0.9251948,0.9251948212592257,9,180000,8992
GATATATG,0.9251948,0.9251948212592257,9,180000,8992
GCTGATAC,0.92508143,0.9250814332247558,9,180000,8992
AGTATCGC,0.9248959,0.9248958891683503,9,180000,8992
GATATAGA,0.9246073,0.9246072650806086,9,180000,8992
TCTATATC,0.9246073,0.9246072650806086,9,180000,8992
GATATGTG,0.9244011,0.9244011050179359,9,180000,8992
GATATGGA,0.92398876,0.9239887848925906,9,180000,8992
TATCTATC,0.9238135,0.9238135488393188,9,180000,8992
GATAGATA,0.9238135,0.9238135488393188,9,180000,8992
TATCATAG,0.9232466,0.9232466086669691,9,180000,8992
AATATCAT,0.9232157,0.9232156846575681,9,180000,8992
TATAATAC,0.9227106,0.9227105925040202,9,180000,8992
TATCTGAT,0.92222613,0.9222261163567395,9,180000,8992
GATACCGG,0.92216426,0.9221642683379376,9,180000,8992
GATATAGT,0.92187566,0.921875644250196,9,180000,8992
ACTATCAT,0.9216901,0.9216901001937905,9,180000,8992
GATATGCT,0.92107165,0.9210716200057726,9,180000,8992
GATACCAG,0.9206593,0.9206592998804272,9,180000,8992
GGCGTATC,0.92045313,0.9204531398177546,9,180000,8992
GATACGCC,0.92045313,0.9204531398177546,9,180000,8992
CCTATCAC,0.92004085,0.9200408196924091,9,180000,8992
GCTATATC,0.9194223,0.9194223395043912,9,180000,8992
GATATAGC,0.9194223,0.9194223395043912,9,180000,8992
GATACTGA,0.9182266,0.9182266111408898,9,180000,8992
GATATGCG,0.91811323,0.9181132231064197,9,180000,8992
GATACCGC,0.9176391,0.9176390549622727,9,180000,8992
GATACCAC,0.91761845,0.9176184389560055,9,180000,8992
TATATCCG,0.91751534,0.9175153589246692,9,180000,8992
TAGATCAT,0.9150827,0.9150826701851317,9,180000,8992
GGTATTAA,0.9150208,0.91502082216633,9,180000,8992
GATCTGAT,0.91481465,0.9148146621036574,9,180000,8992
AGTATCGG,0.91453636,0.9145363460190493,9,180000,8992
GGGATCAA,0.9142271,0.9142271059250402,9,180000,8992
TATCACAG,0.9134437,0.9134436976868842,9,180000,8992
GGTGTCAC,0.9134334,0.9134333896837504,9,180000,8992
AGTATCTA,0.91172224,0.9117222611635674,9,180000,8992
TAGATACT,0.91172224,0.9117222611635674,9,180000,8992
GATATACA,0.91143364,0.9114336370758257,9,180000,8992
GATAATAC,0.91143364,0.9114336370758257,9,180000,8992
TGTATCGT,0.91115534,0.9111553209912175,9,180000,8992
CCTATCAA,0.9102379,0.9102379087123244,9,180000,8992
GATATATT,0.90914524,0.9091452603801592,9,180000,8992
AATATATC,0.90914524,0.9091452603801592,9,180000,8992
ACTATCAC,0.9081866,0.9081866160887313,9,180000,8992
ATTAATAC,0.9081866,0.9081866160887313,9,180000,8992
TATCTCAC,0.9081763,0.9081763080855977,9,180000,8992
TATCACAA,0.9077434,0.907743371953985,9,180000,8992
TATACCTA,0.9075063,0.9075062878819116,9,180000,8992
TATCAAAC,0.9073001,0.9073001278192389,9,180000,8992
CATATCGG,0.90720737,0.9072073557910362,9,180000,8992
GATACTTA,0.9067126,0.9067125716406219,9,180000,8992
GATACATT,0.90645486,0.906454871562281,9,180000,8992
AATGTATC,0.90645486,0.906454871562281,9,180000,8992
ACTATCAA,0.90591884,0.905918855399332,9,180000,8992
GGTATCTG,0.90591884,0.905918855399332,9,180000,8992
CAGATACC,0.90591884,0.905918855399332,9,180000,8992
GGTATCCA,0.90578485,0.9057848513585948,9,180000,8992
AATATCAA,0.90556836,0.9055683832927885,9,180000,8992
GATAGGAT,0.90536225,0.9053622232301158,9,180000,8992
GATAGCCG,0.9045067,0.9045066589700244,9,180000,8992
GATATGCA,0.9039294,0.9039294107945408,9,180000,8992
TATCTCTC,0.9031048,0.9031047705438503,9,180000,8992
TATATCCA,0.9024554,0.9024553663464314,9,180000,8992
ATGATCAC,0.90241414,0.902414134333897,9,180000,8992
GTGATCAT,0.90241414,0.902414134333897,9,180000,8992
GGTATAAT,0.9022595,0.9022595142868923,9,180000,8992
GATACTAA,0.9022286,0.9022285902774915,9,180000,8992
GATATGTT,0.9020018,0.9020018142085515,9,180000,8992
GATACGGC,0.90131116,0.9013111779985981,9,180000,8992
TATCTCAA,0.90065145,0.9006514657980456,9,180000,8992
GAGATACC,0.9001773,0.9001772976538985,9,180000,8992
GGTATCTC,0.9001773,0.9001772976538985,9,180000,8992
TATATCTT,0.899899,0.8998989815692905,9,180000,8992
TATATCCT,0.8994454,0.8994454294314106,9,180000,8992
GATACAGT,0.89874446,0.8987444852183236,9,180000,8992
TGGATCAA,0.8986105,0.8986104811775862,9,180000,8992
GATATTAA,0.8984146,0.8984146291180473,9,180000,8992
CAGATCAT,0.8980435,0.8980435410052365,9,180000,8992
CGTATTAT,0.8977549,0.8977549169174948,9,180000,8992
GATCACTG,0.8977343,0.8977343009112275,9,180000,8992
TATCCCTC,0.8976828,0.8976827608955593,9,180000,8992
GATACCAA,0.8976209,0.8976209128767576,9,180000,8992
CCGATCAC,0.8976209,0.8976209128767576,9,180000,8992
TGTATCTC,0.8964149,0.8964148765101225,9,180000,8992
TATATCGT,0.8963427,0.8963427204881871,9,180000,8992
AATATACC,0.89603347,0.896033480394178,9,180000,8992
CGTATCGT,0.89596134,0.8959613243722426,9,180000,8992
TGGATCAC,0.89574486,0.8957448563064363,9,180000,8992
CATATCCG,0.8956315,0.8956314682719664,9,180000,8992
GATACTGC,0.8951882,0.8951882241372201,9,180000,8992
GCTATCAG,0.895013,0.8950129880839484,9,180000,8992
GATAGCCT,0.89483774,0.8948377520306766,9,180000,8992
GATCCGAT,0.8946625,0.8946625159774049,9,180000,8992
GATATTAT,0.89419866,0.8941986558363915,9,180000,8992
CGTATCGC,0.8940234,0.8940234197831196,9,180000,8992
GATCATAC,0.8940234,0.8940234197831196,9,180000,8992
AGTATCTC,0.89242566,0.8924256792974065,9,180000,8992
GATCACAC,0.8910341,0.8910340988743661,9,180000,8992
GACACCCC,0.89068365,0.8906836267678225,9,180000,8992
CATGTATC,0.89008576,0.8900857625860719,9,180000,8992
CATATCCT,0.8899105,0.8899105265328,9,180000,8992
AATACCCC,0.8892508,0.8892508143322476,9,180000,8992
GATATTAG,0.8889519,0.8889518822413722,9,180000,8992
GATCACAT,0.88889,0.8888900342225705,9,180000,8992
GAGATCAT,0.8888076,0.8888075701975013,9,180000,8992
CATATCGC,0.88840556,0.8884055580752898,9,180000,8992
AATATATA,0.88766336,0.8876633818496681,9,180000,8992
GATATTAC,0.8874881,0.8874881457963963,9,180000,8992
TGGATCAT,0.8873954,0.8873953737681937,9,180000,8992
CATATCGA,0.88708615,0.8870861336741847,9,180000,8992
TATGACAC,0.8869212,0.8869212056240465,9,180000,8992
GATATGGT,0.8862821,0.8862821094297613,9,180000,8992
TATACCAA,0.88502455,0.8850245330474581,9,180000,8992
GGTATCCT,0.88451946,0.8845194408939101,9,180000,8992
CGGATCCA,0.8839319,0.883931884715293,9,180000,8992
GGGATCAG,0.8838906,0.8838906527027585,9,180000,8992
GATACAGC,0.8837876,0.8837875726714222,9,180000,8992
GCTGTATC,0.8837876,0.8837875726714222,9,180000,8992
CGTATCTC,0.88349897,0.8834989485836804,9,180000,8992
GAGATACG,0.88349897,0.8834989485836804,9,180000,8992
GGCGATAC,0.8827155,0.8827155403455242,9,180000,8992
TATCGAAA,0.88258153,0.882581536304787,9,180000,8992
GAGATCAA,0.88193214,0.8819321321073682,9,180000,8992
TATACCTC,0.8818188,0.8818187440728982,9,180000,8992
CCTATCGT,0.8817775,0.8817775120603636,9,180000,8992
CATATCTA,0.8813858,0.8813858079412856,9,180000,8992
AATAATAC,0.88075703,0.880757019750134,9,180000,8992
TGTATCGC,0.88032407,0.8803240836185214,9,180000,8992
CCTATCAG,0.8798602,0.8798602234775079,9,180000,8992
TGTATCCG,0.87966436,0.8796643714179689,9,180000,8992
CAGATCAC,0.8790459,0.8790458912299509,9,180000,8992
GTGATCTG,0.8790459,0.8790458912299509,9,180000,8992
GCTATATA,0.878881,0.8788809631798128,9,180000,8992
TATATAGC,0.878881,0.8788809631798128,9,180000,8992
AATAGATC,0.87876755,0.8787675751453429,9,180000,8992
TGGATCAG,0.87856144,0.8785614150826702,9,180000,8992
TGTATCGA,0.87649983,0.8764998144559436,9,180000,8992
GATACGTC,0.8763864,0.8763864264214737,9,180000,8992
TATATTAT,0.87617,0.8761699583556674,9,180000,8992
TATACCAT,0.87605655,0.8760565703211973,9,180000,8992
GATACAAG,0.8760359,0.8760359543149302,9,180000,8992
GAGATGAT,0.8755205,0.8755205541582485,9,180000,8992
GATCAAAA,0.87549996,0.8754999381519812,9,180000,8992
TATATCGG,0.8754381,0.8754380901331794,9,180000,8992
TAGATCAG,0.87533504,0.8753350101018431,9,180000,8992
GGTATGAT,0.8750567,0.8750566940172351,9,180000,8992
TATCTTCC,0.8750051,0.8750051540015668,9,180000,8992
AAGATCAA,0.8749536,0.8749536139858988,9,180000,8992
GGTATACC,0.874933,0.8749329979796313,9,180000,8992
GATCTCCT,0.8733971,0.87339710551272,9,180000,8992
GATCACTA,0.8728611,0.8728610893497711,9,180000,8992
GATCACCT,0.87269616,0.872696161299633,9,180000,8992
GGTATACT,0.8726343,0.8726343132808312,9,180000,8992
GATATTGG,0.87249,0.8724900012369603,9,180000,8992
CATATCTT,0.87246937,0.8724693852306932,9,180000,8992
TAGATCAA,0.87239724,0.8723972292087577,9,180000,8992
TTGATCTA,0.87239724,0.8723972292087577,9,180000,8992
GATACGAC,0.87178904,0.8717890570238733,9,180000,8992
TACATGAT,0.87128395,0.8712839648703254,9,180000,8992
TATCTAAT,0.87122214,0.8712221168515235,9,180000,8992
AATATCTA,0.87112933,0.8711293448233208,9,180000,8992
GATATTCC,0.87100565,0.8710056487857173,9,180000,8992
GATTATAC,0.8709438,0.8709438007669155,9,180000,8992
GATATGAC,0.8708098,0.8708097967261782,9,180000,8992
GTCATATC,0.8708098,0.8708097967261782,9,180000,8992
TATATTGA,0.8704387,0.8704387086133675,9,180000,8992
GATATACG,0.8703872,0.8703871685976993,9,180000,8992
TATATAAT,0.8700882,0.8700882365068239,9,180000,8992
TATAAGAT,0.8694388,0.869438832309405,9,180000,8992
GATACGCT,0.8690368,0.8690368201871933,9,180000,8992
GGTATCCG,0.86886156,0.8688615841339216,9,180000,8992
GGTATCCC,0.8685008,0.8685008040242445,9,180000,8992
CTGATCAT,0.8684905,0.8684904960211108,9,180000,8992
TATATAAG,0.8680885,0.868088483898899,9,180000,8992
CTTATATA,0.8680885,0.868088483898899,9,180000,8992
GATCTTAC,0.868006,0.8680060198738301,9,180000,8992
GATATAAC,0.8678823,0.8678823238362264,9,180000,8992
GTTATATC,0.8678823,0.8678823238362264,9,180000,8992
GATCCCTA,0.867872,0.8678720158330928,9,180000,8992
GATATAAG,0.8678617,0.8678617078299593,9,180000,8992
GATAGCTT,0.8674597,0.8674596957077475,9,180000,8992
AATATCCG,0.8674288,0.8674287716983466,9,180000,8992
GATCATAG,0.8673463,0.8673463076732776,9,180000,8992
GGTATAAA,0.8669855,0.8669855275636005,9,180000,8992
GATACAAC,0.86548054,0.86548055910609,9,180000,8992
TATAGATC,0.86542904,0.8654290190904217,9,180000,8992
TATACCTT,0.8653672,0.86536717107162,9,180000,8992
CACATGAT,0.86468685,0.8646868428648002,9,180000,8992
GCGATCGC,0.86459404,0.8645940708365975,9,180000,8992
GATAATAT,0.8641405,0.8641405186987177,9,180000,8992
GATAGTAG,0.86342925,0.863429266482497,9,180000,8992
CATATCCC,0.8628932,0.8628932503195481,9,180000,8992
TATCCGAA,0.8601204,0.8601203974766007,9,180000,8992
GATCCTCT,0.86005855,0.860058549457799,9,180000,8992
GATCCCTC,0.8593576,0.8593576052447119,9,180000,8992
TATAATAT,0.8591514,0.8591514451820393,9,180000,8992
GATTGATC,0.8586257,0.8586257370222241,9,180000,8992
AAGATCAT,0.8583268,0.8583268049313487,9,180000,8992
GATACAAT,0.85828555,0.8582855729188142,9,180000,8992
TATGTGAT,0.8582753,0.8582752649156805,9,180000,8992
ATTATCTC,0.8578423,0.857842328784068,9,180000,8992
GAGATAAT,0.8578423,0.857842328784068,9,180000,8992
TATCGCAT,0.85777014,0.8577701727621325,9,180000,8992
TATCTTTA,0.8577599,0.8577598647589989,9,180000,8992
GATCCGGA,0.8571826,0.8571826165835154,9,180000,8992
GATCCGAA,0.85682184,0.8568218364738384,9,180000,8992
GATATTCT,0.8561209,0.8561208922607513,9,180000,8992
GACACCAT,0.8560075,0.8560075042262814,9,180000,8992
TATATGAG,0.8557704,0.8557704201542078,9,180000,8992
GATATTGA,0.8557086,0.855708572135406,9,180000,8992
TATACAAT,0.8555952,0.855595184100936,9,180000,8992
GATATTGT,0.8552344,0.8552344039912588,9,180000,8992
GATACTAG,0.85448194,0.8544819197625036,9,180000,8992
TATATTAA,0.8543582,0.8543582237249,9,180000,8992
TATCCAAT,0.8540696,0.8540695996371583,9,180000,8992
GATCTTCA,0.8538634,0.8538634395744855,9,180000,8992
GATCCTGC,0.8535542,0.8535541994804766,9,180000,8992
GATAGGGC,0.85351294,0.853512967467942,9,180000,8992
CGGATAAC,0.8534305,0.8534305034428731,9,180000,8992
GTTATCCG,0.8534305,0.8534305034428731,9,180000,8992
GAGACGAT,0.85316247,0.8531624953613987,9,180000,8992
GCCATATC,0.85311097,0.8531109553457304,9,180000,8992
GATATGGC,0.85311097,0.8531109553457304,9,180000,8992
AATATCGT,0.8530388,0.853038799323795,9,180000,8992
TATCTAAC,0.8530388,0.853038799323795,9,180000,8992
GATACCGA,0.8527708,0.8527707912423205,9,180000,8992
TATCTCTA,0.85271925,0.8527192512266524,9,180000,8992
GATCTATC,0.85242033,0.8524203191357771,9,180000,8992
GATAGATC,0.85242033,0.8524203191357771,9,180000,8992
TATACTAG,0.85233784,0.8523378551107079,9,180000,8992
GGGATAAC,0.85197705,0.8519770750010307,9,180000,8992
GTTATCCC,0.85197705,0.8519770750010307,9,180000,8992
TGTATCCC,0.85094625,0.8509462746876676,9,180000,8992
AGTATCTG,0.8504206,0.8504205665278523,9,180000,8992
GATAGGCA,0.84993607,0.8499360903805715,9,180000,8992
GATCTCTG,0.8498227,0.8498227023461016,9,180000,8992
CAGAGATC,0.8498227,0.8498227023461016,9,180000,8992
TATATTAC,0.84912175,0.8491217581330145,9,180000,8992
GATCTGGG,0.8490187,0.8490186781016782,9,180000,8992
TATCGTCC,0.8490084,0.8490083700985445,9,180000,8992
AATACCTC,0.848627,0.8486269739826,9,180000,8992
TATATTAG,0.8484105,0.8484105059167938,9,180000,8992
GATAATAG,0.84831774,0.8483177338885911,9,180000,8992
TATCTTAC,0.8480394,0.8480394178039831,9,180000,8992
TAGATCAC,0.84771985,0.8477198697068403,9,180000,8992
GTGATCAC,0.84707046,0.8470704655094216,9,180000,8992
CATAGTAT,0.8465963,0.8465962973652743,9,180000,8992
TATATAAA,0.84619427,0.8461942852430627,9,180000,8992
CATATCTC,0.84614277,0.8461427452273945,9,180000,8992
TATATGGT,0.84590566,0.845905661155321,9,180000,8992
GATCCTTC,0.845782,0.8457819651177175,9,180000,8992
ACTATCAG,0.8445347,0.8445346967385478,9,180000,8992
CGTATCTT,0.8441842,0.8441842246320044,9,180000,8992
AGTGTCAA,0.8441842,0.8441842246320044,9,180000,8992
GATCGCCC,0.84398836,0.8439883725724653,9,180000,8992
GAGATCTC,0.84360695,0.8436069764565208,9,180000,8992
GATAGTTC,0.84348327,0.8434832804189173,9,180000,8992
GATACGAG,0.8430194,0.8430194202779039,9,180000,8992
AATATCCA,0.84259677,0.8425967921494248,9,180000,8992
CAGATCAG,0.8421845,0.8421844720240795,9,180000,8992
GATATTTA,0.84185463,0.8418546159238033,9,180000,8992
GGTATTAC,0.8416175,0.8416175318517297,9,180000,8992
GTAATACC,0.8416175,0.8416175318517297,9,180000,8992
ACTATCTC,0.8415763,0.8415762998391951,9,180000,8992
GAGATCAC,0.84103,0.8410299756731127,9,180000,8992
GTGATCTC,0.84103,0.8410299756731127,9,180000,8992
CATGACAC,0.84085476,0.8408547396198409,9,180000,8992
GTTGACAC,0.8399373,0.8399373273409475,9,180000,8992
GATAAGAT,0.83958685,0.839586855234404,9,180000,8992
GGTGTTAT,0.8392673,0.8392673071372614,9,180000,8992
GATCACTC,0.83906114,0.8390611470745887,9,180000,8992
TATCGCAC,0.83864886,0.8386488269492435,9,180000,8992
TATCCGCC,0.83864886,0.8386488269492435,9,180000,8992
ACTATCGA,0.8383499,0.8383498948583681,9,180000,8992
TATCCAAC,0.8382365,0.838236506823898,9,180000,8992
GATCAGAC,0.8382159,0.8382158908176308,9,180000,8992
TATAGCTA,0.8381643,0.8381643508019627,9,180000,8992
GATCCCAT,0.837917,0.8379169587267555,9,180000,8992
CATATCCA,0.8377211,0.8377211066672164,9,180000,8992
GATCATAA,0.836412,0.8364119902692451,9,180000,8992
CTGATCAG,0.83584505,0.8358450500968952,9,180000,8992
TATACTCC,0.83510286,0.8351028738712736,9,180000,8992
TGTATCTA,0.8346906,0.8346905537459284,9,180000,8992
GATCCGAC,0.8344844,0.8344843936832557,9,180000,8992
AGTATCCC,0.83437103,0.8343710056487856,9,180000,8992
TATATTCA,0.8343195,0.8343194656331177,9,180000,8992
TATCCCAC,0.83377314,0.8337731414670351,9,180000,8992
GATCACCG,0.8334536,0.8334535933698924,9,180000,8992
TATACCGA,0.8333299,0.8333298973322888,9,180000,8992
AATATCCC,0.83305156,0.8330515812476808,9,180000,8992
AAGATCAC,0.8327939,0.83279388116934,9,180000,8992
GCTGATCC,0.83253616,0.8325361810909991,9,180000,8992
CATATCTG,0.8324434,0.8324434090627963,9,180000,8992
GGTATAAC,0.8321548,0.8321547849750547,9,180000,8992
GATATTCA,0.8319383,0.8319383169092484,9,180000,8992
GATAGCGT,0.8316806,0.8316806168309074,9,180000,8992
TATCTCCG,0.83166,0.8316600008246403,9,180000,8992
AGTAGTAT,0.8315466,0.8315466127901703,9,180000,8992
AATATCTC,0.83151567,0.8315156887807694,9,180000,8992
GATAGCGG,0.8314229,0.8314229167525667,9,180000,8992
ATTATCCC,0.8310518,0.8310518286397559,9,180000,8992
AGTGTCAT,0.83078384,0.8307838205582815,9,180000,8992
GTTAATAC,0.83046424,0.8304642724611389,9,180000,8992
TAAATGAT,0.8298561,0.8298561002762544,9,180000,8992
GGTAATAT,0.8296293,0.8296293242073146,9,180000,8992
TATCTGGA,0.8295881,0.82958809219478,9,180000,8992
TGTATCCT,0.8291345,0.8291345400569001,9,180000,8992
GATAATAA,0.8290727,0.8290726920380984,9,180000,8992
GGTGTGAT,0.82878405,0.8287840679503566,9,180000,8992
CATATAGA,0.8284027,0.8284026718344122,9,180000,8992
ACTATCTA,0.82800066,0.8280006597122005,9,180000,8992
TATATGCC,0.82790786,0.8279078876839978,9,180000,8992
GATCACGT,0.8278667,0.8278666556714633,9,180000,8992
TATTTAAA,0.8275883,0.8275883395868553,9,180000,8992
AGTATTAA,0.8267946,0.8267946233455655,9,180000,8992
ATTAACAC,0.8266297,0.8266296952954274,9,180000,8992
CGTATCCA,0.82619673,0.8261967591638147,9,180000,8992
GATATGAG,0.82616585,0.8261658351544139,9,180000,8992
GATAGTTA,0.8253103,0.8253102708943223,9,180000,8992
TCTAATAC,0.82528967,0.8252896548880551,9,180000,8992
AATATCTT,0.82527936,0.8252793468849214,9,180000,8992
GATCTCCC,0.82518655,0.8251865748567188,9,180000,8992
CATCTGAT,0.8244444,0.8244443986310972,9,180000,8992
GGGATAAG,0.8243207,0.8243207025934937,9,180000,8992
CTTATCCC,0.8243207,0.8243207025934937,9,180000,8992
GATAGGAC,0.82425886,0.8242588545746918,9,180000,8992
GATCTCTT,0.8239908,0.8239908464932173,9,180000,8992
GATCAGTC,0.82387745,0.8238774584587474,9,180000,8992
AGTATAAT,0.82385683,0.82385684245248,9,180000,8992
GATCTCCG,0.82357854,0.823578526367872,9,180000,8992
GCGATCAC,0.8235476,0.8235476023584711,9,180000,8992
GTGATCGC,0.8235476,0.8235476023584711,9,180000,8992
ACTATCGC,0.82322806,0.8232280542613285,9,180000,8992
GGTATTCA,0.82270235,0.8227023461015132,9,180000,8992
AAGATCAG,0.8223828,0.8223827980043706,9,180000,8992
GATCTATG,0.8221354,0.8221354059291635,9,180000,8992
CATAGATC,0.8221354,0.8221354059291635,9,180000,8992
GATCCCAC,0.82159936,0.8215993897662145,9,180000,8992
AGTATAAG,0.82138294,0.8213829217004082,9,180000,8992
GATCTCAT,0.8210943,0.8210942976126664,9,180000,8992
GATATTGC,0.82108396,0.8210839896095329,9,180000,8992
GATCACAG,0.8210737,0.8210736816063993,9,180000,8992
GATGACAC,0.8210531,0.8210530656001319,9,180000,8992
GATATAAA,0.82087785,0.8208778295468602,9,180000,8992
GACACCAC,0.82040364,0.820403661402713,9,180000,8992
TATATAAC,0.82013565,0.8201356533212387,9,180000,8992
GTTATATA,0.82013565,0.8201356533212387,9,180000,8992
GATAGCAA,0.8199604,0.8199604172679669,9,180000,8992
GATAGCCA,0.81989855,0.819898569249165,9,180000,8992
TATACCAC,0.81988823,0.8198882612460314,9,180000,8992
GATAGCTG,0.8196718,0.8196717931802251,9,180000,8992
AATATCGG,0.8192904,0.8192903970642808,9,180000,8992
AATATCGC,0.81922853,0.819228549045479,9,180000,8992
TGTATACG,0.81885743,0.8188574609326681,9,180000,8992
GATAATCC,0.81851727,0.8185172968292582,9,180000,8992
GATAACAG,0.8184245,0.8184245248010557,9,180000,8992
GACAGATA,0.8179091,0.8179091246443739,9,180000,8992
TATCTGTC,0.8179091,0.8179091246443739,9,180000,8992
ACTATCCT,0.8173525,0.8173524924751576,9,180000,8992
ATTATCCT,0.8173113,0.8173112604626231,9,180000,8992
GGGGTTAT,0.8172597,0.817259720446955,9,180000,8992
GATATTCG,0.81690925,0.8169092483404115,9,180000,8992
AATATCCT,0.81690925,0.8169092483404115,9,180000,8992
GATCTGTA,0.81688863,0.8168886323341443,9,180000,8992
GAGAGTAT,0.8167237,0.816723704284006,9,180000,8992
GACCTATC,0.81668246,0.8166824722714716,9,180000,8992
GATAGGTC,0.81668246,0.8166824722714716,9,180000,8992
ATTATCAA,0.8164248,0.8164247721931308,9,180000,8992
GGGATCCT,0.8163732,0.8163732321774626,9,180000,8992
TGTATCCA,0.81610525,0.8161052240959881,9,180000,8992
GATCACGC,0.8160743,0.8160743000865872,9,180000,8992
AATGACAC,0.8159197,0.8159196800395828,9,180000,8992
CATTATAC,0.8158372,0.8158372160145138,9,180000,8992
ATCATCCC,0.8157032,0.8157032119737765,9,180000,8992
GGGATCGC,0.8156723,0.8156722879643755,9,180000,8992
GCGATCCC,0.8156723,0.8156722879643755,9,180000,8992
CCTATCGG,0.8153218,0.815321815857832,9,180000,8992
GGTGTCTT,0.81471366,0.8147136436729477,9,180000,8992
GCTATCGA,0.8144353,0.8144353275883396,9,180000,8992
TATATCTG,0.81441474,0.8144147115820723,9,180000,8992
GATAGGTT,0.8143735,0.8143734795695379,9,180000,8992
GATAGCAG,0.81424975,0.8142497835319341,9,180000,8992
GCTATCGG,0.8141673,0.8141673195068652,9,180000,8992
GATCCAAG,0.8139199,0.813919927431658,9,180000,8992
GATGTATA,0.81307465,0.8130746711747001,9,180000,8992
TATCTCAG,0.81292003,0.8129200511276955,9,180000,8992
GATACGAA,0.81286854,0.8128685111120274,9,180000,8992
GATCTACC,0.81279635,0.812796355090092,9,180000,8992
GGTAGATC,0.81279635,0.812796355090092,9,180000,8992
GATAGTCC,0.81279635,0.812796355090092,9,180000,8992
GGTATAGT,0.8123428,0.8123428029522122,9,180000,8992
GATAGGCT,0.81206447,0.8120644868676041,9,180000,8992
GATATTTT,0.81200266,0.8120026388488022,9,180000,8992
GCTATCCG,0.81198204,0.811982022842535,9,180000,8992
GGTATACA,0.81184804,0.8118480188017977,9,180000,8992
GTATACAC,0.81184804,0.8118480188017977,9,180000,8992
TGTATACC,0.81184804,0.8118480188017977,9,180000,8992
AAGATCCC,0.8117862,0.811786170782996,9,180000,8992
GGTGTAAT,0.81154907,0.8115490867109224,9,180000,8992
GACACCAG,0.81147695,0.811476930688987,9,180000,8992
GCTATCGT,0.8114151,0.811415082670185,9,180000,8992
TATACCCG,0.8106935,0.8106935224508308,9,180000,8992
TATACTAC,0.81059045,0.8105904424194945,9,180000,8992
GAGATCCC,0.81049764,0.8104976703912918,9,180000,8992
GGGATCTC,0.81049764,0.8104976703912918,9,180000,8992
GGTATAAG,0.8102503,0.8102502783160846,9,180000,8992
CTTATACC,0.8102503,0.8102502783160846,9,180000,8992
GATCCGAG,0.8098792,0.8098791902032738,9,180000,8992
GATACAAA,0.80852884,0.808528841792768,9,180000,8992
CCTATCTA,0.80779696,0.80779697357028,9,180000,8992
GATCTTCC,0.80772483,0.8077248175483446,9,180000,8992
TATATGTT,0.8075599,0.8075598894982065,9,180000,8992
GACACCAA,0.80742586,0.8074258854574692,9,180000,8992
TATTACCC,0.8071991,0.8071991093885292,9,180000,8992
GATATTTG,0.8070342,0.8070341813383912,9,180000,8992
CAAATATC,0.8070342,0.8070341813383912,9,180000,8992
CATAATAT,0.8067971,0.8067970972663175,9,180000,8992
AGTATTAG,0.8066631,0.8066630932255803,9,180000,8992
TACAATAC,0.80662185,0.8066218612130458,9,180000,8992
CATATACG,0.806426,0.8064260091535068,9,180000,8992
TTGATCAC,0.80633324,0.8063332371253041,9,180000,8992
GTGATCAA,0.80633324,0.8063332371253041,9,180000,8992
AGTATGAT,0.8060755,0.8060755370469632,9,180000,8992
GTATTCAT,0.80598277,0.8059827650187606,9,180000,8992
CCTATACC,0.8058591,0.8058590689811569,9,180000,8992
GATCGCTC,0.80553955,0.8055395208840144,9,180000,8992
TAGATCGG,0.8049932,0.8049931967179318,9,180000,8992
ACTATCCC,0.80454993,0.8045499525831856,9,180000,8992
TATAACAA,0.8032305,0.8032305281820805,9,180000,8992
GAGATCAG,0.8026327,0.80263266400033,9,180000,8992
AAGATCTC,0.8021791,0.8021791118624501,9,180000,8992
GAGATCTT,0.8021791,0.8021791118624501,9,180000,8992
AATCTGAT,0.8021688,0.8021688038593164,9,180000,8992
GATAATGA,0.80208635,0.8020863398342473,9,180000,8992
TACACCCC,0.8018183,0.8018183317527728,9,180000,8992
GATCTCGT,0.8017771,0.8017770997402383,9,180000,8992
GCGATCAT,0.8015297,0.8015297076650311,9,180000,8992
ATGATCGC,0.8015297,0.8015297076650311,9,180000,8992
GATCGCGA,0.80119985,0.8011998515647549,9,180000,8992
GATCTTAT,0.8011277,0.8011276955428195,9,180000,8992
AGTAAGAT,0.8010865,0.8010864635302849,9,180000,8992
TATCCCGC,0.8009421,0.800942151486414,9,180000,8992
GATAGCAC,0.8007875,0.8007875314394096,9,180000,8992
GAGATCCT,0.8007463,0.8007462994268751,9,180000,8992
GATCGTAA,0.8007257,0.8007256834206077,9,180000,8992
TCTATCCC,0.80031335,0.8003133632952625,9,180000,8992
CAGATCAA,0.80002475,0.8000247392075207,9,180000,8992
TATACGCA,0.79987013,0.7998701191605163,9,180000,8992
GTGATGAT,0.7995918,0.7995918030759082,9,180000,8992
ATCATCAC,0.7995918,0.7995918030759082,9,180000,8992
TACATTAT,0.799097,0.7990970189254938,9,180000,8992
ATTATTCA,0.79877746,0.7987774708283512,9,180000,8992
CCTATCGC,0.7986022,0.7986022347750794,9,180000,8992
GCGATAGG,0.7986022,0.7986022347750794,9,180000,8992
CATATTAA,0.79717976,0.7971797303426381,9,180000,8992
TATATTTC,0.797056,0.7970560343050344,9,180000,8992
GATCTCTC,0.7970251,0.7970251102956335,9,180000,8992
TATATGAC,0.79613864,0.796138622026141,9,180000,8992
CATACCCC,0.7957985,0.7957984579227312,9,180000,8992
CCTATCTC,0.7956541,0.7956541458788604,9,180000,8992
CGTATAAA,0.7956026,0.7956026058631922,9,180000,8992
TATATGTG,0.79515934,0.7951593617284459,9,180000,8992
GGGATAAA,0.79511815,0.7951181297159114,9,180000,8992
TTTATCCC,0.79511815,0.7951181297159114,9,180000,8992
AATATAAT,0.7950872,0.7950872057065106,9,180000,8992
AATATAAG,0.79461306,0.7946130375623633,9,180000,8992
TATATAGG,0.79461306,0.7946130375623633,9,180000,8992
ATCATCAT,0.79407704,0.7940770213994145,9,180000,8992
AATATTAA,0.7936544,0.7936543932709357,9,180000,8992
TATCTCAT,0.7936028,0.7936028532552674,9,180000,8992
TACCTTAT,0.79357195,0.7935719292458665,9,180000,8992
GGAATCAT,0.7932936,0.7932936131612585,9,180000,8992
GATAGCCC,0.7924174,0.7924174328948996,9,180000,8992
GATAGGAG,0.79231435,0.7923143528635632,9,180000,8992
GATCTTTA,0.792201,0.7922009648290933,9,180000,8992
GTTATGAT,0.79201543,0.7920154207726879,9,180000,8992
GATAGCTC,0.7918505,0.7918504927225497,9,180000,8992
GAGCTATC,0.7918505,0.7918504927225497,9,180000,8992
GATCGGGC,0.7908197,0.7908196924091866,9,180000,8992
TAACACCC,0.7907475,0.7907475363872511,9,180000,8992
GATCTGTT,0.7906754,0.7906753803653157,9,180000,8992
CTGATCAC,0.7905105,0.7905104523151776,9,180000,8992
GTGATCAG,0.7905105,0.7905104523151776,9,180000,8992
TATAGTAG,0.790294,0.7902939842493713,9,180000,8992
CATATGAT,0.78987134,0.7898713561208923,9,180000,8992
TATATTCC,0.78973734,0.789737352080155,9,180000,8992
CTTATGAT,0.7894384,0.7894384199892797,9,180000,8992
AAAATGAT,0.78909826,0.7890982558858698,9,180000,8992
TATCTCGC,0.7888921,0.7888920958231972,9,180000,8992
GATGAGAT,0.78872716,0.7887271677730591,9,180000,8992
GATCCCCA,0.788655,0.7886550117511236,9,180000,8992
ATGATCAA,0.7884592,0.7884591596915844,9,180000,8992
TATACTTC,0.7880262,0.788026223559972,9,180000,8992
CGTATTAA,0.7877994,0.787799447491032,9,180000,8992
GATAGCTA,0.7874387,0.7874386673813549,9,180000,8992
CATATTAT,0.78739744,0.7873974353688205,9,180000,8992
CCTATCCC,0.7873768,0.787376819362553,9,180000,8992
CCTATCCT,0.7873459,0.7873458953531521,9,180000,8992
GATCTAAT,0.78689235,0.7868923432152723,9,180000,8992
TGTATAAC,0.78680986,0.7868098791902033,9,180000,8992
AAGATCTT,0.7867789,0.7867789551808024,9,180000,8992
GTTATTAT,0.78636664,0.786366635055457,9,180000,8992
ATAATAAC,0.78636664,0.786366635055457,9,180000,8992
GATCTCCA,0.78636664,0.786366635055457,9,180000,8992
GATAGTGA,0.78601617,0.7860161629489135,9,180000,8992
TATACCGC,0.7858203,0.7858203108893745,9,180000,8992
GGTATTAG,0.7856038,0.7856038428235682,9,180000,8992
GATATGAA,0.78504723,0.785047210654352,9,180000,8992
GATCTGCT,0.7849441,0.7849441306230157,9,180000,8992
TCTATAAT,0.7849235,0.7849235146167485,9,180000,8992
AATACCGC,0.7848926,0.7848925906073476,9,180000,8992
TATATGTA,0.784872,0.7848719746010803,9,180000,8992
TATCTGAG,0.78483075,0.7848307425885457,9,180000,8992
GATAATCT,0.78472763,0.7847276625572094,9,180000,8992
CATATACC,0.78455245,0.7845524265039376,9,180000,8992
GATCTGAG,0.7839958,0.7839957943347214,9,180000,8992
GATTAGAT,0.78395456,0.7839545623221869,9,180000,8992
AGTATTGG,0.78366596,0.7836659382344452,9,180000,8992
GATAGTAC,0.78314024,0.78314023007463,9,180000,8992
GATCTCAG,0.7830887,0.7830886900589618,9,180000,8992
GATCTTTT,0.78306806,0.7830680740526946,9,180000,8992
GATCTAAG,0.78292376,0.7829237620088237,9,180000,8992
TACTTGAT,0.7828516,0.7828516059868883,9,180000,8992
GATCGTCT,0.7827382,0.7827382179524183,9,180000,8992
GGTATTGG,0.78254235,0.7825423658928793,9,180000,8992
AGTATTAC,0.78250116,0.7825011338803447,9,180000,8992
TATTACAC,0.78224343,0.7822434338020038,9,180000,8992
GCTGTGAT,0.7820888,0.7820888137549995,9,180000,8992
GAGATCGA,0.78203726,0.7820372737393312,9,180000,8992
GCTATAAT,0.7819136,0.7819135777017276,9,180000,8992
CATATAAT,0.7818105,0.7818104976703913,9,180000,8992
AATATCAG,0.7816868,0.7816868016327877,9,180000,8992
TATTTTAG,0.7816353,0.7816352616171196,9,180000,8992
CCTATCTT,0.7814394,0.7814394095575804,9,180000,8992
GGGATCCC,0.78098583,0.7809858574197006,9,180000,8992
AGTATAGA,0.7797592,0.7797592050467984,9,180000,8992
TAGATCCT,0.77967674,0.7796767410217293,9,180000,8992
TATATGGA,0.7792335,0.7792334968869831,9,180000,8992
AAAAGGAT,0.7787593,0.7787593287428359,9,180000,8992
AATACACC,0.7783573,0.7783573166206242,9,180000,8992
GCGATCAA,0.77828515,0.7782851605986888,9,180000,8992
TTGATCGC,0.77828515,0.7782851605986888,9,180000,8992
TTTATCCT,0.7782645,0.7782645445924216,9,180000,8992
TATCTGAA,0.77815115,0.7781511565579516,9,180000,8992
TATTTATC,0.77815115,0.7781511565579516,9,180000,8992
CATATACA,0.7780275,0.778027460520348,9,180000,8992
TATTACTC,0.7779656,0.7779656125015463,9,180000,8992
TGTAATAC,0.7775327,0.7775326763699336,9,180000,8992
CTCAATAC,0.7775327,0.7775326763699336,9,180000,8992
ATTATCAC,0.7768627,0.7768626561662474,9,180000,8992
GATGTGAT,0.77659464,0.7765946480847731,9,180000,8992
GATAACCC,0.7763988,0.776398796025234,9,180000,8992
GAGATCTA,0.77530617,0.7753061476930689,9,180000,8992
TAGATCTC,0.77530617,0.7753061476930689,9,180000,8992
GCTATCTT,0.7751824,0.7751824516554653,9,180000,8992
GATCCCGG,0.77507937,0.7750793716241289,9,180000,8992
GGTAATAC,0.7748732,0.7748732115614563,9,180000,8992
CATATTTA,0.7739867,0.7739867232919638,9,180000,8992
AATACCAC,0.7733373,0.773337319094545,9,180000,8992
TAGATAAA,0.7730487,0.7730486950068033,9,180000,8992
TTTATCTA,0.7730487,0.7730486950068033,9,180000,8992
GATCTAAA,0.772925,0.7729249989691998,9,180000,8992
ATTATCTT,0.77270854,0.7727085309033933,9,180000,8992
AAGATAAT,0.77270854,0.7727085309033933,9,180000,8992
GATCCCAG,0.7726879,0.7726879148971262,9,180000,8992
TATATGTC,0.7720385,0.7720385106997072,9,180000,8992
GACATATA,0.7720385,0.7720385106997072,9,180000,8992
TACATCTT,0.77182204,0.771822042633901,9,180000,8992
TATATTGG,0.7717396,0.7717395786088319,9,180000,8992
AATATGAT,0.771585,0.7715849585618273,9,180000,8992
GACACCTC,0.7715025,0.7715024945367585,9,180000,8992
GATTACAT,0.7708428,0.7708427823362058,9,180000,8992
GATCCTAC,0.7706263,0.7706263142703996,9,180000,8992
TAGATCGC,0.7702655,0.7702655341607224,9,180000,8992
TTTATCTC,0.7701728,0.7701727621325197,9,180000,8992
GAGATAAA,0.7701728,0.7701727621325197,9,180000,8992
CTTATCAA,0.7697192,0.7697192099946399,9,180000,8992
TAGATCTT,0.76963675,0.7696367459695708,9,180000,8992
AAGATCTA,0.76963675,0.7696367459695708,9,180000,8992
AATATCTG,0.76935846,0.7693584298849627,9,180000,8992
GATATTTC,0.7691626,0.7691625778254237,9,180000,8992
GAAATATC,0.7691626,0.7691625778254237,9,180000,8992
GATAGCAT,0.769008,0.7690079577784191,9,180000,8992
TATTTCAA,0.769008,0.7690079577784191,9,180000,8992
GCTATCCT,0.76899767,0.7689976497752855,9,180000,8992
AATATTAT,0.7687812,0.7687811817094792,9,180000,8992
GCTATCTA,0.76846164,0.7684616336123367,9,180000,8992
GCTAGATA,0.7679978,0.7679977734713231,9,180000,8992
GGTATACG,0.76580215,0.7658021688038593,9,180000,8992
GATCAACC,0.76577127,0.7657712447944585,9,180000,8992
GCTATCCA,0.7654311,0.7654310806910486,9,180000,8992
GATAACAT,0.7654105,0.7654104646847812,9,180000,8992
GATCTAGG,0.7653486,0.7653486166659795,9,180000,8992
GATCCCGC,0.76479197,0.7647919844967633,9,180000,8992
TATAACCC,0.76470953,0.7647095204716942,9,180000,8992
GATCTGGC,0.7646167,0.7646167484434916,9,180000,8992
GATCTGCC,0.76354474,0.7635447161175937,9,180000,8992
GATAACTC,0.76243144,0.7624314517791613,9,180000,8992
GAGTTATC,0.76243144,0.7624314517791613,9,180000,8992
ATAAACAT,0.76228714,0.7622871397352905,9,180000,8992
CGTATCCC,0.7617614,0.7617614315754752,9,180000,8992
TGGATCCC,0.7613903,0.7613903434626644,9,180000,8992
AATACCCA,0.7613594,0.7613594194532635,9,180000,8992
ATTATCAT,0.7612357,0.7612357234156599,9,180000,8992
AATATACG,0.7611017,0.7611017193749228,9,180000,8992
GATCTCAA,0.760442,0.7604420071743702,9,180000,8992
ATTATCGC,0.76009154,0.7600915350678266,9,180000,8992
GATGCGAT,0.7598854,0.759885375005154,9,180000,8992
GATCTCGG,0.7597617,0.7597616789675504,9,180000,8992
GTTATCGG,0.7595452,0.7595452109017441,9,180000,8992
GGTATTGC,0.75929785,0.7592978188265369,9,180000,8992
AGTGACAC,0.7591844,0.7591844307920669,9,180000,8992
CTTATCAT,0.7583598,0.7583597905413764,9,180000,8992
AATATTCC,0.7582979,0.7582979425225747,9,180000,8992
GGTATTCT,0.7582258,0.7582257865006392,9,180000,8992
TATACAGC,0.7577825,0.7577825423658929,9,180000,8992
ATCCTCCC,0.75775164,0.757751618356492,9,180000,8992
CAGATCGT,0.75765884,0.7576588463282893,9,180000,8992
TATATGAA,0.7570816,0.7570815981528058,9,180000,8992
GTTATCCT,0.75686514,0.7568651300869996,9,180000,8992
AGGATAAC,0.75686514,0.7568651300869996,9,180000,8992
GATCTCTA,0.7564528,0.7564528099616542,9,180000,8992
TATAGAAA,0.75641155,0.7564115779491198,9,180000,8992
GATAGTGC,0.7563188,0.7563188059209169,9,180000,8992
GCTATACC,0.75620544,0.756205417886447,9,180000,8992
GGTATAGC,0.75620544,0.756205417886447,9,180000,8992
TATAGCCC,0.7561539,0.7561538778707789,9,180000,8992
GATCAAAT,0.7559477,0.7559477178081062,9,180000,8992
TATACCAG,0.75584465,0.7558446377767699,9,180000,8992
GACACCGA,0.7558034,0.7558034057642353,9,180000,8992
GATAACCG,0.75494784,0.7549478415041438,9,180000,8992
GATCCAAC,0.75472105,0.7547210654352039,9,180000,8992
TATAAGAC,0.75419533,0.7541953572753886,9,180000,8992
GATTGGAT,0.7537624,0.753762421143776,9,180000,8992
GGAATCAC,0.7537624,0.753762421143776,9,180000,8992
GTGATTCC,0.7537624,0.753762421143776,9,180000,8992
TCAATGAC,0.75276256,0.7527625448398136,9,180000,8992
GATTAAAT,0.7527316,0.7527316208304128,9,180000,8992
GGTGTCGC,0.7525564,0.7525563847771409,9,180000,8992
TATCTGAC,0.75251514,0.7525151527646065,9,180000,8992
GATCTCAC,0.7525048,0.7525048447614728,9,180000,8992
GATTATGA,0.7524945,0.7524945367583392,9,180000,8992
AATACGAG,0.7522987,0.7522986846988001,9,180000,8992
AATGTTAT,0.7517833,0.7517832845421185,9,180000,8992
GATTTGAT,0.75174206,0.7517420525295839,9,180000,8992
TATCTGCA,0.75171113,0.7517111285201831,9,180000,8992
TATATTGC,0.75162864,0.751628664495114,9,180000,8992
GATCGCAC,0.7508659,0.7508658722632252,9,180000,8992
GATGTATT,0.7507834,0.7507834082381561,9,180000,8992
GCTATCGC,0.7507628,0.7507627922318889,9,180000,8992
GATAACTG,0.7507525,0.7507524842287552,9,180000,8992
AATATCGA,0.7505257,0.7505257081598152,9,180000,8992
GATCGCAG,0.74967015,0.7496701438997238,9,180000,8992
GATAGCGA,0.74954647,0.7495464478621201,9,180000,8992
TATTTTAA,0.74887645,0.7488764276584341,9,180000,8992
CGTATAAC,0.74835074,0.7483507194986188,9,180000,8992
GGTGTAAC,0.74814457,0.748144559435946,9,180000,8992
TCTATCTG,0.74789715,0.747897167360739,9,180000,8992
CGGATCTC,0.74682516,0.746825135034841,9,180000,8992
GAGATCCG,0.74682516,0.746825135034841,9,180000,8992
GATGATAA,0.7465468,0.746546818950233,9,180000,8992
GATAGAGT,0.74634063,0.7463406588875603,9,180000,8992
GATAGTAA,0.7449285,0.7449284624582526,9,180000,8992
GCTATACA,0.74491817,0.7449181544551189,9,180000,8992
AGTATAAC,0.7448769,0.7448769224425845,9,180000,8992
TAGATCCC,0.74335134,0.7433513379788068,9,180000,8992
GTTATAGG,0.742671,0.742671009771987,9,180000,8992
CCTATAAC,0.742671,0.742671009771987,9,180000,8992
CCTATGAT,0.7426401,0.7426400857625861,9,180000,8992
AATCCCCC,0.74223804,0.7422380736403744,9,180000,8992
TGTATAGA,0.7419391,0.741939141549499,9,180000,8992
GATCCCAA,0.74086714,0.7408671092236012,9,180000,8992
TATAGCAA,0.7405991,0.7405991011421267,9,180000,8992
GTTATCTT,0.74055785,0.7405578691295922,9,180000,8992
AAGATAAC,0.74055785,0.7405578691295922,9,180000,8992
TGTATAAA,0.74014556,0.7401455490042469,9,180000,8992
GATCAGAA,0.74004245,0.7400424689729105,9,180000,8992
CATATAAG,0.7394446,0.7394446047911598,9,180000,8992
CTTATATG,0.7394446,0.7394446047911598,9,180000,8992
GTAAACAA,0.7393415,0.7393415247598235,9,180000,8992
ACTATCTT,0.7378984,0.7378984043211149,9,180000,8992
ATCAGCAA,0.73763037,0.7376303962396404,9,180000,8992
GATCTTGC,0.73746544,0.7374654681895023,9,180000,8992
GGTTTAAA,0.7373727,0.7373726961612996,9,180000,8992
GATAACTA,0.73697066,0.7369706840390879,9,180000,8992
TAGTTATC,0.73697066,0.7369706840390879,9,180000,8992
AATAACAT,0.7364862,0.7364862078918072,9,180000,8992
GATAACAA,0.7363522,0.73635220385107,9,180000,8992
TATAGAAG,0.73629034,0.7362903558322682,9,180000,8992
GGTGAGAT,0.73615634,0.7361563517915309,9,180000,8992
GCTATCTC,0.7354863,0.7354863315878448,9,180000,8992
GAGATAGC,0.7354863,0.7354863315878448,9,180000,8992
TAGATGAC,0.73506373,0.7350637034593658,9,180000,8992
GATAAGAG,0.73490906,0.7349090834123614,9,180000,8992
GATCTGTC,0.7348885,0.7348884674060941,9,180000,8992
GTTATCAT,0.7348163,0.7348163113841587,9,180000,8992
AATAATAG,0.7342906,0.7342906032243435,9,180000,8992
CAGATCGC,0.73404324,0.7340432111491362,9,180000,8992
ATAATCAG,0.73382676,0.7338267430833298,9,180000,8992
TATTTAAG,0.7337958,0.733795819073929,9,180000,8992
GATAAAGA,0.73373395,0.7337339710551273,9,180000,8992
TAGATAAC,0.7336515,0.7336515070300581,9,180000,8992
GTTATCTA,0.7336515,0.7336515070300581,9,180000,8992
GGTCTCAT,0.73352784,0.7335278109924546,9,180000,8992
ATTATCAG,0.73346597,0.7334659629736527,9,180000,8992
GAGATCCA,0.73345566,0.7334556549705192,9,180000,8992
TGGATCTC,0.73345566,0.7334556549705192,9,180000,8992
TAGATCGT,0.73332167,0.7333216509297819,9,180000,8992
GATAACCT,0.73291963,0.7329196388075702,9,180000,8992
GACACCGC,0.7323836,0.7323836226446213,9,180000,8992
TATACTGG,0.7323012,0.7323011586195523,9,180000,8992
CGGATTAC,0.7320744,0.7320743825506123,9,180000,8992
GTAATCCG,0.7320744,0.7320743825506123,9,180000,8992
CGTATTAC,0.7319404,0.731940378509875,9,180000,8992
CCTATCGA,0.7319301,0.7319300705067415,9,180000,8992
CATAATAC,0.73191977,0.7319197625036078,9,180000,8992
AATATGGG,0.73166203,0.731662062425267,9,180000,8992
TATACTAA,0.73110545,0.7311054302560508,9,180000,8992
CAGATCTC,0.7305282,0.7305281820805674,9,180000,8992
GAGATCTG,0.7305282,0.7305281820805674,9,180000,8992
GATCTTAA,0.73045605,0.7304560260586319,9,180000,8992
TATCTCGT,0.73036325,0.7303632540304292,9,180000,8992
GATAATTC,0.72985816,0.7298581618768811,9,180000,8992
AAATACTC,0.7283532,0.7283531934193709,9,180000,8992
GAAAGATC,0.7278584,0.7278584092689564,9,180000,8992
GATCTTTC,0.7278584,0.7278584092689564,9,180000,8992
GATCGTTC,0.72764194,0.7276419412031501,9,180000,8992
GATAAAAA,0.7275801,0.7275800931843484,9,180000,8992
CTTATCAG,0.72706467,0.7270646930276666,9,180000,8992
TCTATCAA,0.7270132,0.7270131530119985,9,180000,8992
AATACCAT,0.7267451,0.7267451449305241,9,180000,8992
TTTATCCA,0.7267245,0.7267245289242569,9,180000,8992
GATTAGAA,0.7261473,0.7261472807487733,9,180000,8992
ATAAGAAC,0.7261267,0.7261266647425061,9,180000,8992
GATAGTCG,0.7255494,0.7255494165670227,9,180000,8992
ATTATTAC,0.7252608,0.7252607924792809,9,180000,8992
TATAGAAT,0.72500306,0.7250030924009401,9,180000,8992
TGTATTAG,0.72454953,0.7245495402630602,9,180000,8992
TCTATAAG,0.7241475,0.7241475281408485,9,180000,8992
TATAATAA,0.7240032,0.7240032160969776,9,180000,8992
GATCTACA,0.723962,0.7239619840844432,9,180000,8992
GGTGACAC,0.7238692,0.7238692120562404,9,180000,8992
GAAACTAT,0.72382796,0.7238279800437059,9,180000,8992
GGTTTCAT,0.7235806,0.7235805879684988,9,180000,8992
CTTCTCAC,0.7235084,0.7235084319465633,9,180000,8992
TATATTCG,0.722859,0.7228590277491445,9,180000,8992
GGTAACTA,0.7228281,0.7228281037397436,9,180000,8992
GCGATCGA,0.7227766,0.7227765637240754,9,180000,8992
ACGATCAC,0.7223127,0.7223127035830619,9,180000,8992
GTGATCGT,0.7223127,0.7223127035830619,9,180000,8992
AAGATCGG,0.7220447,0.7220446955015875,9,180000,8992
AATACGGC,0.7215293,0.7215292953449057,9,180000,8992
CATATAAC,0.7215293,0.7215292953449057,9,180000,8992
GATCAAAC,0.7215087,0.7215086793386385,9,180000,8992
GTAACTAT,0.7199625,0.7199624788685937,9,180000,8992
GATAAGCA,0.71955013,0.7195501587432483,9,180000,8992
GAGAATAC,0.71913785,0.7191378386179029,9,180000,8992
GATAGACA,0.719076,0.7190759905991011,9,180000,8992
TATAGAAC,0.71876675,0.7187667505050921,9,180000,8992
TAAATAGC,0.71855026,0.7185502824392859,9,180000,8992
GATAACAC,0.71853995,0.7185399744361523,9,180000,8992
GATAAGGA,0.7183132,0.7183131983672123,9,180000,8992
AATATAAA,0.7181689,0.7181688863233414,9,180000,8992
TATTTGAG,0.71809673,0.7180967303014061,9,180000,8992
GTTAGTAT,0.71751946,0.7175194821259226,9,180000,8992
GGCATCAT,0.71722054,0.7172205500350473,9,180000,8992
AAGATAAA,0.7169732,0.7169731579598401,9,180000,8992
TATGACTC,0.71683913,0.7168391539191027,9,180000,8992
CGTATAGC,0.7166433,0.7166433018595638,9,180000,8992
AATATAGC,0.716633,0.7166329938564301,9,180000,8992
GCTATATT,0.716633,0.7166329938564301,9,180000,8992
AGTGTCAC,0.7164578,0.7164577578031583,9,180000,8992
GGTCTGAT,0.7152311,0.7152311054302561,9,180000,8992
GAGACTAT,0.71515894,0.7151589494083207,9,180000,8992
ATTATCCA,0.71488065,0.7148806333237125,9,180000,8992
GCTATCCC,0.7148188,0.7148187853049107,9,180000,8992
GAGATTAT,0.7147054,0.7147053972704408,9,180000,8992
TATAACAC,0.7135509,0.7135509009194739,9,180000,8992
GGTATGAG,0.71311796,0.7131179647878614,9,180000,8992
GATAGGCC,0.71309733,0.713097348781594,9,180000,8992
TATAAAAT,0.7130664,0.7130664247721931,9,180000,8992
ATTAACGA,0.7119016,0.7119016204180926,9,180000,8992
TGAGACAC,0.7115924,0.7115923803240837,9,180000,8992
GATCAGAG,0.7113656,0.7113656042551437,9,180000,8992
CATATTTG,0.7112625,0.7112625242238074,9,180000,8992
GACTTGAT,0.71114916,0.7111491361893374,9,180000,8992
AAGATCCA,0.71104604,0.7110460561580011,9,180000,8992
AATATGAC,0.7109327,0.7109326681235312,9,180000,8992
GGTAGGAT,0.7104276,0.7104275759699832,9,180000,8992
ACTATCCG,0.7099843,0.7099843318352369,9,180000,8992
GCTATTAT,0.7097163,0.7097163237537624,9,180000,8992
GTGATAAG,0.7096957,0.7096957077474952,9,180000,8992
CTTATCAC,0.7096957,0.7096957077474952,9,180000,8992
GATCGCCT,0.7095617,0.7095617037067579,9,180000,8992
ACGATCTC,0.70951015,0.7095101636910898,9,180000,8992
GAGATCGT,0.70951015,0.7095101636910898,9,180000,8992
TAGATTAC,0.709304,0.7093040036284172,9,180000,8992
TATGTAAA,0.7089226,0.7089226075124727,9,180000,8992
GATGACCC,0.70870614,0.7087061394466664,9,180000,8992
GTGATTAA,0.7085206,0.708520595390261,9,180000,8992
TTAATCAC,0.7085206,0.708520595390261,9,180000,8992
TCTATAAC,0.7084484,0.7084484393683256,9,180000,8992
GTTATAGA,0.7084484,0.7084484393683256,9,180000,8992
GCTACTAT,0.7081495,0.7081495072774502,9,180000,8992
AATAACAC,0.70790213,0.707902115202243,9,180000,8992
CCGATCAG,0.7075929,0.7075928751082341,9,180000,8992
TCTATAGA,0.7073661,0.7073660990392941,9,180000,8992
CATATTAC,0.7073558,0.7073557910361605,9,180000,8992
AATACCAA,0.70731455,0.7073145590236259,9,180000,8992
CATATGAC,0.70652086,0.7065208427823362,9,180000,8992
GGATCCAC,0.70614976,0.7061497546695253,9,180000,8992
TATAAGCA,0.7060982,0.7060982146538574,9,180000,8992
TATATGGC,0.7059539,0.7059539026099865,9,180000,8992
TATAAAAC,0.7057374,0.7057374345441801,9,180000,8992
TATCTTGC,0.70483035,0.7048303302684205,9,180000,8992
CTTATTAT,0.70417064,0.704170618067868,9,180000,8992
GATCGGAC,0.70417064,0.704170618067868,9,180000,8992
AATACCAG,0.7040572,0.7040572300333979,9,180000,8992
TATAATTC,0.7040366,0.7040366140271307,9,180000,8992
GGTATGAA,0.7037583,0.7037582979425226,9,180000,8992
GATAAGAA,0.70313984,0.7031398177545046,9,180000,8992
GTTATCGT,0.703078,0.7030779697357028,9,180000,8992
ACGATAAC,0.703078,0.7030779697357028,9,180000,8992
CAGATAGC,0.7027275,0.7027274976291592,9,180000,8992
GCTATCTG,0.7027275,0.7027274976291592,9,180000,8992
TACACCGC,0.7024286,0.702428565538284,9,180000,8992
GATAAAAT,0.7022224,0.7022224054756112,9,180000,8992
GATCGCGC,0.7022224,0.7022224054756112,9,180000,8992
TCTATCAG,0.70166576,0.7016657733063951,9,180000,8992
AATTATAC,0.70161426,0.7016142332907269,9,180000,8992
TCTATTAG,0.7009545,0.7009545210901744,9,180000,8992
AATACTAC,0.7009442,0.7009442130870407,9,180000,8992
CAGATAAC,0.7006556,0.700655588999299,9,180000,8992
GTTATCTG,0.7006556,0.700655588999299,9,180000,8992
CATATTGT,0.70062464,0.7006246649898982,9,180000,8992
CGCATTAT,0.70050097,0.7005009689522946,9,180000,8992
CTTATCCA,0.7001505,0.700150496845751,9,180000,8992
GGGATCTG,0.7000062,0.7000061848018801,9,180000,8992
CAGATCCC,0.7000062,0.7000061848018801,9,180000,8992
GATGTAAT,0.6999237,0.6999237207768111,9,180000,8992
GATAACCA,0.69893414,0.6989341524759825,9,180000,8992
TATCTGCC,0.69872797,0.6987279924133097,9,180000,8992
GAGATAAC,0.69852185,0.698521832350637,9,180000,8992
GTTATCTC,0.69852185,0.698521832350637,9,180000,8992
GTTCTCAG,0.6980889,0.6980888962190245,9,180000,8992
CATAATAA,0.69776934,0.6977693481218818,9,180000,8992
AATAATGC,0.69763535,0.6976353440811446,9,180000,8992
AATATAAC,0.6975941,0.69759411206861,9,180000,8992
GTTATATT,0.6975941,0.69759411206861,9,180000,8992
AAAATAAG,0.6975838,0.6975838040654765,9,180000,8992
AATACCCG,0.6973776,0.6973776440028038,9,180000,8992
ATTATCGA,0.6971406,0.6971405599307302,9,180000,8992
CATCACAA,0.69702715,0.6970271718962603,9,180000,8992
GAAGTGTC,0.696955,0.6969550158743248,9,180000,8992
AGTAATAC,0.6969241,0.696924091864924,9,180000,8992
GGTAATCC,0.6961716,0.6961716076361688,9,180000,8992
TCGATCAC,0.6956665,0.6956665154826207,9,180000,8992
GTGATCGA,0.6956665,0.6956665154826207,9,180000,8992
AATATTTA,0.6955944,0.6955943594606853,9,180000,8992
AATACGCC,0.6954707,0.6954706634230817,9,180000,8992
TCTATCGA,0.69530576,0.6953057353729435,9,180000,8992
CCGATCTC,0.6952439,0.6952438873541418,9,180000,8992
GAGATCGG,0.6952439,0.6952438873541418,9,180000,8992
GTTATCAG,0.69491404,0.6949140312538655,9,180000,8992
TATAGCAG,0.6948006,0.6948006432193955,9,180000,8992
GATATCAC,0.9942172,0.9942172102420319,10,200000,9991
GGTATCAC,0.993908,0.9939079701480229,10,200000,9991
GTGATACC,0.993908,0.9939079701480229,10,200000,9991
GATATCAA,0.99350595,0.9935059580258113,10,200000,9991
GGTATCAA,0.99298024,0.992980249865996,10,200000,9991
GATACCCC,0.99091864,0.9909186492392694,10,200000,9991
GGTATCAT,0.989692,0.989691996866367,10,200000,9991
GATGATAC,0.9861873,0.9861872758009319,10,200000,9991
CATATCAT,0.9850946,0.9850946274687667,10,200000,9991
CGTATCAT,0.9847338,0.9847338473590896,10,200000,9991
GATATCCC,0.9840638,0.9840638271554035,10,200000,9991
CGTATCAA,0.9825898,0.982589782707294,10,200000,9991
GATATCGT,0.9820228,0.9820228425349441,10,200000,9991
GATACCCT,0.98124975,0.9812497422999216,10,200000,9991
AGTATCAT,0.98043543,0.9804354100523647,10,200000,9991
GATACCTA,0.97972417,0.979724157836144,10,200000,9991
GATATCAT,0.9794561,0.9794561497546695,10,200000,9991
AATGATAC,0.97941494,0.9794149177421351,10,200000,9991
AGTATCAA,0.9781986,0.9781985733723663,10,200000,9991
GATATCGC,0.9771575,0.9771574650558693,10,200000,9991
TGTATCAT,0.97611636,0.9761163567393725,10,200000,9991
GATATCCT,0.9755082,0.9755081845544881,10,200000,9991
CGTATCAC,0.97516805,0.9751680204510782,10,200000,9991
GATATCAG,0.9750546,0.9750546324166083,10,200000,9991
GATATCCG,0.9737352,0.9737352080155032,10,200000,9991
GATATCTT,0.9732095,0.9732094998556878,10,200000,9991
TATATATC,0.9730446,0.9730445718055498,10,200000,9991
GATATATA,0.9730446,0.9730445718055498,10,200000,9991
GATATCTA,0.9729827,0.9729827237867481,10,200000,9991
GATATATC,0.97251886,0.9725188636457345,10,200000,9991
GCTATCAT,0.9723333,0.9723333195893292,10,200000,9991
TGTATCAC,0.97146744,0.9714674473261039,10,200000,9991
GATACCTT,0.9706634,0.9706634230816805,10,200000,9991
CATATCAA,0.970045,0.9700449428936627,10,200000,9991
GATATGAT,0.97002435,0.9700243268873954,10,200000,9991
AGTATCAC,0.969478,0.9694780027213128,10,200000,9991
GATATCTG,0.968272,0.9682719663546778,10,200000,9991
GATACACC,0.9676947,0.9676947181791943,10,200000,9991
GATATACC,0.9673236,0.9673236300663836,10,200000,9991
GGTATATC,0.9673236,0.9673236300663836,10,200000,9991
AGTATCAG,0.9653548,0.9653548014678596,10,200000,9991
GATACCCG,0.96530324,0.9653032614521916,10,200000,9991
GATATCTC,0.96503526,0.9650352533707169,10,200000,9991
GAGATATC,0.96503526,0.9650352533707169,10,200000,9991
TGTATCAA,0.9631695,0.9631695048035296,10,200000,9991
GATATCCA,0.96232426,0.9623242485465716,10,200000,9991
GGTATCTA,0.962149,0.9621490124932999,10,200000,9991
TATATCAC,0.9619738,0.961973776440028,10,200000,9991
GGTGTCAT,0.96127284,0.961272832226941,10,200000,9991
GATACTCT,0.95973694,0.9597369397600297,10,200000,9991
CATATCAG,0.9595514,0.9595513957036242,10,200000,9991
GATACCTG,0.9586752,0.9586752154372655,10,200000,9991
GGTATCGT,0.95775783,0.9577578031583722,10,200000,9991
CATATCAC,0.9574898,0.9574897950768977,10,200000,9991
TATATCAT,0.9571909,0.9571908629860224,10,200000,9991
TATACCCC,0.9564074,0.9564074547478661,10,200000,9991
GGTGTCAA,0.9545623,0.9545623221869459,10,200000,9991
GATACCTC,0.9544386,0.9544386261493425,10,200000,9991
GGTATCGA,0.95415,0.9541500020616006,10,200000,9991
GGTATCAG,0.9533975,0.9533975178328454,10,200000,9991
GATATCGG,0.95283055,0.9528305776604957,10,200000,9991
GATCCCCC,0.95283055,0.9528305776604957,10,200000,9991
TATGTATC,0.95255226,0.9525522615758876,10,200000,9991
GATATGGG,0.9523461,0.9523461015132149,10,200000,9991
TATCACAC,0.9519956,0.9519956294066714,10,200000,9991
GGGATCAT,0.9514184,0.9514183812311879,10,200000,9991
GGTATCGC,0.9493362,0.9493361645981941,10,200000,9991
TATATATA,0.9487692,0.9487692244258442,10,200000,9991
TATATCCC,0.94857335,0.9485733723663052,10,200000,9991
GATATGCC,0.9485527,0.9485527563600379,10,200000,9991
GATACACT,0.9470581,0.9470580959056611,10,200000,9991
CCTATCAT,0.9467076,0.9467076237991177,10,200000,9991
GATACTAT,0.946151,0.9461509916299015,10,200000,9991
GATACCAT,0.9456356,0.9456355914732198,10,200000,9991
TATCATCC,0.94549125,0.9454912794293491,10,200000,9991
AATATCAC,0.94530576,0.9453057353729436,10,200000,9991
GATGATCC,0.9452439,0.9452438873541418,10,200000,9991
TATATCAG,0.94520265,0.9452026553416072,10,200000,9991
GATATGTA,0.94469756,0.9446975631880592,10,200000,9991
GATACCCA,0.9444502,0.944450171112852,10,200000,9991
CATATCGT,0.94313073,0.9431307467117469,10,200000,9991
GGTATCGG,0.9428421,0.9428421226240052,10,200000,9991
TATATGAT,0.9412856,0.9412856141508267,10,200000,9991
GATACGGG,0.94110006,0.9411000700944213,10,200000,9991
TATATCGA,0.94096607,0.940966066053684,10,200000,9991
GATACTAC,0.9406156,0.9406155939471406,10,200000,9991
CGGATCAC,0.94041973,0.9404197418876016,10,200000,9991
TGTATCAG,0.9403888,0.9403888178782007,10,200000,9991
GGGATCAC,0.9401311,0.9401311177998598,10,200000,9991
GATATCGA,0.94004864,0.9400486537747907,10,200000,9991
AGGATCAC,0.9393477,0.9393477095617037,10,200000,9991
TATCACAT,0.9387086,0.9387086133674185,10,200000,9991
AGGATCAA,0.93816227,0.9381622892013359,10,200000,9991
GATATACT,0.9377706,0.937770585082258,10,200000,9991
TATATCTC,0.9376984,0.9376984290603225,10,200000,9991
TATCTCCC,0.93744075,0.9374407289819816,10,200000,9991
GATACTCC,0.93565744,0.9356574444398631,10,200000,9991
GCTATCAC,0.93396693,0.9339669319259473,10,200000,9991
TATATCAA,0.933668,0.933667999835072,10,200000,9991
GGTATTAT,0.9329258,0.9329258236094504,10,200000,9991
TATATCTA,0.93192595,0.931925947305488,10,200000,9991
GATATAAT,0.9310807,0.9310806910485301,10,200000,9991
GATACCGT,0.93062717,0.9306271389106502,10,200000,9991
TATATACT,0.9302767,0.9302766668041067,10,200000,9991
GATCATAT,0.930122,0.9301220467571023,10,200000,9991
TATATACC,0.9296994,0.9296994186286234,10,200000,9991
GATATAGG,0.92959636,0.929596338597287,10,200000,9991
GACATATC,0.9292562,0.9292561744938771,10,200000,9991
GATATGTC,0.9292562,0.9292561744938771,10,200000,9991
GATACATC,0.92898816,0.9289881664124026,10,200000,9991
CGTATCAG,0.92832845,0.9283284542118501,10,200000,9991
TATATCGC,0.92818415,0.9281841421679792,10,200000,9991
GGTATCTT,0.92685443,0.9268544097637406,10,200000,9991
GATACTTC,0.9264318,0.9264317816352615,10,200000,9991
GCTATCAA,0.92576176,0.9257617614315755,10,200000,9991
GATATATG,0.9251948,0.9251948212592257,10,200000,9991
CATATATC,0.9251948,0.9251948212592257,10,200000,9991
AGTATCGC,0.9248959,0.9248958891683503,10,200000,9991
TATAATCC,0.9247,0.9247000371088113,10,200000,9991
GATATAGA,0.9246073,0.9246072650806086,10,200000,9991
TCTATATC,0.9246073,0.9246072650806086,10,200000,9991
CACATATC,0.9244011,0.9244011050179359,10,200000,9991
GATATGTG,0.9244011,0.9244011050179359,10,200000,9991
TATGATAG,0.9243805,0.9243804890116687,10,200000,9991
GATATGGA,0.92398876,0.9239887848925906,10,200000,9991
GGTGTCAG,0.9239476,0.923947552880056,10,200000,9991
GATAGATA,0.9238135,0.9238135488393188,10,200000,9991
AATATCAT,0.9232157,0.9232156846575681,10,200000,9991
TATAATAC,0.9227106,0.9227105925040202,10,200000,9991
TATCTGAT,0.92222613,0.9222261163567395,10,200000,9991
GATACCGG,0.92216426,0.9221642683379376,10,200000,9991
GATATAGT,0.92187566,0.921875644250196,10,200000,9991
ACTATCAT,0.9216901,0.9216901001937905,10,200000,9991
GATATGCT,0.92107165,0.9210716200057726,10,200000,9991
GATACCAG,0.9206593,0.9206592998804272,10,200000,9991
GATACGCC,0.92045313,0.9204531398177546,10,200000,9991
CCTATCAC,0.92004085,0.9200408196924091,10,200000,9991
GATATAGC,0.9194223,0.9194223395043912,10,200000,9991
GCTATATC,0.9194223,0.9194223395043912,10,200000,9991
GATACTCA,0.9193193,0.9193192594730549,10,200000,9991
GATATGCG,0.91811323,0.9181132231064197,10,200000,9991
TATCATAA,0.9177215,0.9177215189873418,10,200000,9991
GATACCGC,0.9176391,0.9176390549622727,10,200000,9991
GATACCAC,0.91761845,0.9176184389560055,10,200000,9991
TATATCCG,0.91751534,0.9175153589246692,10,200000,9991
TAGATCAT,0.9150827,0.9150826701851317,10,200000,9991
GGTATTAA,0.9150208,0.91502082216633,10,200000,9991
GATCTGAT,0.91481465,0.9148146621036574,10,200000,9991
GGGATCAA,0.9142271,0.9142271059250402,10,200000,9991
TATCACAG,0.9134437,0.9134436976868842,10,200000,9991
GGTGTCAC,0.9134334,0.9134333896837504,10,200000,9991
TATCGTAC,0.9126603,0.912660289448728,10,200000,9991
GATAGTAT,0.9121449,0.9121448892920463,10,200000,9991
AGTATCTA,0.91172224,0.9117222611635674,10,200000,9991
GATAATAC,0.91143364,0.9114336370758257,10,200000,9991
GATATACA,0.91143364,0.9114336370758257,10,200000,9991
TGTATATC,0.91143364,0.9114336370758257,10,200000,9991
TGTATCGT,0.91115534,0.9111553209912175,10,200000,9991
CCTATCAA,0.9102379,0.9102379087123244,10,200000,9991
GATCACTT,0.9092793,0.9092792644208963,10,200000,9991
AATATATC,0.90914524,0.9091452603801592,10,200000,9991
GATATATT,0.90914524,0.9091452603801592,10,200000,9991
ACTATCAC,0.9081866,0.9081866160887313,10,200000,9991
TATCTCAC,0.9081763,0.9081763080855977,10,200000,9991
TATACCTA,0.9075063,0.9075062878819116,10,200000,9991
CATATCGG,0.90720737,0.9072073557910362,10,200000,9991
GATACTTA,0.9067126,0.9067125716406219,10,200000,9991
GGTATCTG,0.90591884,0.905918855399332,10,200000,9991
GGTATCCA,0.90578485,0.9057848513585948,10,200000,9991
GATACGGA,0.9055787,0.9055786912959222,10,200000,9991
AATATCAA,0.90556836,0.9055683832927885,10,200000,9991
GATAGGAT,0.90536225,0.9053622232301158,10,200000,9991
TATCACGC,0.9045994,0.904599430998227,10,200000,9991
GATAGCCG,0.9045067,0.9045066589700244,10,200000,9991
GATATGCA,0.9039294,0.9039294107945408,10,200000,9991
TATCTCTC,0.9031048,0.9031047705438503,10,200000,9991
AGGATCAT,0.9030532,0.9030532305281821,10,200000,9991
TATATCCA,0.9024554,0.9024553663464314,10,200000,9991
GTGATCAT,0.90241414,0.902414134333897,10,200000,9991
ATGATCAC,0.90241414,0.902414134333897,10,200000,9991
GGTATAAT,0.9022595,0.9022595142868923,10,200000,9991
GATACTAA,0.9022286,0.9022285902774915,10,200000,9991
GATATGTT,0.9020018,0.9020018142085515,10,200000,9991
AATATAGA,0.9019503,0.9019502741928833,10,200000,9991
GATACGGC,0.90131116,0.9013111779985981,10,200000,9991
TATCTCAA,0.90065145,0.9006514657980456,10,200000,9991
GAGATACC,0.9001773,0.9001772976538985,10,200000,9991
GGTATCTC,0.9001773,0.9001772976538985,10,200000,9991
TATATCTT,0.899899,0.8998989815692905,10,200000,9991
TGTATCGG,0.89948666,0.8994866614439451,10,200000,9991
TATATCCT,0.8994454,0.8994454294314106,10,200000,9991
GATATTAA,0.8984146,0.8984146291180473,10,200000,9991
CAGATCAT,0.8980435,0.8980435410052365,10,200000,9991
TATCCCTC,0.8976828,0.8976827608955593,10,200000,9991
GATACCAA,0.8976209,0.8976209128767576,10,200000,9991
TATATACG,0.8974766,0.8974766008328866,10,200000,9991
GATACTCG,0.8971674,0.8971673607388777,10,200000,9991
TATACGAT,0.89677566,0.8967756566197996,10,200000,9991
GATACGCG,0.89651793,0.8965179565414588,10,200000,9991
TGTATCTC,0.8964149,0.8964148765101225,10,200000,9991
TATATCGT,0.8963427,0.8963427204881871,10,200000,9991
GATCACCC,0.8962809,0.8962808724693851,10,200000,9991
AATATACC,0.89603347,0.896033480394178,10,200000,9991
TGGATCAC,0.89574486,0.8957448563064363,10,200000,9991
GTGATCCA,0.89574486,0.8957448563064363,10,200000,9991
CATATCCG,0.8956315,0.8956314682719664,10,200000,9991
GATACTGC,0.8951882,0.8951882241372201,10,200000,9991
TATTATCC,0.89514697,0.8951469921246857,10,200000,9991
GCTATCAG,0.895013,0.8950129880839484,10,200000,9991
GATAGCCT,0.89483774,0.8948377520306766,10,200000,9991
GATCCGAT,0.8946625,0.8946625159774049,10,200000,9991
GATATTAT,0.89419866,0.8941986558363915,10,200000,9991
CGTATCGC,0.8940234,0.8940234197831196,10,200000,9991
GATCATAC,0.8940234,0.8940234197831196,10,200000,9991
TATAGGAT,0.8934256,0.8934255556013689,10,200000,9991
AGTATCTC,0.89242566,0.8924256792974065,10,200000,9991
GATCCGTA,0.892302,0.8923019832598029,10,200000,9991
GATCACAC,0.8910341,0.8910340988743661,10,200000,9991
CATGTATC,0.89008576,0.8900857625860719,10,200000,9991
GATACATG,0.89008576,0.8900857625860719,10,200000,9991
GATCATCC,0.8900548,0.890054838576671,10,200000,9991
CATATCCT,0.8899105,0.8899105265328,10,200000,9991
AATACCCC,0.8892508,0.8892508143322476,10,200000,9991
GATATTAG,0.8889519,0.8889518822413722,10,200000,9991
GATCACAT,0.88889,0.8888900342225705,10,200000,9991
GAGATCAT,0.8888076,0.8888075701975013,10,200000,9991
GCGATATG,0.88840556,0.8884055580752898,10,200000,9991
CATATCGC,0.88840556,0.8884055580752898,10,200000,9991
GATCCCTT,0.8883643,0.8883643260627552,10,200000,9991
GATATTAC,0.8874881,0.8874881457963963,10,200000,9991
TGGATCAT,0.8873954,0.8873953737681937,10,200000,9991
CATATCGA,0.88708615,0.8870861336741847,10,200000,9991
GATACGTT,0.8869727,0.8869727456397147,10,200000,9991
TATGACAC,0.8869212,0.8869212056240465,10,200000,9991
GATATGGT,0.8862821,0.8862821094297613,10,200000,9991
TATACCAA,0.88502455,0.8850245330474581,10,200000,9991
GGTATCCT,0.88451946,0.8845194408939101,10,200000,9991
GGGATCAG,0.8838906,0.8838906527027585,10,200000,9991
GATACAGC,0.8837876,0.8837875726714222,10,200000,9991
GCTGTATC,0.8837876,0.8837875726714222,10,200000,9991
GAGATACG,0.88349897,0.8834989485836804,10,200000,9991
CGTATCTC,0.88349897,0.8834989485836804,10,200000,9991
ATGATCAT,0.8832722,0.8832721725147404,10,200000,9991
GGCGATAC,0.8827155,0.8827155403455242,10,200000,9991
AGTATCCA,0.88194245,0.8819424401105019,10,200000,9991
GAGATCAA,0.88193214,0.8819321321073682,10,200000,9991
TATACCTC,0.8818188,0.8818187440728982,10,200000,9991
CCTATCGT,0.8817775,0.8817775120603636,10,200000,9991
CATATCTA,0.8813858,0.8813858079412856,10,200000,9991
AATAATAC,0.88075703,0.880757019750134,10,200000,9991
TGTATCGC,0.88032407,0.8803240836185214,10,200000,9991
CCTATCAG,0.8798602,0.8798602234775079,10,200000,9991
CAGATCAC,0.8790459,0.8790458912299509,10,200000,9991
CGTATCTA,0.87900466,0.8790046592174164,10,200000,9991
GCTATATA,0.878881,0.8788809631798128,10,200000,9991
TATATAGC,0.878881,0.8788809631798128,10,200000,9991
AATAGATC,0.87876755,0.8787675751453429,10,200000,9991
GATCTATT,0.87876755,0.8787675751453429,10,200000,9991
GATAGGGT,0.8768194,0.8768193625530861,10,200000,9991
TGTATCGA,0.87649983,0.8764998144559436,10,200000,9991
GATACGTC,0.8763864,0.8763864264214737,10,200000,9991
TATATTAT,0.87617,0.8761699583556674,10,200000,9991
GATCCTAT,0.8761184,0.8761184183399991,10,200000,9991
TATACCAT,0.87605655,0.8760565703211973,10,200000,9991
GATACAAG,0.8760359,0.8760359543149302,10,200000,9991
GAGATGAT,0.8755205,0.8755205541582485,10,200000,9991
TATATCGG,0.8754381,0.8754380901331794,10,200000,9991
TAGATCAG,0.87533504,0.8753350101018431,10,200000,9991
GGTATGAT,0.8750567,0.8750566940172351,10,200000,9991
AAGATCAA,0.8749536,0.8749536139858988,10,200000,9991
GGTATACC,0.874933,0.8749329979796313,10,200000,9991
GATAGGTA,0.8737373,0.87373726961613,10,200000,9991
GATCTCCT,0.8733971,0.87339710551272,10,200000,9991
GATATTGG,0.87249,0.8724900012369603,10,200000,9991
CATATCTT,0.87246937,0.8724693852306932,10,200000,9991
TAGATCAA,0.87239724,0.8723972292087577,10,200000,9991
GATACGAC,0.87178904,0.8717890570238733,10,200000,9991
TACATGAT,0.87128395,0.8712839648703254,10,200000,9991
TATACCCA,0.87113965,0.8711396528264546,10,200000,9991
AATATCTA,0.87112933,0.8711293448233208,10,200000,9991
TATCTACT,0.8710675,0.871067496804519,10,200000,9991
GATATTCC,0.87100565,0.8710056487857173,10,200000,9991
GATTATAC,0.8709438,0.8709438007669155,10,200000,9991
GATATGAC,0.8708098,0.8708097967261782,10,200000,9991
GATAGGGG,0.87049025,0.8704902486290356,10,200000,9991
TATATTGA,0.8704387,0.8704387086133675,10,200000,9991
GATATACG,0.8703872,0.8703871685976993,10,200000,9991
TATATAAT,0.8700882,0.8700882365068239,10,200000,9991
GATACGCT,0.8690368,0.8690368201871933,10,200000,9991
GGTATCCG,0.86886156,0.8688615841339216,10,200000,9991
AGTATTAT,0.8688307,0.8688306601245207,10,200000,9991
ATCAACAA,0.86878943,0.8687894281119861,10,200000,9991
AATATACA,0.8685214,0.8685214200305117,10,200000,9991
GGTATCCC,0.8685008,0.8685008040242445,10,200000,9991
TATATAAG,0.8680885,0.868088483898899,10,200000,9991
GATCTTAC,0.868006,0.8680060198738301,10,200000,9991
GTTATATC,0.8678823,0.8678823238362264,10,200000,9991
GATATAAC,0.8678823,0.8678823238362264,10,200000,9991
CTTATATC,0.8678617,0.8678617078299593,10,200000,9991
GATATAAG,0.8678617,0.8678617078299593,10,200000,9991
AATATCCG,0.8674288,0.8674287716983466,10,200000,9991
GGTATAAA,0.8669855,0.8669855275636005,10,200000,9991
TATATACA,0.86665565,0.8666556714633241,10,200000,9991
AAGTATAC,0.8664701,0.8664701274069188,10,200000,9991
GATACAGG,0.8662949,0.866294891353647,10,200000,9991
GATACAAC,0.86548054,0.86548055910609,10,200000,9991
GATAATAT,0.8641405,0.8641405186987177,10,200000,9991
GATAGTAG,0.86342925,0.863429266482497,10,200000,9991
CATATCCC,0.8628932,0.8628932503195481,10,200000,9991
CGTATCGG,0.86241907,0.862419082175401,10,200000,9991
TATCTTAG,0.86131614,0.8613161258401023,10,200000,9991
AATAGGAT,0.85969776,0.8596977693481218,10,200000,9991
GATCCCTC,0.8593576,0.8593576052447119,10,200000,9991
TATAATAT,0.8591514,0.8591514451820393,10,200000,9991
GATTGATC,0.8586257,0.8586257370222241,10,200000,9991
GATCAATC,0.8586257,0.8586257370222241,10,200000,9991
AAGATCAT,0.8583268,0.8583268049313487,10,200000,9991
GATACAAT,0.85828555,0.8582855729188142,10,200000,9991
ATTATCTC,0.8578423,0.857842328784068,10,200000,9991
GAGATAAT,0.8578423,0.857842328784068,10,200000,9991
GATCCGAA,0.85682184,0.8568218364738384,10,200000,9991
GATCTACT,0.8567909,0.8567909124644374,10,200000,9991
GATATTCT,0.8561209,0.8561208922607513,10,200000,9991
GACACCAT,0.8560075,0.8560075042262814,10,200000,9991
TATATGAG,0.8557704,0.8557704201542078,10,200000,9991
GATATTGA,0.8557086,0.855708572135406,10,200000,9991
TATACAAT,0.8555952,0.855595184100936,10,200000,9991
GATATTGT,0.8552344,0.8552344039912588,10,200000,9991
CGTATCGA,0.85469836,0.8546983878283099,10,200000,9991
GATACTAG,0.85448194,0.8544819197625036,10,200000,9991
TATATTAA,0.8543582,0.8543582237249,10,200000,9991
TTTAATAC,0.8543273,0.8543272997154991,10,200000,9991
GATCTTCA,0.8538634,0.8538634395744855,10,200000,9991
GATAGGGC,0.85351294,0.853512967467942,10,200000,9991
CGGATAAC,0.8534305,0.8534305034428731,10,200000,9991
GTTATCCG,0.8534305,0.8534305034428731,10,200000,9991
GATATGGC,0.85311097,0.8531109553457304,10,200000,9991
AATATCGT,0.8530388,0.853038799323795,10,200000,9991
TATCTAAC,0.8530388,0.853038799323795,10,200000,9991
GATACCGA,0.8527708,0.8527707912423205,10,200000,9991
TATCTCTA,0.85271925,0.8527192512266524,10,200000,9991
GATCTATC,0.85242033,0.8524203191357771,10,200000,9991
GATAGATC,0.85242033,0.8524203191357771,10,200000,9991
TATACTAG,0.85233784,0.8523378551107079,10,200000,9991
GGGATAAC,0.85197705,0.8519770750010307,10,200000,9991
GTTATCCC,0.85197705,0.8519770750010307,10,200000,9991
TATAAATA,0.85193586,0.8519358429884962,10,200000,9991
AATATATG,0.85177094,0.8517709149383581,10,200000,9991
AATACCCT,0.85038966,0.8503896425184514,10,200000,9991
GATCTCTG,0.8498227,0.8498227023461016,10,200000,9991
TATATTAC,0.84912175,0.8491217581330145,10,200000,9991
TATCGCCA,0.8488744,0.8488743660578073,10,200000,9991
AATACCTC,0.848627,0.8486269739826,10,200000,9991
TATATTAG,0.8484105,0.8484105059167938,10,200000,9991
GATACGCA,0.8483693,0.8483692739042592,10,200000,9991
TATCTTAC,0.8480394,0.8480394178039831,10,200000,9991
GTGATCTA,0.84771985,0.8477198697068403,10,200000,9991
TAGATCAC,0.84771985,0.8477198697068403,10,200000,9991
GATACAGA,0.8474931,0.8474930936379006,10,200000,9991
GATCCCCT,0.84721476,0.8472147775532924,10,200000,9991
GTGATCAC,0.84707046,0.8470704655094216,10,200000,9991
AGTATCCT,0.8468334,0.846833381437348,10,200000,9991
TATATAAA,0.84619427,0.8461942852430627,10,200000,9991
CATATCTC,0.84614277,0.8461427452273945,10,200000,9991
TATCTCTT,0.84597784,0.8459778171772564,10,200000,9991
TATATGGT,0.84590566,0.845905661155321,10,200000,9991
ACTATCAG,0.8445347,0.8445346967385478,10,200000,9991
GATCGCCC,0.84398836,0.8439883725724653,10,200000,9991
GAGATCTC,0.84360695,0.8436069764565208,10,200000,9991
GATAGTTC,0.84348327,0.8434832804189173,10,200000,9991
GATACGAG,0.8430194,0.8430194202779039,10,200000,9991
AATATCCA,0.84259677,0.8425967921494248,10,200000,9991
GATAGTCT,0.8424112,0.8424112480930194,10,200000,9991
GGGATCGA,0.842102,0.8421020079990105,10,200000,9991
TCGATCCC,0.842102,0.8421020079990105,10,200000,9991
GGTGTCGT,0.84201956,0.8420195439739413,10,200000,9991
GATATTTA,0.84185463,0.8418546159238033,10,200000,9991
GTAATACC,0.8416175,0.8416175318517297,10,200000,9991
GGTATTAC,0.8416175,0.8416175318517297,10,200000,9991
GAGATAGT,0.8415763,0.8415762998391951,10,200000,9991
ACTATCTC,0.8415763,0.8415762998391951,10,200000,9991
GAGATCAC,0.84103,0.8410299756731127,10,200000,9991
GTGATCTC,0.84103,0.8410299756731127,10,200000,9991
CATGACAC,0.84085476,0.8408547396198409,10,200000,9991
CTTGACAC,0.8405146,0.8405145755164309,10,200000,9991
CGTATCTG,0.84048367,0.84048365150703,10,200000,9991
TATCTTAA,0.8400507,0.8400507153754175,10,200000,9991
GTTGACAC,0.8399373,0.8399373273409475,10,200000,9991
GATAAGAT,0.83958685,0.839586855234404,10,200000,9991
TATTTAAT,0.83945286,0.8394528511936669,10,200000,9991
GATCACTC,0.83906114,0.8390611470745887,10,200000,9991
TATCGCAC,0.83864886,0.8386488269492435,10,200000,9991
GATCAGAC,0.8382159,0.8382158908176308,10,200000,9991
GATCCCAT,0.837917,0.8379169587267555,10,200000,9991
CATATCCA,0.8377211,0.8377211066672164,10,200000,9991
GATCATAA,0.836412,0.8364119902692451,10,200000,9991
GAGGATAC,0.8359069,0.835906898115697,10,200000,9991
TATACTCC,0.83510286,0.8351028738712736,10,200000,9991
GATCCGAC,0.8344844,0.8344843936832557,10,200000,9991
AGTATCCC,0.83437103,0.8343710056487856,10,200000,9991
TATATTCA,0.8343195,0.8343194656331177,10,200000,9991
TATCCCAC,0.83377314,0.8337731414670351,10,200000,9991
GATCACCG,0.8334536,0.8334535933698924,10,200000,9991
AATATCCC,0.83305156,0.8330515812476808,10,200000,9991
AAGATCAC,0.8327939,0.83279388116934,10,200000,9991
GTGATCTT,0.8327939,0.83279388116934,10,200000,9991
CATATCTG,0.8324434,0.8324434090627963,10,200000,9991
GTTATACC,0.8321548,0.8321547849750547,10,200000,9991
GGTATAAC,0.8321548,0.8321547849750547,10,200000,9991
GATATTCA,0.8319383,0.8319383169092484,10,200000,9991
GATAGCGT,0.8316806,0.8316806168309074,10,200000,9991
CGGATCGC,0.8315569,0.831556920793304,10,200000,9991
GCGATCCG,0.8315569,0.831556920793304,10,200000,9991
GAGATATT,0.83151567,0.8315156887807694,10,200000,9991
AATATCTC,0.83151567,0.8315156887807694,10,200000,9991
GATAGCGG,0.8314229,0.8314229167525667,10,200000,9991
ATTATCCC,0.8310518,0.8310518286397559,10,200000,9991
GGGATAAT,0.8310518,0.8310518286397559,10,200000,9991
GTATTAAC,0.83046424,0.8304642724611389,10,200000,9991
GTTAATAC,0.83046424,0.8304642724611389,10,200000,9991
TGTATCCT,0.8291345,0.8291345400569001,10,200000,9991
GATAATAA,0.8290727,0.8290726920380984,10,200000,9991
GACACCTT,0.8282378,0.8282377437842742,10,200000,9991
TATATGCC,0.82790786,0.8279078876839978,10,200000,9991
GGTAAGAT,0.82785636,0.8278563476683297,10,200000,9991
ATTAACAC,0.8266297,0.8266296952954274,10,200000,9991
CGTATCCA,0.82619673,0.8261967591638147,10,200000,9991
GATATGAG,0.82616585,0.8261658351544139,10,200000,9991
GAGAGGAT,0.8259081,0.8259081350760731,10,200000,9991
GATAGTTA,0.8253103,0.8253102708943223,10,200000,9991
TCTAATAC,0.82528967,0.8252896548880551,10,200000,9991
AATATCTT,0.82527936,0.8252793468849214,10,200000,9991
GATCTCCC,0.82518655,0.8251865748567188,10,200000,9991
CATCTGAT,0.8244444,0.8244443986310972,10,200000,9991
CTTATCCC,0.8243207,0.8243207025934937,10,200000,9991
GATAGGAC,0.82425886,0.8242588545746918,10,200000,9991
GATCTCTT,0.8239908,0.8239908464932173,10,200000,9991
GATCAGTC,0.82387745,0.8238774584587474,10,200000,9991
AGTATAAT,0.82385683,0.82385684245248,10,200000,9991
GATCTCCG,0.82357854,0.823578526367872,10,200000,9991
GCGATCAC,0.8235476,0.8235476023584711,10,200000,9991
GTGATCGC,0.8235476,0.8235476023584711,10,200000,9991
GATCCCTG,0.8234136,0.823413598317734,10,200000,9991
TATTTTAT,0.823393,0.8233929823114666,10,200000,9991
ACTATCGC,0.82322806,0.8232280542613285,10,200000,9991
AAGATCAG,0.8223828,0.8223827980043706,10,200000,9991
GATCCCAC,0.82159936,0.8215993897662145,10,200000,9991
GATCTCAT,0.8210943,0.8210942976126664,10,200000,9991
GATATTGC,0.82108396,0.8210839896095329,10,200000,9991
GATCACAG,0.8210737,0.8210736816063993,10,200000,9991
GATGACAC,0.8210531,0.8210530656001319,10,200000,9991
GATATAAA,0.82087785,0.8208778295468602,10,200000,9991
GATCACAA,0.82063043,0.820630437471653,10,200000,9991
GACACCAC,0.82040364,0.820403661402713,10,200000,9991
TATATAAC,0.82013565,0.8201356533212387,10,200000,9991
GTTATATA,0.82013565,0.8201356533212387,10,200000,9991
GATAGCAA,0.8199604,0.8199604172679669,10,200000,9991
GATAGCCA,0.81989855,0.819898569249165,10,200000,9991
TATACCAC,0.81988823,0.8198882612460314,10,200000,9991
AATAATAT,0.81976455,0.8197645652084278,10,200000,9991
GATAGCTG,0.8196718,0.8196717931802251,10,200000,9991
AATATCGG,0.8192904,0.8192903970642808,10,200000,9991
AATATCGC,0.81922853,0.819228549045479,10,200000,9991
GATAATCC,0.81851727,0.8185172968292582,10,200000,9991
GATAACAG,0.8184245,0.8184245248010557,10,200000,9991
TATCTGTC,0.8179091,0.8179091246443739,10,200000,9991
CATGTGAT,0.8177442,0.8177441965942357,10,200000,9991
ATTATCCT,0.8173113,0.8173112604626231,10,200000,9991
ATAAATAC,0.817002,0.8170020203686142,10,200000,9991
AATATCCT,0.81690925,0.8169092483404115,10,200000,9991
GATATTCG,0.81690925,0.8169092483404115,10,200000,9991
GATCTGTA,0.81688863,0.8168886323341443,10,200000,9991
GATAGGTC,0.81668246,0.8166824722714716,10,200000,9991
ATTATCAA,0.8164248,0.8164247721931308,10,200000,9991
GGGATCCT,0.8163732,0.8163732321774626,10,200000,9991
AGGATCCC,0.8163732,0.8163732321774626,10,200000,9991
GATCACGC,0.8160743,0.8160743000865872,10,200000,9991
AATGACAC,0.8159197,0.8159196800395828,10,200000,9991
GCGATCCC,0.8156723,0.8156722879643755,10,200000,9991
GGGATCGC,0.8156723,0.8156722879643755,10,200000,9991
GATAGTTG,0.8156207,0.8156207479487074,10,200000,9991
GATCATTC,0.8154455,0.8154455118954357,10,200000,9991
TATCGCCC,0.8153424,0.8153424318640993,10,200000,9991
TATAACTA,0.8145178,0.8145177916134086,10,200000,9991
GCTATCGA,0.8144353,0.8144353275883396,10,200000,9991
TATATCTG,0.81441474,0.8144147115820723,10,200000,9991
GATAGGTT,0.8143735,0.8143734795695379,10,200000,9991
GATAGCAG,0.81424975,0.8142497835319341,10,200000,9991
GCTATCGG,0.8141673,0.8141673195068652,10,200000,9991
GATCCAAG,0.8139199,0.813919927431658,10,200000,9991
TAGTATAC,0.81360036,0.8136003793345153,10,200000,9991
TATACATC,0.81307465,0.8130746711747001,10,200000,9991
TATCTCAG,0.81292003,0.8129200511276955,10,200000,9991
GATAGTCC,0.81279635,0.812796355090092,10,200000,9991
GATCTACC,0.81279635,0.812796355090092,10,200000,9991
TATACTGT,0.8124768,0.8124768069929493,10,200000,9991
GATAGGCT,0.81206447,0.8120644868676041,10,200000,9991
TATCGGAG,0.81204385,0.8120438708613367,10,200000,9991
GATATTTT,0.81200266,0.8120026388488022,10,200000,9991
GCTATCCG,0.81198204,0.811982022842535,10,200000,9991
TGTATACC,0.81184804,0.8118480188017977,10,200000,9991
AAGATCCC,0.8117862,0.811786170782996,10,200000,9991
GACACCAG,0.81147695,0.811476930688987,10,200000,9991
GCTATCGT,0.8114151,0.811415082670185,10,200000,9991
GATAGTTT,0.8112914,0.8112913866325816,10,200000,9991
TATAAACA,0.81117797,0.8111779985981116,10,200000,9991
TATACTAC,0.81059045,0.8105904424194945,10,200000,9991
GGGATCTC,0.81049764,0.8104976703912918,10,200000,9991
GAGATCCC,0.81049764,0.8104976703912918,10,200000,9991
GGTATAAG,0.8102503,0.8102502783160846,10,200000,9991
CTTATACC,0.8102503,0.8102502783160846,10,200000,9991
ACTGACAC,0.8093535,0.8093534820434585,10,200000,9991
CCGATCCC,0.80876595,0.8087659258648414,10,200000,9991
GTTAATAT,0.80869377,0.808693769842906,10,200000,9991
GATACAAA,0.80852884,0.808528841792768,10,200000,9991
GATCTTCT,0.8080444,0.8080443656454872,10,200000,9991
GATCACCA,0.8079825,0.8079825176266854,10,200000,9991
CCTATCTA,0.80779696,0.80779697357028,10,200000,9991
GATCTTCC,0.80772483,0.8077248175483446,10,200000,9991
TATATGTT,0.8075599,0.8075598894982065,10,200000,9991
GGTATAGA,0.8074465,0.8074465014637364,10,200000,9991
TATACCGG,0.8074465,0.8074465014637364,10,200000,9991
GACACCAA,0.80742586,0.8074258854574692,10,200000,9991
TATATTCT,0.80727124,0.8072712654104647,10,200000,9991
CAAATATC,0.8070342,0.8070341813383912,10,200000,9991
GATATTTG,0.8070342,0.8070341813383912,10,200000,9991
CATAATAT,0.8067971,0.8067970972663175,10,200000,9991
TTGATCAC,0.80633324,0.8063332371253041,10,200000,9991
AGTATGAT,0.8060755,0.8060755370469632,10,200000,9991
CCTATACC,0.8058591,0.8058590689811569,10,200000,9991
TTTATGAT,0.80580753,0.8058075289654889,10,200000,9991
TATACACC,0.8057766,0.8057766049560879,10,200000,9991
GATCGCTC,0.80553955,0.8055395208840144,10,200000,9991
CCTAATAC,0.80552924,0.8055292128808808,10,200000,9991
AATATATT,0.8053952,0.8053952088401435,10,200000,9991
ACTATCCC,0.80454993,0.8045499525831856,10,200000,9991
TACCTGAT,0.80451906,0.8045190285737848,10,200000,9991
GGGATCGT,0.8036635,0.8036634643136931,10,200000,9991
TATATGCT,0.80363256,0.8036325403042922,10,200000,9991
TATAACCG,0.80274606,0.8027460520347999,10,200000,9991
CTGATCTC,0.8026327,0.80263266400033,10,200000,9991
GAGATCAG,0.8026327,0.80263266400033,10,200000,9991
GAATATAC,0.8024883,0.8024883519564591,10,200000,9991
AAGATCTC,0.8021791,0.8021791118624501,10,200000,9991
GAGATCTT,0.8021791,0.8021791118624501,10,200000,9991
GATCCATC,0.80208635,0.8020863398342473,10,200000,9991
GATAATGA,0.80208635,0.8020863398342473,10,200000,9991
TACACCCC,0.8018183,0.8018183317527728,10,200000,9991
GATCTCGT,0.8017771,0.8017770997402383,10,200000,9991
CGTATCCT,0.80157095,0.8015709396775657,10,200000,9991
GCGATCAT,0.8015297,0.8015297076650311,10,200000,9991
GATCTTAT,0.8011277,0.8011276955428195,10,200000,9991
TATCCCGC,0.8009421,0.800942151486414,10,200000,9991
GATAGCAC,0.8007875,0.8007875314394096,10,200000,9991
AGGATCTC,0.8007463,0.8007462994268751,10,200000,9991
GAGATCCT,0.8007463,0.8007462994268751,10,200000,9991
TCTATCCC,0.80031335,0.8003133632952625,10,200000,9991
CAGATCAA,0.80002475,0.8000247392075207,10,200000,9991
CCTATCGC,0.7986022,0.7986022347750794,10,200000,9991
GATCGTAC,0.7983136,0.7983136106873376,10,200000,9991
GGTGTCTA,0.7975714,0.7975714344617161,10,200000,9991
CAGATACA,0.7973962,0.7973961984084443,10,200000,9991
TATTCCCC,0.7972519,0.7972518863645736,10,200000,9991
CATATTAA,0.79717976,0.7971797303426381,10,200000,9991
TATATTTC,0.797056,0.7970560343050344,10,200000,9991
GATCTCTC,0.7970251,0.7970251102956335,10,200000,9991
GAGAGATC,0.7970251,0.7970251102956335,10,200000,9991
GATCCCGA,0.7963139,0.7963138580794129,10,200000,9991
TATATGAC,0.79613864,0.796138622026141,10,200000,9991
TATTACAT,0.7960149,0.7960149259885375,10,200000,9991
CATACCCC,0.7957985,0.7957984579227312,10,200000,9991
GAGATAGG,0.7956541,0.7956541458788604,10,200000,9991
CGTATAAA,0.7956026,0.7956026058631922,10,200000,9991
GATCAATG,0.7955923,0.7955922978600585,10,200000,9991
TTTATCCC,0.79511815,0.7951181297159114,10,200000,9991
GGGATAAA,0.79511815,0.7951181297159114,10,200000,9991
AATATAAT,0.7950872,0.7950872057065106,10,200000,9991
AATATAAG,0.79461306,0.7946130375623633,10,200000,9991
TATATAGG,0.79461306,0.7946130375623633,10,200000,9991
AATATTAA,0.7936544,0.7936543932709357,10,200000,9991
TATCTCAT,0.7936028,0.7936028532552674,10,200000,9991
GGAATCAT,0.7932936,0.7932936131612585,10,200000,9991
GATAGCCC,0.7924174,0.7924174328948996,10,200000,9991
GATAGGAG,0.79231435,0.7923143528635632,10,200000,9991
TATCGAAC,0.7922937,0.792293736857296,10,200000,9991
ATCATAAC,0.79201543,0.7920154207726879,10,200000,9991
GTTATGAT,0.79201543,0.7920154207726879,10,200000,9991
CTTATCTA,0.79189175,0.7918917247350843,10,200000,9991
GATAGCTC,0.7918505,0.7918504927225497,10,200000,9991
CTGATCAC,0.7905105,0.7905104523151776,10,200000,9991
GTGATCAG,0.7905105,0.7905104523151776,10,200000,9991
GCGATCCA,0.7901703,0.7901702882117676,10,200000,9991
TGGATCGC,0.7901703,0.7901702882117676,10,200000,9991
CATATGAT,0.78987134,0.7898713561208923,10,200000,9991
TATATTCC,0.78973734,0.789737352080155,10,200000,9991
ACGATAAT,0.789057,0.7890570238733352,10,200000,9991
GGTATTGT,0.7890467,0.7890467158702016,10,200000,9991
TATCTCGC,0.7888921,0.7888920958231972,10,200000,9991
GCTTATCC,0.78864473,0.7886447037479899,10,200000,9991
GATCGCAT,0.7884798,0.7884797756978519,10,200000,9991
TATACTTC,0.7880262,0.788026223559972,10,200000,9991
GATAGCTA,0.7874387,0.7874386673813549,10,200000,9991
CATATTAT,0.78739744,0.7873974353688205,10,200000,9991
CCTATCCC,0.7873768,0.787376819362553,10,200000,9991
CCTATCCT,0.7873459,0.7873458953531521,10,200000,9991
GATCTAAT,0.78689235,0.7868923432152723,10,200000,9991
TGTATAAC,0.78680986,0.7868098791902033,10,200000,9991
AAGATCTT,0.7867789,0.7867789551808024,10,200000,9991
GTTATTAT,0.78636664,0.786366635055457,10,200000,9991
GATCTCCA,0.78636664,0.786366635055457,10,200000,9991
GATAGTGA,0.78601617,0.7860161629489135,10,200000,9991
TATACCGC,0.7858203,0.7858203108893745,10,200000,9991
GATATGAA,0.78504723,0.785047210654352,10,200000,9991
CGTATGAT,0.7849441,0.7849441306230157,10,200000,9991
TCTATAAT,0.7849235,0.7849235146167485,10,200000,9991
AATACCGC,0.7848926,0.7848925906073476,10,200000,9991
GATAATCT,0.78472763,0.7847276625572094,10,200000,9991
CATATACC,0.78455245,0.7845524265039376,10,200000,9991
GATCTGAG,0.7839958,0.7839957943347214,10,200000,9991
TCTATTAT,0.7834701,0.7834700861749062,10,200000,9991
GATAGTAC,0.78314024,0.78314023007463,10,200000,9991
GATCTCAG,0.7830887,0.7830886900589618,10,200000,9991
GATCTAAG,0.78292376,0.7829237620088237,10,200000,9991
GGTATTGG,0.78254235,0.7825423658928793,10,200000,9991
AGTATTAC,0.78250116,0.7825011338803447,10,200000,9991
TATTACAC,0.78224343,0.7822434338020038,10,200000,9991
GAGATCGA,0.78203726,0.7820372737393312,10,200000,9991
ATTATAGC,0.7819136,0.7819135777017276,10,200000,9991
GCTATAAT,0.7819136,0.7819135777017276,10,200000,9991
CATATAAT,0.7818105,0.7818104976703913,10,200000,9991
AATATCAG,0.7816868,0.7816868016327877,10,200000,9991
GAGGTGAT,0.78070754,0.7807075413350926,10,200000,9991
CATACTAT,0.78064567,0.7806456933162907,10,200000,9991
GATCAGCT,0.77895516,0.778955180802375,10,200000,9991
GATAGGCG,0.7788418,0.7788417927679051,10,200000,9991
AATACACC,0.7783573,0.7783573166206242,10,200000,9991
GCGATCAA,0.77828515,0.7782851605986888,10,200000,9991
TTTATCCT,0.7782645,0.7782645445924216,10,200000,9991
GACACCTG,0.77813053,0.7781305405516843,10,200000,9991
CATATACA,0.7780275,0.778027460520348,10,200000,9991
GATTATAG,0.7779347,0.7779346884921453,10,200000,9991
AATATACT,0.7778007,0.777800684451408,10,200000,9991
ACGATCAT,0.77772856,0.7777285284294726,10,200000,9991
ATATTCAA,0.7775636,0.7775636003793345,10,200000,9991
TGTAATAC,0.7775327,0.7775326763699336,10,200000,9991
ATACTCCC,0.7771719,0.7771718962602565,10,200000,9991
ATTATCAC,0.7768627,0.7768626561662474,10,200000,9991
GATGTGAT,0.77659464,0.7765946480847731,10,200000,9991
GATAACCC,0.7763988,0.776398796025234,10,200000,9991
GAGATCTA,0.77530617,0.7753061476930689,10,200000,9991
GCTATCTT,0.7751824,0.7751824516554653,10,200000,9991
GATCCCGG,0.77507937,0.7750793716241289,10,200000,9991
GGTAATAC,0.7748732,0.7748732115614563,10,200000,9991
CAGATTAT,0.7745743,0.774574279470581,10,200000,9991
GTAAATAT,0.7742032,0.7742031913577702,10,200000,9991
CATATTTA,0.7739867,0.7739867232919638,10,200000,9991
CGGATCCC,0.77360535,0.7736053271760195,10,200000,9991
AATACCAC,0.7733373,0.773337319094545,10,200000,9991
GATCTAAA,0.772925,0.7729249989691998,10,200000,9991
AAGATAAT,0.77270854,0.7727085309033933,10,200000,9991
GATCCCAG,0.7726879,0.7726879148971262,10,200000,9991
ATCATTAC,0.77256423,0.7725642188595224,10,200000,9991
TATATGTC,0.7720385,0.7720385106997072,10,200000,9991
GCGATCCT,0.7720282,0.7720282026965737,10,200000,9991
TACATCTT,0.77182204,0.771822042633901,10,200000,9991
AATATGAT,0.771585,0.7715849585618273,10,200000,9991
GACACCTC,0.7715025,0.7715024945367585,10,200000,9991
GATTACAT,0.7708428,0.7708427823362058,10,200000,9991
TATAATGC,0.77082217,0.7708221663299385,10,200000,9991
GATCCTAC,0.7706263,0.7706263142703996,10,200000,9991
GGTGTTAA,0.7705439,0.7705438502453305,10,200000,9991
GATAAGTG,0.77053356,0.7705335422421968,10,200000,9991
TAGATCGC,0.7702655,0.7702655341607224,10,200000,9991
GATTAAAA,0.7702449,0.7702449181544552,10,200000,9991
TTTATCTC,0.7701728,0.7701727621325197,10,200000,9991
GAGATAAA,0.7701728,0.7701727621325197,10,200000,9991
CTTATCAA,0.7697192,0.7697192099946399,10,200000,9991
TAGATCTT,0.76963675,0.7696367459695708,10,200000,9991
AATATCTG,0.76935846,0.7693584298849627,10,200000,9991
GATATTTC,0.7691626,0.7691625778254237,10,200000,9991
GAAATATC,0.7691626,0.7691625778254237,10,200000,9991
TATTTCAA,0.769008,0.7690079577784191,10,200000,9991
GATAGCAT,0.769008,0.7690079577784191,10,200000,9991
GCTATCCT,0.76899767,0.7689976497752855,10,200000,9991
AATATTAT,0.7687812,0.7687811817094792,10,200000,9991
TCAATAAT,0.76853377,0.7685337896342721,10,200000,9991
GCTATCTA,0.76846164,0.7684616336123367,10,200000,9991
TAGATAGC,0.76846164,0.7684616336123367,10,200000,9991
TAAAATAC,0.76823485,0.7682348575433966,10,200000,9991
TATCGCAA,0.76800805,0.7680080814744569,10,200000,9991
TATCTAGC,0.7679978,0.7679977734713231,10,200000,9991
GATCGCGT,0.76642066,0.7664206489918772,10,200000,9991
ATCATCAG,0.7662969,0.7662969529542738,10,200000,9991
CGTATACC,0.76580215,0.7658021688038593,10,200000,9991
GCTATCCA,0.7654311,0.7654310806910486,10,200000,9991
GACACGAT,0.7654208,0.765420772687915,10,200000,9991
GATAACAT,0.7654105,0.7654104646847812,10,200000,9991
GATCTAGG,0.7653486,0.7653486166659795,10,200000,9991
GATCCCGC,0.76479197,0.7647919844967633,10,200000,9991
TATAACCC,0.76470953,0.7647095204716942,10,200000,9991
GATCTTGG,0.76354474,0.7635447161175937,10,200000,9991
GATCTGCC,0.76354474,0.7635447161175937,10,200000,9991
GATAACTC,0.76243144,0.7624314517791613,10,200000,9991
GGTGTCGA,0.7624108,0.7624108357728941,10,200000,9991
GATAGTCA,0.7618954,0.7618954356162125,10,200000,9991
CGTATCCC,0.7617614,0.7617614315754752,10,200000,9991
GGGATCCA,0.7613903,0.7613903434626644,10,200000,9991
TGGATCCC,0.7613903,0.7613903434626644,10,200000,9991
ATTATCAT,0.7612357,0.7612357234156599,10,200000,9991
AATATACG,0.7611017,0.7611017193749228,10,200000,9991
GATCTCAA,0.760442,0.7604420071743702,10,200000,9991
ATTATCGC,0.76009154,0.7600915350678266,10,200000,9991
GATCTCGG,0.7597617,0.7597616789675504,10,200000,9991
GTTATCGG,0.7595452,0.7595452109017441,10,200000,9991
GGTATTGC,0.75929785,0.7592978188265369,10,200000,9991
CTTATCAT,0.7583598,0.7583597905413764,10,200000,9991
CAGATCGT,0.75765884,0.7576588463282893,10,200000,9991
CAGATCCT,0.7575764,0.7575763823032201,10,200000,9991
AATATGTG,0.7574836,0.7574836102750175,10,200000,9991
TATATGAA,0.7570816,0.7570815981528058,10,200000,9991
GTTATCCT,0.75686514,0.7568651300869996,10,200000,9991
AGGATAAC,0.75686514,0.7568651300869996,10,200000,9991
ATTATTAT,0.7568136,0.7568135900713313,10,200000,9991
GATCGCTG,0.7568033,0.7568032820681978,10,200000,9991
GATCTCTA,0.7564528,0.7564528099616542,10,200000,9991
GATAGTGC,0.7563188,0.7563188059209169,10,200000,9991
GGTATAGC,0.75620544,0.756205417886447,10,200000,9991
GCTATACC,0.75620544,0.756205417886447,10,200000,9991
TATAGCCC,0.7561539,0.7561538778707789,10,200000,9991
TATACCAG,0.75584465,0.7558446377767699,10,200000,9991
GACACCGA,0.7558034,0.7558034057642353,10,200000,9991
GTTAATCC,0.7553499,0.7553498536263555,10,200000,9991
GATAACCG,0.75494784,0.7549478415041438,10,200000,9991
GATCCAAC,0.75472105,0.7547210654352039,10,200000,9991
TATAAGAC,0.75419533,0.7541953572753886,10,200000,9991
GGAATCAC,0.7537624,0.753762421143776,10,200000,9991
TCAATGAC,0.75276256,0.7527625448398136,10,200000,9991
GGTATGTA,0.75259763,0.7525976167896755,10,200000,9991
GGTGTCGC,0.7525564,0.7525563847771409,10,200000,9991
TATCTGAC,0.75251514,0.7525151527646065,10,200000,9991
GATCTCAC,0.7525048,0.7525048447614728,10,200000,9991
AATACGAG,0.7522987,0.7522986846988001,10,200000,9991
AATGTTAT,0.7517833,0.7517832845421185,10,200000,9991
GATTTGAT,0.75174206,0.7517420525295839,10,200000,9991
TATATTGC,0.75162864,0.751628664495114,10,200000,9991
GATCGCAC,0.7508659,0.7508658722632252,10,200000,9991
GATGTATT,0.7507834,0.7507834082381561,10,200000,9991
GCTATCGC,0.7507628,0.7507627922318889,10,200000,9991
GATAACTG,0.7507525,0.7507524842287552,10,200000,9991
GACAGTAT,0.750536,0.750536016162949,10,200000,9991
AATATCGA,0.7505257,0.7505257081598152,10,200000,9991
GATCTTAG,0.750134,0.7501340040407373,10,200000,9991
TACATAAA,0.75003093,0.7500309240094009,10,200000,9991
GATCGCAG,0.74967015,0.7496701438997238,10,200000,9991
GATAGCGA,0.74954647,0.7495464478621201,10,200000,9991
AATAATAA,0.74906194,0.7490619717148395,10,200000,9991
TATTTTAA,0.74887645,0.7488764276584341,10,200000,9991
CGTATAAC,0.74835074,0.7483507194986188,10,200000,9991
GTTATACG,0.74835074,0.7483507194986188,10,200000,9991
GGTGTAAC,0.74814457,0.748144559435946,10,200000,9991
CCTATCCA,0.7473509,0.7473508431946564,10,200000,9991
CGGATCTC,0.74682516,0.746825135034841,10,200000,9991
GAGATCCG,0.74682516,0.746825135034841,10,200000,9991
CACAGGAT,0.74671173,0.746711747000371,10,200000,9991
GATGATAA,0.7465468,0.746546818950233,10,200000,9991
CAGATCTA,0.7450831,0.7450830825052571,10,200000,9991
TATACAAA,0.7449491,0.74494907846452,10,200000,9991
GATAGTAA,0.7449285,0.7449284624582526,10,200000,9991
GCTATACA,0.74491817,0.7449181544551189,10,200000,9991
AGTATAAC,0.7448769,0.7448769224425845,10,200000,9991
GATAATTA,0.74372244,0.7437224260916175,10,200000,9991
GATAAACA,0.7433926,0.7433925699913412,10,200000,9991
TAGATCCC,0.74335134,0.7433513379788068,10,200000,9991
CCTATAAC,0.742671,0.742671009771987,10,200000,9991
CCTATGAT,0.7426401,0.7426400857625861,10,200000,9991
AATACGTA,0.742269,0.7422689976497753,10,200000,9991
GATCATGC,0.7414134,0.7414134333896838,10,200000,9991
TATACAAC,0.74116606,0.7411660413144766,10,200000,9991
GCAATGAT,0.7408568,0.7408568012204676,10,200000,9991
TATGAGAC,0.7406713,0.7406712571640621,10,200000,9991
TATAGCAA,0.7405991,0.7405991011421267,10,200000,9991
AAGATAAC,0.74055785,0.7405578691295922,10,200000,9991
GTTATCTT,0.74055785,0.7405578691295922,10,200000,9991
GATCGGAA,0.7404754,0.7404754051045233,10,200000,9991
CATATAAG,0.7394446,0.7394446047911598,10,200000,9991
GTAAACAA,0.7393415,0.7393415247598235,10,200000,9991
ATTTAAAC,0.7392178,0.73921782872222,10,200000,9991
GATAAGTA,0.73857874,0.7385787325279347,10,200000,9991
TATGTATT,0.7380221,0.7380221003587185,10,200000,9991
ACTATCTT,0.7378984,0.7378984043211149,10,200000,9991
GATCTTGC,0.73746544,0.7374654681895023,10,200000,9991
TATAAAAG,0.7373521,0.7373520801550323,10,200000,9991
GATAACTA,0.73697066,0.7369706840390879,10,200000,9991
ACTATCTG,0.73666143,0.7366614439450789,10,200000,9991
AATAACAT,0.7364862,0.7364862078918072,10,200000,9991
GATAACAA,0.7363522,0.73635220385107,10,200000,9991
TATAGAAG,0.73629034,0.7362903558322682,10,200000,9991
GCTTATAT,0.73580587,0.7358058796849875,10,200000,9991
CATACCCT,0.73557913,0.7355791036160475,10,200000,9991
GAGATAGC,0.7354863,0.7354863315878448,10,200000,9991
GCTATCTC,0.7354863,0.7354863315878448,10,200000,9991
TAGATGAC,0.73506373,0.7350637034593658,10,200000,9991
GTCATCTA,0.73506373,0.7350637034593658,10,200000,9991
GATAAGAG,0.73490906,0.7349090834123614,10,200000,9991
GATCTGTC,0.7348885,0.7348884674060941,10,200000,9991
ATCCTCAC,0.73485756,0.7348575433966932,10,200000,9991
GTTATCAT,0.7348163,0.7348163113841587,10,200000,9991
TCAATCAT,0.73470294,0.7347029233496887,10,200000,9991
AATAATAG,0.7342906,0.7342906032243435,10,200000,9991
CAGATCGC,0.73404324,0.7340432111491362,10,200000,9991
TACAACAT,0.7338577,0.7338576670927308,10,200000,9991
GATAAAGA,0.73373395,0.7337339710551273,10,200000,9991
GTTATCTA,0.7336515,0.7336515070300581,10,200000,9991
TAGATAAC,0.7336515,0.7336515070300581,10,200000,9991
GGTCTCAT,0.73352784,0.7335278109924546,10,200000,9991
GAGATCCA,0.73345566,0.7334556549705192,10,200000,9991
TAGATCGT,0.73332167,0.7333216509297819,10,200000,9991
GATAACCT,0.73291963,0.7329196388075702,10,200000,9991
TACACCTC,0.7323321,0.7323320826289531,10,200000,9991
TATACTGG,0.7323012,0.7323011586195523,10,200000,9991
GTAATCCG,0.7320744,0.7320743825506123,10,200000,9991
TATTACCT,0.73203313,0.7320331505380778,10,200000,9991
GACACTCC,0.7320228,0.7320228425349442,10,200000,9991
CGTATTAC,0.7319404,0.731940378509875,10,200000,9991
CATAATAC,0.73191977,0.7319197625036078,10,200000,9991
CAGATCTC,0.7305282,0.7305281820805674,10,200000,9991
GAGATCTG,0.7305282,0.7305281820805674,10,200000,9991
GATCTTAA,0.73045605,0.7304560260586319,10,200000,9991
CGGGTCAA,0.72993034,0.7299303178988166,10,200000,9991
GATAAAAA,0.7275801,0.7275800931843484,10,200000,9991
CTTATCAG,0.72706467,0.7270646930276666,10,200000,9991
TCTATCAA,0.7270132,0.7270131530119985,10,200000,9991
AATACCAT,0.7267451,0.7267451449305241,10,200000,9991
GATTAGAA,0.7261473,0.7261472807487733,10,200000,9991
GATAGTCG,0.7255494,0.7255494165670227,10,200000,9991
ATCTTCAC,0.7252814,0.7252814084855481,10,200000,9991
ATTATTAC,0.7252608,0.7252607924792809,10,200000,9991
GTAATAAT,0.7252608,0.7252607924792809,10,200000,9991
GATCTGAA,0.7251989,0.7251989444604792,10,200000,9991
GATCTTGT,0.72428155,0.7242815321815858,10,200000,9991
GGTGACAC,0.7238692,0.7238692120562404,10,200000,9991
GGTTTCAT,0.7235806,0.7235805879684988,10,200000,9991
CTTCTCAC,0.7235084,0.7235084319465633,10,200000,9991
CATCTATC,0.72317857,0.7231785758462871,10,200000,9991
GATAGATG,0.72317857,0.7231785758462871,10,200000,9991
CTTATCGT,0.72309613,0.7230961118212179,10,200000,9991
TACCTCAT,0.722993,0.7229930317898816,10,200000,9991
GCGATCGA,0.7227766,0.7227765637240754,10,200000,9991
GTGATCGT,0.7223127,0.7223127035830619,10,200000,9991
ACGATCAC,0.7223127,0.7223127035830619,10,200000,9991
CATATAAC,0.7215293,0.7215292953449057,10,200000,9991
GATCAAAC,0.7215087,0.7215086793386385,10,200000,9991
GTACTCGA,0.72147775,0.7214777553292376,10,200000,9991
GATAAATG,0.7208902,0.7208901991506206,10,200000,9991
GATAAGCA,0.71955013,0.7195501587432483,10,200000,9991
GTATTCTC,0.71913785,0.7191378386179029,10,200000,9991
GAGAATAC,0.71913785,0.7191378386179029,10,200000,9991
GACATGAT,0.71912754,0.7191275306147693,10,200000,9991
TAGATAAT,0.7191172,0.7191172226116357,10,200000,9991
TATAGTAC,0.7190966,0.7190966066053684,10,200000,9991
GATAGACA,0.719076,0.7190759905991011,10,200000,9991
TATAGAAC,0.71876675,0.7187667505050921,10,200000,9991
TAAATAGC,0.71855026,0.7185502824392859,10,200000,9991
GATAACAC,0.71853995,0.7185399744361523,10,200000,9991
TTTATATT,0.7181689,0.7181688863233414,10,200000,9991
AATATAAA,0.7181689,0.7181688863233414,10,200000,9991
GACAGGAT,0.7175607,0.7175607141384571,10,200000,9991
GGCATCAT,0.71722054,0.7172205500350473,10,200000,9991
AATATAGC,0.716633,0.7166329938564301,10,200000,9991
AGTGTCAC,0.7164578,0.7164577578031583,10,200000,9991
GGGATTAG,0.7156228,0.7156228095493341,10,200000,9991
ATTATCCA,0.71488065,0.7148806333237125,10,200000,9991
GCTATCCC,0.7148188,0.7148187853049107,10,200000,9991
GAGATTAT,0.7147054,0.7147053972704408,10,200000,9991
AATAAGAT,0.7143962,0.7143961571764318,10,200000,9991
CATATACT,0.71435493,0.7143549251638973,10,200000,9991
TATAACAC,0.7135509,0.7135509009194739,10,200000,9991
AATATGGT,0.7134169,0.7134168968787366,10,200000,9991
GGTATGAG,0.71311796,0.7131179647878614,10,200000,9991
GATAGGCC,0.71309733,0.713097348781594,10,200000,9991
AAACACCC,0.7129943,0.7129942687502577,10,200000,9991
GAGCTGAT,0.71281904,0.712819032696986,10,200000,9991
TATACGTC,0.7119738,0.711973776440028,10,200000,9991
GATTAATT,0.7117779,0.711777924380489,10,200000,9991
AATTAATC,0.7117779,0.711777924380489,10,200000,9991
CCTGACAC,0.7114068,0.7114068362676783,10,200000,9991
CTAATCTC,0.71114916,0.7111491361893374,10,200000,9991
GAGATTAG,0.71114916,0.7111491361893374,10,200000,9991
AATATGAC,0.7109327,0.7109326681235312,10,200000,9991
CGTATAAG,0.7101493,0.710149259885375,10,200000,9991
ACTATCCG,0.7099843,0.7099843318352369,10,200000,9991
GCTATTAT,0.7097163,0.7097163237537624,10,200000,9991
CTTATCAC,0.7096957,0.7096957077474952,10,200000,9991
GATCGCCT,0.7095617,0.7095617037067579,10,200000,9991
GAGATCGT,0.70951015,0.7095101636910898,10,200000,9991
TAGATTAC,0.709304,0.7093040036284172,10,200000,9991
GATGGGAT,0.7092937,0.7092936956252834,10,200000,9991
TTAATCAC,0.7085206,0.708520595390261,10,200000,9991
GTTATAGA,0.7084484,0.7084484393683256,10,200000,9991
TCTATAAC,0.7084484,0.7084484393683256,10,200000,9991
GCGATCAG,0.70812887,0.708128891271183,10,200000,9991
AATAACAC,0.70790213,0.707902115202243,10,200000,9991
ACTATTAT,0.7078712,0.7078711911928421,10,200000,9991
AATCCAAC,0.7078506,0.7078505751865748,10,200000,9991
CATACCTT,0.7077475,0.7077474951552385,10,200000,9991
CATATTAC,0.7073558,0.7073557910361605,10,200000,9991
AATACCAA,0.70731455,0.7073145590236259,10,200000,9991
AATCTTAT,0.7065518,0.7065517667917371,10,200000,9991
CATATGAC,0.70652086,0.7065208427823362,10,200000,9991
AATATAGG,0.7062425,0.7062425266977281,10,200000,9991
GATAACGA,0.706057,0.7060569826413228,10,200000,9991
CATCTAAG,0.7058302,0.7058302065723828,10,200000,9991
TATAAAAC,0.7057374,0.7057374345441801,10,200000,9991
TATAACCT,0.7050262,0.7050261823279594,10,200000,9991
CTTATTAT,0.70417064,0.704170618067868,10,200000,9991
GATCGGAC,0.70417064,0.704170618067868,10,200000,9991
AATACCAG,0.7040572,0.7040572300333979,10,200000,9991
TATAATTC,0.7040366,0.7040366140271307,10,200000,9991
GGTATGAA,0.7037583,0.7037582979425226,10,200000,9991
GACGTGAT,0.7034903,0.7034902898610481,10,200000,9991
GATAAGAA,0.70313984,0.7031398177545046,10,200000,9991
GTTATCGT,0.703078,0.7030779697357028,10,200000,9991
GCTATCTG,0.7027275,0.7027274976291592,10,200000,9991
GATAAAAT,0.7022224,0.7022224054756112,10,200000,9991
GATCGCGC,0.7022224,0.7022224054756112,10,200000,9991
TATAAATG,0.70201623,0.7020162454129386,10,200000,9991
AATATGCG,0.70173794,0.7017379293283306,10,200000,9991
TCTATCAG,0.70166576,0.7016657733063951,10,200000,9991
AATACTAC,0.7009442,0.7009442130870407,10,200000,9991
GTTATCTG,0.7006556,0.700655588999299,10,200000,9991
CAGATCCC,0.7000062,0.7000061848018801,10,200000,9991
GATGTAAT,0.6999237,0.6999237207768111,10,200000,9991
TATAGGGT,0.6999237,0.6999237207768111,10,200000,9991
GATAACCA,0.69893414,0.6989341524759825,10,200000,9991
AAGTTGAT,0.69867647,0.6986764523976415,10,200000,9991
GTTATCTC,0.69852185,0.698521832350637,10,200000,9991
GAGATAAC,0.69852185,0.698521832350637,10,200000,9991
GGTGTTAC,0.69813013,0.6981301282315591,10,200000,9991
GTTCTCAG,0.6980889,0.6980888962190245,10,200000,9991
CATAATAA,0.69776934,0.6977693481218818,10,200000,9991
AATAATGC,0.69763535,0.6976353440811446,10,200000,9991
AATATAAC,0.6975941,0.69759411206861,10,200000,9991
CTTATTTT,0.6975838,0.6975838040654765,10,200000,9991
TACACAAA,0.6975838,0.6975838040654765,10,200000,9991
GAAGTGTC,0.696955,0.6969550158743248,10,200000,9991
GATAATGC,0.696419,0.696418999711376,10,200000,9991
TCGATCAC,0.6956665,0.6956665154826207,10,200000,9991
GTGATCGA,0.6956665,0.6956665154826207,10,200000,9991
ATTATGAG,0.6953882,0.6953881993980126,10,200000,9991
TCTATCGA,0.69530576,0.6953057353729435,10,200000,9991
GAGATCGG,0.6952439,0.6952438873541418,10,200000,9991
GTTATCAG,0.69491404,0.6949140312538655,10,200000,9991
TATAGCAG,0.6948006,0.6948006432193955,10,200000,9991
CAGATAAA,0.69417185,0.694171855028244,10,200000,9991
GAAATGAT,0.69389355,0.6938935389436358,10,200000,9991
ATTATAAA,0.6932647,0.6932647507524842,10,200000,9991
TTTATAAT,0.6932647,0.6932647507524842,10,200000,9991
GATAGGAA,0.6923164,0.69231641446419,10,200000,9991
TATAACTC,0.6919453,0.6919453263513793,10,200000,9991
TCTATCTT,0.69118255,0.6911825341194904,10,200000,9991
GATTACGC,0.690997,0.690996990063085,10,200000,9991
ACTATCCA,0.690997,0.690996990063085,10,200000,9991
GACAACAT,0.69087327,0.6908732940254814,10,200000,9991
GTTATCAC,0.6907805,0.6907805219972787,10,200000,9991
GTGATAAC,0.6907805,0.6907805219972787,10,200000,9991
AAGATCGC,0.69071865,0.6907186739784769,10,200000,9991
TATTGCAT,0.69071865,0.6907186739784769,10,200000,9991
AATTATCC,0.69071865,0.6907186739784769,10,200000,9991
TATACGAC,0.6903579,0.6903578938687996,10,200000,9991
GCGATCTC,0.68939924,0.689399249577372,10,200000,9991
GAGATCGC,0.68939924,0.689399249577372,10,200000,9991
CACCTTAT,0.6888529,0.6888529254112894,10,200000,9991
TATACGAG,0.6887705,0.6887704613862203,10,200000,9991
TAATCCAC,0.688554,0.688553993320414,10,200000,9991
GATCGCAA,0.68842,0.6884199892796768,10,200000,9991
CAATACAC,0.688286,0.6882859852389395,10,200000,9991
GATCTGAC,0.6877706,0.687770585082258,10,200000,9991
TATGACAA,0.68771905,0.6877190450665898,10,200000,9991
AGTGTCTC,0.6873789,0.6873788809631798,10,200000,9991
CGTCTCAA,0.6872552,0.6872551849255762,10,200000,9991
CATCTGAC,0.6865955,0.6865954727250237,10,200000,9991
GTTCTAAT,0.6864924,0.6864923926936874,10,200000,9991
ATTAGAAC,0.6864924,0.6864923926936874,10,200000,9991
GAATTAAT,0.68645114,0.6864511606811529,10,200000,9991
TATAACAG,0.68645114,0.6864511606811529,10,200000,9991
TATAACCA,0.68616253,0.6861625365934112,10,200000,9991
AATCTCTA,0.68595636,0.6859563765307384,10,200000,9991
TATAGGAG,0.6858739,0.6858739125056694,10,200000,9991
AATAACCC,0.6855956,0.6855955964210613,10,200000,9991
TATGTAAG,0.685575,0.685574980414794,10,200000,9991
AACACCTC,0.6854925,0.685492516389725,10,200000,9991
TTTATCAG,0.68530697,0.6853069723333196,10,200000,9991
GTCAATAC,0.68523484,0.6852348163113842,10,200000,9991
CTAATCAG,0.6845133,0.6845132560920298,10,200000,9991
ACTAGGAT,0.6844514,0.6844514080732281,10,200000,9991
TAAATCAA,0.68435866,0.6843586360450253,10,200000,9991
AGAATCAA,0.6840082,0.6840081639384819,10,200000,9991
TATAAACC,0.683802,0.6838020038758093,10,200000,9991
GAAAACAA,0.6837298,0.6837298478538738,10,200000,9991
